split,sample_id,crop_path,position,expected,predicted,confidence_percent
validation,real_serial_timed_fast_20260627T1205Z_serial_timed_fast_20260627T1205Z_capture_0041_co2_1_8,/home/mpetrick/repos/esp32-fever-dream/models/generated/digit_dataset/crops/validation/8/real_serial_timed_fast_20260627T1205Z_serial_timed_fast_20260627T1205Z_capture_0041_co2_1_8.png,co2_1,8,7,72
validation,real_serial_timed_fast_20260627T1205Z_serial_timed_fast_20260627T1205Z_capture_0041_co2_2_3,/home/mpetrick/repos/esp32-fever-dream/models/generated/digit_dataset/crops/validation/3/real_serial_timed_fast_20260627T1205Z_serial_timed_fast_20260627T1205Z_capture_0041_co2_2_3.png,co2_2,3,5,30
validation,real_serial_timed_fast_20260627T1205Z_serial_timed_fast_20260627T1205Z_capture_0041_co2_3_3,/home/mpetrick/repos/esp32-fever-dream/models/generated/digit_dataset/crops/validation/3/real_serial_timed_fast_20260627T1205Z_serial_timed_fast_20260627T1205Z_capture_0041_co2_3_3.png,co2_3,3,2,32
validation,real_serial_timed_fast_20260627T1205Z_serial_timed_fast_20260627T1205Z_capture_0041_hcho_2_6,/home/mpetrick/repos/esp32-fever-dream/models/generated/digit_dataset/crops/validation/6/real_serial_timed_fast_20260627T1205Z_serial_timed_fast_20260627T1205Z_capture_0041_hcho_2_6.png,hcho_2,6,5,79
validation,real_serial_timed_fast_20260627T1205Z_serial_timed_fast_20260627T1205Z_capture_0041_hcho_3_4,/home/mpetrick/repos/esp32-fever-dream/models/generated/digit_dataset/crops/validation/4/real_serial_timed_fast_20260627T1205Z_serial_timed_fast_20260627T1205Z_capture_0041_hcho_3_4.png,hcho_3,4,3,32
validation,real_serial_timed_fast_20260627T1205Z_serial_timed_fast_20260627T1205Z_capture_0041_tvoc_2_7,/home/mpetrick/repos/esp32-fever-dream/models/generated/digit_dataset/crops/validation/7/real_serial_timed_fast_20260627T1205Z_serial_timed_fast_20260627T1205Z_capture_0041_tvoc_2_7.png,tvoc_2,7,1,99
validation,real_serial_timed_fast_20260627T1205Z_serial_timed_fast_20260627T1205Z_capture_0041_humidity_1_6,/home/mpetrick/repos/esp32-fever-dream/models/generated/digit_dataset/crops/validation/6/real_serial_timed_fast_20260627T1205Z_serial_timed_fast_20260627T1205Z_capture_0041_humidity_1_6.png,humidity_1,6,5,97
validation,real_serial_timed_fast_20260627T1205Z_serial_timed_fast_20260627T1205Z_capture_0065_tvoc_1_0,/home/mpetrick/repos/esp32-fever-dream/models/generated/digit_dataset/crops/validation/0/real_serial_timed_fast_20260627T1205Z_serial_timed_fast_20260627T1205Z_capture_0065_tvoc_1_0.png,tvoc_1,0,1,93
validation,real_serial_timed_fast_20260627T1205Z_serial_timed_fast_20260627T1205Z_capture_0079_co2_1_8,/home/mpetrick/repos/esp32-fever-dream/models/generated/digit_dataset/crops/validation/8/real_serial_timed_fast_20260627T1205Z_serial_timed_fast_20260627T1205Z_capture_0079_co2_1_8.png,co2_1,8,7,72
validation,real_serial_timed_fast_20260627T1205Z_serial_timed_fast_20260627T1205Z_capture_0079_co2_2_2,/home/mpetrick/repos/esp32-fever-dream/models/generated/digit_dataset/crops/validation/2/real_serial_timed_fast_20260627T1205Z_serial_timed_fast_20260627T1205Z_capture_0079_co2_2_2.png,co2_2,2,5,35
validation,real_serial_timed_fast_20260627T1205Z_serial_timed_fast_20260627T1205Z_capture_0079_co2_3_7,/home/mpetrick/repos/esp32-fever-dream/models/generated/digit_dataset/crops/validation/7/real_serial_timed_fast_20260627T1205Z_serial_timed_fast_20260627T1205Z_capture_0079_co2_3_7.png,co2_3,7,2,24
validation,real_serial_timed_fast_20260627T1205Z_serial_timed_fast_20260627T1205Z_capture_0079_tvoc_1_0,/home/mpetrick/repos/esp32-fever-dream/models/generated/digit_dataset/crops/validation/0/real_serial_timed_fast_20260627T1205Z_serial_timed_fast_20260627T1205Z_capture_0079_tvoc_1_0.png,tvoc_1,0,1,78
validation,real_serial_timed_fast_20260627T1205Z_serial_timed_fast_20260627T1205Z_capture_0079_tvoc_3_8,/home/mpetrick/repos/esp32-fever-dream/models/generated/digit_dataset/crops/validation/8/real_serial_timed_fast_20260627T1205Z_serial_timed_fast_20260627T1205Z_capture_0079_tvoc_3_8.png,tvoc_3,8,3,56
validation,real_serial_timed_fast_20260627T1205Z_serial_timed_fast_20260627T1205Z_capture_0079_humidity_1_6,/home/mpetrick/repos/esp32-fever-dream/models/generated/digit_dataset/crops/validation/6/real_serial_timed_fast_20260627T1205Z_serial_timed_fast_20260627T1205Z_capture_0079_humidity_1_6.png,humidity_1,6,5,71
validation,real_serial_timed_fast_20260627T1205Z_serial_timed_fast_20260627T1205Z_capture_0097_tvoc_1_0,/home/mpetrick/repos/esp32-fever-dream/models/generated/digit_dataset/crops/validation/0/real_serial_timed_fast_20260627T1205Z_serial_timed_fast_20260627T1205Z_capture_0097_tvoc_1_0.png,tvoc_1,0,1,93
validation,real_serial_timed_fast_20260627T1205Z_serial_timed_fast_20260627T1205Z_capture_0112_co2_2_8,/home/mpetrick/repos/esp32-fever-dream/models/generated/digit_dataset/crops/validation/8/real_serial_timed_fast_20260627T1205Z_serial_timed_fast_20260627T1205Z_capture_0112_co2_2_8.png,co2_2,8,5,32
validation,real_serial_timed_fast_20260627T1205Z_serial_timed_fast_20260627T1205Z_capture_0112_co2_3_9,/home/mpetrick/repos/esp32-fever-dream/models/generated/digit_dataset/crops/validation/9/real_serial_timed_fast_20260627T1205Z_serial_timed_fast_20260627T1205Z_capture_0112_co2_3_9.png,co2_3,9,2,26
validation,real_serial_timed_fast_20260627T1205Z_serial_timed_fast_20260627T1205Z_capture_0112_hcho_3_6,/home/mpetrick/repos/esp32-fever-dream/models/generated/digit_dataset/crops/validation/6/real_serial_timed_fast_20260627T1205Z_serial_timed_fast_20260627T1205Z_capture_0112_hcho_3_6.png,hcho_3,6,3,34
validation,real_serial_timed_fast_20260627T1205Z_serial_timed_fast_20260627T1205Z_capture_0112_tvoc_1_0,/home/mpetrick/repos/esp32-fever-dream/models/generated/digit_dataset/crops/validation/0/real_serial_timed_fast_20260627T1205Z_serial_timed_fast_20260627T1205Z_capture_0112_tvoc_1_0.png,tvoc_1,0,1,81
validation,real_serial_timed_fast_20260627T1205Z_serial_timed_fast_20260627T1205Z_capture_0112_humidity_1_6,/home/mpetrick/repos/esp32-fever-dream/models/generated/digit_dataset/crops/validation/6/real_serial_timed_fast_20260627T1205Z_serial_timed_fast_20260627T1205Z_capture_0112_humidity_1_6.png,humidity_1,6,5,82
validation,real_serial_timed_fast_20260627T1205Z_serial_timed_fast_20260627T1205Z_capture_0130_co2_2_9,/home/mpetrick/repos/esp32-fever-dream/models/generated/digit_dataset/crops/validation/9/real_serial_timed_fast_20260627T1205Z_serial_timed_fast_20260627T1205Z_capture_0130_co2_2_9.png,co2_2,9,7,52
validation,real_serial_timed_fast_20260627T1205Z_serial_timed_fast_20260627T1205Z_capture_0130_tvoc_1_0,/home/mpetrick/repos/esp32-fever-dream/models/generated/digit_dataset/crops/validation/0/real_serial_timed_fast_20260627T1205Z_serial_timed_fast_20260627T1205Z_capture_0130_tvoc_1_0.png,tvoc_1,0,1,80
validation,real_serial_timed_fast_20260627T1205Z_serial_timed_fast_20260627T1205Z_capture_0130_tvoc_3_9,/home/mpetrick/repos/esp32-fever-dream/models/generated/digit_dataset/crops/validation/9/real_serial_timed_fast_20260627T1205Z_serial_timed_fast_20260627T1205Z_capture_0130_tvoc_3_9.png,tvoc_3,9,3,47
validation,real_serial_timed_fast_20260627T1205Z_serial_timed_fast_20260627T1205Z_capture_0130_humidity_1_6,/home/mpetrick/repos/esp32-fever-dream/models/generated/digit_dataset/crops/validation/6/real_serial_timed_fast_20260627T1205Z_serial_timed_fast_20260627T1205Z_capture_0130_humidity_1_6.png,humidity_1,6,5,67
validation,real_serial_timed_fast_20260627T1205Z_serial_timed_fast_20260627T1205Z_capture_0151_co2_2_8,/home/mpetrick/repos/esp32-fever-dream/models/generated/digit_dataset/crops/validation/8/real_serial_timed_fast_20260627T1205Z_serial_timed_fast_20260627T1205Z_capture_0151_co2_2_8.png,co2_2,8,5,37
validation,real_serial_timed_fast_20260627T1205Z_serial_timed_fast_20260627T1205Z_capture_0151_co2_3_9,/home/mpetrick/repos/esp32-fever-dream/models/generated/digit_dataset/crops/validation/9/real_serial_timed_fast_20260627T1205Z_serial_timed_fast_20260627T1205Z_capture_0151_co2_3_9.png,co2_3,9,2,34
validation,real_serial_timed_fast_20260627T1205Z_serial_timed_fast_20260627T1205Z_capture_0151_hcho_3_5,/home/mpetrick/repos/esp32-fever-dream/models/generated/digit_dataset/crops/validation/5/real_serial_timed_fast_20260627T1205Z_serial_timed_fast_20260627T1205Z_capture_0151_hcho_3_5.png,hcho_3,5,3,32
validation,real_serial_timed_fast_20260627T1205Z_serial_timed_fast_20260627T1205Z_capture_0151_tvoc_1_0,/home/mpetrick/repos/esp32-fever-dream/models/generated/digit_dataset/crops/validation/0/real_serial_timed_fast_20260627T1205Z_serial_timed_fast_20260627T1205Z_capture_0151_tvoc_1_0.png,tvoc_1,0,1,78
validation,real_serial_timed_fast_20260627T1205Z_serial_timed_fast_20260627T1205Z_capture_0151_tvoc_3_4,/home/mpetrick/repos/esp32-fever-dream/models/generated/digit_dataset/crops/validation/4/real_serial_timed_fast_20260627T1205Z_serial_timed_fast_20260627T1205Z_capture_0151_tvoc_3_4.png,tvoc_3,4,3,35
validation,real_serial_timed_fast_20260627T1205Z_serial_timed_fast_20260627T1205Z_capture_0169_co2_2_8,/home/mpetrick/repos/esp32-fever-dream/models/generated/digit_dataset/crops/validation/8/real_serial_timed_fast_20260627T1205Z_serial_timed_fast_20260627T1205Z_capture_0169_co2_2_8.png,co2_2,8,5,33
validation,real_serial_timed_fast_20260627T1205Z_serial_timed_fast_20260627T1205Z_capture_0169_co2_3_3,/home/mpetrick/repos/esp32-fever-dream/models/generated/digit_dataset/crops/validation/3/real_serial_timed_fast_20260627T1205Z_serial_timed_fast_20260627T1205Z_capture_0169_co2_3_3.png,co2_3,3,2,30
validation,real_serial_timed_fast_20260627T1205Z_serial_timed_fast_20260627T1205Z_capture_0169_hcho_3_5,/home/mpetrick/repos/esp32-fever-dream/models/generated/digit_dataset/crops/validation/5/real_serial_timed_fast_20260627T1205Z_serial_timed_fast_20260627T1205Z_capture_0169_hcho_3_5.png,hcho_3,5,3,32
validation,real_serial_timed_fast_20260627T1205Z_serial_timed_fast_20260627T1205Z_capture_0169_tvoc_1_0,/home/mpetrick/repos/esp32-fever-dream/models/generated/digit_dataset/crops/validation/0/real_serial_timed_fast_20260627T1205Z_serial_timed_fast_20260627T1205Z_capture_0169_tvoc_1_0.png,tvoc_1,0,1,80
validation,real_serial_timed_fast_20260627T1205Z_serial_timed_fast_20260627T1205Z_capture_0169_tvoc_3_4,/home/mpetrick/repos/esp32-fever-dream/models/generated/digit_dataset/crops/validation/4/real_serial_timed_fast_20260627T1205Z_serial_timed_fast_20260627T1205Z_capture_0169_tvoc_3_4.png,tvoc_3,4,3,41
validation,real_serial_timed_fast_20260627T1205Z_serial_timed_fast_20260627T1205Z_capture_0169_humidity_1_6,/home/mpetrick/repos/esp32-fever-dream/models/generated/digit_dataset/crops/validation/6/real_serial_timed_fast_20260627T1205Z_serial_timed_fast_20260627T1205Z_capture_0169_humidity_1_6.png,humidity_1,6,5,100
validation,real_serial_timed_fast_20260627T1205Z_serial_timed_fast_20260627T1205Z_capture_0231_hcho_2_0,/home/mpetrick/repos/esp32-fever-dream/models/generated/digit_dataset/crops/validation/0/real_serial_timed_fast_20260627T1205Z_serial_timed_fast_20260627T1205Z_capture_0231_hcho_2_0.png,hcho_2,0,1,91
validation,real_serial_timed_fast_20260627T1205Z_serial_timed_fast_20260627T1205Z_capture_0231_hcho_3_9,/home/mpetrick/repos/esp32-fever-dream/models/generated/digit_dataset/crops/validation/9/real_serial_timed_fast_20260627T1205Z_serial_timed_fast_20260627T1205Z_capture_0231_hcho_3_9.png,hcho_3,9,3,62
validation,real_serial_timed_fast_20260627T1205Z_serial_timed_fast_20260627T1205Z_capture_0330_hcho_2_0,/home/mpetrick/repos/esp32-fever-dream/models/generated/digit_dataset/crops/validation/0/real_serial_timed_fast_20260627T1205Z_serial_timed_fast_20260627T1205Z_capture_0330_hcho_2_0.png,hcho_2,0,1,93
validation,real_serial_timed_fast_20260627T1205Z_serial_timed_fast_20260627T1205Z_capture_0330_hcho_3_0,/home/mpetrick/repos/esp32-fever-dream/models/generated/digit_dataset/crops/validation/0/real_serial_timed_fast_20260627T1205Z_serial_timed_fast_20260627T1205Z_capture_0330_hcho_3_0.png,hcho_3,0,3,59
validation,real_serial_timed_fast_20260627T1205Z_serial_timed_fast_20260627T1205Z_capture_0392_co2_0_0,/home/mpetrick/repos/esp32-fever-dream/models/generated/digit_dataset/crops/validation/0/real_serial_timed_fast_20260627T1205Z_serial_timed_fast_20260627T1205Z_capture_0392_co2_0_0.png,co2_0,0,1,56
validation,real_serial_timed_fast_20260627T1205Z_serial_timed_fast_20260627T1205Z_capture_0392_co2_1_7,/home/mpetrick/repos/esp32-fever-dream/models/generated/digit_dataset/crops/validation/7/real_serial_timed_fast_20260627T1205Z_serial_timed_fast_20260627T1205Z_capture_0392_co2_1_7.png,co2_1,7,1,83
validation,real_serial_timed_fast_20260627T1205Z_serial_timed_fast_20260627T1205Z_capture_0392_co2_3_5,/home/mpetrick/repos/esp32-fever-dream/models/generated/digit_dataset/crops/validation/5/real_serial_timed_fast_20260627T1205Z_serial_timed_fast_20260627T1205Z_capture_0392_co2_3_5.png,co2_3,5,1,89
validation,real_serial_timed_fast_20260627T1205Z_serial_timed_fast_20260627T1205Z_capture_0392_hcho_1_0,/home/mpetrick/repos/esp32-fever-dream/models/generated/digit_dataset/crops/validation/0/real_serial_timed_fast_20260627T1205Z_serial_timed_fast_20260627T1205Z_capture_0392_hcho_1_0.png,hcho_1,0,2,67
validation,real_serial_timed_fast_20260627T1205Z_serial_timed_fast_20260627T1205Z_capture_0392_hcho_2_0,/home/mpetrick/repos/esp32-fever-dream/models/generated/digit_dataset/crops/validation/0/real_serial_timed_fast_20260627T1205Z_serial_timed_fast_20260627T1205Z_capture_0392_hcho_2_0.png,hcho_2,0,6,90
validation,real_serial_timed_fast_20260627T1205Z_serial_timed_fast_20260627T1205Z_capture_0392_hcho_3_8,/home/mpetrick/repos/esp32-fever-dream/models/generated/digit_dataset/crops/validation/8/real_serial_timed_fast_20260627T1205Z_serial_timed_fast_20260627T1205Z_capture_0392_hcho_3_8.png,hcho_3,8,0,100
validation,real_serial_timed_fast_20260627T1205Z_serial_timed_fast_20260627T1205Z_capture_0392_tvoc_0_0,/home/mpetrick/repos/esp32-fever-dream/models/generated/digit_dataset/crops/validation/0/real_serial_timed_fast_20260627T1205Z_serial_timed_fast_20260627T1205Z_capture_0392_tvoc_0_0.png,tvoc_0,0,2,79
validation,real_serial_timed_fast_20260627T1205Z_serial_timed_fast_20260627T1205Z_capture_0392_tvoc_1_1,/home/mpetrick/repos/esp32-fever-dream/models/generated/digit_dataset/crops/validation/1/real_serial_timed_fast_20260627T1205Z_serial_timed_fast_20260627T1205Z_capture_0392_tvoc_1_1.png,tvoc_1,1,9,82
validation,real_serial_timed_fast_20260627T1205Z_serial_timed_fast_20260627T1205Z_capture_0392_tvoc_2_3,/home/mpetrick/repos/esp32-fever-dream/models/generated/digit_dataset/crops/validation/3/real_serial_timed_fast_20260627T1205Z_serial_timed_fast_20260627T1205Z_capture_0392_tvoc_2_3.png,tvoc_2,3,7,63
validation,real_serial_timed_fast_20260627T1205Z_serial_timed_fast_20260627T1205Z_capture_0392_tvoc_3_4,/home/mpetrick/repos/esp32-fever-dream/models/generated/digit_dataset/crops/validation/4/real_serial_timed_fast_20260627T1205Z_serial_timed_fast_20260627T1205Z_capture_0392_tvoc_3_4.png,tvoc_3,4,5,56
validation,real_serial_timed_fast_20260627T1205Z_serial_timed_fast_20260627T1205Z_capture_0392_temp_0_2,/home/mpetrick/repos/esp32-fever-dream/models/generated/digit_dataset/crops/validation/2/real_serial_timed_fast_20260627T1205Z_serial_timed_fast_20260627T1205Z_capture_0392_temp_0_2.png,temp_0,2,9,70
validation,real_serial_timed_fast_20260627T1205Z_serial_timed_fast_20260627T1205Z_capture_0392_temp_1_8,/home/mpetrick/repos/esp32-fever-dream/models/generated/digit_dataset/crops/validation/8/real_serial_timed_fast_20260627T1205Z_serial_timed_fast_20260627T1205Z_capture_0392_temp_1_8.png,temp_1,8,0,95
validation,real_serial_timed_fast_20260627T1205Z_serial_timed_fast_20260627T1205Z_capture_0392_humidity_0_4,/home/mpetrick/repos/esp32-fever-dream/models/generated/digit_dataset/crops/validation/4/real_serial_timed_fast_20260627T1205Z_serial_timed_fast_20260627T1205Z_capture_0392_humidity_0_4.png,humidity_0,4,8,73
validation,real_serial_timed_fast_20260627T1205Z_serial_timed_fast_20260627T1205Z_capture_0392_humidity_1_5,/home/mpetrick/repos/esp32-fever-dream/models/generated/digit_dataset/crops/validation/5/real_serial_timed_fast_20260627T1205Z_serial_timed_fast_20260627T1205Z_capture_0392_humidity_1_5.png,humidity_1,5,6,70
validation,real_serial_timed_fast_20260627T1205Z_serial_timed_fast_20260627T1205Z_capture_0452_hcho_2_0,/home/mpetrick/repos/esp32-fever-dream/models/generated/digit_dataset/crops/validation/0/real_serial_timed_fast_20260627T1205Z_serial_timed_fast_20260627T1205Z_capture_0452_hcho_2_0.png,hcho_2,0,1,94
validation,real_serial_timed_fast_20260627T1205Z_serial_timed_fast_20260627T1205Z_capture_0452_tvoc_1_0,/home/mpetrick/repos/esp32-fever-dream/models/generated/digit_dataset/crops/validation/0/real_serial_timed_fast_20260627T1205Z_serial_timed_fast_20260627T1205Z_capture_0452_tvoc_1_0.png,tvoc_1,0,1,94
validation,real_serial_timed_fast_20260627T1205Z_serial_timed_fast_20260627T1205Z_capture_0473_co2_1_7,/home/mpetrick/repos/esp32-fever-dream/models/generated/digit_dataset/crops/validation/7/real_serial_timed_fast_20260627T1205Z_serial_timed_fast_20260627T1205Z_capture_0473_co2_1_7.png,co2_1,7,6,82
validation,real_serial_timed_fast_20260627T1205Z_serial_timed_fast_20260627T1205Z_capture_0473_co2_2_0,/home/mpetrick/repos/esp32-fever-dream/models/generated/digit_dataset/crops/validation/0/real_serial_timed_fast_20260627T1205Z_serial_timed_fast_20260627T1205Z_capture_0473_co2_2_0.png,co2_2,0,6,66
validation,real_serial_timed_fast_20260627T1205Z_serial_timed_fast_20260627T1205Z_capture_0473_co2_3_6,/home/mpetrick/repos/esp32-fever-dream/models/generated/digit_dataset/crops/validation/6/real_serial_timed_fast_20260627T1205Z_serial_timed_fast_20260627T1205Z_capture_0473_co2_3_6.png,co2_3,6,2,43
validation,real_serial_timed_fast_20260627T1205Z_serial_timed_fast_20260627T1205Z_capture_0473_tvoc_1_0,/home/mpetrick/repos/esp32-fever-dream/models/generated/digit_dataset/crops/validation/0/real_serial_timed_fast_20260627T1205Z_serial_timed_fast_20260627T1205Z_capture_0473_tvoc_1_0.png,tvoc_1,0,1,78
validation,real_serial_timed_fast_20260627T1205Z_serial_timed_fast_20260627T1205Z_capture_0473_tvoc_3_4,/home/mpetrick/repos/esp32-fever-dream/models/generated/digit_dataset/crops/validation/4/real_serial_timed_fast_20260627T1205Z_serial_timed_fast_20260627T1205Z_capture_0473_tvoc_3_4.png,tvoc_3,4,2,53
validation,real_serial_timed_fast_20260627T1205Z_serial_timed_fast_20260627T1205Z_capture_0494_co2_1_7,/home/mpetrick/repos/esp32-fever-dream/models/generated/digit_dataset/crops/validation/7/real_serial_timed_fast_20260627T1205Z_serial_timed_fast_20260627T1205Z_capture_0494_co2_1_7.png,co2_1,7,6,83
validation,real_serial_timed_fast_20260627T1205Z_serial_timed_fast_20260627T1205Z_capture_0494_co2_2_0,/home/mpetrick/repos/esp32-fever-dream/models/generated/digit_dataset/crops/validation/0/real_serial_timed_fast_20260627T1205Z_serial_timed_fast_20260627T1205Z_capture_0494_co2_2_0.png,co2_2,0,6,61
validation,real_serial_timed_fast_20260627T1205Z_serial_timed_fast_20260627T1205Z_capture_0494_co2_3_6,/home/mpetrick/repos/esp32-fever-dream/models/generated/digit_dataset/crops/validation/6/real_serial_timed_fast_20260627T1205Z_serial_timed_fast_20260627T1205Z_capture_0494_co2_3_6.png,co2_3,6,2,48
validation,real_serial_timed_fast_20260627T1205Z_serial_timed_fast_20260627T1205Z_capture_0494_tvoc_1_0,/home/mpetrick/repos/esp32-fever-dream/models/generated/digit_dataset/crops/validation/0/real_serial_timed_fast_20260627T1205Z_serial_timed_fast_20260627T1205Z_capture_0494_tvoc_1_0.png,tvoc_1,0,1,80
validation,real_serial_timed_fast_20260627T1205Z_serial_timed_fast_20260627T1205Z_capture_0494_tvoc_3_4,/home/mpetrick/repos/esp32-fever-dream/models/generated/digit_dataset/crops/validation/4/real_serial_timed_fast_20260627T1205Z_serial_timed_fast_20260627T1205Z_capture_0494_tvoc_3_4.png,tvoc_3,4,2,45
validation,real_serial_timed_fast_20260627T1205Z_serial_timed_fast_20260627T1205Z_capture_0539_co2_1_7,/home/mpetrick/repos/esp32-fever-dream/models/generated/digit_dataset/crops/validation/7/real_serial_timed_fast_20260627T1205Z_serial_timed_fast_20260627T1205Z_capture_0539_co2_1_7.png,co2_1,7,6,82
validation,real_serial_timed_fast_20260627T1205Z_serial_timed_fast_20260627T1205Z_capture_0539_co2_2_0,/home/mpetrick/repos/esp32-fever-dream/models/generated/digit_dataset/crops/validation/0/real_serial_timed_fast_20260627T1205Z_serial_timed_fast_20260627T1205Z_capture_0539_co2_2_0.png,co2_2,0,6,60
validation,real_serial_timed_fast_20260627T1205Z_serial_timed_fast_20260627T1205Z_capture_0539_co2_3_6,/home/mpetrick/repos/esp32-fever-dream/models/generated/digit_dataset/crops/validation/6/real_serial_timed_fast_20260627T1205Z_serial_timed_fast_20260627T1205Z_capture_0539_co2_3_6.png,co2_3,6,2,41
validation,real_serial_timed_fast_20260627T1205Z_serial_timed_fast_20260627T1205Z_capture_0539_tvoc_1_0,/home/mpetrick/repos/esp32-fever-dream/models/generated/digit_dataset/crops/validation/0/real_serial_timed_fast_20260627T1205Z_serial_timed_fast_20260627T1205Z_capture_0539_tvoc_1_0.png,tvoc_1,0,1,82
validation,real_serial_timed_fast_20260627T1205Z_serial_timed_fast_20260627T1205Z_capture_0539_tvoc_3_4,/home/mpetrick/repos/esp32-fever-dream/models/generated/digit_dataset/crops/validation/4/real_serial_timed_fast_20260627T1205Z_serial_timed_fast_20260627T1205Z_capture_0539_tvoc_3_4.png,tvoc_3,4,2,52
validation,real_serial_timed_fast_20260627T1205Z_serial_timed_fast_20260627T1205Z_capture_0824_tvoc_2_8,/home/mpetrick/repos/esp32-fever-dream/models/generated/digit_dataset/crops/validation/8/real_serial_timed_fast_20260627T1205Z_serial_timed_fast_20260627T1205Z_capture_0824_tvoc_2_8.png,tvoc_2,8,6,50
validation,real_serial_timed_fast_20260627T1205Z_serial_timed_fast_20260627T1205Z_capture_0865_co2_2_4,/home/mpetrick/repos/esp32-fever-dream/models/generated/digit_dataset/crops/validation/4/real_serial_timed_fast_20260627T1205Z_serial_timed_fast_20260627T1205Z_capture_0865_co2_2_4.png,co2_2,4,6,38
validation,real_serial_timed_fast_20260627T1205Z_serial_timed_fast_20260627T1205Z_capture_0865_co2_3_0,/home/mpetrick/repos/esp32-fever-dream/models/generated/digit_dataset/crops/validation/0/real_serial_timed_fast_20260627T1205Z_serial_timed_fast_20260627T1205Z_capture_0865_co2_3_0.png,co2_3,0,2,68
validation,real_serial_timed_fast_20260627T1205Z_serial_timed_fast_20260627T1205Z_capture_0865_hcho_3_7,/home/mpetrick/repos/esp32-fever-dream/models/generated/digit_dataset/crops/validation/7/real_serial_timed_fast_20260627T1205Z_serial_timed_fast_20260627T1205Z_capture_0865_hcho_3_7.png,hcho_3,7,3,79
validation,real_serial_timed_fast_20260627T1205Z_serial_timed_fast_20260627T1205Z_capture_0865_tvoc_3_8,/home/mpetrick/repos/esp32-fever-dream/models/generated/digit_dataset/crops/validation/8/real_serial_timed_fast_20260627T1205Z_serial_timed_fast_20260627T1205Z_capture_0865_tvoc_3_8.png,tvoc_3,8,2,42
validation,real_serial_timed_fast_20260627T1205Z_serial_timed_fast_20260627T1205Z_capture_0883_co2_3_1,/home/mpetrick/repos/esp32-fever-dream/models/generated/digit_dataset/crops/validation/1/real_serial_timed_fast_20260627T1205Z_serial_timed_fast_20260627T1205Z_capture_0883_co2_3_1.png,co2_3,1,7,62
validation,real_serial_timed_fast_20260627T1205Z_serial_timed_fast_20260627T1205Z_capture_0883_tvoc_2_8,/home/mpetrick/repos/esp32-fever-dream/models/generated/digit_dataset/crops/validation/8/real_serial_timed_fast_20260627T1205Z_serial_timed_fast_20260627T1205Z_capture_0883_tvoc_2_8.png,tvoc_2,8,6,59
validation,real_serial_timed_fast_20260627T1205Z_serial_timed_fast_20260627T1205Z_capture_0901_co2_1_6,/home/mpetrick/repos/esp32-fever-dream/models/generated/digit_dataset/crops/validation/6/real_serial_timed_fast_20260627T1205Z_serial_timed_fast_20260627T1205Z_capture_0901_co2_1_6.png,co2_1,6,5,67
validation,real_serial_timed_fast_20260627T1205Z_serial_timed_fast_20260627T1205Z_capture_0931_co2_2_5,/home/mpetrick/repos/esp32-fever-dream/models/generated/digit_dataset/crops/validation/5/real_serial_timed_fast_20260627T1205Z_serial_timed_fast_20260627T1205Z_capture_0931_co2_2_5.png,co2_2,5,3,44
validation,real_serial_timed_fast_20260627T1205Z_serial_timed_fast_20260627T1205Z_capture_0931_co2_3_1,/home/mpetrick/repos/esp32-fever-dream/models/generated/digit_dataset/crops/validation/1/real_serial_timed_fast_20260627T1205Z_serial_timed_fast_20260627T1205Z_capture_0931_co2_3_1.png,co2_3,1,7,98
validation,real_serial_timed_fast_20260627T1205Z_serial_timed_fast_20260627T1205Z_capture_0931_tvoc_2_8,/home/mpetrick/repos/esp32-fever-dream/models/generated/digit_dataset/crops/validation/8/real_serial_timed_fast_20260627T1205Z_serial_timed_fast_20260627T1205Z_capture_0931_tvoc_2_8.png,tvoc_2,8,6,72
validation,real_serial_timed_fast_20260627T1205Z_serial_timed_fast_20260627T1205Z_capture_0931_tvoc_3_9,/home/mpetrick/repos/esp32-fever-dream/models/generated/digit_dataset/crops/validation/9/real_serial_timed_fast_20260627T1205Z_serial_timed_fast_20260627T1205Z_capture_0931_tvoc_3_9.png,tvoc_3,9,3,43
validation,real_serial_timed_fast_20260627T1205Z_serial_timed_fast_20260627T1205Z_capture_0963_co2_1_6,/home/mpetrick/repos/esp32-fever-dream/models/generated/digit_dataset/crops/validation/6/real_serial_timed_fast_20260627T1205Z_serial_timed_fast_20260627T1205Z_capture_0963_co2_1_6.png,co2_1,6,5,75
validation,real_serial_timed_fast_20260627T1205Z_serial_timed_fast_20260627T1205Z_capture_0963_co2_3_8,/home/mpetrick/repos/esp32-fever-dream/models/generated/digit_dataset/crops/validation/8/real_serial_timed_fast_20260627T1205Z_serial_timed_fast_20260627T1205Z_capture_0963_co2_3_8.png,co2_3,8,2,59
validation,real_serial_timed_fast_20260627T1205Z_serial_timed_fast_20260627T1205Z_capture_0963_hcho_2_2,/home/mpetrick/repos/esp32-fever-dream/models/generated/digit_dataset/crops/validation/2/real_serial_timed_fast_20260627T1205Z_serial_timed_fast_20260627T1205Z_capture_0963_hcho_2_2.png,hcho_2,2,5,63
validation,real_serial_timed_fast_20260627T1205Z_serial_timed_fast_20260627T1205Z_capture_0963_hcho_3_5,/home/mpetrick/repos/esp32-fever-dream/models/generated/digit_dataset/crops/validation/5/real_serial_timed_fast_20260627T1205Z_serial_timed_fast_20260627T1205Z_capture_0963_hcho_3_5.png,hcho_3,5,1,31
validation,real_serial_timed_fast_20260627T1205Z_serial_timed_fast_20260627T1205Z_capture_0963_tvoc_3_2,/home/mpetrick/repos/esp32-fever-dream/models/generated/digit_dataset/crops/validation/2/real_serial_timed_fast_20260627T1205Z_serial_timed_fast_20260627T1205Z_capture_0963_tvoc_3_2.png,tvoc_3,2,7,41
validation,real_serial_timed_fast_20260627T1205Z_serial_timed_fast_20260627T1205Z_capture_1002_co2_2_9,/home/mpetrick/repos/esp32-fever-dream/models/generated/digit_dataset/crops/validation/9/real_serial_timed_fast_20260627T1205Z_serial_timed_fast_20260627T1205Z_capture_1002_co2_2_9.png,co2_2,9,5,50
validation,real_serial_timed_fast_20260627T1205Z_serial_timed_fast_20260627T1205Z_capture_1002_co2_3_1,/home/mpetrick/repos/esp32-fever-dream/models/generated/digit_dataset/crops/validation/1/real_serial_timed_fast_20260627T1205Z_serial_timed_fast_20260627T1205Z_capture_1002_co2_3_1.png,co2_3,1,7,66
validation,real_serial_timed_fast_20260627T1205Z_serial_timed_fast_20260627T1205Z_capture_1002_hcho_3_0,/home/mpetrick/repos/esp32-fever-dream/models/generated/digit_dataset/crops/validation/0/real_serial_timed_fast_20260627T1205Z_serial_timed_fast_20260627T1205Z_capture_1002_hcho_3_0.png,hcho_3,0,7,55
validation,real_serial_timed_fast_20260627T1205Z_serial_timed_fast_20260627T1205Z_capture_1002_tvoc_2_5,/home/mpetrick/repos/esp32-fever-dream/models/generated/digit_dataset/crops/validation/5/real_serial_timed_fast_20260627T1205Z_serial_timed_fast_20260627T1205Z_capture_1002_tvoc_2_5.png,tvoc_2,5,9,79
validation,real_serial_timed_fast_20260627T1205Z_serial_timed_fast_20260627T1205Z_capture_1002_tvoc_3_8,/home/mpetrick/repos/esp32-fever-dream/models/generated/digit_dataset/crops/validation/8/real_serial_timed_fast_20260627T1205Z_serial_timed_fast_20260627T1205Z_capture_1002_tvoc_3_8.png,tvoc_3,8,2,61
validation,real_serial_timed_fast_20260627T1205Z_serial_timed_fast_20260627T1205Z_capture_1017_co2_2_8,/home/mpetrick/repos/esp32-fever-dream/models/generated/digit_dataset/crops/validation/8/real_serial_timed_fast_20260627T1205Z_serial_timed_fast_20260627T1205Z_capture_1017_co2_2_8.png,co2_2,8,6,72
validation,real_serial_timed_fast_20260627T1205Z_serial_timed_fast_20260627T1205Z_capture_1017_co2_3_5,/home/mpetrick/repos/esp32-fever-dream/models/generated/digit_dataset/crops/validation/5/real_serial_timed_fast_20260627T1205Z_serial_timed_fast_20260627T1205Z_capture_1017_co2_3_5.png,co2_3,5,2,68
validation,real_serial_timed_fast_20260627T1205Z_serial_timed_fast_20260627T1205Z_capture_1017_hcho_2_0,/home/mpetrick/repos/esp32-fever-dream/models/generated/digit_dataset/crops/validation/0/real_serial_timed_fast_20260627T1205Z_serial_timed_fast_20260627T1205Z_capture_1017_hcho_2_0.png,hcho_2,0,5,63
validation,real_serial_timed_fast_20260627T1205Z_serial_timed_fast_20260627T1205Z_capture_1017_hcho_3_8,/home/mpetrick/repos/esp32-fever-dream/models/generated/digit_dataset/crops/validation/8/real_serial_timed_fast_20260627T1205Z_serial_timed_fast_20260627T1205Z_capture_1017_hcho_3_8.png,hcho_3,8,1,33
validation,real_serial_timed_fast_20260627T1205Z_serial_timed_fast_20260627T1205Z_capture_1017_tvoc_3_3,/home/mpetrick/repos/esp32-fever-dream/models/generated/digit_dataset/crops/validation/3/real_serial_timed_fast_20260627T1205Z_serial_timed_fast_20260627T1205Z_capture_1017_tvoc_3_3.png,tvoc_3,3,7,48
validation,real_serial_timed_fast_20260627T1205Z_serial_timed_fast_20260627T1205Z_capture_1031_tvoc_3_7,/home/mpetrick/repos/esp32-fever-dream/models/generated/digit_dataset/crops/validation/7/real_serial_timed_fast_20260627T1205Z_serial_timed_fast_20260627T1205Z_capture_1031_tvoc_3_7.png,tvoc_3,7,2,40
validation,real_serial_timed_fast_20260627T1205Z_serial_timed_fast_20260627T1205Z_capture_1061_hcho_2_0,/home/mpetrick/repos/esp32-fever-dream/models/generated/digit_dataset/crops/validation/0/real_serial_timed_fast_20260627T1205Z_serial_timed_fast_20260627T1205Z_capture_1061_hcho_2_0.png,hcho_2,0,1,100
validation,real_serial_timed_fast_20260627T1205Z_serial_timed_fast_20260627T1205Z_capture_1091_co2_2_8,/home/mpetrick/repos/esp32-fever-dream/models/generated/digit_dataset/crops/validation/8/real_serial_timed_fast_20260627T1205Z_serial_timed_fast_20260627T1205Z_capture_1091_co2_2_8.png,co2_2,8,6,71
validation,real_serial_timed_fast_20260627T1205Z_serial_timed_fast_20260627T1205Z_capture_1091_co2_3_5,/home/mpetrick/repos/esp32-fever-dream/models/generated/digit_dataset/crops/validation/5/real_serial_timed_fast_20260627T1205Z_serial_timed_fast_20260627T1205Z_capture_1091_co2_3_5.png,co2_3,5,2,65
validation,real_serial_timed_fast_20260627T1205Z_serial_timed_fast_20260627T1205Z_capture_1091_hcho_2_0,/home/mpetrick/repos/esp32-fever-dream/models/generated/digit_dataset/crops/validation/0/real_serial_timed_fast_20260627T1205Z_serial_timed_fast_20260627T1205Z_capture_1091_hcho_2_0.png,hcho_2,0,5,69
validation,real_serial_timed_fast_20260627T1205Z_serial_timed_fast_20260627T1205Z_capture_1091_hcho_3_9,/home/mpetrick/repos/esp32-fever-dream/models/generated/digit_dataset/crops/validation/9/real_serial_timed_fast_20260627T1205Z_serial_timed_fast_20260627T1205Z_capture_1091_hcho_3_9.png,hcho_3,9,1,32
validation,real_serial_timed_fast_20260627T1205Z_serial_timed_fast_20260627T1205Z_capture_1091_tvoc_3_3,/home/mpetrick/repos/esp32-fever-dream/models/generated/digit_dataset/crops/validation/3/real_serial_timed_fast_20260627T1205Z_serial_timed_fast_20260627T1205Z_capture_1091_tvoc_3_3.png,tvoc_3,3,7,65
validation,real_serial_timed_fast_20260627T1205Z_serial_timed_fast_20260627T1205Z_capture_1385_co2_1_5,/home/mpetrick/repos/esp32-fever-dream/models/generated/digit_dataset/crops/validation/5/real_serial_timed_fast_20260627T1205Z_serial_timed_fast_20260627T1205Z_capture_1385_co2_1_5.png,co2_1,5,7,90
validation,real_serial_timed_fast_20260627T1205Z_serial_timed_fast_20260627T1205Z_capture_1385_tvoc_2_4,/home/mpetrick/repos/esp32-fever-dream/models/generated/digit_dataset/crops/validation/4/real_serial_timed_fast_20260627T1205Z_serial_timed_fast_20260627T1205Z_capture_1385_tvoc_2_4.png,tvoc_2,4,1,99
validation,real_serial_timed_fast_20260627T1205Z_serial_timed_fast_20260627T1205Z_capture_1385_temp_1_7,/home/mpetrick/repos/esp32-fever-dream/models/generated/digit_dataset/crops/validation/7/real_serial_timed_fast_20260627T1205Z_serial_timed_fast_20260627T1205Z_capture_1385_temp_1_7.png,temp_1,7,1,47
validation,real_serial_timed_fast_20260627T1205Z_serial_timed_fast_20260627T1205Z_capture_1465_humidity_1_6,/home/mpetrick/repos/esp32-fever-dream/models/generated/digit_dataset/crops/validation/6/real_serial_timed_fast_20260627T1205Z_serial_timed_fast_20260627T1205Z_capture_1465_humidity_1_6.png,humidity_1,6,5,96
validation,real_serial_timed_fast_20260627T1205Z_serial_timed_fast_20260627T1205Z_capture_1480_humidity_1_6,/home/mpetrick/repos/esp32-fever-dream/models/generated/digit_dataset/crops/validation/6/real_serial_timed_fast_20260627T1205Z_serial_timed_fast_20260627T1205Z_capture_1480_humidity_1_6.png,humidity_1,6,5,99
validation,real_serial_timed_fast_20260627T1205Z_serial_timed_fast_20260627T1205Z_capture_1500_co2_1_5,/home/mpetrick/repos/esp32-fever-dream/models/generated/digit_dataset/crops/validation/5/real_serial_timed_fast_20260627T1205Z_serial_timed_fast_20260627T1205Z_capture_1500_co2_1_5.png,co2_1,5,3,45
validation,real_serial_timed_fast_20260627T1205Z_serial_timed_fast_20260627T1205Z_capture_1500_hcho_3_7,/home/mpetrick/repos/esp32-fever-dream/models/generated/digit_dataset/crops/validation/7/real_serial_timed_fast_20260627T1205Z_serial_timed_fast_20260627T1205Z_capture_1500_hcho_3_7.png,hcho_3,7,1,98
validation,real_serial_timed_fast_20260627T1205Z_serial_timed_fast_20260627T1205Z_capture_1500_temp_0_2,/home/mpetrick/repos/esp32-fever-dream/models/generated/digit_dataset/crops/validation/2/real_serial_timed_fast_20260627T1205Z_serial_timed_fast_20260627T1205Z_capture_1500_temp_0_2.png,temp_0,2,7,69
validation,real_serial_timed_fast_20260627T1205Z_serial_timed_fast_20260627T1205Z_capture_1500_humidity_0_4,/home/mpetrick/repos/esp32-fever-dream/models/generated/digit_dataset/crops/validation/4/real_serial_timed_fast_20260627T1205Z_serial_timed_fast_20260627T1205Z_capture_1500_humidity_0_4.png,humidity_0,4,2,94
validation,real_serial_timed_fast_20260627T1205Z_serial_timed_fast_20260627T1205Z_capture_1500_humidity_1_6,/home/mpetrick/repos/esp32-fever-dream/models/generated/digit_dataset/crops/validation/6/real_serial_timed_fast_20260627T1205Z_serial_timed_fast_20260627T1205Z_capture_1500_humidity_1_6.png,humidity_1,6,5,86
validation,real_serial_timed_fast_20260627T1205Z_serial_timed_fast_20260627T1205Z_capture_1553_humidity_1_6,/home/mpetrick/repos/esp32-fever-dream/models/generated/digit_dataset/crops/validation/6/real_serial_timed_fast_20260627T1205Z_serial_timed_fast_20260627T1205Z_capture_1553_humidity_1_6.png,humidity_1,6,5,92
validation,real_live_surveillance_20260629T1003Z_live_surveillance_20260629T1003Z_capture_0003_co2_1_4,/home/mpetrick/repos/esp32-fever-dream/models/generated/digit_dataset/crops/validation/4/real_live_surveillance_20260629T1003Z_live_surveillance_20260629T1003Z_capture_0003_co2_1_4.png,co2_1,4,7,56
validation,real_live_surveillance_20260629T1003Z_live_surveillance_20260629T1003Z_capture_0003_co2_3_8,/home/mpetrick/repos/esp32-fever-dream/models/generated/digit_dataset/crops/validation/8/real_live_surveillance_20260629T1003Z_live_surveillance_20260629T1003Z_capture_0003_co2_3_8.png,co2_3,8,6,66
validation,real_live_surveillance_20260629T1003Z_live_surveillance_20260629T1003Z_capture_0003_hcho_1_0,/home/mpetrick/repos/esp32-fever-dream/models/generated/digit_dataset/crops/validation/0/real_live_surveillance_20260629T1003Z_live_surveillance_20260629T1003Z_capture_0003_hcho_1_0.png,hcho_1,0,1,97
validation,real_live_surveillance_20260629T1003Z_live_surveillance_20260629T1003Z_capture_0003_humidity_1_3,/home/mpetrick/repos/esp32-fever-dream/models/generated/digit_dataset/crops/validation/3/real_live_surveillance_20260629T1003Z_live_surveillance_20260629T1003Z_capture_0003_humidity_1_3.png,humidity_1,3,9,80
test,real_live_surveillance_20260629T1003Z_live_surveillance_20260629T1003Z_capture_0023_co2_2_2,/home/mpetrick/repos/esp32-fever-dream/models/generated/digit_dataset/crops/test/2/real_live_surveillance_20260629T1003Z_live_surveillance_20260629T1003Z_capture_0023_co2_2_2.png,co2_2,2,8,54
test,real_live_surveillance_20260629T1003Z_live_surveillance_20260629T1003Z_capture_0023_hcho_1_5,/home/mpetrick/repos/esp32-fever-dream/models/generated/digit_dataset/crops/test/5/real_live_surveillance_20260629T1003Z_live_surveillance_20260629T1003Z_capture_0023_hcho_1_5.png,hcho_1,5,0,56
test,real_live_surveillance_20260629T1003Z_live_surveillance_20260629T1003Z_capture_0030_co2_0_2,/home/mpetrick/repos/esp32-fever-dream/models/generated/digit_dataset/crops/test/2/real_live_surveillance_20260629T1003Z_live_surveillance_20260629T1003Z_capture_0030_co2_0_2.png,co2_0,2,1,39
test,real_live_surveillance_20260629T1003Z_live_surveillance_20260629T1003Z_capture_0030_hcho_0_0,/home/mpetrick/repos/esp32-fever-dream/models/generated/digit_dataset/crops/test/0/real_live_surveillance_20260629T1003Z_live_surveillance_20260629T1003Z_capture_0030_hcho_0_0.png,hcho_0,0,3,40
test,real_live_surveillance_20260629T1003Z_live_surveillance_20260629T1003Z_capture_0030_hcho_3_0,/home/mpetrick/repos/esp32-fever-dream/models/generated/digit_dataset/crops/test/0/real_live_surveillance_20260629T1003Z_live_surveillance_20260629T1003Z_capture_0030_hcho_3_0.png,hcho_3,0,6,30
test,real_live_surveillance_20260629T1003Z_live_surveillance_20260629T1003Z_capture_0030_tvoc_0_0,/home/mpetrick/repos/esp32-fever-dream/models/generated/digit_dataset/crops/test/0/real_live_surveillance_20260629T1003Z_live_surveillance_20260629T1003Z_capture_0030_tvoc_0_0.png,tvoc_0,0,1,25
test,real_live_surveillance_20260629T1003Z_live_surveillance_20260629T1003Z_capture_0030_tvoc_1_4,/home/mpetrick/repos/esp32-fever-dream/models/generated/digit_dataset/crops/test/4/real_live_surveillance_20260629T1003Z_live_surveillance_20260629T1003Z_capture_0030_tvoc_1_4.png,tvoc_1,4,9,33
validation,real_live_surveillance_20260629T1003Z_live_surveillance_20260629T1003Z_capture_0051_co2_2_3,/home/mpetrick/repos/esp32-fever-dream/models/generated/digit_dataset/crops/validation/3/real_live_surveillance_20260629T1003Z_live_surveillance_20260629T1003Z_capture_0051_co2_2_3.png,co2_2,3,5,82
validation,real_live_surveillance_20260629T1003Z_live_surveillance_20260629T1003Z_capture_0051_hcho_1_5,/home/mpetrick/repos/esp32-fever-dream/models/generated/digit_dataset/crops/validation/5/real_live_surveillance_20260629T1003Z_live_surveillance_20260629T1003Z_capture_0051_hcho_1_5.png,hcho_1,5,0,73
validation,real_live_surveillance_20260629T1003Z_live_surveillance_20260629T1003Z_capture_0051_tvoc_1_4,/home/mpetrick/repos/esp32-fever-dream/models/generated/digit_dataset/crops/validation/4/real_live_surveillance_20260629T1003Z_live_surveillance_20260629T1003Z_capture_0051_tvoc_1_4.png,tvoc_1,4,8,89
validation,real_live_surveillance_20260629T1003Z_live_surveillance_20260629T1003Z_capture_0051_tvoc_2_8,/home/mpetrick/repos/esp32-fever-dream/models/generated/digit_dataset/crops/validation/8/real_live_surveillance_20260629T1003Z_live_surveillance_20260629T1003Z_capture_0051_tvoc_2_8.png,tvoc_2,8,9,51
validation,real_live_surveillance_20260629T1003Z_live_surveillance_20260629T1003Z_capture_0051_tvoc_3_5,/home/mpetrick/repos/esp32-fever-dream/models/generated/digit_dataset/crops/validation/5/real_live_surveillance_20260629T1003Z_live_surveillance_20260629T1003Z_capture_0051_tvoc_3_5.png,tvoc_3,5,9,60
validation,real_live_surveillance_20260629T1003Z_live_surveillance_20260629T1003Z_capture_0051_humidity_1_2,/home/mpetrick/repos/esp32-fever-dream/models/generated/digit_dataset/crops/validation/2/real_live_surveillance_20260629T1003Z_live_surveillance_20260629T1003Z_capture_0051_humidity_1_2.png,humidity_1,2,9,96
validation,real_live_surveillance_20260629T1003Z_live_surveillance_20260629T1003Z_capture_0086_co2_0_0,/home/mpetrick/repos/esp32-fever-dream/models/generated/digit_dataset/crops/validation/0/real_live_surveillance_20260629T1003Z_live_surveillance_20260629T1003Z_capture_0086_co2_0_0.png,co2_0,0,1,98
validation,real_live_surveillance_20260629T1003Z_live_surveillance_20260629T1003Z_capture_0086_tvoc_3_0,/home/mpetrick/repos/esp32-fever-dream/models/generated/digit_dataset/crops/validation/0/real_live_surveillance_20260629T1003Z_live_surveillance_20260629T1003Z_capture_0086_tvoc_3_0.png,tvoc_3,0,9,61
test,real_live_surveillance_20260629T1003Z_live_surveillance_20260629T1003Z_capture_0104_co2_1_7,/home/mpetrick/repos/esp32-fever-dream/models/generated/digit_dataset/crops/test/7/real_live_surveillance_20260629T1003Z_live_surveillance_20260629T1003Z_capture_0104_co2_1_7.png,co2_1,7,9,49
test,real_live_surveillance_20260629T1003Z_live_surveillance_20260629T1003Z_capture_0104_hcho_2_5,/home/mpetrick/repos/esp32-fever-dream/models/generated/digit_dataset/crops/test/5/real_live_surveillance_20260629T1003Z_live_surveillance_20260629T1003Z_capture_0104_hcho_2_5.png,hcho_2,5,3,61
test,real_live_surveillance_20260629T1003Z_live_surveillance_20260629T1003Z_capture_0104_tvoc_1_9,/home/mpetrick/repos/esp32-fever-dream/models/generated/digit_dataset/crops/test/9/real_live_surveillance_20260629T1003Z_live_surveillance_20260629T1003Z_capture_0104_tvoc_1_9.png,tvoc_1,9,8,62
validation,real_live_surveillance_20260629T1003Z_live_surveillance_20260629T1003Z_capture_0119_co2_2_6,/home/mpetrick/repos/esp32-fever-dream/models/generated/digit_dataset/crops/validation/6/real_live_surveillance_20260629T1003Z_live_surveillance_20260629T1003Z_capture_0119_co2_2_6.png,co2_2,6,8,53
validation,real_live_surveillance_20260629T1003Z_live_surveillance_20260629T1003Z_capture_0119_co2_3_2,/home/mpetrick/repos/esp32-fever-dream/models/generated/digit_dataset/crops/validation/2/real_live_surveillance_20260629T1003Z_live_surveillance_20260629T1003Z_capture_0119_co2_3_2.png,co2_3,2,6,79
test,real_live_surveillance_20260629T1003Z_live_surveillance_20260629T1003Z_capture_0122_co2_2_6,/home/mpetrick/repos/esp32-fever-dream/models/generated/digit_dataset/crops/test/6/real_live_surveillance_20260629T1003Z_live_surveillance_20260629T1003Z_capture_0122_co2_2_6.png,co2_2,6,8,53
test,real_live_surveillance_20260629T1003Z_live_surveillance_20260629T1003Z_capture_0122_co2_3_2,/home/mpetrick/repos/esp32-fever-dream/models/generated/digit_dataset/crops/test/2/real_live_surveillance_20260629T1003Z_live_surveillance_20260629T1003Z_capture_0122_co2_3_2.png,co2_3,2,6,72
validation,real_live_surveillance_20260629T1003Z_live_surveillance_20260629T1003Z_capture_0130_co2_0_0,/home/mpetrick/repos/esp32-fever-dream/models/generated/digit_dataset/crops/validation/0/real_live_surveillance_20260629T1003Z_live_surveillance_20260629T1003Z_capture_0130_co2_0_0.png,co2_0,0,1,98
validation,real_live_surveillance_20260629T1003Z_live_surveillance_20260629T1003Z_capture_0130_co2_2_0,/home/mpetrick/repos/esp32-fever-dream/models/generated/digit_dataset/crops/validation/0/real_live_surveillance_20260629T1003Z_live_surveillance_20260629T1003Z_capture_0130_co2_2_0.png,co2_2,0,6,61
test,real_live_surveillance_20260629T1003Z_live_surveillance_20260629T1003Z_capture_0132_co2_0_0,/home/mpetrick/repos/esp32-fever-dream/models/generated/digit_dataset/crops/test/0/real_live_surveillance_20260629T1003Z_live_surveillance_20260629T1003Z_capture_0132_co2_0_0.png,co2_0,0,1,97
test,real_live_surveillance_20260629T1003Z_live_surveillance_20260629T1003Z_capture_0132_tvoc_3_0,/home/mpetrick/repos/esp32-fever-dream/models/generated/digit_dataset/crops/test/0/real_live_surveillance_20260629T1003Z_live_surveillance_20260629T1003Z_capture_0132_tvoc_3_0.png,tvoc_3,0,9,79
validation,real_live_surveillance_20260629T1003Z_live_surveillance_20260629T1003Z_capture_0137_co2_0_0,/home/mpetrick/repos/esp32-fever-dream/models/generated/digit_dataset/crops/validation/0/real_live_surveillance_20260629T1003Z_live_surveillance_20260629T1003Z_capture_0137_co2_0_0.png,co2_0,0,1,98
validation,real_live_surveillance_20260629T1003Z_live_surveillance_20260629T1003Z_capture_0137_co2_1_8,/home/mpetrick/repos/esp32-fever-dream/models/generated/digit_dataset/crops/validation/8/real_live_surveillance_20260629T1003Z_live_surveillance_20260629T1003Z_capture_0137_co2_1_8.png,co2_1,8,7,32
validation,real_live_surveillance_20260629T1003Z_live_surveillance_20260629T1003Z_capture_0137_co2_2_0,/home/mpetrick/repos/esp32-fever-dream/models/generated/digit_dataset/crops/validation/0/real_live_surveillance_20260629T1003Z_live_surveillance_20260629T1003Z_capture_0137_co2_2_0.png,co2_2,0,6,71
validation,real_live_surveillance_20260629T1003Z_live_surveillance_20260629T1003Z_capture_0137_hcho_2_8,/home/mpetrick/repos/esp32-fever-dream/models/generated/digit_dataset/crops/validation/8/real_live_surveillance_20260629T1003Z_live_surveillance_20260629T1003Z_capture_0137_hcho_2_8.png,hcho_2,8,7,66
validation,real_live_surveillance_20260629T1003Z_live_surveillance_20260629T1003Z_capture_0137_hcho_3_6,/home/mpetrick/repos/esp32-fever-dream/models/generated/digit_dataset/crops/validation/6/real_live_surveillance_20260629T1003Z_live_surveillance_20260629T1003Z_capture_0137_hcho_3_6.png,hcho_3,6,3,47
validation,real_live_surveillance_20260629T1003Z_live_surveillance_20260629T1003Z_capture_0137_tvoc_1_8,/home/mpetrick/repos/esp32-fever-dream/models/generated/digit_dataset/crops/validation/8/real_live_surveillance_20260629T1003Z_live_surveillance_20260629T1003Z_capture_0137_tvoc_1_8.png,tvoc_1,8,3,91
validation,real_live_surveillance_20260629T1003Z_live_surveillance_20260629T1003Z_capture_0137_tvoc_3_0,/home/mpetrick/repos/esp32-fever-dream/models/generated/digit_dataset/crops/validation/0/real_live_surveillance_20260629T1003Z_live_surveillance_20260629T1003Z_capture_0137_tvoc_3_0.png,tvoc_3,0,9,92
test,real_live_surveillance_20260629T1003Z_live_surveillance_20260629T1003Z_capture_0139_co2_0_0,/home/mpetrick/repos/esp32-fever-dream/models/generated/digit_dataset/crops/test/0/real_live_surveillance_20260629T1003Z_live_surveillance_20260629T1003Z_capture_0139_co2_0_0.png,co2_0,0,1,98
test,real_live_surveillance_20260629T1003Z_live_surveillance_20260629T1003Z_capture_0139_tvoc_3_0,/home/mpetrick/repos/esp32-fever-dream/models/generated/digit_dataset/crops/test/0/real_live_surveillance_20260629T1003Z_live_surveillance_20260629T1003Z_capture_0139_tvoc_3_0.png,tvoc_3,0,9,78
validation,real_live_surveillance_20260629T1003Z_live_surveillance_20260629T1003Z_capture_0144_co2_0_0,/home/mpetrick/repos/esp32-fever-dream/models/generated/digit_dataset/crops/validation/0/real_live_surveillance_20260629T1003Z_live_surveillance_20260629T1003Z_capture_0144_co2_0_0.png,co2_0,0,1,98
validation,real_live_surveillance_20260629T1003Z_live_surveillance_20260629T1003Z_capture_0144_co2_2_0,/home/mpetrick/repos/esp32-fever-dream/models/generated/digit_dataset/crops/validation/0/real_live_surveillance_20260629T1003Z_live_surveillance_20260629T1003Z_capture_0144_co2_2_0.png,co2_2,0,6,64
test,real_live_surveillance_20260629T1003Z_live_surveillance_20260629T1003Z_capture_0151_co2_2_6,/home/mpetrick/repos/esp32-fever-dream/models/generated/digit_dataset/crops/test/6/real_live_surveillance_20260629T1003Z_live_surveillance_20260629T1003Z_capture_0151_co2_2_6.png,co2_2,6,8,49
test,real_live_surveillance_20260629T1003Z_live_surveillance_20260629T1003Z_capture_0151_co2_3_2,/home/mpetrick/repos/esp32-fever-dream/models/generated/digit_dataset/crops/test/2/real_live_surveillance_20260629T1003Z_live_surveillance_20260629T1003Z_capture_0151_co2_3_2.png,co2_3,2,6,63
validation,real_live_surveillance_20260629T1003Z_live_surveillance_20260629T1003Z_capture_0155_co2_3_2,/home/mpetrick/repos/esp32-fever-dream/models/generated/digit_dataset/crops/validation/2/real_live_surveillance_20260629T1003Z_live_surveillance_20260629T1003Z_capture_0155_co2_3_2.png,co2_3,2,6,63
test,real_live_surveillance_20260629T1003Z_live_surveillance_20260629T1003Z_capture_0157_co2_1_7,/home/mpetrick/repos/esp32-fever-dream/models/generated/digit_dataset/crops/test/7/real_live_surveillance_20260629T1003Z_live_surveillance_20260629T1003Z_capture_0157_co2_1_7.png,co2_1,7,8,50
test,real_live_surveillance_20260629T1003Z_live_surveillance_20260629T1003Z_capture_0157_humidity_1_2,/home/mpetrick/repos/esp32-fever-dream/models/generated/digit_dataset/crops/test/2/real_live_surveillance_20260629T1003Z_live_surveillance_20260629T1003Z_capture_0157_humidity_1_2.png,humidity_1,2,1,72
validation,real_live_surveillance_20260629T1003Z_live_surveillance_20260629T1003Z_capture_0162_co2_1_7,/home/mpetrick/repos/esp32-fever-dream/models/generated/digit_dataset/crops/validation/7/real_live_surveillance_20260629T1003Z_live_surveillance_20260629T1003Z_capture_0162_co2_1_7.png,co2_1,7,8,50
validation,real_live_surveillance_20260629T1003Z_live_surveillance_20260629T1003Z_capture_0162_humidity_1_2,/home/mpetrick/repos/esp32-fever-dream/models/generated/digit_dataset/crops/validation/2/real_live_surveillance_20260629T1003Z_live_surveillance_20260629T1003Z_capture_0162_humidity_1_2.png,humidity_1,2,1,74
test,real_live_surveillance_20260629T1003Z_live_surveillance_20260629T1003Z_capture_0181_co2_2_0,/home/mpetrick/repos/esp32-fever-dream/models/generated/digit_dataset/crops/test/0/real_live_surveillance_20260629T1003Z_live_surveillance_20260629T1003Z_capture_0181_co2_2_0.png,co2_2,0,6,58
test,real_live_surveillance_20260629T1003Z_live_surveillance_20260629T1003Z_capture_0181_co2_3_2,/home/mpetrick/repos/esp32-fever-dream/models/generated/digit_dataset/crops/test/2/real_live_surveillance_20260629T1003Z_live_surveillance_20260629T1003Z_capture_0181_co2_3_2.png,co2_3,2,6,38
test,real_live_surveillance_20260629T1003Z_live_surveillance_20260629T1003Z_capture_0181_hcho_1_0,/home/mpetrick/repos/esp32-fever-dream/models/generated/digit_dataset/crops/test/0/real_live_surveillance_20260629T1003Z_live_surveillance_20260629T1003Z_capture_0181_hcho_1_0.png,hcho_1,0,3,96
test,real_live_surveillance_20260629T1003Z_live_surveillance_20260629T1003Z_capture_0181_hcho_2_3,/home/mpetrick/repos/esp32-fever-dream/models/generated/digit_dataset/crops/test/3/real_live_surveillance_20260629T1003Z_live_surveillance_20260629T1003Z_capture_0181_hcho_2_3.png,hcho_2,3,7,81
test,real_live_surveillance_20260629T1003Z_live_surveillance_20260629T1003Z_capture_0181_tvoc_1_8,/home/mpetrick/repos/esp32-fever-dream/models/generated/digit_dataset/crops/test/8/real_live_surveillance_20260629T1003Z_live_surveillance_20260629T1003Z_capture_0181_tvoc_1_8.png,tvoc_1,8,9,88
validation,real_live_surveillance_20260629T1003Z_live_surveillance_20260629T1003Z_capture_0227_co2_2_1,/home/mpetrick/repos/esp32-fever-dream/models/generated/digit_dataset/crops/validation/1/real_live_surveillance_20260629T1003Z_live_surveillance_20260629T1003Z_capture_0227_co2_2_1.png,co2_2,1,6,91
validation,real_live_surveillance_20260629T1003Z_live_surveillance_20260629T1003Z_capture_0227_co2_3_3,/home/mpetrick/repos/esp32-fever-dream/models/generated/digit_dataset/crops/validation/3/real_live_surveillance_20260629T1003Z_live_surveillance_20260629T1003Z_capture_0227_co2_3_3.png,co2_3,3,9,47
validation,real_live_surveillance_20260629T1003Z_live_surveillance_20260629T1003Z_capture_0227_hcho_2_2,/home/mpetrick/repos/esp32-fever-dream/models/generated/digit_dataset/crops/validation/2/real_live_surveillance_20260629T1003Z_live_surveillance_20260629T1003Z_capture_0227_hcho_2_2.png,hcho_2,2,5,83
validation,real_live_surveillance_20260629T1003Z_live_surveillance_20260629T1003Z_capture_0227_hcho_3_9,/home/mpetrick/repos/esp32-fever-dream/models/generated/digit_dataset/crops/validation/9/real_live_surveillance_20260629T1003Z_live_surveillance_20260629T1003Z_capture_0227_hcho_3_9.png,hcho_3,9,5,83
validation,real_live_surveillance_20260629T1003Z_live_surveillance_20260629T1003Z_capture_0227_tvoc_1_0,/home/mpetrick/repos/esp32-fever-dream/models/generated/digit_dataset/crops/validation/0/real_live_surveillance_20260629T1003Z_live_surveillance_20260629T1003Z_capture_0227_tvoc_1_0.png,tvoc_1,0,9,69
validation,real_live_surveillance_20260629T1003Z_live_surveillance_20260629T1003Z_capture_0227_tvoc_3_2,/home/mpetrick/repos/esp32-fever-dream/models/generated/digit_dataset/crops/validation/2/real_live_surveillance_20260629T1003Z_live_surveillance_20260629T1003Z_capture_0227_tvoc_3_2.png,tvoc_3,2,9,50
test,real_live_surveillance_20260629T1003Z_live_surveillance_20260629T1003Z_capture_0231_co2_2_1,/home/mpetrick/repos/esp32-fever-dream/models/generated/digit_dataset/crops/test/1/real_live_surveillance_20260629T1003Z_live_surveillance_20260629T1003Z_capture_0231_co2_2_1.png,co2_2,1,6,95
test,real_live_surveillance_20260629T1003Z_live_surveillance_20260629T1003Z_capture_0231_co2_3_3,/home/mpetrick/repos/esp32-fever-dream/models/generated/digit_dataset/crops/test/3/real_live_surveillance_20260629T1003Z_live_surveillance_20260629T1003Z_capture_0231_co2_3_3.png,co2_3,3,9,40
test,real_live_surveillance_20260629T1003Z_live_surveillance_20260629T1003Z_capture_0231_hcho_2_2,/home/mpetrick/repos/esp32-fever-dream/models/generated/digit_dataset/crops/test/2/real_live_surveillance_20260629T1003Z_live_surveillance_20260629T1003Z_capture_0231_hcho_2_2.png,hcho_2,2,5,80
test,real_live_surveillance_20260629T1003Z_live_surveillance_20260629T1003Z_capture_0231_tvoc_1_0,/home/mpetrick/repos/esp32-fever-dream/models/generated/digit_dataset/crops/test/0/real_live_surveillance_20260629T1003Z_live_surveillance_20260629T1003Z_capture_0231_tvoc_1_0.png,tvoc_1,0,9,78
test,real_live_surveillance_20260629T1003Z_live_surveillance_20260629T1003Z_capture_0231_tvoc_3_0,/home/mpetrick/repos/esp32-fever-dream/models/generated/digit_dataset/crops/test/0/real_live_surveillance_20260629T1003Z_live_surveillance_20260629T1003Z_capture_0231_tvoc_3_0.png,tvoc_3,0,9,73
validation,real_live_surveillance_20260629T1003Z_live_surveillance_20260629T1003Z_capture_0260_hcho_2_0,/home/mpetrick/repos/esp32-fever-dream/models/generated/digit_dataset/crops/validation/0/real_live_surveillance_20260629T1003Z_live_surveillance_20260629T1003Z_capture_0260_hcho_2_0.png,hcho_2,0,7,72
validation,real_live_surveillance_20260629T1003Z_live_surveillance_20260629T1003Z_capture_0260_hcho_3_7,/home/mpetrick/repos/esp32-fever-dream/models/generated/digit_dataset/crops/validation/7/real_live_surveillance_20260629T1003Z_live_surveillance_20260629T1003Z_capture_0260_hcho_3_7.png,hcho_3,7,3,59
test,real_live_surveillance_20260629T1003Z_live_surveillance_20260629T1003Z_capture_0262_hcho_2_0,/home/mpetrick/repos/esp32-fever-dream/models/generated/digit_dataset/crops/test/0/real_live_surveillance_20260629T1003Z_live_surveillance_20260629T1003Z_capture_0262_hcho_2_0.png,hcho_2,0,7,70
test,real_live_surveillance_20260629T1003Z_live_surveillance_20260629T1003Z_capture_0262_hcho_3_7,/home/mpetrick/repos/esp32-fever-dream/models/generated/digit_dataset/crops/test/7/real_live_surveillance_20260629T1003Z_live_surveillance_20260629T1003Z_capture_0262_hcho_3_7.png,hcho_3,7,3,63
test,real_live_surveillance_20260629T1003Z_live_surveillance_20260629T1003Z_capture_0262_tvoc_1_8,/home/mpetrick/repos/esp32-fever-dream/models/generated/digit_dataset/crops/test/8/real_live_surveillance_20260629T1003Z_live_surveillance_20260629T1003Z_capture_0262_tvoc_1_8.png,tvoc_1,8,7,54
validation,real_live_surveillance_20260629T1003Z_live_surveillance_20260629T1003Z_capture_0340_co2_0_0,/home/mpetrick/repos/esp32-fever-dream/models/generated/digit_dataset/crops/validation/0/real_live_surveillance_20260629T1003Z_live_surveillance_20260629T1003Z_capture_0340_co2_0_0.png,co2_0,0,1,83
validation,real_live_surveillance_20260629T1003Z_live_surveillance_20260629T1003Z_capture_0340_co2_2_5,/home/mpetrick/repos/esp32-fever-dream/models/generated/digit_dataset/crops/validation/5/real_live_surveillance_20260629T1003Z_live_surveillance_20260629T1003Z_capture_0340_co2_2_5.png,co2_2,5,3,58
validation,real_live_surveillance_20260629T1003Z_live_surveillance_20260629T1003Z_capture_0340_hcho_2_8,/home/mpetrick/repos/esp32-fever-dream/models/generated/digit_dataset/crops/validation/8/real_live_surveillance_20260629T1003Z_live_surveillance_20260629T1003Z_capture_0340_hcho_2_8.png,hcho_2,8,7,77
validation,real_live_surveillance_20260629T1003Z_live_surveillance_20260629T1003Z_capture_0340_hcho_3_5,/home/mpetrick/repos/esp32-fever-dream/models/generated/digit_dataset/crops/validation/5/real_live_surveillance_20260629T1003Z_live_surveillance_20260629T1003Z_capture_0340_hcho_3_5.png,hcho_3,5,1,81
validation,real_live_surveillance_20260629T1003Z_live_surveillance_20260629T1003Z_capture_0340_tvoc_2_9,/home/mpetrick/repos/esp32-fever-dream/models/generated/digit_dataset/crops/validation/9/real_live_surveillance_20260629T1003Z_live_surveillance_20260629T1003Z_capture_0340_tvoc_2_9.png,tvoc_2,9,5,94
validation,real_live_surveillance_20260629T1003Z_live_surveillance_20260629T1003Z_capture_0340_tvoc_3_8,/home/mpetrick/repos/esp32-fever-dream/models/generated/digit_dataset/crops/validation/8/real_live_surveillance_20260629T1003Z_live_surveillance_20260629T1003Z_capture_0340_tvoc_3_8.png,tvoc_3,8,9,81
validation,real_live_surveillance_20260629T1003Z_live_surveillance_20260629T1003Z_capture_0340_humidity_1_0,/home/mpetrick/repos/esp32-fever-dream/models/generated/digit_dataset/crops/validation/0/real_live_surveillance_20260629T1003Z_live_surveillance_20260629T1003Z_capture_0340_humidity_1_0.png,humidity_1,0,1,85
test,real_live_surveillance_20260629T1003Z_live_surveillance_20260629T1003Z_capture_0342_co2_0_0,/home/mpetrick/repos/esp32-fever-dream/models/generated/digit_dataset/crops/test/0/real_live_surveillance_20260629T1003Z_live_surveillance_20260629T1003Z_capture_0342_co2_0_0.png,co2_0,0,3,19
test,real_live_surveillance_20260629T1003Z_live_surveillance_20260629T1003Z_capture_0342_co2_1_6,/home/mpetrick/repos/esp32-fever-dream/models/generated/digit_dataset/crops/test/6/real_live_surveillance_20260629T1003Z_live_surveillance_20260629T1003Z_capture_0342_co2_1_6.png,co2_1,6,2,66
test,real_live_surveillance_20260629T1003Z_live_surveillance_20260629T1003Z_capture_0342_co2_2_5,/home/mpetrick/repos/esp32-fever-dream/models/generated/digit_dataset/crops/test/5/real_live_surveillance_20260629T1003Z_live_surveillance_20260629T1003Z_capture_0342_co2_2_5.png,co2_2,5,2,92
test,real_live_surveillance_20260629T1003Z_live_surveillance_20260629T1003Z_capture_0342_co2_3_2,/home/mpetrick/repos/esp32-fever-dream/models/generated/digit_dataset/crops/test/2/real_live_surveillance_20260629T1003Z_live_surveillance_20260629T1003Z_capture_0342_co2_3_2.png,co2_3,2,9,59
test,real_live_surveillance_20260629T1003Z_live_surveillance_20260629T1003Z_capture_0342_hcho_0_0,/home/mpetrick/repos/esp32-fever-dream/models/generated/digit_dataset/crops/test/0/real_live_surveillance_20260629T1003Z_live_surveillance_20260629T1003Z_capture_0342_hcho_0_0.png,hcho_0,0,4,37
test,real_live_surveillance_20260629T1003Z_live_surveillance_20260629T1003Z_capture_0342_hcho_3_5,/home/mpetrick/repos/esp32-fever-dream/models/generated/digit_dataset/crops/test/5/real_live_surveillance_20260629T1003Z_live_surveillance_20260629T1003Z_capture_0342_hcho_3_5.png,hcho_3,5,1,43
test,real_live_surveillance_20260629T1003Z_live_surveillance_20260629T1003Z_capture_0342_tvoc_0_0,/home/mpetrick/repos/esp32-fever-dream/models/generated/digit_dataset/crops/test/0/real_live_surveillance_20260629T1003Z_live_surveillance_20260629T1003Z_capture_0342_tvoc_0_0.png,tvoc_0,0,2,90
test,real_live_surveillance_20260629T1003Z_live_surveillance_20260629T1003Z_capture_0342_tvoc_1_7,/home/mpetrick/repos/esp32-fever-dream/models/generated/digit_dataset/crops/test/7/real_live_surveillance_20260629T1003Z_live_surveillance_20260629T1003Z_capture_0342_tvoc_1_7.png,tvoc_1,7,8,38
test,real_live_surveillance_20260629T1003Z_live_surveillance_20260629T1003Z_capture_0342_tvoc_3_8,/home/mpetrick/repos/esp32-fever-dream/models/generated/digit_dataset/crops/test/8/real_live_surveillance_20260629T1003Z_live_surveillance_20260629T1003Z_capture_0342_tvoc_3_8.png,tvoc_3,8,5,74
test,real_live_surveillance_20260629T1003Z_live_surveillance_20260629T1003Z_capture_0342_temp_0_2,/home/mpetrick/repos/esp32-fever-dream/models/generated/digit_dataset/crops/test/2/real_live_surveillance_20260629T1003Z_live_surveillance_20260629T1003Z_capture_0342_temp_0_2.png,temp_0,2,1,98
test,real_live_surveillance_20260629T1003Z_live_surveillance_20260629T1003Z_capture_0342_temp_1_8,/home/mpetrick/repos/esp32-fever-dream/models/generated/digit_dataset/crops/test/8/real_live_surveillance_20260629T1003Z_live_surveillance_20260629T1003Z_capture_0342_temp_1_8.png,temp_1,8,4,21
test,real_live_surveillance_20260629T1003Z_live_surveillance_20260629T1003Z_capture_0342_humidity_1_0,/home/mpetrick/repos/esp32-fever-dream/models/generated/digit_dataset/crops/test/0/real_live_surveillance_20260629T1003Z_live_surveillance_20260629T1003Z_capture_0342_humidity_1_0.png,humidity_1,0,2,49
validation,real_live_surveillance_20260629T1003Z_live_surveillance_20260629T1003Z_capture_0346_co2_0_0,/home/mpetrick/repos/esp32-fever-dream/models/generated/digit_dataset/crops/validation/0/real_live_surveillance_20260629T1003Z_live_surveillance_20260629T1003Z_capture_0346_co2_0_0.png,co2_0,0,1,71
validation,real_live_surveillance_20260629T1003Z_live_surveillance_20260629T1003Z_capture_0346_co2_2_4,/home/mpetrick/repos/esp32-fever-dream/models/generated/digit_dataset/crops/validation/4/real_live_surveillance_20260629T1003Z_live_surveillance_20260629T1003Z_capture_0346_co2_2_4.png,co2_2,4,3,62
validation,real_live_surveillance_20260629T1003Z_live_surveillance_20260629T1003Z_capture_0346_hcho_3_8,/home/mpetrick/repos/esp32-fever-dream/models/generated/digit_dataset/crops/validation/8/real_live_surveillance_20260629T1003Z_live_surveillance_20260629T1003Z_capture_0346_hcho_3_8.png,hcho_3,8,7,76
validation,real_live_surveillance_20260629T1003Z_live_surveillance_20260629T1003Z_capture_0346_tvoc_2_8,/home/mpetrick/repos/esp32-fever-dream/models/generated/digit_dataset/crops/validation/8/real_live_surveillance_20260629T1003Z_live_surveillance_20260629T1003Z_capture_0346_tvoc_2_8.png,tvoc_2,8,5,94
validation,real_live_surveillance_20260629T1003Z_live_surveillance_20260629T1003Z_capture_0346_tvoc_3_9,/home/mpetrick/repos/esp32-fever-dream/models/generated/digit_dataset/crops/validation/9/real_live_surveillance_20260629T1003Z_live_surveillance_20260629T1003Z_capture_0346_tvoc_3_9.png,tvoc_3,9,8,89
validation,real_live_surveillance_20260629T1003Z_live_surveillance_20260629T1003Z_capture_0346_humidity_1_0,/home/mpetrick/repos/esp32-fever-dream/models/generated/digit_dataset/crops/validation/0/real_live_surveillance_20260629T1003Z_live_surveillance_20260629T1003Z_capture_0346_humidity_1_0.png,humidity_1,0,1,87
test,real_live_surveillance_20260629T1003Z_live_surveillance_20260629T1003Z_capture_0369_co2_0_0,/home/mpetrick/repos/esp32-fever-dream/models/generated/digit_dataset/crops/test/0/real_live_surveillance_20260629T1003Z_live_surveillance_20260629T1003Z_capture_0369_co2_0_0.png,co2_0,0,1,69
test,real_live_surveillance_20260629T1003Z_live_surveillance_20260629T1003Z_capture_0369_humidity_1_0,/home/mpetrick/repos/esp32-fever-dream/models/generated/digit_dataset/crops/test/0/real_live_surveillance_20260629T1003Z_live_surveillance_20260629T1003Z_capture_0369_humidity_1_0.png,humidity_1,0,1,81
validation,real_live_surveillance_20260629T1003Z_live_surveillance_20260629T1003Z_capture_0373_co2_0_0,/home/mpetrick/repos/esp32-fever-dream/models/generated/digit_dataset/crops/validation/0/real_live_surveillance_20260629T1003Z_live_surveillance_20260629T1003Z_capture_0373_co2_0_0.png,co2_0,0,1,89
validation,real_live_surveillance_20260629T1003Z_live_surveillance_20260629T1003Z_capture_0373_co2_2_3,/home/mpetrick/repos/esp32-fever-dream/models/generated/digit_dataset/crops/validation/3/real_live_surveillance_20260629T1003Z_live_surveillance_20260629T1003Z_capture_0373_co2_2_3.png,co2_2,3,5,61
validation,real_live_surveillance_20260629T1003Z_live_surveillance_20260629T1003Z_capture_0373_co2_3_0,/home/mpetrick/repos/esp32-fever-dream/models/generated/digit_dataset/crops/validation/0/real_live_surveillance_20260629T1003Z_live_surveillance_20260629T1003Z_capture_0373_co2_3_0.png,co2_3,0,5,41
validation,real_live_surveillance_20260629T1003Z_live_surveillance_20260629T1003Z_capture_0373_hcho_1_2,/home/mpetrick/repos/esp32-fever-dream/models/generated/digit_dataset/crops/validation/2/real_live_surveillance_20260629T1003Z_live_surveillance_20260629T1003Z_capture_0373_hcho_1_2.png,hcho_1,2,3,89
validation,real_live_surveillance_20260629T1003Z_live_surveillance_20260629T1003Z_capture_0373_hcho_2_7,/home/mpetrick/repos/esp32-fever-dream/models/generated/digit_dataset/crops/validation/7/real_live_surveillance_20260629T1003Z_live_surveillance_20260629T1003Z_capture_0373_hcho_2_7.png,hcho_2,7,8,75
validation,real_live_surveillance_20260629T1003Z_live_surveillance_20260629T1003Z_capture_0373_humidity_1_0,/home/mpetrick/repos/esp32-fever-dream/models/generated/digit_dataset/crops/validation/0/real_live_surveillance_20260629T1003Z_live_surveillance_20260629T1003Z_capture_0373_humidity_1_0.png,humidity_1,0,1,95
test,real_live_surveillance_20260629T1003Z_live_surveillance_20260629T1003Z_capture_0375_co2_0_0,/home/mpetrick/repos/esp32-fever-dream/models/generated/digit_dataset/crops/test/0/real_live_surveillance_20260629T1003Z_live_surveillance_20260629T1003Z_capture_0375_co2_0_0.png,co2_0,0,1,71
test,real_live_surveillance_20260629T1003Z_live_surveillance_20260629T1003Z_capture_0375_humidity_1_0,/home/mpetrick/repos/esp32-fever-dream/models/generated/digit_dataset/crops/test/0/real_live_surveillance_20260629T1003Z_live_surveillance_20260629T1003Z_capture_0375_humidity_1_0.png,humidity_1,0,1,73
validation,real_live_surveillance_20260629T1003Z_live_surveillance_20260629T1003Z_capture_0380_co2_0_0,/home/mpetrick/repos/esp32-fever-dream/models/generated/digit_dataset/crops/validation/0/real_live_surveillance_20260629T1003Z_live_surveillance_20260629T1003Z_capture_0380_co2_0_0.png,co2_0,0,1,77
validation,real_live_surveillance_20260629T1003Z_live_surveillance_20260629T1003Z_capture_0380_humidity_1_0,/home/mpetrick/repos/esp32-fever-dream/models/generated/digit_dataset/crops/validation/0/real_live_surveillance_20260629T1003Z_live_surveillance_20260629T1003Z_capture_0380_humidity_1_0.png,humidity_1,0,1,70
test,real_live_surveillance_20260629T1003Z_live_surveillance_20260629T1003Z_capture_0382_co2_0_0,/home/mpetrick/repos/esp32-fever-dream/models/generated/digit_dataset/crops/test/0/real_live_surveillance_20260629T1003Z_live_surveillance_20260629T1003Z_capture_0382_co2_0_0.png,co2_0,0,1,74
test,real_live_surveillance_20260629T1003Z_live_surveillance_20260629T1003Z_capture_0382_humidity_1_0,/home/mpetrick/repos/esp32-fever-dream/models/generated/digit_dataset/crops/test/0/real_live_surveillance_20260629T1003Z_live_surveillance_20260629T1003Z_capture_0382_humidity_1_0.png,humidity_1,0,1,78
validation,real_live_surveillance_20260629T1003Z_live_surveillance_20260629T1003Z_capture_0386_co2_0_0,/home/mpetrick/repos/esp32-fever-dream/models/generated/digit_dataset/crops/validation/0/real_live_surveillance_20260629T1003Z_live_surveillance_20260629T1003Z_capture_0386_co2_0_0.png,co2_0,0,1,80
validation,real_live_surveillance_20260629T1003Z_live_surveillance_20260629T1003Z_capture_0386_humidity_1_0,/home/mpetrick/repos/esp32-fever-dream/models/generated/digit_dataset/crops/validation/0/real_live_surveillance_20260629T1003Z_live_surveillance_20260629T1003Z_capture_0386_humidity_1_0.png,humidity_1,0,1,73
test,real_live_surveillance_20260629T1003Z_live_surveillance_20260629T1003Z_capture_0389_co2_0_0,/home/mpetrick/repos/esp32-fever-dream/models/generated/digit_dataset/crops/test/0/real_live_surveillance_20260629T1003Z_live_surveillance_20260629T1003Z_capture_0389_co2_0_0.png,co2_0,0,1,74
test,real_live_surveillance_20260629T1003Z_live_surveillance_20260629T1003Z_capture_0389_humidity_1_0,/home/mpetrick/repos/esp32-fever-dream/models/generated/digit_dataset/crops/test/0/real_live_surveillance_20260629T1003Z_live_surveillance_20260629T1003Z_capture_0389_humidity_1_0.png,humidity_1,0,1,72
validation,real_live_surveillance_20260629T1003Z_live_surveillance_20260629T1003Z_capture_0401_co2_2_9,/home/mpetrick/repos/esp32-fever-dream/models/generated/digit_dataset/crops/validation/9/real_live_surveillance_20260629T1003Z_live_surveillance_20260629T1003Z_capture_0401_co2_2_9.png,co2_2,9,5,52
validation,real_live_surveillance_20260629T1003Z_live_surveillance_20260629T1003Z_capture_0401_co2_3_2,/home/mpetrick/repos/esp32-fever-dream/models/generated/digit_dataset/crops/validation/2/real_live_surveillance_20260629T1003Z_live_surveillance_20260629T1003Z_capture_0401_co2_3_2.png,co2_3,2,0,49
validation,real_live_surveillance_20260629T1003Z_live_surveillance_20260629T1003Z_capture_0401_tvoc_2_8,/home/mpetrick/repos/esp32-fever-dream/models/generated/digit_dataset/crops/validation/8/real_live_surveillance_20260629T1003Z_live_surveillance_20260629T1003Z_capture_0401_tvoc_2_8.png,tvoc_2,8,6,99
test,real_live_surveillance_20260629T1003Z_live_surveillance_20260629T1003Z_capture_0403_co2_2_9,/home/mpetrick/repos/esp32-fever-dream/models/generated/digit_dataset/crops/test/9/real_live_surveillance_20260629T1003Z_live_surveillance_20260629T1003Z_capture_0403_co2_2_9.png,co2_2,9,5,55
test,real_live_surveillance_20260629T1003Z_live_surveillance_20260629T1003Z_capture_0403_co2_3_7,/home/mpetrick/repos/esp32-fever-dream/models/generated/digit_dataset/crops/test/7/real_live_surveillance_20260629T1003Z_live_surveillance_20260629T1003Z_capture_0403_co2_3_7.png,co2_3,7,1,87
test,real_live_surveillance_20260629T1003Z_live_surveillance_20260629T1003Z_capture_0403_tvoc_2_8,/home/mpetrick/repos/esp32-fever-dream/models/generated/digit_dataset/crops/test/8/real_live_surveillance_20260629T1003Z_live_surveillance_20260629T1003Z_capture_0403_tvoc_2_8.png,tvoc_2,8,6,98
validation,real_live_surveillance_20260629T1003Z_live_surveillance_20260629T1003Z_capture_0416_co2_3_5,/home/mpetrick/repos/esp32-fever-dream/models/generated/digit_dataset/crops/validation/5/real_live_surveillance_20260629T1003Z_live_surveillance_20260629T1003Z_capture_0416_co2_3_5.png,co2_3,5,9,45
validation,real_live_surveillance_20260629T1003Z_live_surveillance_20260629T1003Z_capture_0416_hcho_3_5,/home/mpetrick/repos/esp32-fever-dream/models/generated/digit_dataset/crops/validation/5/real_live_surveillance_20260629T1003Z_live_surveillance_20260629T1003Z_capture_0416_hcho_3_5.png,hcho_3,5,9,88
test,real_live_surveillance_20260629T1003Z_live_surveillance_20260629T1003Z_capture_0422_humidity_1_0,/home/mpetrick/repos/esp32-fever-dream/models/generated/digit_dataset/crops/test/0/real_live_surveillance_20260629T1003Z_live_surveillance_20260629T1003Z_capture_0422_humidity_1_0.png,humidity_1,0,9,74
validation,real_live_surveillance_20260629T1003Z_live_surveillance_20260629T1003Z_capture_0440_co2_0_0,/home/mpetrick/repos/esp32-fever-dream/models/generated/digit_dataset/crops/validation/0/real_live_surveillance_20260629T1003Z_live_surveillance_20260629T1003Z_capture_0440_co2_0_0.png,co2_0,0,1,98
validation,real_live_surveillance_20260629T1003Z_live_surveillance_20260629T1003Z_capture_0440_co2_1_3,/home/mpetrick/repos/esp32-fever-dream/models/generated/digit_dataset/crops/validation/3/real_live_surveillance_20260629T1003Z_live_surveillance_20260629T1003Z_capture_0440_co2_1_3.png,co2_1,3,5,92
validation,real_live_surveillance_20260629T1003Z_live_surveillance_20260629T1003Z_capture_0440_co2_2_2,/home/mpetrick/repos/esp32-fever-dream/models/generated/digit_dataset/crops/validation/2/real_live_surveillance_20260629T1003Z_live_surveillance_20260629T1003Z_capture_0440_co2_2_2.png,co2_2,2,8,72
validation,real_live_surveillance_20260629T1003Z_live_surveillance_20260629T1003Z_capture_0440_co2_3_2,/home/mpetrick/repos/esp32-fever-dream/models/generated/digit_dataset/crops/validation/2/real_live_surveillance_20260629T1003Z_live_surveillance_20260629T1003Z_capture_0440_co2_3_2.png,co2_3,2,6,76
validation,real_live_surveillance_20260629T1003Z_live_surveillance_20260629T1003Z_capture_0440_hcho_1_0,/home/mpetrick/repos/esp32-fever-dream/models/generated/digit_dataset/crops/validation/0/real_live_surveillance_20260629T1003Z_live_surveillance_20260629T1003Z_capture_0440_hcho_1_0.png,hcho_1,0,1,98
validation,real_live_surveillance_20260629T1003Z_live_surveillance_20260629T1003Z_capture_0440_tvoc_1_4,/home/mpetrick/repos/esp32-fever-dream/models/generated/digit_dataset/crops/validation/4/real_live_surveillance_20260629T1003Z_live_surveillance_20260629T1003Z_capture_0440_tvoc_1_4.png,tvoc_1,4,6,64
test,real_live_surveillance_20260629T1003Z_live_surveillance_20260629T1003Z_capture_0442_co2_0_0,/home/mpetrick/repos/esp32-fever-dream/models/generated/digit_dataset/crops/test/0/real_live_surveillance_20260629T1003Z_live_surveillance_20260629T1003Z_capture_0442_co2_0_0.png,co2_0,0,1,98
test,real_live_surveillance_20260629T1003Z_live_surveillance_20260629T1003Z_capture_0442_co2_1_3,/home/mpetrick/repos/esp32-fever-dream/models/generated/digit_dataset/crops/test/3/real_live_surveillance_20260629T1003Z_live_surveillance_20260629T1003Z_capture_0442_co2_1_3.png,co2_1,3,5,93
test,real_live_surveillance_20260629T1003Z_live_surveillance_20260629T1003Z_capture_0442_co2_2_2,/home/mpetrick/repos/esp32-fever-dream/models/generated/digit_dataset/crops/test/2/real_live_surveillance_20260629T1003Z_live_surveillance_20260629T1003Z_capture_0442_co2_2_2.png,co2_2,2,8,69
test,real_live_surveillance_20260629T1003Z_live_surveillance_20260629T1003Z_capture_0442_co2_3_2,/home/mpetrick/repos/esp32-fever-dream/models/generated/digit_dataset/crops/test/2/real_live_surveillance_20260629T1003Z_live_surveillance_20260629T1003Z_capture_0442_co2_3_2.png,co2_3,2,6,79
test,real_live_surveillance_20260629T1003Z_live_surveillance_20260629T1003Z_capture_0442_hcho_1_0,/home/mpetrick/repos/esp32-fever-dream/models/generated/digit_dataset/crops/test/0/real_live_surveillance_20260629T1003Z_live_surveillance_20260629T1003Z_capture_0442_hcho_1_0.png,hcho_1,0,1,98
test,real_live_surveillance_20260629T1003Z_live_surveillance_20260629T1003Z_capture_0442_tvoc_1_4,/home/mpetrick/repos/esp32-fever-dream/models/generated/digit_dataset/crops/test/4/real_live_surveillance_20260629T1003Z_live_surveillance_20260629T1003Z_capture_0442_tvoc_1_4.png,tvoc_1,4,6,67
validation,real_live_surveillance_20260629T1003Z_live_surveillance_20260629T1003Z_capture_0471_tvoc_1_3,/home/mpetrick/repos/esp32-fever-dream/models/generated/digit_dataset/crops/validation/3/real_live_surveillance_20260629T1003Z_live_surveillance_20260629T1003Z_capture_0471_tvoc_1_3.png,tvoc_1,3,6,33
test,real_live_surveillance_20260629T1003Z_live_surveillance_20260629T1003Z_capture_0474_tvoc_1_3,/home/mpetrick/repos/esp32-fever-dream/models/generated/digit_dataset/crops/test/3/real_live_surveillance_20260629T1003Z_live_surveillance_20260629T1003Z_capture_0474_tvoc_1_3.png,tvoc_1,3,6,34
validation,real_live_surveillance_20260629T1003Z_live_surveillance_20260629T1003Z_capture_0515_co2_1_8,/home/mpetrick/repos/esp32-fever-dream/models/generated/digit_dataset/crops/validation/8/real_live_surveillance_20260629T1003Z_live_surveillance_20260629T1003Z_capture_0515_co2_1_8.png,co2_1,8,6,98
validation,real_live_surveillance_20260629T1003Z_live_surveillance_20260629T1003Z_capture_0515_co2_3_1,/home/mpetrick/repos/esp32-fever-dream/models/generated/digit_dataset/crops/validation/1/real_live_surveillance_20260629T1003Z_live_surveillance_20260629T1003Z_capture_0515_co2_3_1.png,co2_3,1,4,78
validation,real_live_surveillance_20260629T1003Z_live_surveillance_20260629T1003Z_capture_0515_tvoc_3_8,/home/mpetrick/repos/esp32-fever-dream/models/generated/digit_dataset/crops/validation/8/real_live_surveillance_20260629T1003Z_live_surveillance_20260629T1003Z_capture_0515_tvoc_3_8.png,tvoc_3,8,6,87
test,real_live_surveillance_20260629T1003Z_live_surveillance_20260629T1003Z_capture_0518_co2_3_9,/home/mpetrick/repos/esp32-fever-dream/models/generated/digit_dataset/crops/test/9/real_live_surveillance_20260629T1003Z_live_surveillance_20260629T1003Z_capture_0518_co2_3_9.png,co2_3,9,3,63
validation,real_live_surveillance_20260629T1003Z_live_surveillance_20260629T1003Z_capture_0522_co2_2_7,/home/mpetrick/repos/esp32-fever-dream/models/generated/digit_dataset/crops/validation/7/real_live_surveillance_20260629T1003Z_live_surveillance_20260629T1003Z_capture_0522_co2_2_7.png,co2_2,7,4,96
validation,real_live_surveillance_20260629T1003Z_live_surveillance_20260629T1003Z_capture_0522_tvoc_2_6,/home/mpetrick/repos/esp32-fever-dream/models/generated/digit_dataset/crops/validation/6/real_live_surveillance_20260629T1003Z_live_surveillance_20260629T1003Z_capture_0522_tvoc_2_6.png,tvoc_2,6,5,99
validation,real_live_surveillance_20260629T1003Z_live_surveillance_20260629T1003Z_capture_0522_tvoc_3_1,/home/mpetrick/repos/esp32-fever-dream/models/generated/digit_dataset/crops/validation/1/real_live_surveillance_20260629T1003Z_live_surveillance_20260629T1003Z_capture_0522_tvoc_3_1.png,tvoc_3,1,7,99
test,real_live_surveillance_20260629T1003Z_live_surveillance_20260629T1003Z_capture_0524_co2_2_7,/home/mpetrick/repos/esp32-fever-dream/models/generated/digit_dataset/crops/test/7/real_live_surveillance_20260629T1003Z_live_surveillance_20260629T1003Z_capture_0524_co2_2_7.png,co2_2,7,4,95
validation,real_live_surveillance_20260629T1003Z_live_surveillance_20260629T1003Z_capture_0532_co2_2_2,/home/mpetrick/repos/esp32-fever-dream/models/generated/digit_dataset/crops/validation/2/real_live_surveillance_20260629T1003Z_live_surveillance_20260629T1003Z_capture_0532_co2_2_2.png,co2_2,2,8,66
validation,real_live_surveillance_20260629T1003Z_live_surveillance_20260629T1003Z_capture_0532_co2_3_8,/home/mpetrick/repos/esp32-fever-dream/models/generated/digit_dataset/crops/validation/8/real_live_surveillance_20260629T1003Z_live_surveillance_20260629T1003Z_capture_0532_co2_3_8.png,co2_3,8,6,95
validation,real_live_surveillance_20260629T1003Z_live_surveillance_20260629T1003Z_capture_0532_tvoc_3_0,/home/mpetrick/repos/esp32-fever-dream/models/generated/digit_dataset/crops/validation/0/real_live_surveillance_20260629T1003Z_live_surveillance_20260629T1003Z_capture_0532_tvoc_3_0.png,tvoc_3,0,6,30
test,real_live_surveillance_20260629T1003Z_live_surveillance_20260629T1003Z_capture_0541_hcho_3_8,/home/mpetrick/repos/esp32-fever-dream/models/generated/digit_dataset/crops/test/8/real_live_surveillance_20260629T1003Z_live_surveillance_20260629T1003Z_capture_0541_hcho_3_8.png,hcho_3,8,9,57
test,real_live_surveillance_20260629T1003Z_live_surveillance_20260629T1003Z_capture_0558_co2_2_9,/home/mpetrick/repos/esp32-fever-dream/models/generated/digit_dataset/crops/test/9/real_live_surveillance_20260629T1003Z_live_surveillance_20260629T1003Z_capture_0558_co2_2_9.png,co2_2,9,5,51
test,real_live_surveillance_20260629T1003Z_live_surveillance_20260629T1003Z_capture_0558_co2_3_6,/home/mpetrick/repos/esp32-fever-dream/models/generated/digit_dataset/crops/test/6/real_live_surveillance_20260629T1003Z_live_surveillance_20260629T1003Z_capture_0558_co2_3_6.png,co2_3,6,0,53
test,real_live_surveillance_20260629T1003Z_live_surveillance_20260629T1003Z_capture_0558_hcho_3_8,/home/mpetrick/repos/esp32-fever-dream/models/generated/digit_dataset/crops/test/8/real_live_surveillance_20260629T1003Z_live_surveillance_20260629T1003Z_capture_0558_hcho_3_8.png,hcho_3,8,5,48
validation,real_live_surveillance_20260629T1003Z_live_surveillance_20260629T1003Z_capture_0593_co2_2_2,/home/mpetrick/repos/esp32-fever-dream/models/generated/digit_dataset/crops/validation/2/real_live_surveillance_20260629T1003Z_live_surveillance_20260629T1003Z_capture_0593_co2_2_2.png,co2_2,2,8,67
test,real_live_surveillance_20260629T1003Z_live_surveillance_20260629T1003Z_capture_0602_co2_1_6,/home/mpetrick/repos/esp32-fever-dream/models/generated/digit_dataset/crops/test/6/real_live_surveillance_20260629T1003Z_live_surveillance_20260629T1003Z_capture_0602_co2_1_6.png,co2_1,6,8,81
validation,real_live_surveillance_20260629T1003Z_live_surveillance_20260629T1003Z_capture_0620_co2_2_7,/home/mpetrick/repos/esp32-fever-dream/models/generated/digit_dataset/crops/validation/7/real_live_surveillance_20260629T1003Z_live_surveillance_20260629T1003Z_capture_0620_co2_2_7.png,co2_2,7,1,95
test,real_live_surveillance_20260629T1003Z_live_surveillance_20260629T1003Z_capture_0622_co2_1_5,/home/mpetrick/repos/esp32-fever-dream/models/generated/digit_dataset/crops/test/5/real_live_surveillance_20260629T1003Z_live_surveillance_20260629T1003Z_capture_0622_co2_1_5.png,co2_1,5,9,82
test,real_live_surveillance_20260629T1003Z_live_surveillance_20260629T1003Z_capture_0622_co2_2_7,/home/mpetrick/repos/esp32-fever-dream/models/generated/digit_dataset/crops/test/7/real_live_surveillance_20260629T1003Z_live_surveillance_20260629T1003Z_capture_0622_co2_2_7.png,co2_2,7,1,67
test,real_live_surveillance_20260629T1003Z_live_surveillance_20260629T1003Z_capture_0622_co2_3_4,/home/mpetrick/repos/esp32-fever-dream/models/generated/digit_dataset/crops/test/4/real_live_surveillance_20260629T1003Z_live_surveillance_20260629T1003Z_capture_0622_co2_3_4.png,co2_3,4,7,73
test,real_live_surveillance_20260629T1003Z_live_surveillance_20260629T1003Z_capture_0622_hcho_3_7,/home/mpetrick/repos/esp32-fever-dream/models/generated/digit_dataset/crops/test/7/real_live_surveillance_20260629T1003Z_live_surveillance_20260629T1003Z_capture_0622_hcho_3_7.png,hcho_3,7,1,99
test,real_live_surveillance_20260629T1003Z_live_surveillance_20260629T1003Z_capture_0622_tvoc_2_1,/home/mpetrick/repos/esp32-fever-dream/models/generated/digit_dataset/crops/test/1/real_live_surveillance_20260629T1003Z_live_surveillance_20260629T1003Z_capture_0622_tvoc_2_1.png,tvoc_2,1,4,96
validation,real_live_surveillance_20260629T1003Z_live_surveillance_20260629T1003Z_capture_0628_co2_1_4,/home/mpetrick/repos/esp32-fever-dream/models/generated/digit_dataset/crops/validation/4/real_live_surveillance_20260629T1003Z_live_surveillance_20260629T1003Z_capture_0628_co2_1_4.png,co2_1,4,7,85
validation,real_live_surveillance_20260629T1003Z_live_surveillance_20260629T1003Z_capture_0628_co2_2_4,/home/mpetrick/repos/esp32-fever-dream/models/generated/digit_dataset/crops/validation/4/real_live_surveillance_20260629T1003Z_live_surveillance_20260629T1003Z_capture_0628_co2_2_4.png,co2_2,4,7,77
validation,real_live_surveillance_20260629T1003Z_live_surveillance_20260629T1003Z_capture_0628_co2_3_2,/home/mpetrick/repos/esp32-fever-dream/models/generated/digit_dataset/crops/validation/2/real_live_surveillance_20260629T1003Z_live_surveillance_20260629T1003Z_capture_0628_co2_3_2.png,co2_3,2,8,69
validation,real_live_surveillance_20260629T1003Z_live_surveillance_20260629T1003Z_capture_0634_co2_3_1,/home/mpetrick/repos/esp32-fever-dream/models/generated/digit_dataset/crops/validation/1/real_live_surveillance_20260629T1003Z_live_surveillance_20260629T1003Z_capture_0634_co2_3_1.png,co2_3,1,4,78
test,real_live_surveillance_20260629T1003Z_live_surveillance_20260629T1003Z_capture_0637_co2_3_2,/home/mpetrick/repos/esp32-fever-dream/models/generated/digit_dataset/crops/test/2/real_live_surveillance_20260629T1003Z_live_surveillance_20260629T1003Z_capture_0637_co2_3_2.png,co2_3,2,8,91
validation,real_live_surveillance_20260629T1003Z_live_surveillance_20260629T1003Z_capture_0642_co2_3_2,/home/mpetrick/repos/esp32-fever-dream/models/generated/digit_dataset/crops/validation/2/real_live_surveillance_20260629T1003Z_live_surveillance_20260629T1003Z_capture_0642_co2_3_2.png,co2_3,2,8,93
validation,real_live_surveillance_20260629T1003Z_live_surveillance_20260629T1003Z_capture_0654_co2_1_4,/home/mpetrick/repos/esp32-fever-dream/models/generated/digit_dataset/crops/validation/4/real_live_surveillance_20260629T1003Z_live_surveillance_20260629T1003Z_capture_0654_co2_1_4.png,co2_1,4,7,87
validation,real_live_surveillance_20260629T1003Z_live_surveillance_20260629T1003Z_capture_0654_co2_2_4,/home/mpetrick/repos/esp32-fever-dream/models/generated/digit_dataset/crops/validation/4/real_live_surveillance_20260629T1003Z_live_surveillance_20260629T1003Z_capture_0654_co2_2_4.png,co2_2,4,7,81
validation,real_live_surveillance_20260629T1003Z_live_surveillance_20260629T1003Z_capture_0654_co2_3_4,/home/mpetrick/repos/esp32-fever-dream/models/generated/digit_dataset/crops/validation/4/real_live_surveillance_20260629T1003Z_live_surveillance_20260629T1003Z_capture_0654_co2_3_4.png,co2_3,4,7,69
validation,real_live_surveillance_20260629T1003Z_live_surveillance_20260629T1003Z_capture_0654_hcho_3_3,/home/mpetrick/repos/esp32-fever-dream/models/generated/digit_dataset/crops/validation/3/real_live_surveillance_20260629T1003Z_live_surveillance_20260629T1003Z_capture_0654_hcho_3_3.png,hcho_3,3,9,73
validation,real_live_surveillance_20260629T1003Z_live_surveillance_20260629T1003Z_capture_0654_tvoc_2_3,/home/mpetrick/repos/esp32-fever-dream/models/generated/digit_dataset/crops/validation/3/real_live_surveillance_20260629T1003Z_live_surveillance_20260629T1003Z_capture_0654_tvoc_2_3.png,tvoc_2,3,4,97
validation,real_live_surveillance_20260629T1003Z_live_surveillance_20260629T1003Z_capture_0654_tvoc_3_6,/home/mpetrick/repos/esp32-fever-dream/models/generated/digit_dataset/crops/validation/6/real_live_surveillance_20260629T1003Z_live_surveillance_20260629T1003Z_capture_0654_tvoc_3_6.png,tvoc_3,6,2,100
test,real_live_surveillance_20260629T1003Z_live_surveillance_20260629T1003Z_capture_0658_co2_3_1,/home/mpetrick/repos/esp32-fever-dream/models/generated/digit_dataset/crops/test/1/real_live_surveillance_20260629T1003Z_live_surveillance_20260629T1003Z_capture_0658_co2_3_1.png,co2_3,1,4,78
validation,real_live_surveillance_20260629T1003Z_live_surveillance_20260629T1003Z_capture_0664_co2_2_6,/home/mpetrick/repos/esp32-fever-dream/models/generated/digit_dataset/crops/validation/6/real_live_surveillance_20260629T1003Z_live_surveillance_20260629T1003Z_capture_0664_co2_2_6.png,co2_2,6,8,90
validation,real_live_surveillance_20260629T1003Z_live_surveillance_20260629T1003Z_capture_0664_co2_3_4,/home/mpetrick/repos/esp32-fever-dream/models/generated/digit_dataset/crops/validation/4/real_live_surveillance_20260629T1003Z_live_surveillance_20260629T1003Z_capture_0664_co2_3_4.png,co2_3,4,1,95
validation,real_live_surveillance_20260629T1003Z_live_surveillance_20260629T1003Z_capture_0664_hcho_2_0,/home/mpetrick/repos/esp32-fever-dream/models/generated/digit_dataset/crops/validation/0/real_live_surveillance_20260629T1003Z_live_surveillance_20260629T1003Z_capture_0664_hcho_2_0.png,hcho_2,0,1,99
validation,real_live_surveillance_20260629T1003Z_live_surveillance_20260629T1003Z_capture_0664_hcho_3_8,/home/mpetrick/repos/esp32-fever-dream/models/generated/digit_dataset/crops/validation/8/real_live_surveillance_20260629T1003Z_live_surveillance_20260629T1003Z_capture_0664_hcho_3_8.png,hcho_3,8,6,75
test,real_live_surveillance_20260629T1003Z_live_surveillance_20260629T1003Z_capture_0667_hcho_2_0,/home/mpetrick/repos/esp32-fever-dream/models/generated/digit_dataset/crops/test/0/real_live_surveillance_20260629T1003Z_live_surveillance_20260629T1003Z_capture_0667_hcho_2_0.png,hcho_2,0,1,98
test,real_live_surveillance_20260629T1003Z_live_surveillance_20260629T1003Z_capture_0667_tvoc_2_1,/home/mpetrick/repos/esp32-fever-dream/models/generated/digit_dataset/crops/test/1/real_live_surveillance_20260629T1003Z_live_surveillance_20260629T1003Z_capture_0667_tvoc_2_1.png,tvoc_2,1,4,79
validation,real_live_surveillance_20260629T1003Z_live_surveillance_20260629T1003Z_capture_0672_co2_2_0,/home/mpetrick/repos/esp32-fever-dream/models/generated/digit_dataset/crops/validation/0/real_live_surveillance_20260629T1003Z_live_surveillance_20260629T1003Z_capture_0672_co2_2_0.png,co2_2,0,8,59
validation,real_live_surveillance_20260629T1003Z_live_surveillance_20260629T1003Z_capture_0672_co2_3_8,/home/mpetrick/repos/esp32-fever-dream/models/generated/digit_dataset/crops/validation/8/real_live_surveillance_20260629T1003Z_live_surveillance_20260629T1003Z_capture_0672_co2_3_8.png,co2_3,8,6,52
validation,real_live_surveillance_20260629T1003Z_live_surveillance_20260629T1003Z_capture_0681_co2_2_2,/home/mpetrick/repos/esp32-fever-dream/models/generated/digit_dataset/crops/validation/2/real_live_surveillance_20260629T1003Z_live_surveillance_20260629T1003Z_capture_0681_co2_2_2.png,co2_2,2,8,54
validation,real_live_surveillance_20260629T1003Z_live_surveillance_20260629T1003Z_capture_0681_co2_3_5,/home/mpetrick/repos/esp32-fever-dream/models/generated/digit_dataset/crops/validation/5/real_live_surveillance_20260629T1003Z_live_surveillance_20260629T1003Z_capture_0681_co2_3_5.png,co2_3,5,9,75
test,real_live_surveillance_20260629T1003Z_live_surveillance_20260629T1003Z_capture_0683_hcho_2_0,/home/mpetrick/repos/esp32-fever-dream/models/generated/digit_dataset/crops/test/0/real_live_surveillance_20260629T1003Z_live_surveillance_20260629T1003Z_capture_0683_hcho_2_0.png,hcho_2,0,1,98
validation,real_live_surveillance_20260629T1003Z_live_surveillance_20260629T1003Z_capture_0688_co2_2_7,/home/mpetrick/repos/esp32-fever-dream/models/generated/digit_dataset/crops/validation/7/real_live_surveillance_20260629T1003Z_live_surveillance_20260629T1003Z_capture_0688_co2_2_7.png,co2_2,7,1,94
test,real_live_surveillance_20260629T1003Z_live_surveillance_20260629T1003Z_capture_0691_co2_1_5,/home/mpetrick/repos/esp32-fever-dream/models/generated/digit_dataset/crops/test/5/real_live_surveillance_20260629T1003Z_live_surveillance_20260629T1003Z_capture_0691_co2_1_5.png,co2_1,5,9,88
test,real_live_surveillance_20260629T1003Z_live_surveillance_20260629T1003Z_capture_0691_co2_2_7,/home/mpetrick/repos/esp32-fever-dream/models/generated/digit_dataset/crops/test/7/real_live_surveillance_20260629T1003Z_live_surveillance_20260629T1003Z_capture_0691_co2_2_7.png,co2_2,7,1,60
test,real_live_surveillance_20260629T1003Z_live_surveillance_20260629T1003Z_capture_0691_co2_3_4,/home/mpetrick/repos/esp32-fever-dream/models/generated/digit_dataset/crops/test/4/real_live_surveillance_20260629T1003Z_live_surveillance_20260629T1003Z_capture_0691_co2_3_4.png,co2_3,4,7,70
test,real_live_surveillance_20260629T1003Z_live_surveillance_20260629T1003Z_capture_0691_hcho_3_7,/home/mpetrick/repos/esp32-fever-dream/models/generated/digit_dataset/crops/test/7/real_live_surveillance_20260629T1003Z_live_surveillance_20260629T1003Z_capture_0691_hcho_3_7.png,hcho_3,7,1,98
validation,real_live_surveillance_20260629T1003Z_live_surveillance_20260629T1003Z_capture_0702_co2_1_6,/home/mpetrick/repos/esp32-fever-dream/models/generated/digit_dataset/crops/validation/6/real_live_surveillance_20260629T1003Z_live_surveillance_20260629T1003Z_capture_0702_co2_1_6.png,co2_1,6,8,88
validation,real_live_surveillance_20260629T1003Z_live_surveillance_20260629T1003Z_capture_0708_co2_2_2,/home/mpetrick/repos/esp32-fever-dream/models/generated/digit_dataset/crops/validation/2/real_live_surveillance_20260629T1003Z_live_surveillance_20260629T1003Z_capture_0708_co2_2_2.png,co2_2,2,8,57
test,real_live_surveillance_20260629T1003Z_live_surveillance_20260629T1003Z_capture_0711_co2_2_2,/home/mpetrick/repos/esp32-fever-dream/models/generated/digit_dataset/crops/test/2/real_live_surveillance_20260629T1003Z_live_surveillance_20260629T1003Z_capture_0711_co2_2_2.png,co2_2,2,8,42
test,real_live_surveillance_20260629T1003Z_live_surveillance_20260629T1003Z_capture_0717_co2_2_7,/home/mpetrick/repos/esp32-fever-dream/models/generated/digit_dataset/crops/test/7/real_live_surveillance_20260629T1003Z_live_surveillance_20260629T1003Z_capture_0717_co2_2_7.png,co2_2,7,1,92
validation,real_live_surveillance_20260629T1003Z_live_surveillance_20260629T1003Z_capture_0723_co2_2_6,/home/mpetrick/repos/esp32-fever-dream/models/generated/digit_dataset/crops/validation/6/real_live_surveillance_20260629T1003Z_live_surveillance_20260629T1003Z_capture_0723_co2_2_6.png,co2_2,6,8,41
validation,real_live_surveillance_20260629T1003Z_live_surveillance_20260629T1003Z_capture_0723_co2_3_9,/home/mpetrick/repos/esp32-fever-dream/models/generated/digit_dataset/crops/validation/9/real_live_surveillance_20260629T1003Z_live_surveillance_20260629T1003Z_capture_0723_co2_3_9.png,co2_3,9,3,68
validation,real_live_surveillance_20260629T1003Z_live_surveillance_20260629T1003Z_capture_0723_hcho_2_0,/home/mpetrick/repos/esp32-fever-dream/models/generated/digit_dataset/crops/validation/0/real_live_surveillance_20260629T1003Z_live_surveillance_20260629T1003Z_capture_0723_hcho_2_0.png,hcho_2,0,1,98
validation,real_live_surveillance_20260629T1003Z_live_surveillance_20260629T1003Z_capture_0723_hcho_3_5,/home/mpetrick/repos/esp32-fever-dream/models/generated/digit_dataset/crops/validation/5/real_live_surveillance_20260629T1003Z_live_surveillance_20260629T1003Z_capture_0723_hcho_3_5.png,hcho_3,5,9,33
test,real_live_surveillance_20260629T1003Z_live_surveillance_20260629T1003Z_capture_0726_hcho_2_0,/home/mpetrick/repos/esp32-fever-dream/models/generated/digit_dataset/crops/test/0/real_live_surveillance_20260629T1003Z_live_surveillance_20260629T1003Z_capture_0726_hcho_2_0.png,hcho_2,0,1,99
validation,real_live_surveillance_20260629T1003Z_live_surveillance_20260629T1003Z_capture_0731_humidity_1_0,/home/mpetrick/repos/esp32-fever-dream/models/generated/digit_dataset/crops/validation/0/real_live_surveillance_20260629T1003Z_live_surveillance_20260629T1003Z_capture_0731_humidity_1_0.png,humidity_1,0,9,87
test,real_live_surveillance_20260629T1003Z_live_surveillance_20260629T1003Z_capture_0734_tvoc_2_3,/home/mpetrick/repos/esp32-fever-dream/models/generated/digit_dataset/crops/test/3/real_live_surveillance_20260629T1003Z_live_surveillance_20260629T1003Z_capture_0734_tvoc_2_3.png,tvoc_2,3,4,71
test,real_live_surveillance_20260629T1003Z_live_surveillance_20260629T1003Z_capture_0734_humidity_1_0,/home/mpetrick/repos/esp32-fever-dream/models/generated/digit_dataset/crops/test/0/real_live_surveillance_20260629T1003Z_live_surveillance_20260629T1003Z_capture_0734_humidity_1_0.png,humidity_1,0,9,87
validation,real_live_surveillance_20260629T1003Z_live_surveillance_20260629T1003Z_capture_0739_co2_2_7,/home/mpetrick/repos/esp32-fever-dream/models/generated/digit_dataset/crops/validation/7/real_live_surveillance_20260629T1003Z_live_surveillance_20260629T1003Z_capture_0739_co2_2_7.png,co2_2,7,4,90
validation,real_live_surveillance_20260629T1003Z_live_surveillance_20260629T1003Z_capture_0739_co2_3_5,/home/mpetrick/repos/esp32-fever-dream/models/generated/digit_dataset/crops/validation/5/real_live_surveillance_20260629T1003Z_live_surveillance_20260629T1003Z_capture_0739_co2_3_5.png,co2_3,5,9,57
validation,real_live_surveillance_20260629T1003Z_live_surveillance_20260629T1003Z_capture_0739_tvoc_2_1,/home/mpetrick/repos/esp32-fever-dream/models/generated/digit_dataset/crops/validation/1/real_live_surveillance_20260629T1003Z_live_surveillance_20260629T1003Z_capture_0739_tvoc_2_1.png,tvoc_2,1,4,74
validation,real_live_surveillance_20260629T1003Z_live_surveillance_20260629T1003Z_capture_0739_humidity_1_0,/home/mpetrick/repos/esp32-fever-dream/models/generated/digit_dataset/crops/validation/0/real_live_surveillance_20260629T1003Z_live_surveillance_20260629T1003Z_capture_0739_humidity_1_0.png,humidity_1,0,9,86
test,real_live_surveillance_20260629T1003Z_live_surveillance_20260629T1003Z_capture_0741_humidity_1_0,/home/mpetrick/repos/esp32-fever-dream/models/generated/digit_dataset/crops/test/0/real_live_surveillance_20260629T1003Z_live_surveillance_20260629T1003Z_capture_0741_humidity_1_0.png,humidity_1,0,9,88
validation,real_live_surveillance_20260629T1003Z_live_surveillance_20260629T1003Z_capture_0747_humidity_1_0,/home/mpetrick/repos/esp32-fever-dream/models/generated/digit_dataset/crops/validation/0/real_live_surveillance_20260629T1003Z_live_surveillance_20260629T1003Z_capture_0747_humidity_1_0.png,humidity_1,0,9,90
test,real_live_surveillance_20260629T1003Z_live_surveillance_20260629T1003Z_capture_0749_hcho_3_1,/home/mpetrick/repos/esp32-fever-dream/models/generated/digit_dataset/crops/test/1/real_live_surveillance_20260629T1003Z_live_surveillance_20260629T1003Z_capture_0749_hcho_3_1.png,hcho_3,1,7,65
test,real_live_surveillance_20260629T1003Z_live_surveillance_20260629T1003Z_capture_0749_humidity_1_0,/home/mpetrick/repos/esp32-fever-dream/models/generated/digit_dataset/crops/test/0/real_live_surveillance_20260629T1003Z_live_surveillance_20260629T1003Z_capture_0749_humidity_1_0.png,humidity_1,0,9,81
validation,real_live_surveillance_20260629T1003Z_live_surveillance_20260629T1003Z_capture_0754_hcho_2_0,/home/mpetrick/repos/esp32-fever-dream/models/generated/digit_dataset/crops/validation/0/real_live_surveillance_20260629T1003Z_live_surveillance_20260629T1003Z_capture_0754_hcho_2_0.png,hcho_2,0,1,98
test,real_live_surveillance_20260629T1003Z_live_surveillance_20260629T1003Z_capture_0757_hcho_2_0,/home/mpetrick/repos/esp32-fever-dream/models/generated/digit_dataset/crops/test/0/real_live_surveillance_20260629T1003Z_live_surveillance_20260629T1003Z_capture_0757_hcho_2_0.png,hcho_2,0,1,98
test,real_live_surveillance_20260629T1003Z_live_surveillance_20260629T1003Z_capture_0757_hcho_3_5,/home/mpetrick/repos/esp32-fever-dream/models/generated/digit_dataset/crops/test/5/real_live_surveillance_20260629T1003Z_live_surveillance_20260629T1003Z_capture_0757_hcho_3_5.png,hcho_3,5,9,34
validation,real_live_surveillance_20260629T1003Z_live_surveillance_20260629T1003Z_capture_0770_co2_1_5,/home/mpetrick/repos/esp32-fever-dream/models/generated/digit_dataset/crops/validation/5/real_live_surveillance_20260629T1003Z_live_surveillance_20260629T1003Z_capture_0770_co2_1_5.png,co2_1,5,9,88
validation,real_live_surveillance_20260629T1003Z_live_surveillance_20260629T1003Z_capture_0770_hcho_2_0,/home/mpetrick/repos/esp32-fever-dream/models/generated/digit_dataset/crops/validation/0/real_live_surveillance_20260629T1003Z_live_surveillance_20260629T1003Z_capture_0770_hcho_2_0.png,hcho_2,0,1,57
validation,real_live_surveillance_20260629T1003Z_live_surveillance_20260629T1003Z_capture_0770_hcho_3_8,/home/mpetrick/repos/esp32-fever-dream/models/generated/digit_dataset/crops/validation/8/real_live_surveillance_20260629T1003Z_live_surveillance_20260629T1003Z_capture_0770_hcho_3_8.png,hcho_3,8,2,43
test,real_live_surveillance_20260629T1003Z_live_surveillance_20260629T1003Z_capture_0773_co2_3_0,/home/mpetrick/repos/esp32-fever-dream/models/generated/digit_dataset/crops/test/0/real_live_surveillance_20260629T1003Z_live_surveillance_20260629T1003Z_capture_0773_co2_3_0.png,co2_3,0,6,59
validation,real_live_surveillance_20260629T1003Z_live_surveillance_20260629T1003Z_capture_0778_co2_2_6,/home/mpetrick/repos/esp32-fever-dream/models/generated/digit_dataset/crops/validation/6/real_live_surveillance_20260629T1003Z_live_surveillance_20260629T1003Z_capture_0778_co2_2_6.png,co2_2,6,8,52
validation,real_live_surveillance_20260629T1003Z_live_surveillance_20260629T1003Z_capture_0778_co2_3_9,/home/mpetrick/repos/esp32-fever-dream/models/generated/digit_dataset/crops/validation/9/real_live_surveillance_20260629T1003Z_live_surveillance_20260629T1003Z_capture_0778_co2_3_9.png,co2_3,9,3,72
validation,real_live_surveillance_20260629T1003Z_live_surveillance_20260629T1003Z_capture_0778_hcho_2_0,/home/mpetrick/repos/esp32-fever-dream/models/generated/digit_dataset/crops/validation/0/real_live_surveillance_20260629T1003Z_live_surveillance_20260629T1003Z_capture_0778_hcho_2_0.png,hcho_2,0,1,98
validation,real_live_surveillance_20260629T1003Z_live_surveillance_20260629T1003Z_capture_0778_tvoc_2_1,/home/mpetrick/repos/esp32-fever-dream/models/generated/digit_dataset/crops/validation/1/real_live_surveillance_20260629T1003Z_live_surveillance_20260629T1003Z_capture_0778_tvoc_2_1.png,tvoc_2,1,4,70
test,real_live_surveillance_20260629T1003Z_live_surveillance_20260629T1003Z_capture_0783_co2_2_7,/home/mpetrick/repos/esp32-fever-dream/models/generated/digit_dataset/crops/test/7/real_live_surveillance_20260629T1003Z_live_surveillance_20260629T1003Z_capture_0783_co2_2_7.png,co2_2,7,1,95
test,real_live_surveillance_20260629T1003Z_live_surveillance_20260629T1003Z_capture_0783_hcho_2_0,/home/mpetrick/repos/esp32-fever-dream/models/generated/digit_dataset/crops/test/0/real_live_surveillance_20260629T1003Z_live_surveillance_20260629T1003Z_capture_0783_hcho_2_0.png,hcho_2,0,1,98
test,real_live_surveillance_20260629T1003Z_live_surveillance_20260629T1003Z_capture_0783_hcho_3_8,/home/mpetrick/repos/esp32-fever-dream/models/generated/digit_dataset/crops/test/8/real_live_surveillance_20260629T1003Z_live_surveillance_20260629T1003Z_capture_0783_hcho_3_8.png,hcho_3,8,6,67
validation,real_live_surveillance_20260629T1003Z_live_surveillance_20260629T1003Z_capture_0801_co2_1_6,/home/mpetrick/repos/esp32-fever-dream/models/generated/digit_dataset/crops/validation/6/real_live_surveillance_20260629T1003Z_live_surveillance_20260629T1003Z_capture_0801_co2_1_6.png,co2_1,6,8,93
test,real_live_surveillance_20260629T1003Z_live_surveillance_20260629T1003Z_capture_0804_co2_1_6,/home/mpetrick/repos/esp32-fever-dream/models/generated/digit_dataset/crops/test/6/real_live_surveillance_20260629T1003Z_live_surveillance_20260629T1003Z_capture_0804_co2_1_6.png,co2_1,6,8,92
test,real_live_surveillance_20260629T1003Z_live_surveillance_20260629T1003Z_capture_0817_co2_2_2,/home/mpetrick/repos/esp32-fever-dream/models/generated/digit_dataset/crops/test/2/real_live_surveillance_20260629T1003Z_live_surveillance_20260629T1003Z_capture_0817_co2_2_2.png,co2_2,2,0,40
validation,real_live_surveillance_20260629T1003Z_live_surveillance_20260629T1003Z_capture_0826_co2_2_9,/home/mpetrick/repos/esp32-fever-dream/models/generated/digit_dataset/crops/validation/9/real_live_surveillance_20260629T1003Z_live_surveillance_20260629T1003Z_capture_0826_co2_2_9.png,co2_2,9,3,60
validation,real_live_surveillance_20260629T1003Z_live_surveillance_20260629T1003Z_capture_0826_co2_3_5,/home/mpetrick/repos/esp32-fever-dream/models/generated/digit_dataset/crops/validation/5/real_live_surveillance_20260629T1003Z_live_surveillance_20260629T1003Z_capture_0826_co2_3_5.png,co2_3,5,3,65
validation,real_live_surveillance_20260629T1003Z_live_surveillance_20260629T1003Z_capture_0826_tvoc_2_3,/home/mpetrick/repos/esp32-fever-dream/models/generated/digit_dataset/crops/validation/3/real_live_surveillance_20260629T1003Z_live_surveillance_20260629T1003Z_capture_0826_tvoc_2_3.png,tvoc_2,3,6,87
test,real_live_surveillance_20260629T1003Z_live_surveillance_20260629T1003Z_capture_0832_co2_2_0,/home/mpetrick/repos/esp32-fever-dream/models/generated/digit_dataset/crops/test/0/real_live_surveillance_20260629T1003Z_live_surveillance_20260629T1003Z_capture_0832_co2_2_0.png,co2_2,0,8,52
test,real_live_surveillance_20260629T1003Z_live_surveillance_20260629T1003Z_capture_0832_co2_3_6,/home/mpetrick/repos/esp32-fever-dream/models/generated/digit_dataset/crops/test/6/real_live_surveillance_20260629T1003Z_live_surveillance_20260629T1003Z_capture_0832_co2_3_6.png,co2_3,6,0,67
validation,real_live_surveillance_20260629T1003Z_live_surveillance_20260629T1003Z_capture_0840_co2_2_0,/home/mpetrick/repos/esp32-fever-dream/models/generated/digit_dataset/crops/validation/0/real_live_surveillance_20260629T1003Z_live_surveillance_20260629T1003Z_capture_0840_co2_2_0.png,co2_2,0,8,55
validation,real_live_surveillance_20260629T1003Z_live_surveillance_20260629T1003Z_capture_0840_co2_3_6,/home/mpetrick/repos/esp32-fever-dream/models/generated/digit_dataset/crops/validation/6/real_live_surveillance_20260629T1003Z_live_surveillance_20260629T1003Z_capture_0840_co2_3_6.png,co2_3,6,0,65
validation,real_live_surveillance_20260629T1003Z_live_surveillance_20260629T1003Z_capture_0840_hcho_2_0,/home/mpetrick/repos/esp32-fever-dream/models/generated/digit_dataset/crops/validation/0/real_live_surveillance_20260629T1003Z_live_surveillance_20260629T1003Z_capture_0840_hcho_2_0.png,hcho_2,0,4,96
validation,real_live_surveillance_20260629T1003Z_live_surveillance_20260629T1003Z_capture_0840_hcho_3_0,/home/mpetrick/repos/esp32-fever-dream/models/generated/digit_dataset/crops/validation/0/real_live_surveillance_20260629T1003Z_live_surveillance_20260629T1003Z_capture_0840_hcho_3_0.png,hcho_3,0,1,99
test,real_live_surveillance_20260629T1003Z_live_surveillance_20260629T1003Z_capture_0842_co2_2_0,/home/mpetrick/repos/esp32-fever-dream/models/generated/digit_dataset/crops/test/0/real_live_surveillance_20260629T1003Z_live_surveillance_20260629T1003Z_capture_0842_co2_2_0.png,co2_2,0,8,54
test,real_live_surveillance_20260629T1003Z_live_surveillance_20260629T1003Z_capture_0842_co2_3_6,/home/mpetrick/repos/esp32-fever-dream/models/generated/digit_dataset/crops/test/6/real_live_surveillance_20260629T1003Z_live_surveillance_20260629T1003Z_capture_0842_co2_3_6.png,co2_3,6,0,65
test,real_live_surveillance_20260629T1003Z_live_surveillance_20260629T1003Z_capture_0842_hcho_2_0,/home/mpetrick/repos/esp32-fever-dream/models/generated/digit_dataset/crops/test/0/real_live_surveillance_20260629T1003Z_live_surveillance_20260629T1003Z_capture_0842_hcho_2_0.png,hcho_2,0,4,96
test,real_live_surveillance_20260629T1003Z_live_surveillance_20260629T1003Z_capture_0842_hcho_3_0,/home/mpetrick/repos/esp32-fever-dream/models/generated/digit_dataset/crops/test/0/real_live_surveillance_20260629T1003Z_live_surveillance_20260629T1003Z_capture_0842_hcho_3_0.png,hcho_3,0,1,99
validation,real_live_surveillance_20260629T1003Z_live_surveillance_20260629T1003Z_capture_0856_co2_2_0,/home/mpetrick/repos/esp32-fever-dream/models/generated/digit_dataset/crops/validation/0/real_live_surveillance_20260629T1003Z_live_surveillance_20260629T1003Z_capture_0856_co2_2_0.png,co2_2,0,8,52
validation,real_live_surveillance_20260629T1003Z_live_surveillance_20260629T1003Z_capture_0856_co2_3_6,/home/mpetrick/repos/esp32-fever-dream/models/generated/digit_dataset/crops/validation/6/real_live_surveillance_20260629T1003Z_live_surveillance_20260629T1003Z_capture_0856_co2_3_6.png,co2_3,6,0,70
validation,real_live_surveillance_20260629T1003Z_live_surveillance_20260629T1003Z_capture_0856_hcho_2_0,/home/mpetrick/repos/esp32-fever-dream/models/generated/digit_dataset/crops/validation/0/real_live_surveillance_20260629T1003Z_live_surveillance_20260629T1003Z_capture_0856_hcho_2_0.png,hcho_2,0,4,94
validation,real_live_surveillance_20260629T1003Z_live_surveillance_20260629T1003Z_capture_0856_hcho_3_0,/home/mpetrick/repos/esp32-fever-dream/models/generated/digit_dataset/crops/validation/0/real_live_surveillance_20260629T1003Z_live_surveillance_20260629T1003Z_capture_0856_hcho_3_0.png,hcho_3,0,1,99
test,real_live_surveillance_20260629T1003Z_live_surveillance_20260629T1003Z_capture_0863_co2_2_0,/home/mpetrick/repos/esp32-fever-dream/models/generated/digit_dataset/crops/test/0/real_live_surveillance_20260629T1003Z_live_surveillance_20260629T1003Z_capture_0863_co2_2_0.png,co2_2,0,8,88
test,real_live_surveillance_20260629T1003Z_live_surveillance_20260629T1003Z_capture_0863_hcho_2_1,/home/mpetrick/repos/esp32-fever-dream/models/generated/digit_dataset/crops/test/1/real_live_surveillance_20260629T1003Z_live_surveillance_20260629T1003Z_capture_0863_hcho_2_1.png,hcho_2,1,4,83
test,real_live_surveillance_20260629T1003Z_live_surveillance_20260629T1003Z_capture_0863_hcho_3_4,/home/mpetrick/repos/esp32-fever-dream/models/generated/digit_dataset/crops/test/4/real_live_surveillance_20260629T1003Z_live_surveillance_20260629T1003Z_capture_0863_hcho_3_4.png,hcho_3,4,1,82
validation,real_live_surveillance_20260629T1003Z_live_surveillance_20260629T1003Z_capture_0876_co2_3_0,/home/mpetrick/repos/esp32-fever-dream/models/generated/digit_dataset/crops/validation/0/real_live_surveillance_20260629T1003Z_live_surveillance_20260629T1003Z_capture_0876_co2_3_0.png,co2_3,0,6,69
test,real_live_surveillance_20260629T1003Z_live_surveillance_20260629T1003Z_capture_0879_co2_3_0,/home/mpetrick/repos/esp32-fever-dream/models/generated/digit_dataset/crops/test/0/real_live_surveillance_20260629T1003Z_live_surveillance_20260629T1003Z_capture_0879_co2_3_0.png,co2_3,0,6,67
validation,real_live_surveillance_20260629T1003Z_live_surveillance_20260629T1003Z_capture_0883_hcho_3_8,/home/mpetrick/repos/esp32-fever-dream/models/generated/digit_dataset/crops/validation/8/real_live_surveillance_20260629T1003Z_live_surveillance_20260629T1003Z_capture_0883_hcho_3_8.png,hcho_3,8,9,89
test,real_live_surveillance_20260629T1003Z_live_surveillance_20260629T1003Z_capture_0885_co2_3_0,/home/mpetrick/repos/esp32-fever-dream/models/generated/digit_dataset/crops/test/0/real_live_surveillance_20260629T1003Z_live_surveillance_20260629T1003Z_capture_0885_co2_3_0.png,co2_3,0,6,70
test,real_live_surveillance_20260629T1003Z_live_surveillance_20260629T1003Z_capture_0885_hcho_3_8,/home/mpetrick/repos/esp32-fever-dream/models/generated/digit_dataset/crops/test/8/real_live_surveillance_20260629T1003Z_live_surveillance_20260629T1003Z_capture_0885_hcho_3_8.png,hcho_3,8,9,51
test,real_live_surveillance_20260629T1003Z_live_surveillance_20260629T1003Z_capture_0892_co2_3_0,/home/mpetrick/repos/esp32-fever-dream/models/generated/digit_dataset/crops/test/0/real_live_surveillance_20260629T1003Z_live_surveillance_20260629T1003Z_capture_0892_co2_3_0.png,co2_3,0,6,65
validation,real_live_surveillance_20260629T1003Z_live_surveillance_20260629T1003Z_capture_0897_co2_2_6,/home/mpetrick/repos/esp32-fever-dream/models/generated/digit_dataset/crops/validation/6/real_live_surveillance_20260629T1003Z_live_surveillance_20260629T1003Z_capture_0897_co2_2_6.png,co2_2,6,8,90
validation,real_live_surveillance_20260629T1003Z_live_surveillance_20260629T1003Z_capture_0897_co2_3_7,/home/mpetrick/repos/esp32-fever-dream/models/generated/digit_dataset/crops/validation/7/real_live_surveillance_20260629T1003Z_live_surveillance_20260629T1003Z_capture_0897_co2_3_7.png,co2_3,7,1,93
validation,real_live_surveillance_20260629T1003Z_live_surveillance_20260629T1003Z_capture_0897_tvoc_2_4,/home/mpetrick/repos/esp32-fever-dream/models/generated/digit_dataset/crops/validation/4/real_live_surveillance_20260629T1003Z_live_surveillance_20260629T1003Z_capture_0897_tvoc_2_4.png,tvoc_2,4,1,47
test,real_live_surveillance_20260629T1003Z_live_surveillance_20260629T1003Z_capture_0902_co2_2_7,/home/mpetrick/repos/esp32-fever-dream/models/generated/digit_dataset/crops/test/7/real_live_surveillance_20260629T1003Z_live_surveillance_20260629T1003Z_capture_0902_co2_2_7.png,co2_2,7,4,83
test,real_live_surveillance_20260629T1003Z_live_surveillance_20260629T1003Z_capture_0902_co2_3_2,/home/mpetrick/repos/esp32-fever-dream/models/generated/digit_dataset/crops/test/2/real_live_surveillance_20260629T1003Z_live_surveillance_20260629T1003Z_capture_0902_co2_3_2.png,co2_3,2,8,94
test,real_live_surveillance_20260629T1003Z_live_surveillance_20260629T1003Z_capture_0902_tvoc_2_1,/home/mpetrick/repos/esp32-fever-dream/models/generated/digit_dataset/crops/test/1/real_live_surveillance_20260629T1003Z_live_surveillance_20260629T1003Z_capture_0902_tvoc_2_1.png,tvoc_2,1,4,49
test,real_live_surveillance_20260629T1003Z_live_surveillance_20260629T1003Z_capture_0902_tvoc_3_8,/home/mpetrick/repos/esp32-fever-dream/models/generated/digit_dataset/crops/test/8/real_live_surveillance_20260629T1003Z_live_surveillance_20260629T1003Z_capture_0902_tvoc_3_8.png,tvoc_3,8,6,69
validation,real_live_surveillance_20260629T1003Z_live_surveillance_20260629T1003Z_capture_0907_hcho_3_8,/home/mpetrick/repos/esp32-fever-dream/models/generated/digit_dataset/crops/validation/8/real_live_surveillance_20260629T1003Z_live_surveillance_20260629T1003Z_capture_0907_hcho_3_8.png,hcho_3,8,9,87
test,real_live_surveillance_20260629T1003Z_live_surveillance_20260629T1003Z_capture_0909_co2_3_0,/home/mpetrick/repos/esp32-fever-dream/models/generated/digit_dataset/crops/test/0/real_live_surveillance_20260629T1003Z_live_surveillance_20260629T1003Z_capture_0909_co2_3_0.png,co2_3,0,6,70
test,real_live_surveillance_20260629T1003Z_live_surveillance_20260629T1003Z_capture_0909_hcho_3_8,/home/mpetrick/repos/esp32-fever-dream/models/generated/digit_dataset/crops/test/8/real_live_surveillance_20260629T1003Z_live_surveillance_20260629T1003Z_capture_0909_hcho_3_8.png,hcho_3,8,9,54
validation,real_live_surveillance_20260629T1003Z_live_surveillance_20260629T1003Z_capture_0914_co2_3_0,/home/mpetrick/repos/esp32-fever-dream/models/generated/digit_dataset/crops/validation/0/real_live_surveillance_20260629T1003Z_live_surveillance_20260629T1003Z_capture_0914_co2_3_0.png,co2_3,0,6,62
validation,real_live_surveillance_20260629T1003Z_live_surveillance_20260629T1003Z_capture_0914_hcho_3_8,/home/mpetrick/repos/esp32-fever-dream/models/generated/digit_dataset/crops/validation/8/real_live_surveillance_20260629T1003Z_live_surveillance_20260629T1003Z_capture_0914_hcho_3_8.png,hcho_3,8,9,49
validation,real_live_surveillance_20260629T1003Z_live_surveillance_20260629T1003Z_capture_0928_co2_2_7,/home/mpetrick/repos/esp32-fever-dream/models/generated/digit_dataset/crops/validation/7/real_live_surveillance_20260629T1003Z_live_surveillance_20260629T1003Z_capture_0928_co2_2_7.png,co2_2,7,4,83
validation,real_live_surveillance_20260629T1003Z_live_surveillance_20260629T1003Z_capture_0928_co2_3_2,/home/mpetrick/repos/esp32-fever-dream/models/generated/digit_dataset/crops/validation/2/real_live_surveillance_20260629T1003Z_live_surveillance_20260629T1003Z_capture_0928_co2_3_2.png,co2_3,2,8,94
validation,real_live_surveillance_20260629T1003Z_live_surveillance_20260629T1003Z_capture_0928_tvoc_3_8,/home/mpetrick/repos/esp32-fever-dream/models/generated/digit_dataset/crops/validation/8/real_live_surveillance_20260629T1003Z_live_surveillance_20260629T1003Z_capture_0928_tvoc_3_8.png,tvoc_3,8,6,73
test,real_live_surveillance_20260629T1003Z_live_surveillance_20260629T1003Z_capture_0934_co2_3_2,/home/mpetrick/repos/esp32-fever-dream/models/generated/digit_dataset/crops/test/2/real_live_surveillance_20260629T1003Z_live_surveillance_20260629T1003Z_capture_0934_co2_3_2.png,co2_3,2,8,50
validation,real_live_surveillance_20260629T1003Z_live_surveillance_20260629T1003Z_capture_0940_co2_3_2,/home/mpetrick/repos/esp32-fever-dream/models/generated/digit_dataset/crops/validation/2/real_live_surveillance_20260629T1003Z_live_surveillance_20260629T1003Z_capture_0940_co2_3_2.png,co2_3,2,8,56
test,real_live_surveillance_20260629T1003Z_live_surveillance_20260629T1003Z_capture_0944_tvoc_2_6,/home/mpetrick/repos/esp32-fever-dream/models/generated/digit_dataset/crops/test/6/real_live_surveillance_20260629T1003Z_live_surveillance_20260629T1003Z_capture_0944_tvoc_2_6.png,tvoc_2,6,5,93
test,real_live_surveillance_20260629T1003Z_live_surveillance_20260629T1003Z_capture_0944_tvoc_3_1,/home/mpetrick/repos/esp32-fever-dream/models/generated/digit_dataset/crops/test/1/real_live_surveillance_20260629T1003Z_live_surveillance_20260629T1003Z_capture_0944_tvoc_3_1.png,tvoc_3,1,7,99
validation,real_live_surveillance_20260629T1003Z_live_surveillance_20260629T1003Z_capture_0949_tvoc_2_6,/home/mpetrick/repos/esp32-fever-dream/models/generated/digit_dataset/crops/validation/6/real_live_surveillance_20260629T1003Z_live_surveillance_20260629T1003Z_capture_0949_tvoc_2_6.png,tvoc_2,6,5,94
validation,real_live_surveillance_20260629T1003Z_live_surveillance_20260629T1003Z_capture_0949_tvoc_3_1,/home/mpetrick/repos/esp32-fever-dream/models/generated/digit_dataset/crops/validation/1/real_live_surveillance_20260629T1003Z_live_surveillance_20260629T1003Z_capture_0949_tvoc_3_1.png,tvoc_3,1,7,100
test,real_live_surveillance_20260629T1003Z_live_surveillance_20260629T1003Z_capture_0951_co2_3_3,/home/mpetrick/repos/esp32-fever-dream/models/generated/digit_dataset/crops/test/3/real_live_surveillance_20260629T1003Z_live_surveillance_20260629T1003Z_capture_0951_co2_3_3.png,co2_3,3,9,59
validation,real_live_surveillance_20260629T1003Z_live_surveillance_20260629T1003Z_capture_0969_co2_3_9,/home/mpetrick/repos/esp32-fever-dream/models/generated/digit_dataset/crops/validation/9/real_live_surveillance_20260629T1003Z_live_surveillance_20260629T1003Z_capture_0969_co2_3_9.png,co2_3,9,3,64
validation,real_live_surveillance_20260629T1003Z_live_surveillance_20260629T1003Z_capture_0975_co2_3_9,/home/mpetrick/repos/esp32-fever-dream/models/generated/digit_dataset/crops/validation/9/real_live_surveillance_20260629T1003Z_live_surveillance_20260629T1003Z_capture_0975_co2_3_9.png,co2_3,9,3,65
test,real_live_surveillance_20260629T1003Z_live_surveillance_20260629T1003Z_capture_0978_co2_3_9,/home/mpetrick/repos/esp32-fever-dream/models/generated/digit_dataset/crops/test/9/real_live_surveillance_20260629T1003Z_live_surveillance_20260629T1003Z_capture_0978_co2_3_9.png,co2_3,9,3,61
validation,real_live_surveillance_20260629T1003Z_live_surveillance_20260629T1003Z_capture_0989_hcho_3_8,/home/mpetrick/repos/esp32-fever-dream/models/generated/digit_dataset/crops/validation/8/real_live_surveillance_20260629T1003Z_live_surveillance_20260629T1003Z_capture_0989_hcho_3_8.png,hcho_3,8,6,52
validation,real_live_surveillance_20260629T1003Z_live_surveillance_20260629T1003Z_capture_0989_tvoc_3_9,/home/mpetrick/repos/esp32-fever-dream/models/generated/digit_dataset/crops/validation/9/real_live_surveillance_20260629T1003Z_live_surveillance_20260629T1003Z_capture_0989_tvoc_3_9.png,tvoc_3,9,5,87
test,real_live_surveillance_20260629T1003Z_live_surveillance_20260629T1003Z_capture_0991_co2_2_0,/home/mpetrick/repos/esp32-fever-dream/models/generated/digit_dataset/crops/test/0/real_live_surveillance_20260629T1003Z_live_surveillance_20260629T1003Z_capture_0991_co2_2_0.png,co2_2,0,2,78
test,real_live_surveillance_20260629T1003Z_live_surveillance_20260629T1003Z_capture_0991_hcho_3_8,/home/mpetrick/repos/esp32-fever-dream/models/generated/digit_dataset/crops/test/8/real_live_surveillance_20260629T1003Z_live_surveillance_20260629T1003Z_capture_0991_hcho_3_8.png,hcho_3,8,6,78
test,real_live_surveillance_20260629T1003Z_live_surveillance_20260629T1003Z_capture_0991_tvoc_2_6,/home/mpetrick/repos/esp32-fever-dream/models/generated/digit_dataset/crops/test/6/real_live_surveillance_20260629T1003Z_live_surveillance_20260629T1003Z_capture_0991_tvoc_2_6.png,tvoc_2,6,8,90
validation,real_live_surveillance_20260629T1003Z_live_surveillance_20260629T1003Z_capture_0995_co2_2_0,/home/mpetrick/repos/esp32-fever-dream/models/generated/digit_dataset/crops/validation/0/real_live_surveillance_20260629T1003Z_live_surveillance_20260629T1003Z_capture_0995_co2_2_0.png,co2_2,0,2,79
validation,real_live_surveillance_20260629T1003Z_live_surveillance_20260629T1003Z_capture_0995_hcho_3_8,/home/mpetrick/repos/esp32-fever-dream/models/generated/digit_dataset/crops/validation/8/real_live_surveillance_20260629T1003Z_live_surveillance_20260629T1003Z_capture_0995_hcho_3_8.png,hcho_3,8,6,76
validation,real_live_surveillance_20260629T1003Z_live_surveillance_20260629T1003Z_capture_0995_tvoc_2_6,/home/mpetrick/repos/esp32-fever-dream/models/generated/digit_dataset/crops/validation/6/real_live_surveillance_20260629T1003Z_live_surveillance_20260629T1003Z_capture_0995_tvoc_2_6.png,tvoc_2,6,8,81
test,real_live_surveillance_20260629T1003Z_live_surveillance_20260629T1003Z_capture_0998_co2_2_0,/home/mpetrick/repos/esp32-fever-dream/models/generated/digit_dataset/crops/test/0/real_live_surveillance_20260629T1003Z_live_surveillance_20260629T1003Z_capture_0998_co2_2_0.png,co2_2,0,2,78
test,real_live_surveillance_20260629T1003Z_live_surveillance_20260629T1003Z_capture_0998_co2_3_5,/home/mpetrick/repos/esp32-fever-dream/models/generated/digit_dataset/crops/test/5/real_live_surveillance_20260629T1003Z_live_surveillance_20260629T1003Z_capture_0998_co2_3_5.png,co2_3,5,9,60
test,real_live_surveillance_20260629T1003Z_live_surveillance_20260629T1003Z_capture_0998_hcho_3_9,/home/mpetrick/repos/esp32-fever-dream/models/generated/digit_dataset/crops/test/9/real_live_surveillance_20260629T1003Z_live_surveillance_20260629T1003Z_capture_0998_hcho_3_9.png,hcho_3,9,5,72
test,real_live_surveillance_20260629T1003Z_live_surveillance_20260629T1003Z_capture_0998_tvoc_2_6,/home/mpetrick/repos/esp32-fever-dream/models/generated/digit_dataset/crops/test/6/real_live_surveillance_20260629T1003Z_live_surveillance_20260629T1003Z_capture_0998_tvoc_2_6.png,tvoc_2,6,8,87
test,real_live_surveillance_20260629T1003Z_live_surveillance_20260629T1003Z_capture_0998_tvoc_3_5,/home/mpetrick/repos/esp32-fever-dream/models/generated/digit_dataset/crops/test/5/real_live_surveillance_20260629T1003Z_live_surveillance_20260629T1003Z_capture_0998_tvoc_3_5.png,tvoc_3,5,9,87
validation,real_live_surveillance_20260629T1003Z_live_surveillance_20260629T1003Z_capture_1012_co2_3_7,/home/mpetrick/repos/esp32-fever-dream/models/generated/digit_dataset/crops/validation/7/real_live_surveillance_20260629T1003Z_live_surveillance_20260629T1003Z_capture_1012_co2_3_7.png,co2_3,7,1,71
validation,real_live_surveillance_20260629T1003Z_live_surveillance_20260629T1003Z_capture_1012_hcho_3_2,/home/mpetrick/repos/esp32-fever-dream/models/generated/digit_dataset/crops/validation/2/real_live_surveillance_20260629T1003Z_live_surveillance_20260629T1003Z_capture_1012_hcho_3_2.png,hcho_3,2,6,88
validation,real_live_surveillance_20260629T1003Z_live_surveillance_20260629T1003Z_capture_1012_tvoc_1_1,/home/mpetrick/repos/esp32-fever-dream/models/generated/digit_dataset/crops/validation/1/real_live_surveillance_20260629T1003Z_live_surveillance_20260629T1003Z_capture_1012_tvoc_1_1.png,tvoc_1,1,0,75
validation,real_live_surveillance_20260629T1003Z_live_surveillance_20260629T1003Z_capture_1012_tvoc_2_7,/home/mpetrick/repos/esp32-fever-dream/models/generated/digit_dataset/crops/validation/7/real_live_surveillance_20260629T1003Z_live_surveillance_20260629T1003Z_capture_1012_tvoc_2_7.png,tvoc_2,7,1,64
test,real_live_surveillance_20260629T1003Z_live_surveillance_20260629T1003Z_capture_1014_co2_3_3,/home/mpetrick/repos/esp32-fever-dream/models/generated/digit_dataset/crops/test/3/real_live_surveillance_20260629T1003Z_live_surveillance_20260629T1003Z_capture_1014_co2_3_3.png,co2_3,3,9,56
test,real_live_surveillance_20260629T1003Z_live_surveillance_20260629T1003Z_capture_1014_tvoc_1_1,/home/mpetrick/repos/esp32-fever-dream/models/generated/digit_dataset/crops/test/1/real_live_surveillance_20260629T1003Z_live_surveillance_20260629T1003Z_capture_1014_tvoc_1_1.png,tvoc_1,1,0,73
test,real_live_surveillance_20260629T1003Z_live_surveillance_20260629T1003Z_capture_1014_tvoc_2_7,/home/mpetrick/repos/esp32-fever-dream/models/generated/digit_dataset/crops/test/7/real_live_surveillance_20260629T1003Z_live_surveillance_20260629T1003Z_capture_1014_tvoc_2_7.png,tvoc_2,7,1,62
validation,real_live_surveillance_20260629T1003Z_live_surveillance_20260629T1003Z_capture_1023_co2_3_7,/home/mpetrick/repos/esp32-fever-dream/models/generated/digit_dataset/crops/validation/7/real_live_surveillance_20260629T1003Z_live_surveillance_20260629T1003Z_capture_1023_co2_3_7.png,co2_3,7,1,72
validation,real_live_surveillance_20260629T1003Z_live_surveillance_20260629T1003Z_capture_1023_tvoc_1_1,/home/mpetrick/repos/esp32-fever-dream/models/generated/digit_dataset/crops/validation/1/real_live_surveillance_20260629T1003Z_live_surveillance_20260629T1003Z_capture_1023_tvoc_1_1.png,tvoc_1,1,0,73
validation,real_live_surveillance_20260629T1003Z_live_surveillance_20260629T1003Z_capture_1023_tvoc_2_7,/home/mpetrick/repos/esp32-fever-dream/models/generated/digit_dataset/crops/validation/7/real_live_surveillance_20260629T1003Z_live_surveillance_20260629T1003Z_capture_1023_tvoc_2_7.png,tvoc_2,7,1,52
test,real_live_surveillance_20260629T1003Z_live_surveillance_20260629T1003Z_capture_1025_co2_3_3,/home/mpetrick/repos/esp32-fever-dream/models/generated/digit_dataset/crops/test/3/real_live_surveillance_20260629T1003Z_live_surveillance_20260629T1003Z_capture_1025_co2_3_3.png,co2_3,3,9,54
test,real_live_surveillance_20260629T1003Z_live_surveillance_20260629T1003Z_capture_1025_tvoc_1_1,/home/mpetrick/repos/esp32-fever-dream/models/generated/digit_dataset/crops/test/1/real_live_surveillance_20260629T1003Z_live_surveillance_20260629T1003Z_capture_1025_tvoc_1_1.png,tvoc_1,1,0,73
test,real_live_surveillance_20260629T1003Z_live_surveillance_20260629T1003Z_capture_1025_tvoc_2_7,/home/mpetrick/repos/esp32-fever-dream/models/generated/digit_dataset/crops/test/7/real_live_surveillance_20260629T1003Z_live_surveillance_20260629T1003Z_capture_1025_tvoc_2_7.png,tvoc_2,7,1,64
validation,real_live_surveillance_20260629T1003Z_live_surveillance_20260629T1003Z_capture_1032_co2_3_3,/home/mpetrick/repos/esp32-fever-dream/models/generated/digit_dataset/crops/validation/3/real_live_surveillance_20260629T1003Z_live_surveillance_20260629T1003Z_capture_1032_co2_3_3.png,co2_3,3,9,54
test,real_live_surveillance_20260629T1003Z_live_surveillance_20260629T1003Z_capture_1036_co2_2_5,/home/mpetrick/repos/esp32-fever-dream/models/generated/digit_dataset/crops/test/5/real_live_surveillance_20260629T1003Z_live_surveillance_20260629T1003Z_capture_1036_co2_2_5.png,co2_2,5,3,47
test,real_live_surveillance_20260629T1003Z_live_surveillance_20260629T1003Z_capture_1036_co2_3_5,/home/mpetrick/repos/esp32-fever-dream/models/generated/digit_dataset/crops/test/5/real_live_surveillance_20260629T1003Z_live_surveillance_20260629T1003Z_capture_1036_co2_3_5.png,co2_3,5,9,54
test,real_live_surveillance_20260629T1003Z_live_surveillance_20260629T1003Z_capture_1036_hcho_3_9,/home/mpetrick/repos/esp32-fever-dream/models/generated/digit_dataset/crops/test/9/real_live_surveillance_20260629T1003Z_live_surveillance_20260629T1003Z_capture_1036_hcho_3_9.png,hcho_3,9,5,69
test,real_live_surveillance_20260629T1003Z_live_surveillance_20260629T1003Z_capture_1036_tvoc_2_9,/home/mpetrick/repos/esp32-fever-dream/models/generated/digit_dataset/crops/test/9/real_live_surveillance_20260629T1003Z_live_surveillance_20260629T1003Z_capture_1036_tvoc_2_9.png,tvoc_2,9,5,89
validation,real_live_surveillance_20260629T1003Z_live_surveillance_20260629T1003Z_capture_1040_co2_1_8,/home/mpetrick/repos/esp32-fever-dream/models/generated/digit_dataset/crops/validation/8/real_live_surveillance_20260629T1003Z_live_surveillance_20260629T1003Z_capture_1040_co2_1_8.png,co2_1,8,6,85
validation,real_live_surveillance_20260629T1003Z_live_surveillance_20260629T1003Z_capture_1040_co2_2_4,/home/mpetrick/repos/esp32-fever-dream/models/generated/digit_dataset/crops/validation/4/real_live_surveillance_20260629T1003Z_live_surveillance_20260629T1003Z_capture_1040_co2_2_4.png,co2_2,4,1,93
validation,real_live_surveillance_20260629T1003Z_live_surveillance_20260629T1003Z_capture_1040_tvoc_2_8,/home/mpetrick/repos/esp32-fever-dream/models/generated/digit_dataset/crops/validation/8/real_live_surveillance_20260629T1003Z_live_surveillance_20260629T1003Z_capture_1040_tvoc_2_8.png,tvoc_2,8,6,92
test,real_live_surveillance_20260629T1003Z_live_surveillance_20260629T1003Z_capture_1042_co2_2_5,/home/mpetrick/repos/esp32-fever-dream/models/generated/digit_dataset/crops/test/5/real_live_surveillance_20260629T1003Z_live_surveillance_20260629T1003Z_capture_1042_co2_2_5.png,co2_2,5,3,43
test,real_live_surveillance_20260629T1003Z_live_surveillance_20260629T1003Z_capture_1042_co2_3_5,/home/mpetrick/repos/esp32-fever-dream/models/generated/digit_dataset/crops/test/5/real_live_surveillance_20260629T1003Z_live_surveillance_20260629T1003Z_capture_1042_co2_3_5.png,co2_3,5,9,54
test,real_live_surveillance_20260629T1003Z_live_surveillance_20260629T1003Z_capture_1042_hcho_3_7,/home/mpetrick/repos/esp32-fever-dream/models/generated/digit_dataset/crops/test/7/real_live_surveillance_20260629T1003Z_live_surveillance_20260629T1003Z_capture_1042_hcho_3_7.png,hcho_3,7,8,44
validation,real_live_surveillance_20260629T1003Z_live_surveillance_20260629T1003Z_capture_1080_co2_2_7,/home/mpetrick/repos/esp32-fever-dream/models/generated/digit_dataset/crops/validation/7/real_live_surveillance_20260629T1003Z_live_surveillance_20260629T1003Z_capture_1080_co2_2_7.png,co2_2,7,4,89
test,real_live_surveillance_20260629T1003Z_live_surveillance_20260629T1003Z_capture_1083_co2_2_7,/home/mpetrick/repos/esp32-fever-dream/models/generated/digit_dataset/crops/test/7/real_live_surveillance_20260629T1003Z_live_surveillance_20260629T1003Z_capture_1083_co2_2_7.png,co2_2,7,1,47
validation,real_live_surveillance_20260629T1003Z_live_surveillance_20260629T1003Z_capture_1087_co2_2_7,/home/mpetrick/repos/esp32-fever-dream/models/generated/digit_dataset/crops/validation/7/real_live_surveillance_20260629T1003Z_live_surveillance_20260629T1003Z_capture_1087_co2_2_7.png,co2_2,7,4,89
validation,real_live_surveillance_20260629T1003Z_live_surveillance_20260629T1003Z_capture_1087_tvoc_1_0,/home/mpetrick/repos/esp32-fever-dream/models/generated/digit_dataset/crops/validation/0/real_live_surveillance_20260629T1003Z_live_surveillance_20260629T1003Z_capture_1087_tvoc_1_0.png,tvoc_1,0,2,54
test,real_live_surveillance_20260629T1003Z_live_surveillance_20260629T1003Z_capture_1089_co2_2_7,/home/mpetrick/repos/esp32-fever-dream/models/generated/digit_dataset/crops/test/7/real_live_surveillance_20260629T1003Z_live_surveillance_20260629T1003Z_capture_1089_co2_2_7.png,co2_2,7,4,88
test,real_live_surveillance_20260629T1003Z_live_surveillance_20260629T1003Z_capture_1089_tvoc_1_0,/home/mpetrick/repos/esp32-fever-dream/models/generated/digit_dataset/crops/test/0/real_live_surveillance_20260629T1003Z_live_surveillance_20260629T1003Z_capture_1089_tvoc_1_0.png,tvoc_1,0,2,58
validation,real_live_surveillance_20260629T1003Z_live_surveillance_20260629T1003Z_capture_1094_co2_2_7,/home/mpetrick/repos/esp32-fever-dream/models/generated/digit_dataset/crops/validation/7/real_live_surveillance_20260629T1003Z_live_surveillance_20260629T1003Z_capture_1094_co2_2_7.png,co2_2,7,1,47
validation,real_live_surveillance_20260629T1003Z_live_surveillance_20260629T1003Z_capture_1101_co2_2_7,/home/mpetrick/repos/esp32-fever-dream/models/generated/digit_dataset/crops/validation/7/real_live_surveillance_20260629T1003Z_live_surveillance_20260629T1003Z_capture_1101_co2_2_7.png,co2_2,7,4,89
validation,real_live_surveillance_20260629T1003Z_live_surveillance_20260629T1003Z_capture_1101_tvoc_1_0,/home/mpetrick/repos/esp32-fever-dream/models/generated/digit_dataset/crops/validation/0/real_live_surveillance_20260629T1003Z_live_surveillance_20260629T1003Z_capture_1101_tvoc_1_0.png,tvoc_1,0,2,57
test,real_live_surveillance_20260629T1003Z_live_surveillance_20260629T1003Z_capture_1111_co2_2_1,/home/mpetrick/repos/esp32-fever-dream/models/generated/digit_dataset/crops/test/1/real_live_surveillance_20260629T1003Z_live_surveillance_20260629T1003Z_capture_1111_co2_2_1.png,co2_2,1,4,91
test,real_live_surveillance_20260629T1003Z_live_surveillance_20260629T1003Z_capture_1111_co2_3_5,/home/mpetrick/repos/esp32-fever-dream/models/generated/digit_dataset/crops/test/5/real_live_surveillance_20260629T1003Z_live_surveillance_20260629T1003Z_capture_1111_co2_3_5.png,co2_3,5,3,38
test,real_live_surveillance_20260629T1003Z_live_surveillance_20260629T1003Z_capture_1111_hcho_3_9,/home/mpetrick/repos/esp32-fever-dream/models/generated/digit_dataset/crops/test/9/real_live_surveillance_20260629T1003Z_live_surveillance_20260629T1003Z_capture_1111_hcho_3_9.png,hcho_3,9,5,66
test,real_live_surveillance_20260629T1003Z_live_surveillance_20260629T1003Z_capture_1111_tvoc_3_2,/home/mpetrick/repos/esp32-fever-dream/models/generated/digit_dataset/crops/test/2/real_live_surveillance_20260629T1003Z_live_surveillance_20260629T1003Z_capture_1111_tvoc_3_2.png,tvoc_3,2,7,71
validation,real_live_surveillance_20260629T1003Z_live_surveillance_20260629T1003Z_capture_1124_hcho_2_0,/home/mpetrick/repos/esp32-fever-dream/models/generated/digit_dataset/crops/validation/0/real_live_surveillance_20260629T1003Z_live_surveillance_20260629T1003Z_capture_1124_hcho_2_0.png,hcho_2,0,6,60
test,real_live_surveillance_20260629T1003Z_live_surveillance_20260629T1003Z_capture_1126_hcho_2_0,/home/mpetrick/repos/esp32-fever-dream/models/generated/digit_dataset/crops/test/0/real_live_surveillance_20260629T1003Z_live_surveillance_20260629T1003Z_capture_1126_hcho_2_0.png,hcho_2,0,6,62
validation,real_live_surveillance_20260629T1003Z_live_surveillance_20260629T1003Z_capture_1132_co2_2_2,/home/mpetrick/repos/esp32-fever-dream/models/generated/digit_dataset/crops/validation/2/real_live_surveillance_20260629T1003Z_live_surveillance_20260629T1003Z_capture_1132_co2_2_2.png,co2_2,2,6,45
validation,real_live_surveillance_20260629T1003Z_live_surveillance_20260629T1003Z_capture_1132_tvoc_1_0,/home/mpetrick/repos/esp32-fever-dream/models/generated/digit_dataset/crops/validation/0/real_live_surveillance_20260629T1003Z_live_surveillance_20260629T1003Z_capture_1132_tvoc_1_0.png,tvoc_1,0,2,60
validation,real_live_surveillance_20260629T1003Z_live_surveillance_20260629T1003Z_capture_1132_humidity_1_8,/home/mpetrick/repos/esp32-fever-dream/models/generated/digit_dataset/crops/validation/8/real_live_surveillance_20260629T1003Z_live_surveillance_20260629T1003Z_capture_1132_humidity_1_8.png,humidity_1,8,9,72
test,real_live_surveillance_20260629T1003Z_live_surveillance_20260629T1003Z_capture_1134_hcho_2_0,/home/mpetrick/repos/esp32-fever-dream/models/generated/digit_dataset/crops/test/0/real_live_surveillance_20260629T1003Z_live_surveillance_20260629T1003Z_capture_1134_hcho_2_0.png,hcho_2,0,6,72
test,real_live_surveillance_20260629T1003Z_live_surveillance_20260629T1003Z_capture_1134_humidity_1_8,/home/mpetrick/repos/esp32-fever-dream/models/generated/digit_dataset/crops/test/8/real_live_surveillance_20260629T1003Z_live_surveillance_20260629T1003Z_capture_1134_humidity_1_8.png,humidity_1,8,9,97
validation,real_live_surveillance_20260629T1003Z_live_surveillance_20260629T1003Z_capture_1139_co2_1_9,/home/mpetrick/repos/esp32-fever-dream/models/generated/digit_dataset/crops/validation/9/real_live_surveillance_20260629T1003Z_live_surveillance_20260629T1003Z_capture_1139_co2_1_9.png,co2_1,9,5,82
validation,real_live_surveillance_20260629T1003Z_live_surveillance_20260629T1003Z_capture_1139_co2_2_2,/home/mpetrick/repos/esp32-fever-dream/models/generated/digit_dataset/crops/validation/2/real_live_surveillance_20260629T1003Z_live_surveillance_20260629T1003Z_capture_1139_co2_2_2.png,co2_2,2,0,48
validation,real_live_surveillance_20260629T1003Z_live_surveillance_20260629T1003Z_capture_1139_co2_3_1,/home/mpetrick/repos/esp32-fever-dream/models/generated/digit_dataset/crops/validation/1/real_live_surveillance_20260629T1003Z_live_surveillance_20260629T1003Z_capture_1139_co2_3_1.png,co2_3,1,4,88
validation,real_live_surveillance_20260629T1003Z_live_surveillance_20260629T1003Z_capture_1139_hcho_2_0,/home/mpetrick/repos/esp32-fever-dream/models/generated/digit_dataset/crops/validation/0/real_live_surveillance_20260629T1003Z_live_surveillance_20260629T1003Z_capture_1139_hcho_2_0.png,hcho_2,0,6,54
validation,real_live_surveillance_20260629T1003Z_live_surveillance_20260629T1003Z_capture_1139_hcho_3_8,/home/mpetrick/repos/esp32-fever-dream/models/generated/digit_dataset/crops/validation/8/real_live_surveillance_20260629T1003Z_live_surveillance_20260629T1003Z_capture_1139_hcho_3_8.png,hcho_3,8,7,94
validation,real_live_surveillance_20260629T1003Z_live_surveillance_20260629T1003Z_capture_1139_humidity_1_8,/home/mpetrick/repos/esp32-fever-dream/models/generated/digit_dataset/crops/validation/8/real_live_surveillance_20260629T1003Z_live_surveillance_20260629T1003Z_capture_1139_humidity_1_8.png,humidity_1,8,9,78
test,real_live_surveillance_20260629T1003Z_live_surveillance_20260629T1003Z_capture_1142_tvoc_1_0,/home/mpetrick/repos/esp32-fever-dream/models/generated/digit_dataset/crops/test/0/real_live_surveillance_20260629T1003Z_live_surveillance_20260629T1003Z_capture_1142_tvoc_1_0.png,tvoc_1,0,2,62
test,real_live_surveillance_20260629T1003Z_live_surveillance_20260629T1003Z_capture_1142_humidity_1_8,/home/mpetrick/repos/esp32-fever-dream/models/generated/digit_dataset/crops/test/8/real_live_surveillance_20260629T1003Z_live_surveillance_20260629T1003Z_capture_1142_humidity_1_8.png,humidity_1,8,9,52
validation,real_live_surveillance_20260629T1003Z_live_surveillance_20260629T1003Z_capture_1146_tvoc_1_0,/home/mpetrick/repos/esp32-fever-dream/models/generated/digit_dataset/crops/validation/0/real_live_surveillance_20260629T1003Z_live_surveillance_20260629T1003Z_capture_1146_tvoc_1_0.png,tvoc_1,0,2,51
validation,real_live_surveillance_20260629T1003Z_live_surveillance_20260629T1003Z_capture_1146_humidity_1_8,/home/mpetrick/repos/esp32-fever-dream/models/generated/digit_dataset/crops/validation/8/real_live_surveillance_20260629T1003Z_live_surveillance_20260629T1003Z_capture_1146_humidity_1_8.png,humidity_1,8,9,96
test,real_live_surveillance_20260629T1003Z_live_surveillance_20260629T1003Z_capture_1148_co2_2_2,/home/mpetrick/repos/esp32-fever-dream/models/generated/digit_dataset/crops/test/2/real_live_surveillance_20260629T1003Z_live_surveillance_20260629T1003Z_capture_1148_co2_2_2.png,co2_2,2,6,49
test,real_live_surveillance_20260629T1003Z_live_surveillance_20260629T1003Z_capture_1148_hcho_2_0,/home/mpetrick/repos/esp32-fever-dream/models/generated/digit_dataset/crops/test/0/real_live_surveillance_20260629T1003Z_live_surveillance_20260629T1003Z_capture_1148_hcho_2_0.png,hcho_2,0,8,48
test,real_live_surveillance_20260629T1003Z_live_surveillance_20260629T1003Z_capture_1148_tvoc_1_0,/home/mpetrick/repos/esp32-fever-dream/models/generated/digit_dataset/crops/test/0/real_live_surveillance_20260629T1003Z_live_surveillance_20260629T1003Z_capture_1148_tvoc_1_0.png,tvoc_1,0,2,57
test,real_live_surveillance_20260629T1003Z_live_surveillance_20260629T1003Z_capture_1148_humidity_1_8,/home/mpetrick/repos/esp32-fever-dream/models/generated/digit_dataset/crops/test/8/real_live_surveillance_20260629T1003Z_live_surveillance_20260629T1003Z_capture_1148_humidity_1_8.png,humidity_1,8,9,81
validation,real_live_surveillance_20260629T1003Z_live_surveillance_20260629T1003Z_capture_1153_co2_2_2,/home/mpetrick/repos/esp32-fever-dream/models/generated/digit_dataset/crops/validation/2/real_live_surveillance_20260629T1003Z_live_surveillance_20260629T1003Z_capture_1153_co2_2_2.png,co2_2,2,6,45
validation,real_live_surveillance_20260629T1003Z_live_surveillance_20260629T1003Z_capture_1153_tvoc_1_0,/home/mpetrick/repos/esp32-fever-dream/models/generated/digit_dataset/crops/validation/0/real_live_surveillance_20260629T1003Z_live_surveillance_20260629T1003Z_capture_1153_tvoc_1_0.png,tvoc_1,0,2,54
validation,real_live_surveillance_20260629T1003Z_live_surveillance_20260629T1003Z_capture_1153_humidity_1_8,/home/mpetrick/repos/esp32-fever-dream/models/generated/digit_dataset/crops/validation/8/real_live_surveillance_20260629T1003Z_live_surveillance_20260629T1003Z_capture_1153_humidity_1_8.png,humidity_1,8,9,52
test,real_live_surveillance_20260629T1003Z_live_surveillance_20260629T1003Z_capture_1155_tvoc_1_0,/home/mpetrick/repos/esp32-fever-dream/models/generated/digit_dataset/crops/test/0/real_live_surveillance_20260629T1003Z_live_surveillance_20260629T1003Z_capture_1155_tvoc_1_0.png,tvoc_1,0,2,39
test,real_live_surveillance_20260629T1003Z_live_surveillance_20260629T1003Z_capture_1155_humidity_1_8,/home/mpetrick/repos/esp32-fever-dream/models/generated/digit_dataset/crops/test/8/real_live_surveillance_20260629T1003Z_live_surveillance_20260629T1003Z_capture_1155_humidity_1_8.png,humidity_1,8,9,88
validation,real_live_surveillance_20260629T1003Z_live_surveillance_20260629T1003Z_capture_1159_co2_2_2,/home/mpetrick/repos/esp32-fever-dream/models/generated/digit_dataset/crops/validation/2/real_live_surveillance_20260629T1003Z_live_surveillance_20260629T1003Z_capture_1159_co2_2_2.png,co2_2,2,6,49
validation,real_live_surveillance_20260629T1003Z_live_surveillance_20260629T1003Z_capture_1159_tvoc_1_0,/home/mpetrick/repos/esp32-fever-dream/models/generated/digit_dataset/crops/validation/0/real_live_surveillance_20260629T1003Z_live_surveillance_20260629T1003Z_capture_1159_tvoc_1_0.png,tvoc_1,0,2,60
test,real_live_surveillance_20260629T1003Z_live_surveillance_20260629T1003Z_capture_1163_tvoc_1_0,/home/mpetrick/repos/esp32-fever-dream/models/generated/digit_dataset/crops/test/0/real_live_surveillance_20260629T1003Z_live_surveillance_20260629T1003Z_capture_1163_tvoc_1_0.png,tvoc_1,0,2,56
test,real_live_surveillance_20260629T1003Z_live_surveillance_20260629T1003Z_capture_1163_humidity_1_8,/home/mpetrick/repos/esp32-fever-dream/models/generated/digit_dataset/crops/test/8/real_live_surveillance_20260629T1003Z_live_surveillance_20260629T1003Z_capture_1163_humidity_1_8.png,humidity_1,8,9,70
validation,real_live_surveillance_20260629T1003Z_live_surveillance_20260629T1003Z_capture_1167_tvoc_1_0,/home/mpetrick/repos/esp32-fever-dream/models/generated/digit_dataset/crops/validation/0/real_live_surveillance_20260629T1003Z_live_surveillance_20260629T1003Z_capture_1167_tvoc_1_0.png,tvoc_1,0,2,49
validation,real_live_surveillance_20260629T1003Z_live_surveillance_20260629T1003Z_capture_1167_humidity_1_8,/home/mpetrick/repos/esp32-fever-dream/models/generated/digit_dataset/crops/validation/8/real_live_surveillance_20260629T1003Z_live_surveillance_20260629T1003Z_capture_1167_humidity_1_8.png,humidity_1,8,9,70
test,real_live_surveillance_20260629T1003Z_live_surveillance_20260629T1003Z_capture_1169_co2_2_2,/home/mpetrick/repos/esp32-fever-dream/models/generated/digit_dataset/crops/test/2/real_live_surveillance_20260629T1003Z_live_surveillance_20260629T1003Z_capture_1169_co2_2_2.png,co2_2,2,6,52
test,real_live_surveillance_20260629T1003Z_live_surveillance_20260629T1003Z_capture_1169_hcho_2_0,/home/mpetrick/repos/esp32-fever-dream/models/generated/digit_dataset/crops/test/0/real_live_surveillance_20260629T1003Z_live_surveillance_20260629T1003Z_capture_1169_hcho_2_0.png,hcho_2,0,8,58
test,real_live_surveillance_20260629T1003Z_live_surveillance_20260629T1003Z_capture_1169_tvoc_1_0,/home/mpetrick/repos/esp32-fever-dream/models/generated/digit_dataset/crops/test/0/real_live_surveillance_20260629T1003Z_live_surveillance_20260629T1003Z_capture_1169_tvoc_1_0.png,tvoc_1,0,2,61
test,real_live_surveillance_20260629T1003Z_live_surveillance_20260629T1003Z_capture_1169_humidity_1_8,/home/mpetrick/repos/esp32-fever-dream/models/generated/digit_dataset/crops/test/8/real_live_surveillance_20260629T1003Z_live_surveillance_20260629T1003Z_capture_1169_humidity_1_8.png,humidity_1,8,9,70
validation,real_live_surveillance_20260629T1003Z_live_surveillance_20260629T1003Z_capture_1180_co2_2_2,/home/mpetrick/repos/esp32-fever-dream/models/generated/digit_dataset/crops/validation/2/real_live_surveillance_20260629T1003Z_live_surveillance_20260629T1003Z_capture_1180_co2_2_2.png,co2_2,2,6,48
validation,real_live_surveillance_20260629T1003Z_live_surveillance_20260629T1003Z_capture_1180_hcho_2_0,/home/mpetrick/repos/esp32-fever-dream/models/generated/digit_dataset/crops/validation/0/real_live_surveillance_20260629T1003Z_live_surveillance_20260629T1003Z_capture_1180_hcho_2_0.png,hcho_2,0,8,63
validation,real_live_surveillance_20260629T1003Z_live_surveillance_20260629T1003Z_capture_1180_tvoc_1_0,/home/mpetrick/repos/esp32-fever-dream/models/generated/digit_dataset/crops/validation/0/real_live_surveillance_20260629T1003Z_live_surveillance_20260629T1003Z_capture_1180_tvoc_1_0.png,tvoc_1,0,2,54
test,real_live_surveillance_20260629T1003Z_live_surveillance_20260629T1003Z_capture_1182_hcho_2_0,/home/mpetrick/repos/esp32-fever-dream/models/generated/digit_dataset/crops/test/0/real_live_surveillance_20260629T1003Z_live_surveillance_20260629T1003Z_capture_1182_hcho_2_0.png,hcho_2,0,6,52
test,real_live_surveillance_20260629T1003Z_live_surveillance_20260629T1003Z_capture_1182_humidity_1_8,/home/mpetrick/repos/esp32-fever-dream/models/generated/digit_dataset/crops/test/8/real_live_surveillance_20260629T1003Z_live_surveillance_20260629T1003Z_capture_1182_humidity_1_8.png,humidity_1,8,9,72
validation,real_live_surveillance_20260629T1003Z_live_surveillance_20260629T1003Z_capture_1187_co2_2_2,/home/mpetrick/repos/esp32-fever-dream/models/generated/digit_dataset/crops/validation/2/real_live_surveillance_20260629T1003Z_live_surveillance_20260629T1003Z_capture_1187_co2_2_2.png,co2_2,2,6,58
validation,real_live_surveillance_20260629T1003Z_live_surveillance_20260629T1003Z_capture_1187_hcho_2_0,/home/mpetrick/repos/esp32-fever-dream/models/generated/digit_dataset/crops/validation/0/real_live_surveillance_20260629T1003Z_live_surveillance_20260629T1003Z_capture_1187_hcho_2_0.png,hcho_2,0,8,61
validation,real_live_surveillance_20260629T1003Z_live_surveillance_20260629T1003Z_capture_1187_tvoc_1_0,/home/mpetrick/repos/esp32-fever-dream/models/generated/digit_dataset/crops/validation/0/real_live_surveillance_20260629T1003Z_live_surveillance_20260629T1003Z_capture_1187_tvoc_1_0.png,tvoc_1,0,2,57
test,real_live_surveillance_20260629T1003Z_live_surveillance_20260629T1003Z_capture_1190_co2_2_2,/home/mpetrick/repos/esp32-fever-dream/models/generated/digit_dataset/crops/test/2/real_live_surveillance_20260629T1003Z_live_surveillance_20260629T1003Z_capture_1190_co2_2_2.png,co2_2,2,6,60
test,real_live_surveillance_20260629T1003Z_live_surveillance_20260629T1003Z_capture_1190_hcho_2_0,/home/mpetrick/repos/esp32-fever-dream/models/generated/digit_dataset/crops/test/0/real_live_surveillance_20260629T1003Z_live_surveillance_20260629T1003Z_capture_1190_hcho_2_0.png,hcho_2,0,8,69
test,real_live_surveillance_20260629T1003Z_live_surveillance_20260629T1003Z_capture_1190_tvoc_1_0,/home/mpetrick/repos/esp32-fever-dream/models/generated/digit_dataset/crops/test/0/real_live_surveillance_20260629T1003Z_live_surveillance_20260629T1003Z_capture_1190_tvoc_1_0.png,tvoc_1,0,2,62
test,real_live_surveillance_20260629T1003Z_live_surveillance_20260629T1003Z_capture_1190_humidity_1_8,/home/mpetrick/repos/esp32-fever-dream/models/generated/digit_dataset/crops/test/8/real_live_surveillance_20260629T1003Z_live_surveillance_20260629T1003Z_capture_1190_humidity_1_8.png,humidity_1,8,9,64
validation,real_live_surveillance_20260629T1003Z_live_surveillance_20260629T1003Z_capture_1194_co2_2_2,/home/mpetrick/repos/esp32-fever-dream/models/generated/digit_dataset/crops/validation/2/real_live_surveillance_20260629T1003Z_live_surveillance_20260629T1003Z_capture_1194_co2_2_2.png,co2_2,2,6,55
validation,real_live_surveillance_20260629T1003Z_live_surveillance_20260629T1003Z_capture_1194_hcho_2_0,/home/mpetrick/repos/esp32-fever-dream/models/generated/digit_dataset/crops/validation/0/real_live_surveillance_20260629T1003Z_live_surveillance_20260629T1003Z_capture_1194_hcho_2_0.png,hcho_2,0,8,66
validation,real_live_surveillance_20260629T1003Z_live_surveillance_20260629T1003Z_capture_1194_tvoc_1_0,/home/mpetrick/repos/esp32-fever-dream/models/generated/digit_dataset/crops/validation/0/real_live_surveillance_20260629T1003Z_live_surveillance_20260629T1003Z_capture_1194_tvoc_1_0.png,tvoc_1,0,2,66
test,real_live_surveillance_20260629T1003Z_live_surveillance_20260629T1003Z_capture_1196_tvoc_1_0,/home/mpetrick/repos/esp32-fever-dream/models/generated/digit_dataset/crops/test/0/real_live_surveillance_20260629T1003Z_live_surveillance_20260629T1003Z_capture_1196_tvoc_1_0.png,tvoc_1,0,2,53
test,real_live_surveillance_20260629T1003Z_live_surveillance_20260629T1003Z_capture_1196_humidity_1_8,/home/mpetrick/repos/esp32-fever-dream/models/generated/digit_dataset/crops/test/8/real_live_surveillance_20260629T1003Z_live_surveillance_20260629T1003Z_capture_1196_humidity_1_8.png,humidity_1,8,9,56
validation,real_live_surveillance_20260629T1003Z_live_surveillance_20260629T1003Z_capture_1219_co2_2_3,/home/mpetrick/repos/esp32-fever-dream/models/generated/digit_dataset/crops/validation/3/real_live_surveillance_20260629T1003Z_live_surveillance_20260629T1003Z_capture_1219_co2_2_3.png,co2_2,3,5,68
validation,real_live_surveillance_20260629T1003Z_live_surveillance_20260629T1003Z_capture_1219_co2_3_2,/home/mpetrick/repos/esp32-fever-dream/models/generated/digit_dataset/crops/validation/2/real_live_surveillance_20260629T1003Z_live_surveillance_20260629T1003Z_capture_1219_co2_3_2.png,co2_3,2,6,72
validation,real_live_surveillance_20260629T1003Z_live_surveillance_20260629T1003Z_capture_1219_tvoc_1_0,/home/mpetrick/repos/esp32-fever-dream/models/generated/digit_dataset/crops/validation/0/real_live_surveillance_20260629T1003Z_live_surveillance_20260629T1003Z_capture_1219_tvoc_1_0.png,tvoc_1,0,2,59
validation,real_live_surveillance_20260629T1003Z_live_surveillance_20260629T1003Z_capture_1219_humidity_1_8,/home/mpetrick/repos/esp32-fever-dream/models/generated/digit_dataset/crops/validation/8/real_live_surveillance_20260629T1003Z_live_surveillance_20260629T1003Z_capture_1219_humidity_1_8.png,humidity_1,8,9,54
test,real_live_surveillance_20260629T1003Z_live_surveillance_20260629T1003Z_capture_1221_co2_2_3,/home/mpetrick/repos/esp32-fever-dream/models/generated/digit_dataset/crops/test/3/real_live_surveillance_20260629T1003Z_live_surveillance_20260629T1003Z_capture_1221_co2_2_3.png,co2_2,3,5,68
test,real_live_surveillance_20260629T1003Z_live_surveillance_20260629T1003Z_capture_1221_co2_3_2,/home/mpetrick/repos/esp32-fever-dream/models/generated/digit_dataset/crops/test/2/real_live_surveillance_20260629T1003Z_live_surveillance_20260629T1003Z_capture_1221_co2_3_2.png,co2_3,2,6,75
test,real_live_surveillance_20260629T1003Z_live_surveillance_20260629T1003Z_capture_1221_tvoc_1_0,/home/mpetrick/repos/esp32-fever-dream/models/generated/digit_dataset/crops/test/0/real_live_surveillance_20260629T1003Z_live_surveillance_20260629T1003Z_capture_1221_tvoc_1_0.png,tvoc_1,0,2,64
validation,real_live_surveillance_20260629T1003Z_live_surveillance_20260629T1003Z_capture_1230_co2_3_7,/home/mpetrick/repos/esp32-fever-dream/models/generated/digit_dataset/crops/validation/7/real_live_surveillance_20260629T1003Z_live_surveillance_20260629T1003Z_capture_1230_co2_3_7.png,co2_3,7,1,78
validation,real_live_surveillance_20260629T1003Z_live_surveillance_20260629T1003Z_capture_1230_hcho_2_8,/home/mpetrick/repos/esp32-fever-dream/models/generated/digit_dataset/crops/validation/8/real_live_surveillance_20260629T1003Z_live_surveillance_20260629T1003Z_capture_1230_hcho_2_8.png,hcho_2,8,0,47
validation,real_live_surveillance_20260629T1003Z_live_surveillance_20260629T1003Z_capture_1230_tvoc_1_2,/home/mpetrick/repos/esp32-fever-dream/models/generated/digit_dataset/crops/validation/2/real_live_surveillance_20260629T1003Z_live_surveillance_20260629T1003Z_capture_1230_tvoc_1_2.png,tvoc_1,2,0,71
test,real_live_surveillance_20260629T1003Z_live_surveillance_20260629T1003Z_capture_1239_co2_3_7,/home/mpetrick/repos/esp32-fever-dream/models/generated/digit_dataset/crops/test/7/real_live_surveillance_20260629T1003Z_live_surveillance_20260629T1003Z_capture_1239_co2_3_7.png,co2_3,7,1,80
test,real_live_surveillance_20260629T1003Z_live_surveillance_20260629T1003Z_capture_1239_hcho_2_8,/home/mpetrick/repos/esp32-fever-dream/models/generated/digit_dataset/crops/test/8/real_live_surveillance_20260629T1003Z_live_surveillance_20260629T1003Z_capture_1239_hcho_2_8.png,hcho_2,8,6,50
test,real_live_surveillance_20260629T1003Z_live_surveillance_20260629T1003Z_capture_1239_tvoc_1_2,/home/mpetrick/repos/esp32-fever-dream/models/generated/digit_dataset/crops/test/2/real_live_surveillance_20260629T1003Z_live_surveillance_20260629T1003Z_capture_1239_tvoc_1_2.png,tvoc_1,2,0,72
test,real_live_surveillance_20260629T1003Z_live_surveillance_20260629T1003Z_capture_1239_tvoc_3_5,/home/mpetrick/repos/esp32-fever-dream/models/generated/digit_dataset/crops/test/5/real_live_surveillance_20260629T1003Z_live_surveillance_20260629T1003Z_capture_1239_tvoc_3_5.png,tvoc_3,5,9,99
test,real_live_surveillance_20260629T1003Z_live_surveillance_20260629T1003Z_capture_1239_humidity_1_8,/home/mpetrick/repos/esp32-fever-dream/models/generated/digit_dataset/crops/test/8/real_live_surveillance_20260629T1003Z_live_surveillance_20260629T1003Z_capture_1239_humidity_1_8.png,humidity_1,8,9,72
validation,real_live_surveillance_20260629T1003Z_live_surveillance_20260629T1003Z_capture_1249_co2_2_3,/home/mpetrick/repos/esp32-fever-dream/models/generated/digit_dataset/crops/validation/3/real_live_surveillance_20260629T1003Z_live_surveillance_20260629T1003Z_capture_1249_co2_2_3.png,co2_2,3,5,68
validation,real_live_surveillance_20260629T1003Z_live_surveillance_20260629T1003Z_capture_1249_co2_3_2,/home/mpetrick/repos/esp32-fever-dream/models/generated/digit_dataset/crops/validation/2/real_live_surveillance_20260629T1003Z_live_surveillance_20260629T1003Z_capture_1249_co2_3_2.png,co2_3,2,6,73
test,real_live_surveillance_20260629T1003Z_live_surveillance_20260629T1003Z_capture_1251_co2_2_3,/home/mpetrick/repos/esp32-fever-dream/models/generated/digit_dataset/crops/test/3/real_live_surveillance_20260629T1003Z_live_surveillance_20260629T1003Z_capture_1251_co2_2_3.png,co2_2,3,5,70
test,real_live_surveillance_20260629T1003Z_live_surveillance_20260629T1003Z_capture_1251_co2_3_7,/home/mpetrick/repos/esp32-fever-dream/models/generated/digit_dataset/crops/test/7/real_live_surveillance_20260629T1003Z_live_surveillance_20260629T1003Z_capture_1251_co2_3_7.png,co2_3,7,1,36
validation,real_live_surveillance_20260629T1003Z_live_surveillance_20260629T1003Z_capture_1255_co2_2_3,/home/mpetrick/repos/esp32-fever-dream/models/generated/digit_dataset/crops/validation/3/real_live_surveillance_20260629T1003Z_live_surveillance_20260629T1003Z_capture_1255_co2_2_3.png,co2_2,3,5,88
validation,real_live_surveillance_20260629T1003Z_live_surveillance_20260629T1003Z_capture_1255_tvoc_3_5,/home/mpetrick/repos/esp32-fever-dream/models/generated/digit_dataset/crops/validation/5/real_live_surveillance_20260629T1003Z_live_surveillance_20260629T1003Z_capture_1255_tvoc_3_5.png,tvoc_3,5,9,62
test,real_live_surveillance_20260629T1003Z_live_surveillance_20260629T1003Z_capture_1258_co2_2_3,/home/mpetrick/repos/esp32-fever-dream/models/generated/digit_dataset/crops/test/3/real_live_surveillance_20260629T1003Z_live_surveillance_20260629T1003Z_capture_1258_co2_2_3.png,co2_2,3,5,68
validation,real_live_surveillance_20260629T1003Z_live_surveillance_20260629T1003Z_capture_1338_co2_3_4,/home/mpetrick/repos/esp32-fever-dream/models/generated/digit_dataset/crops/validation/4/real_live_surveillance_20260629T1003Z_live_surveillance_20260629T1003Z_capture_1338_co2_3_4.png,co2_3,4,7,56
validation,real_live_surveillance_20260629T1003Z_live_surveillance_20260629T1003Z_capture_1338_tvoc_1_0,/home/mpetrick/repos/esp32-fever-dream/models/generated/digit_dataset/crops/validation/0/real_live_surveillance_20260629T1003Z_live_surveillance_20260629T1003Z_capture_1338_tvoc_1_0.png,tvoc_1,0,2,41
validation,real_live_surveillance_20260629T1003Z_live_surveillance_20260629T1003Z_capture_1338_tvoc_2_2,/home/mpetrick/repos/esp32-fever-dream/models/generated/digit_dataset/crops/validation/2/real_live_surveillance_20260629T1003Z_live_surveillance_20260629T1003Z_capture_1338_tvoc_2_2.png,tvoc_2,2,4,51
test,real_live_surveillance_20260629T1003Z_live_surveillance_20260629T1003Z_capture_1345_co2_3_4,/home/mpetrick/repos/esp32-fever-dream/models/generated/digit_dataset/crops/test/4/real_live_surveillance_20260629T1003Z_live_surveillance_20260629T1003Z_capture_1345_co2_3_4.png,co2_3,4,7,47
test,real_live_surveillance_20260629T1003Z_live_surveillance_20260629T1003Z_capture_1345_hcho_3_6,/home/mpetrick/repos/esp32-fever-dream/models/generated/digit_dataset/crops/test/6/real_live_surveillance_20260629T1003Z_live_surveillance_20260629T1003Z_capture_1345_hcho_3_6.png,hcho_3,6,8,69
test,real_live_surveillance_20260629T1003Z_live_surveillance_20260629T1003Z_capture_1345_tvoc_1_0,/home/mpetrick/repos/esp32-fever-dream/models/generated/digit_dataset/crops/test/0/real_live_surveillance_20260629T1003Z_live_surveillance_20260629T1003Z_capture_1345_tvoc_1_0.png,tvoc_1,0,2,78
validation,real_live_surveillance_20260629T1003Z_live_surveillance_20260629T1003Z_capture_1352_tvoc_1_0,/home/mpetrick/repos/esp32-fever-dream/models/generated/digit_dataset/crops/validation/0/real_live_surveillance_20260629T1003Z_live_surveillance_20260629T1003Z_capture_1352_tvoc_1_0.png,tvoc_1,0,2,42
test,real_live_surveillance_20260629T1003Z_live_surveillance_20260629T1003Z_capture_1362_co2_3_9,/home/mpetrick/repos/esp32-fever-dream/models/generated/digit_dataset/crops/test/9/real_live_surveillance_20260629T1003Z_live_surveillance_20260629T1003Z_capture_1362_co2_3_9.png,co2_3,9,5,49
test,real_live_surveillance_20260629T1003Z_live_surveillance_20260629T1003Z_capture_1362_tvoc_2_4,/home/mpetrick/repos/esp32-fever-dream/models/generated/digit_dataset/crops/test/4/real_live_surveillance_20260629T1003Z_live_surveillance_20260629T1003Z_capture_1362_tvoc_2_4.png,tvoc_2,4,2,82
validation,real_live_surveillance_20260629T1003Z_live_surveillance_20260629T1003Z_capture_1369_hcho_3_7,/home/mpetrick/repos/esp32-fever-dream/models/generated/digit_dataset/crops/validation/7/real_live_surveillance_20260629T1003Z_live_surveillance_20260629T1003Z_capture_1369_hcho_3_7.png,hcho_3,7,8,75
validation,real_live_surveillance_20260629T1003Z_live_surveillance_20260629T1003Z_capture_1369_tvoc_2_4,/home/mpetrick/repos/esp32-fever-dream/models/generated/digit_dataset/crops/validation/4/real_live_surveillance_20260629T1003Z_live_surveillance_20260629T1003Z_capture_1369_tvoc_2_4.png,tvoc_2,4,2,79
test,real_live_surveillance_20260629T1003Z_live_surveillance_20260629T1003Z_capture_1371_co2_3_9,/home/mpetrick/repos/esp32-fever-dream/models/generated/digit_dataset/crops/test/9/real_live_surveillance_20260629T1003Z_live_surveillance_20260629T1003Z_capture_1371_co2_3_9.png,co2_3,9,5,49
test,real_live_surveillance_20260629T1003Z_live_surveillance_20260629T1003Z_capture_1371_hcho_3_7,/home/mpetrick/repos/esp32-fever-dream/models/generated/digit_dataset/crops/test/7/real_live_surveillance_20260629T1003Z_live_surveillance_20260629T1003Z_capture_1371_hcho_3_7.png,hcho_3,7,8,57
test,real_live_surveillance_20260629T1003Z_live_surveillance_20260629T1003Z_capture_1371_tvoc_2_4,/home/mpetrick/repos/esp32-fever-dream/models/generated/digit_dataset/crops/test/4/real_live_surveillance_20260629T1003Z_live_surveillance_20260629T1003Z_capture_1371_tvoc_2_4.png,tvoc_2,4,2,82
validation,real_live_surveillance_20260629T1003Z_live_surveillance_20260629T1003Z_capture_1375_co2_3_9,/home/mpetrick/repos/esp32-fever-dream/models/generated/digit_dataset/crops/validation/9/real_live_surveillance_20260629T1003Z_live_surveillance_20260629T1003Z_capture_1375_co2_3_9.png,co2_3,9,5,51
validation,real_live_surveillance_20260629T1003Z_live_surveillance_20260629T1003Z_capture_1375_tvoc_2_4,/home/mpetrick/repos/esp32-fever-dream/models/generated/digit_dataset/crops/validation/4/real_live_surveillance_20260629T1003Z_live_surveillance_20260629T1003Z_capture_1375_tvoc_2_4.png,tvoc_2,4,2,83
test,real_live_surveillance_20260629T1003Z_live_surveillance_20260629T1003Z_capture_1379_tvoc_2_4,/home/mpetrick/repos/esp32-fever-dream/models/generated/digit_dataset/crops/test/4/real_live_surveillance_20260629T1003Z_live_surveillance_20260629T1003Z_capture_1379_tvoc_2_4.png,tvoc_2,4,2,82
validation,real_live_surveillance_20260629T1003Z_live_surveillance_20260629T1003Z_capture_1383_tvoc_2_4,/home/mpetrick/repos/esp32-fever-dream/models/generated/digit_dataset/crops/validation/4/real_live_surveillance_20260629T1003Z_live_surveillance_20260629T1003Z_capture_1383_tvoc_2_4.png,tvoc_2,4,2,58
test,real_live_surveillance_20260629T1003Z_live_surveillance_20260629T1003Z_capture_1385_co2_3_9,/home/mpetrick/repos/esp32-fever-dream/models/generated/digit_dataset/crops/test/9/real_live_surveillance_20260629T1003Z_live_surveillance_20260629T1003Z_capture_1385_co2_3_9.png,co2_3,9,5,48
test,real_live_surveillance_20260629T1003Z_live_surveillance_20260629T1003Z_capture_1385_tvoc_2_4,/home/mpetrick/repos/esp32-fever-dream/models/generated/digit_dataset/crops/test/4/real_live_surveillance_20260629T1003Z_live_surveillance_20260629T1003Z_capture_1385_tvoc_2_4.png,tvoc_2,4,2,80
validation,real_live_surveillance_20260629T1003Z_live_surveillance_20260629T1003Z_capture_1390_co2_3_9,/home/mpetrick/repos/esp32-fever-dream/models/generated/digit_dataset/crops/validation/9/real_live_surveillance_20260629T1003Z_live_surveillance_20260629T1003Z_capture_1390_co2_3_9.png,co2_3,9,5,49
validation,real_live_surveillance_20260629T1003Z_live_surveillance_20260629T1003Z_capture_1390_tvoc_2_4,/home/mpetrick/repos/esp32-fever-dream/models/generated/digit_dataset/crops/validation/4/real_live_surveillance_20260629T1003Z_live_surveillance_20260629T1003Z_capture_1390_tvoc_2_4.png,tvoc_2,4,2,82
test,real_live_surveillance_20260629T1003Z_live_surveillance_20260629T1003Z_capture_1392_co2_3_9,/home/mpetrick/repos/esp32-fever-dream/models/generated/digit_dataset/crops/test/9/real_live_surveillance_20260629T1003Z_live_surveillance_20260629T1003Z_capture_1392_co2_3_9.png,co2_3,9,5,49
test,real_live_surveillance_20260629T1003Z_live_surveillance_20260629T1003Z_capture_1392_tvoc_2_4,/home/mpetrick/repos/esp32-fever-dream/models/generated/digit_dataset/crops/test/4/real_live_surveillance_20260629T1003Z_live_surveillance_20260629T1003Z_capture_1392_tvoc_2_4.png,tvoc_2,4,2,82
validation,real_live_surveillance_20260629T1003Z_live_surveillance_20260629T1003Z_capture_1402_tvoc_1_0,/home/mpetrick/repos/esp32-fever-dream/models/generated/digit_dataset/crops/validation/0/real_live_surveillance_20260629T1003Z_live_surveillance_20260629T1003Z_capture_1402_tvoc_1_0.png,tvoc_1,0,2,83
test,real_live_surveillance_20260629T1003Z_live_surveillance_20260629T1003Z_capture_1405_tvoc_1_0,/home/mpetrick/repos/esp32-fever-dream/models/generated/digit_dataset/crops/test/0/real_live_surveillance_20260629T1003Z_live_surveillance_20260629T1003Z_capture_1405_tvoc_1_0.png,tvoc_1,0,2,79
validation,real_live_surveillance_20260629T1003Z_live_surveillance_20260629T1003Z_capture_1409_co2_2_6,/home/mpetrick/repos/esp32-fever-dream/models/generated/digit_dataset/crops/validation/6/real_live_surveillance_20260629T1003Z_live_surveillance_20260629T1003Z_capture_1409_co2_2_6.png,co2_2,6,2,74
validation,real_live_surveillance_20260629T1003Z_live_surveillance_20260629T1003Z_capture_1409_co2_3_5,/home/mpetrick/repos/esp32-fever-dream/models/generated/digit_dataset/crops/validation/5/real_live_surveillance_20260629T1003Z_live_surveillance_20260629T1003Z_capture_1409_co2_3_5.png,co2_3,5,9,54
validation,real_live_surveillance_20260629T1003Z_live_surveillance_20260629T1003Z_capture_1409_tvoc_1_0,/home/mpetrick/repos/esp32-fever-dream/models/generated/digit_dataset/crops/validation/0/real_live_surveillance_20260629T1003Z_live_surveillance_20260629T1003Z_capture_1409_tvoc_1_0.png,tvoc_1,0,2,28
test,real_live_surveillance_20260629T1003Z_live_surveillance_20260629T1003Z_capture_1411_tvoc_1_0,/home/mpetrick/repos/esp32-fever-dream/models/generated/digit_dataset/crops/test/0/real_live_surveillance_20260629T1003Z_live_surveillance_20260629T1003Z_capture_1411_tvoc_1_0.png,tvoc_1,0,2,81
validation,real_live_surveillance_20260629T1003Z_live_surveillance_20260629T1003Z_capture_1416_tvoc_1_0,/home/mpetrick/repos/esp32-fever-dream/models/generated/digit_dataset/crops/validation/0/real_live_surveillance_20260629T1003Z_live_surveillance_20260629T1003Z_capture_1416_tvoc_1_0.png,tvoc_1,0,2,83
test,real_live_surveillance_20260629T1003Z_live_surveillance_20260629T1003Z_capture_1418_tvoc_1_0,/home/mpetrick/repos/esp32-fever-dream/models/generated/digit_dataset/crops/test/0/real_live_surveillance_20260629T1003Z_live_surveillance_20260629T1003Z_capture_1418_tvoc_1_0.png,tvoc_1,0,2,79
validation,real_live_surveillance_20260629T1003Z_live_surveillance_20260629T1003Z_capture_1424_tvoc_1_2,/home/mpetrick/repos/esp32-fever-dream/models/generated/digit_dataset/crops/validation/2/real_live_surveillance_20260629T1003Z_live_surveillance_20260629T1003Z_capture_1424_tvoc_1_2.png,tvoc_1,2,0,30
test,real_live_surveillance_20260629T1003Z_live_surveillance_20260629T1003Z_capture_1434_co2_3_9,/home/mpetrick/repos/esp32-fever-dream/models/generated/digit_dataset/crops/test/9/real_live_surveillance_20260629T1003Z_live_surveillance_20260629T1003Z_capture_1434_co2_3_9.png,co2_3,9,5,51
test,real_live_surveillance_20260629T1003Z_live_surveillance_20260629T1003Z_capture_1434_tvoc_1_0,/home/mpetrick/repos/esp32-fever-dream/models/generated/digit_dataset/crops/test/0/real_live_surveillance_20260629T1003Z_live_surveillance_20260629T1003Z_capture_1434_tvoc_1_0.png,tvoc_1,0,2,81
test,real_live_surveillance_20260629T1003Z_live_surveillance_20260629T1003Z_capture_1434_tvoc_2_4,/home/mpetrick/repos/esp32-fever-dream/models/generated/digit_dataset/crops/test/4/real_live_surveillance_20260629T1003Z_live_surveillance_20260629T1003Z_capture_1434_tvoc_2_4.png,tvoc_2,4,2,80
validation,real_live_surveillance_20260629T1003Z_live_surveillance_20260629T1003Z_capture_1447_tvoc_1_0,/home/mpetrick/repos/esp32-fever-dream/models/generated/digit_dataset/crops/validation/0/real_live_surveillance_20260629T1003Z_live_surveillance_20260629T1003Z_capture_1447_tvoc_1_0.png,tvoc_1,0,2,77
test,real_live_surveillance_20260629T1003Z_live_surveillance_20260629T1003Z_capture_1449_tvoc_1_0,/home/mpetrick/repos/esp32-fever-dream/models/generated/digit_dataset/crops/test/0/real_live_surveillance_20260629T1003Z_live_surveillance_20260629T1003Z_capture_1449_tvoc_1_0.png,tvoc_1,0,2,81
validation,real_live_surveillance_20260629T1003Z_live_surveillance_20260629T1003Z_capture_1455_tvoc_1_0,/home/mpetrick/repos/esp32-fever-dream/models/generated/digit_dataset/crops/validation/0/real_live_surveillance_20260629T1003Z_live_surveillance_20260629T1003Z_capture_1455_tvoc_1_0.png,tvoc_1,0,2,80
test,real_live_surveillance_20260629T1003Z_live_surveillance_20260629T1003Z_capture_1457_tvoc_1_0,/home/mpetrick/repos/esp32-fever-dream/models/generated/digit_dataset/crops/test/0/real_live_surveillance_20260629T1003Z_live_surveillance_20260629T1003Z_capture_1457_tvoc_1_0.png,tvoc_1,0,2,80
validation,real_live_surveillance_20260629T1003Z_live_surveillance_20260629T1003Z_capture_1525_co2_3_0,/home/mpetrick/repos/esp32-fever-dream/models/generated/digit_dataset/crops/validation/0/real_live_surveillance_20260629T1003Z_live_surveillance_20260629T1003Z_capture_1525_co2_3_0.png,co2_3,0,4,42
validation,real_live_surveillance_20260629T1003Z_live_surveillance_20260629T1003Z_capture_1525_hcho_0_0,/home/mpetrick/repos/esp32-fever-dream/models/generated/digit_dataset/crops/validation/0/real_live_surveillance_20260629T1003Z_live_surveillance_20260629T1003Z_capture_1525_hcho_0_0.png,hcho_0,0,3,28
validation,real_live_surveillance_20260629T1003Z_live_surveillance_20260629T1003Z_capture_1525_hcho_1_0,/home/mpetrick/repos/esp32-fever-dream/models/generated/digit_dataset/crops/validation/0/real_live_surveillance_20260629T1003Z_live_surveillance_20260629T1003Z_capture_1525_hcho_1_0.png,hcho_1,0,3,38
validation,real_live_surveillance_20260629T1003Z_live_surveillance_20260629T1003Z_capture_1525_tvoc_2_3,/home/mpetrick/repos/esp32-fever-dream/models/generated/digit_dataset/crops/validation/3/real_live_surveillance_20260629T1003Z_live_surveillance_20260629T1003Z_capture_1525_tvoc_2_3.png,tvoc_2,3,0,67
validation,real_live_surveillance_20260629T1003Z_live_surveillance_20260629T1003Z_capture_1525_tvoc_3_6,/home/mpetrick/repos/esp32-fever-dream/models/generated/digit_dataset/crops/validation/6/real_live_surveillance_20260629T1003Z_live_surveillance_20260629T1003Z_capture_1525_tvoc_3_6.png,tvoc_3,6,5,58
test,real_live_surveillance_20260629T1003Z_live_surveillance_20260629T1003Z_capture_1528_co2_0_0,/home/mpetrick/repos/esp32-fever-dream/models/generated/digit_dataset/crops/test/0/real_live_surveillance_20260629T1003Z_live_surveillance_20260629T1003Z_capture_1528_co2_0_0.png,co2_0,0,1,44
test,real_live_surveillance_20260629T1003Z_live_surveillance_20260629T1003Z_capture_1528_co2_1_4,/home/mpetrick/repos/esp32-fever-dream/models/generated/digit_dataset/crops/test/4/real_live_surveillance_20260629T1003Z_live_surveillance_20260629T1003Z_capture_1528_co2_1_4.png,co2_1,4,5,60
test,real_live_surveillance_20260629T1003Z_live_surveillance_20260629T1003Z_capture_1528_co2_3_0,/home/mpetrick/repos/esp32-fever-dream/models/generated/digit_dataset/crops/test/0/real_live_surveillance_20260629T1003Z_live_surveillance_20260629T1003Z_capture_1528_co2_3_0.png,co2_3,0,6,82
test,real_live_surveillance_20260629T1003Z_live_surveillance_20260629T1003Z_capture_1528_hcho_0_0,/home/mpetrick/repos/esp32-fever-dream/models/generated/digit_dataset/crops/test/0/real_live_surveillance_20260629T1003Z_live_surveillance_20260629T1003Z_capture_1528_hcho_0_0.png,hcho_0,0,5,47
test,real_live_surveillance_20260629T1003Z_live_surveillance_20260629T1003Z_capture_1528_hcho_1_0,/home/mpetrick/repos/esp32-fever-dream/models/generated/digit_dataset/crops/test/0/real_live_surveillance_20260629T1003Z_live_surveillance_20260629T1003Z_capture_1528_hcho_1_0.png,hcho_1,0,6,71
test,real_live_surveillance_20260629T1003Z_live_surveillance_20260629T1003Z_capture_1528_tvoc_0_0,/home/mpetrick/repos/esp32-fever-dream/models/generated/digit_dataset/crops/test/0/real_live_surveillance_20260629T1003Z_live_surveillance_20260629T1003Z_capture_1528_tvoc_0_0.png,tvoc_0,0,3,67
test,real_live_surveillance_20260629T1003Z_live_surveillance_20260629T1003Z_capture_1528_tvoc_2_3,/home/mpetrick/repos/esp32-fever-dream/models/generated/digit_dataset/crops/test/3/real_live_surveillance_20260629T1003Z_live_surveillance_20260629T1003Z_capture_1528_tvoc_2_3.png,tvoc_2,3,0,59
test,real_live_surveillance_20260629T1003Z_live_surveillance_20260629T1003Z_capture_1528_tvoc_3_6,/home/mpetrick/repos/esp32-fever-dream/models/generated/digit_dataset/crops/test/6/real_live_surveillance_20260629T1003Z_live_surveillance_20260629T1003Z_capture_1528_tvoc_3_6.png,tvoc_3,6,3,60
validation,real_live_surveillance_20260629T1003Z_live_surveillance_20260629T1003Z_capture_1534_co2_2_0,/home/mpetrick/repos/esp32-fever-dream/models/generated/digit_dataset/crops/validation/0/real_live_surveillance_20260629T1003Z_live_surveillance_20260629T1003Z_capture_1534_co2_2_0.png,co2_2,0,5,94
validation,real_live_surveillance_20260629T1003Z_live_surveillance_20260629T1003Z_capture_1534_hcho_0_0,/home/mpetrick/repos/esp32-fever-dream/models/generated/digit_dataset/crops/validation/0/real_live_surveillance_20260629T1003Z_live_surveillance_20260629T1003Z_capture_1534_hcho_0_0.png,hcho_0,0,1,86
validation,real_live_surveillance_20260629T1003Z_live_surveillance_20260629T1003Z_capture_1534_hcho_2_1,/home/mpetrick/repos/esp32-fever-dream/models/generated/digit_dataset/crops/validation/1/real_live_surveillance_20260629T1003Z_live_surveillance_20260629T1003Z_capture_1534_hcho_2_1.png,hcho_2,1,3,95
test,real_live_surveillance_20260629T1003Z_live_surveillance_20260629T1003Z_capture_1536_co2_1_4,/home/mpetrick/repos/esp32-fever-dream/models/generated/digit_dataset/crops/test/4/real_live_surveillance_20260629T1003Z_live_surveillance_20260629T1003Z_capture_1536_co2_1_4.png,co2_1,4,0,72
test,real_live_surveillance_20260629T1003Z_live_surveillance_20260629T1003Z_capture_1536_co2_2_0,/home/mpetrick/repos/esp32-fever-dream/models/generated/digit_dataset/crops/test/0/real_live_surveillance_20260629T1003Z_live_surveillance_20260629T1003Z_capture_1536_co2_2_0.png,co2_2,0,4,45
test,real_live_surveillance_20260629T1003Z_live_surveillance_20260629T1003Z_capture_1536_co2_3_0,/home/mpetrick/repos/esp32-fever-dream/models/generated/digit_dataset/crops/test/0/real_live_surveillance_20260629T1003Z_live_surveillance_20260629T1003Z_capture_1536_co2_3_0.png,co2_3,0,1,96
test,real_live_surveillance_20260629T1003Z_live_surveillance_20260629T1003Z_capture_1536_hcho_0_0,/home/mpetrick/repos/esp32-fever-dream/models/generated/digit_dataset/crops/test/0/real_live_surveillance_20260629T1003Z_live_surveillance_20260629T1003Z_capture_1536_hcho_0_0.png,hcho_0,0,2,77
test,real_live_surveillance_20260629T1003Z_live_surveillance_20260629T1003Z_capture_1536_hcho_3_3,/home/mpetrick/repos/esp32-fever-dream/models/generated/digit_dataset/crops/test/3/real_live_surveillance_20260629T1003Z_live_surveillance_20260629T1003Z_capture_1536_hcho_3_3.png,hcho_3,3,5,45
test,real_live_surveillance_20260629T1003Z_live_surveillance_20260629T1003Z_capture_1536_tvoc_0_0,/home/mpetrick/repos/esp32-fever-dream/models/generated/digit_dataset/crops/test/0/real_live_surveillance_20260629T1003Z_live_surveillance_20260629T1003Z_capture_1536_tvoc_0_0.png,tvoc_0,0,3,53
test,real_live_surveillance_20260629T1003Z_live_surveillance_20260629T1003Z_capture_1536_tvoc_1_0,/home/mpetrick/repos/esp32-fever-dream/models/generated/digit_dataset/crops/test/0/real_live_surveillance_20260629T1003Z_live_surveillance_20260629T1003Z_capture_1536_tvoc_1_0.png,tvoc_1,0,1,80
test,real_live_surveillance_20260629T1003Z_live_surveillance_20260629T1003Z_capture_1536_tvoc_2_3,/home/mpetrick/repos/esp32-fever-dream/models/generated/digit_dataset/crops/test/3/real_live_surveillance_20260629T1003Z_live_surveillance_20260629T1003Z_capture_1536_tvoc_2_3.png,tvoc_2,3,0,89
test,real_live_surveillance_20260629T1003Z_live_surveillance_20260629T1003Z_capture_1536_tvoc_3_6,/home/mpetrick/repos/esp32-fever-dream/models/generated/digit_dataset/crops/test/6/real_live_surveillance_20260629T1003Z_live_surveillance_20260629T1003Z_capture_1536_tvoc_3_6.png,tvoc_3,6,0,60
test,real_live_surveillance_20260629T1003Z_live_surveillance_20260629T1003Z_capture_1536_temp_0_2,/home/mpetrick/repos/esp32-fever-dream/models/generated/digit_dataset/crops/test/2/real_live_surveillance_20260629T1003Z_live_surveillance_20260629T1003Z_capture_1536_temp_0_2.png,temp_0,2,1,96
test,real_live_surveillance_20260629T1003Z_live_surveillance_20260629T1003Z_capture_1536_humidity_1_5,/home/mpetrick/repos/esp32-fever-dream/models/generated/digit_dataset/crops/test/5/real_live_surveillance_20260629T1003Z_live_surveillance_20260629T1003Z_capture_1536_humidity_1_5.png,humidity_1,5,3,42
validation,real_live_surveillance_20260629T1003Z_live_surveillance_20260629T1003Z_capture_1541_co2_0_0,/home/mpetrick/repos/esp32-fever-dream/models/generated/digit_dataset/crops/validation/0/real_live_surveillance_20260629T1003Z_live_surveillance_20260629T1003Z_capture_1541_co2_0_0.png,co2_0,0,4,57
validation,real_live_surveillance_20260629T1003Z_live_surveillance_20260629T1003Z_capture_1541_co2_1_4,/home/mpetrick/repos/esp32-fever-dream/models/generated/digit_dataset/crops/validation/4/real_live_surveillance_20260629T1003Z_live_surveillance_20260629T1003Z_capture_1541_co2_1_4.png,co2_1,4,0,94
validation,real_live_surveillance_20260629T1003Z_live_surveillance_20260629T1003Z_capture_1541_hcho_0_0,/home/mpetrick/repos/esp32-fever-dream/models/generated/digit_dataset/crops/validation/0/real_live_surveillance_20260629T1003Z_live_surveillance_20260629T1003Z_capture_1541_hcho_0_0.png,hcho_0,0,1,77
validation,real_live_surveillance_20260629T1003Z_live_surveillance_20260629T1003Z_capture_1541_hcho_1_0,/home/mpetrick/repos/esp32-fever-dream/models/generated/digit_dataset/crops/validation/0/real_live_surveillance_20260629T1003Z_live_surveillance_20260629T1003Z_capture_1541_hcho_1_0.png,hcho_1,0,3,93
validation,real_live_surveillance_20260629T1003Z_live_surveillance_20260629T1003Z_capture_1541_tvoc_0_0,/home/mpetrick/repos/esp32-fever-dream/models/generated/digit_dataset/crops/validation/0/real_live_surveillance_20260629T1003Z_live_surveillance_20260629T1003Z_capture_1541_tvoc_0_0.png,tvoc_0,0,1,72
validation,real_live_surveillance_20260629T1003Z_live_surveillance_20260629T1003Z_capture_1541_tvoc_3_6,/home/mpetrick/repos/esp32-fever-dream/models/generated/digit_dataset/crops/validation/6/real_live_surveillance_20260629T1003Z_live_surveillance_20260629T1003Z_capture_1541_tvoc_3_6.png,tvoc_3,6,0,73
test,real_live_surveillance_20260629T1003Z_live_surveillance_20260629T1003Z_capture_1543_tvoc_2_3,/home/mpetrick/repos/esp32-fever-dream/models/generated/digit_dataset/crops/test/3/real_live_surveillance_20260629T1003Z_live_surveillance_20260629T1003Z_capture_1543_tvoc_2_3.png,tvoc_2,3,1,74
test,real_live_surveillance_20260629T1003Z_live_surveillance_20260629T1003Z_capture_1543_tvoc_3_6,/home/mpetrick/repos/esp32-fever-dream/models/generated/digit_dataset/crops/test/6/real_live_surveillance_20260629T1003Z_live_surveillance_20260629T1003Z_capture_1543_tvoc_3_6.png,tvoc_3,6,0,76
validation,real_live_surveillance_20260629T1003Z_live_surveillance_20260629T1003Z_capture_1555_co2_0_0,/home/mpetrick/repos/esp32-fever-dream/models/generated/digit_dataset/crops/validation/0/real_live_surveillance_20260629T1003Z_live_surveillance_20260629T1003Z_capture_1555_co2_0_0.png,co2_0,0,1,56
validation,real_live_surveillance_20260629T1003Z_live_surveillance_20260629T1003Z_capture_1555_co2_1_4,/home/mpetrick/repos/esp32-fever-dream/models/generated/digit_dataset/crops/validation/4/real_live_surveillance_20260629T1003Z_live_surveillance_20260629T1003Z_capture_1555_co2_1_4.png,co2_1,4,5,42
validation,real_live_surveillance_20260629T1003Z_live_surveillance_20260629T1003Z_capture_1555_hcho_0_0,/home/mpetrick/repos/esp32-fever-dream/models/generated/digit_dataset/crops/validation/0/real_live_surveillance_20260629T1003Z_live_surveillance_20260629T1003Z_capture_1555_hcho_0_0.png,hcho_0,0,1,96
validation,real_live_surveillance_20260629T1003Z_live_surveillance_20260629T1003Z_capture_1555_hcho_2_1,/home/mpetrick/repos/esp32-fever-dream/models/generated/digit_dataset/crops/validation/1/real_live_surveillance_20260629T1003Z_live_surveillance_20260629T1003Z_capture_1555_hcho_2_1.png,hcho_2,1,3,57
validation,real_live_surveillance_20260629T1003Z_live_surveillance_20260629T1003Z_capture_1555_tvoc_2_3,/home/mpetrick/repos/esp32-fever-dream/models/generated/digit_dataset/crops/validation/3/real_live_surveillance_20260629T1003Z_live_surveillance_20260629T1003Z_capture_1555_tvoc_2_3.png,tvoc_2,3,1,49
test,real_live_surveillance_20260629T1003Z_live_surveillance_20260629T1003Z_capture_1562_co2_1_4,/home/mpetrick/repos/esp32-fever-dream/models/generated/digit_dataset/crops/test/4/real_live_surveillance_20260629T1003Z_live_surveillance_20260629T1003Z_capture_1562_co2_1_4.png,co2_1,4,5,35
test,real_live_surveillance_20260629T1003Z_live_surveillance_20260629T1003Z_capture_1562_co2_2_5,/home/mpetrick/repos/esp32-fever-dream/models/generated/digit_dataset/crops/test/5/real_live_surveillance_20260629T1003Z_live_surveillance_20260629T1003Z_capture_1562_co2_2_5.png,co2_2,5,0,96
test,real_live_surveillance_20260629T1003Z_live_surveillance_20260629T1003Z_capture_1562_co2_3_6,/home/mpetrick/repos/esp32-fever-dream/models/generated/digit_dataset/crops/test/6/real_live_surveillance_20260629T1003Z_live_surveillance_20260629T1003Z_capture_1562_co2_3_6.png,co2_3,6,5,61
test,real_live_surveillance_20260629T1003Z_live_surveillance_20260629T1003Z_capture_1562_hcho_1_0,/home/mpetrick/repos/esp32-fever-dream/models/generated/digit_dataset/crops/test/0/real_live_surveillance_20260629T1003Z_live_surveillance_20260629T1003Z_capture_1562_hcho_1_0.png,hcho_1,0,3,80
test,real_live_surveillance_20260629T1003Z_live_surveillance_20260629T1003Z_capture_1562_hcho_3_3,/home/mpetrick/repos/esp32-fever-dream/models/generated/digit_dataset/crops/test/3/real_live_surveillance_20260629T1003Z_live_surveillance_20260629T1003Z_capture_1562_hcho_3_3.png,hcho_3,3,0,63
test,real_live_surveillance_20260629T1003Z_live_surveillance_20260629T1003Z_capture_1562_tvoc_0_0,/home/mpetrick/repos/esp32-fever-dream/models/generated/digit_dataset/crops/test/0/real_live_surveillance_20260629T1003Z_live_surveillance_20260629T1003Z_capture_1562_tvoc_0_0.png,tvoc_0,0,6,65
test,real_live_surveillance_20260629T1003Z_live_surveillance_20260629T1003Z_capture_1562_tvoc_3_6,/home/mpetrick/repos/esp32-fever-dream/models/generated/digit_dataset/crops/test/6/real_live_surveillance_20260629T1003Z_live_surveillance_20260629T1003Z_capture_1562_tvoc_3_6.png,tvoc_3,6,5,42
validation,real_live_surveillance_20260629T1003Z_live_surveillance_20260629T1003Z_capture_1582_co2_1_4,/home/mpetrick/repos/esp32-fever-dream/models/generated/digit_dataset/crops/validation/4/real_live_surveillance_20260629T1003Z_live_surveillance_20260629T1003Z_capture_1582_co2_1_4.png,co2_1,4,6,39
validation,real_live_surveillance_20260629T1003Z_live_surveillance_20260629T1003Z_capture_1582_co2_3_0,/home/mpetrick/repos/esp32-fever-dream/models/generated/digit_dataset/crops/validation/0/real_live_surveillance_20260629T1003Z_live_surveillance_20260629T1003Z_capture_1582_co2_3_0.png,co2_3,0,1,56
validation,real_live_surveillance_20260629T1003Z_live_surveillance_20260629T1003Z_capture_1582_hcho_0_0,/home/mpetrick/repos/esp32-fever-dream/models/generated/digit_dataset/crops/validation/0/real_live_surveillance_20260629T1003Z_live_surveillance_20260629T1003Z_capture_1582_hcho_0_0.png,hcho_0,0,8,53
validation,real_live_surveillance_20260629T1003Z_live_surveillance_20260629T1003Z_capture_1582_hcho_3_3,/home/mpetrick/repos/esp32-fever-dream/models/generated/digit_dataset/crops/validation/3/real_live_surveillance_20260629T1003Z_live_surveillance_20260629T1003Z_capture_1582_hcho_3_3.png,hcho_3,3,0,88
validation,real_live_surveillance_20260629T1003Z_live_surveillance_20260629T1003Z_capture_1582_tvoc_0_0,/home/mpetrick/repos/esp32-fever-dream/models/generated/digit_dataset/crops/validation/0/real_live_surveillance_20260629T1003Z_live_surveillance_20260629T1003Z_capture_1582_tvoc_0_0.png,tvoc_0,0,3,36
validation,real_live_surveillance_20260629T1003Z_live_surveillance_20260629T1003Z_capture_1582_tvoc_2_3,/home/mpetrick/repos/esp32-fever-dream/models/generated/digit_dataset/crops/validation/3/real_live_surveillance_20260629T1003Z_live_surveillance_20260629T1003Z_capture_1582_tvoc_2_3.png,tvoc_2,3,0,54
test,real_live_surveillance_20260629T1003Z_live_surveillance_20260629T1003Z_capture_1584_co2_0_0,/home/mpetrick/repos/esp32-fever-dream/models/generated/digit_dataset/crops/test/0/real_live_surveillance_20260629T1003Z_live_surveillance_20260629T1003Z_capture_1584_co2_0_0.png,co2_0,0,1,56
test,real_live_surveillance_20260629T1003Z_live_surveillance_20260629T1003Z_capture_1584_co2_1_4,/home/mpetrick/repos/esp32-fever-dream/models/generated/digit_dataset/crops/test/4/real_live_surveillance_20260629T1003Z_live_surveillance_20260629T1003Z_capture_1584_co2_1_4.png,co2_1,4,3,33
test,real_live_surveillance_20260629T1003Z_live_surveillance_20260629T1003Z_capture_1584_co2_2_5,/home/mpetrick/repos/esp32-fever-dream/models/generated/digit_dataset/crops/test/5/real_live_surveillance_20260629T1003Z_live_surveillance_20260629T1003Z_capture_1584_co2_2_5.png,co2_2,5,0,92
test,real_live_surveillance_20260629T1003Z_live_surveillance_20260629T1003Z_capture_1584_co2_3_6,/home/mpetrick/repos/esp32-fever-dream/models/generated/digit_dataset/crops/test/6/real_live_surveillance_20260629T1003Z_live_surveillance_20260629T1003Z_capture_1584_co2_3_6.png,co2_3,6,5,42
test,real_live_surveillance_20260629T1003Z_live_surveillance_20260629T1003Z_capture_1584_tvoc_2_3,/home/mpetrick/repos/esp32-fever-dream/models/generated/digit_dataset/crops/test/3/real_live_surveillance_20260629T1003Z_live_surveillance_20260629T1003Z_capture_1584_tvoc_2_3.png,tvoc_2,3,5,46
validation,real_live_surveillance_20260629T1003Z_live_surveillance_20260629T1003Z_capture_1596_co2_0_0,/home/mpetrick/repos/esp32-fever-dream/models/generated/digit_dataset/crops/validation/0/real_live_surveillance_20260629T1003Z_live_surveillance_20260629T1003Z_capture_1596_co2_0_0.png,co2_0,0,3,97
validation,real_live_surveillance_20260629T1003Z_live_surveillance_20260629T1003Z_capture_1596_co2_1_4,/home/mpetrick/repos/esp32-fever-dream/models/generated/digit_dataset/crops/validation/4/real_live_surveillance_20260629T1003Z_live_surveillance_20260629T1003Z_capture_1596_co2_1_4.png,co2_1,4,0,47
validation,real_live_surveillance_20260629T1003Z_live_surveillance_20260629T1003Z_capture_1596_hcho_0_0,/home/mpetrick/repos/esp32-fever-dream/models/generated/digit_dataset/crops/validation/0/real_live_surveillance_20260629T1003Z_live_surveillance_20260629T1003Z_capture_1596_hcho_0_0.png,hcho_0,0,4,45
validation,real_live_surveillance_20260629T1003Z_live_surveillance_20260629T1003Z_capture_1596_hcho_2_1,/home/mpetrick/repos/esp32-fever-dream/models/generated/digit_dataset/crops/validation/1/real_live_surveillance_20260629T1003Z_live_surveillance_20260629T1003Z_capture_1596_hcho_2_1.png,hcho_2,1,5,57
validation,real_live_surveillance_20260629T1003Z_live_surveillance_20260629T1003Z_capture_1596_hcho_3_3,/home/mpetrick/repos/esp32-fever-dream/models/generated/digit_dataset/crops/validation/3/real_live_surveillance_20260629T1003Z_live_surveillance_20260629T1003Z_capture_1596_hcho_3_3.png,hcho_3,3,0,57
test,real_live_surveillance_20260629T1003Z_live_surveillance_20260629T1003Z_capture_1598_co2_0_0,/home/mpetrick/repos/esp32-fever-dream/models/generated/digit_dataset/crops/test/0/real_live_surveillance_20260629T1003Z_live_surveillance_20260629T1003Z_capture_1598_co2_0_0.png,co2_0,0,1,80
test,real_live_surveillance_20260629T1003Z_live_surveillance_20260629T1003Z_capture_1598_co2_1_4,/home/mpetrick/repos/esp32-fever-dream/models/generated/digit_dataset/crops/test/4/real_live_surveillance_20260629T1003Z_live_surveillance_20260629T1003Z_capture_1598_co2_1_4.png,co2_1,4,5,96
test,real_live_surveillance_20260629T1003Z_live_surveillance_20260629T1003Z_capture_1598_tvoc_0_0,/home/mpetrick/repos/esp32-fever-dream/models/generated/digit_dataset/crops/test/0/real_live_surveillance_20260629T1003Z_live_surveillance_20260629T1003Z_capture_1598_tvoc_0_0.png,tvoc_0,0,2,41
validation,real_live_surveillance_20260629T1003Z_live_surveillance_20260629T1003Z_capture_1602_co2_3_0,/home/mpetrick/repos/esp32-fever-dream/models/generated/digit_dataset/crops/validation/0/real_live_surveillance_20260629T1003Z_live_surveillance_20260629T1003Z_capture_1602_co2_3_0.png,co2_3,0,2,67
validation,real_live_surveillance_20260629T1003Z_live_surveillance_20260629T1003Z_capture_1602_hcho_1_0,/home/mpetrick/repos/esp32-fever-dream/models/generated/digit_dataset/crops/validation/0/real_live_surveillance_20260629T1003Z_live_surveillance_20260629T1003Z_capture_1602_hcho_1_0.png,hcho_1,0,5,48
validation,real_live_surveillance_20260629T1003Z_live_surveillance_20260629T1003Z_capture_1602_hcho_2_1,/home/mpetrick/repos/esp32-fever-dream/models/generated/digit_dataset/crops/validation/1/real_live_surveillance_20260629T1003Z_live_surveillance_20260629T1003Z_capture_1602_hcho_2_1.png,hcho_2,1,6,32
validation,real_live_surveillance_20260629T1003Z_live_surveillance_20260629T1003Z_capture_1602_tvoc_1_0,/home/mpetrick/repos/esp32-fever-dream/models/generated/digit_dataset/crops/validation/0/real_live_surveillance_20260629T1003Z_live_surveillance_20260629T1003Z_capture_1602_tvoc_1_0.png,tvoc_1,0,1,100
validation,real_live_surveillance_20260629T1003Z_live_surveillance_20260629T1003Z_capture_1602_tvoc_3_6,/home/mpetrick/repos/esp32-fever-dream/models/generated/digit_dataset/crops/validation/6/real_live_surveillance_20260629T1003Z_live_surveillance_20260629T1003Z_capture_1602_tvoc_3_6.png,tvoc_3,6,1,62
validation,real_live_surveillance_20260629T1003Z_live_surveillance_20260629T1003Z_capture_1602_humidity_1_5,/home/mpetrick/repos/esp32-fever-dream/models/generated/digit_dataset/crops/validation/5/real_live_surveillance_20260629T1003Z_live_surveillance_20260629T1003Z_capture_1602_humidity_1_5.png,humidity_1,5,3,27
test,real_live_surveillance_20260629T1003Z_live_surveillance_20260629T1003Z_capture_1606_co2_0_0,/home/mpetrick/repos/esp32-fever-dream/models/generated/digit_dataset/crops/test/0/real_live_surveillance_20260629T1003Z_live_surveillance_20260629T1003Z_capture_1606_co2_0_0.png,co2_0,0,5,95
test,real_live_surveillance_20260629T1003Z_live_surveillance_20260629T1003Z_capture_1606_co2_2_0,/home/mpetrick/repos/esp32-fever-dream/models/generated/digit_dataset/crops/test/0/real_live_surveillance_20260629T1003Z_live_surveillance_20260629T1003Z_capture_1606_co2_2_0.png,co2_2,0,1,94
test,real_live_surveillance_20260629T1003Z_live_surveillance_20260629T1003Z_capture_1606_hcho_0_0,/home/mpetrick/repos/esp32-fever-dream/models/generated/digit_dataset/crops/test/0/real_live_surveillance_20260629T1003Z_live_surveillance_20260629T1003Z_capture_1606_hcho_0_0.png,hcho_0,0,4,38
test,real_live_surveillance_20260629T1003Z_live_surveillance_20260629T1003Z_capture_1606_hcho_1_0,/home/mpetrick/repos/esp32-fever-dream/models/generated/digit_dataset/crops/test/0/real_live_surveillance_20260629T1003Z_live_surveillance_20260629T1003Z_capture_1606_hcho_1_0.png,hcho_1,0,6,94
test,real_live_surveillance_20260629T1003Z_live_surveillance_20260629T1003Z_capture_1606_hcho_3_3,/home/mpetrick/repos/esp32-fever-dream/models/generated/digit_dataset/crops/test/3/real_live_surveillance_20260629T1003Z_live_surveillance_20260629T1003Z_capture_1606_hcho_3_3.png,hcho_3,3,8,56
test,real_live_surveillance_20260629T1003Z_live_surveillance_20260629T1003Z_capture_1606_tvoc_1_0,/home/mpetrick/repos/esp32-fever-dream/models/generated/digit_dataset/crops/test/0/real_live_surveillance_20260629T1003Z_live_surveillance_20260629T1003Z_capture_1606_tvoc_1_0.png,tvoc_1,0,6,75
test,real_live_surveillance_20260629T1003Z_live_surveillance_20260629T1003Z_capture_1606_tvoc_2_3,/home/mpetrick/repos/esp32-fever-dream/models/generated/digit_dataset/crops/test/3/real_live_surveillance_20260629T1003Z_live_surveillance_20260629T1003Z_capture_1606_tvoc_2_3.png,tvoc_2,3,6,92
test,real_live_surveillance_20260629T1003Z_live_surveillance_20260629T1003Z_capture_1606_tvoc_3_6,/home/mpetrick/repos/esp32-fever-dream/models/generated/digit_dataset/crops/test/6/real_live_surveillance_20260629T1003Z_live_surveillance_20260629T1003Z_capture_1606_tvoc_3_6.png,tvoc_3,6,4,55
validation,real_live_surveillance_20260629T1003Z_live_surveillance_20260629T1003Z_capture_1610_co2_1_4,/home/mpetrick/repos/esp32-fever-dream/models/generated/digit_dataset/crops/validation/4/real_live_surveillance_20260629T1003Z_live_surveillance_20260629T1003Z_capture_1610_co2_1_4.png,co2_1,4,6,83
validation,real_live_surveillance_20260629T1003Z_live_surveillance_20260629T1003Z_capture_1610_hcho_3_3,/home/mpetrick/repos/esp32-fever-dream/models/generated/digit_dataset/crops/validation/3/real_live_surveillance_20260629T1003Z_live_surveillance_20260629T1003Z_capture_1610_hcho_3_3.png,hcho_3,3,0,63
validation,real_live_surveillance_20260629T1003Z_live_surveillance_20260629T1003Z_capture_1610_tvoc_0_0,/home/mpetrick/repos/esp32-fever-dream/models/generated/digit_dataset/crops/validation/0/real_live_surveillance_20260629T1003Z_live_surveillance_20260629T1003Z_capture_1610_tvoc_0_0.png,tvoc_0,0,6,52
validation,real_live_surveillance_20260629T1003Z_live_surveillance_20260629T1003Z_capture_1610_tvoc_3_6,/home/mpetrick/repos/esp32-fever-dream/models/generated/digit_dataset/crops/validation/6/real_live_surveillance_20260629T1003Z_live_surveillance_20260629T1003Z_capture_1610_tvoc_3_6.png,tvoc_3,6,3,64
test,real_live_surveillance_20260629T1003Z_live_surveillance_20260629T1003Z_capture_1612_co2_1_4,/home/mpetrick/repos/esp32-fever-dream/models/generated/digit_dataset/crops/test/4/real_live_surveillance_20260629T1003Z_live_surveillance_20260629T1003Z_capture_1612_co2_1_4.png,co2_1,4,1,30
test,real_live_surveillance_20260629T1003Z_live_surveillance_20260629T1003Z_capture_1612_co2_3_0,/home/mpetrick/repos/esp32-fever-dream/models/generated/digit_dataset/crops/test/0/real_live_surveillance_20260629T1003Z_live_surveillance_20260629T1003Z_capture_1612_co2_3_0.png,co2_3,0,1,38
test,real_live_surveillance_20260629T1003Z_live_surveillance_20260629T1003Z_capture_1612_hcho_1_0,/home/mpetrick/repos/esp32-fever-dream/models/generated/digit_dataset/crops/test/0/real_live_surveillance_20260629T1003Z_live_surveillance_20260629T1003Z_capture_1612_hcho_1_0.png,hcho_1,0,4,70
test,real_live_surveillance_20260629T1003Z_live_surveillance_20260629T1003Z_capture_1612_hcho_2_1,/home/mpetrick/repos/esp32-fever-dream/models/generated/digit_dataset/crops/test/1/real_live_surveillance_20260629T1003Z_live_surveillance_20260629T1003Z_capture_1612_hcho_2_1.png,hcho_2,1,0,76
test,real_live_surveillance_20260629T1003Z_live_surveillance_20260629T1003Z_capture_1612_hcho_3_3,/home/mpetrick/repos/esp32-fever-dream/models/generated/digit_dataset/crops/test/3/real_live_surveillance_20260629T1003Z_live_surveillance_20260629T1003Z_capture_1612_hcho_3_3.png,hcho_3,3,5,47
test,real_live_surveillance_20260629T1003Z_live_surveillance_20260629T1003Z_capture_1612_tvoc_0_0,/home/mpetrick/repos/esp32-fever-dream/models/generated/digit_dataset/crops/test/0/real_live_surveillance_20260629T1003Z_live_surveillance_20260629T1003Z_capture_1612_tvoc_0_0.png,tvoc_0,0,6,54
test,real_live_surveillance_20260629T1003Z_live_surveillance_20260629T1003Z_capture_1612_tvoc_1_0,/home/mpetrick/repos/esp32-fever-dream/models/generated/digit_dataset/crops/test/0/real_live_surveillance_20260629T1003Z_live_surveillance_20260629T1003Z_capture_1612_tvoc_1_0.png,tvoc_1,0,1,99
test,real_live_surveillance_20260629T1003Z_live_surveillance_20260629T1003Z_capture_1612_tvoc_3_6,/home/mpetrick/repos/esp32-fever-dream/models/generated/digit_dataset/crops/test/6/real_live_surveillance_20260629T1003Z_live_surveillance_20260629T1003Z_capture_1612_tvoc_3_6.png,tvoc_3,6,0,49
test,real_live_surveillance_20260629T1003Z_live_surveillance_20260629T1003Z_capture_1612_temp_1_3,/home/mpetrick/repos/esp32-fever-dream/models/generated/digit_dataset/crops/test/3/real_live_surveillance_20260629T1003Z_live_surveillance_20260629T1003Z_capture_1612_temp_1_3.png,temp_1,3,5,49
test,real_live_surveillance_20260629T1003Z_live_surveillance_20260629T1003Z_capture_1612_humidity_0_4,/home/mpetrick/repos/esp32-fever-dream/models/generated/digit_dataset/crops/test/4/real_live_surveillance_20260629T1003Z_live_surveillance_20260629T1003Z_capture_1612_humidity_0_4.png,humidity_0,4,5,81
test,real_live_surveillance_20260629T1003Z_live_surveillance_20260629T1003Z_capture_1612_humidity_1_5,/home/mpetrick/repos/esp32-fever-dream/models/generated/digit_dataset/crops/test/5/real_live_surveillance_20260629T1003Z_live_surveillance_20260629T1003Z_capture_1612_humidity_1_5.png,humidity_1,5,6,48
validation,real_live_surveillance_20260629T1003Z_live_surveillance_20260629T1003Z_capture_1617_co2_1_4,/home/mpetrick/repos/esp32-fever-dream/models/generated/digit_dataset/crops/validation/4/real_live_surveillance_20260629T1003Z_live_surveillance_20260629T1003Z_capture_1617_co2_1_4.png,co2_1,4,6,57
validation,real_live_surveillance_20260629T1003Z_live_surveillance_20260629T1003Z_capture_1617_co2_3_6,/home/mpetrick/repos/esp32-fever-dream/models/generated/digit_dataset/crops/validation/6/real_live_surveillance_20260629T1003Z_live_surveillance_20260629T1003Z_capture_1617_co2_3_6.png,co2_3,6,1,96
validation,real_live_surveillance_20260629T1003Z_live_surveillance_20260629T1003Z_capture_1617_hcho_0_0,/home/mpetrick/repos/esp32-fever-dream/models/generated/digit_dataset/crops/validation/0/real_live_surveillance_20260629T1003Z_live_surveillance_20260629T1003Z_capture_1617_hcho_0_0.png,hcho_0,0,5,32
validation,real_live_surveillance_20260629T1003Z_live_surveillance_20260629T1003Z_capture_1617_hcho_2_1,/home/mpetrick/repos/esp32-fever-dream/models/generated/digit_dataset/crops/validation/1/real_live_surveillance_20260629T1003Z_live_surveillance_20260629T1003Z_capture_1617_hcho_2_1.png,hcho_2,1,5,45
validation,real_live_surveillance_20260629T1003Z_live_surveillance_20260629T1003Z_capture_1617_hcho_3_3,/home/mpetrick/repos/esp32-fever-dream/models/generated/digit_dataset/crops/validation/3/real_live_surveillance_20260629T1003Z_live_surveillance_20260629T1003Z_capture_1617_hcho_3_3.png,hcho_3,3,0,67
validation,real_live_surveillance_20260629T1003Z_live_surveillance_20260629T1003Z_capture_1617_tvoc_1_0,/home/mpetrick/repos/esp32-fever-dream/models/generated/digit_dataset/crops/validation/0/real_live_surveillance_20260629T1003Z_live_surveillance_20260629T1003Z_capture_1617_tvoc_1_0.png,tvoc_1,0,1,90
validation,real_live_surveillance_20260629T1003Z_live_surveillance_20260629T1003Z_capture_1617_tvoc_2_3,/home/mpetrick/repos/esp32-fever-dream/models/generated/digit_dataset/crops/validation/3/real_live_surveillance_20260629T1003Z_live_surveillance_20260629T1003Z_capture_1617_tvoc_2_3.png,tvoc_2,3,0,91
validation,real_live_surveillance_20260629T1003Z_live_surveillance_20260629T1003Z_capture_1617_tvoc_3_6,/home/mpetrick/repos/esp32-fever-dream/models/generated/digit_dataset/crops/validation/6/real_live_surveillance_20260629T1003Z_live_surveillance_20260629T1003Z_capture_1617_tvoc_3_6.png,tvoc_3,6,3,88
validation,real_live_surveillance_20260629T1003Z_live_surveillance_20260629T1003Z_capture_1617_humidity_1_5,/home/mpetrick/repos/esp32-fever-dream/models/generated/digit_dataset/crops/validation/5/real_live_surveillance_20260629T1003Z_live_surveillance_20260629T1003Z_capture_1617_humidity_1_5.png,humidity_1,5,0,63
test,real_live_surveillance_20260629T1003Z_live_surveillance_20260629T1003Z_capture_1619_co2_0_0,/home/mpetrick/repos/esp32-fever-dream/models/generated/digit_dataset/crops/test/0/real_live_surveillance_20260629T1003Z_live_surveillance_20260629T1003Z_capture_1619_co2_0_0.png,co2_0,0,3,53
test,real_live_surveillance_20260629T1003Z_live_surveillance_20260629T1003Z_capture_1619_co2_2_0,/home/mpetrick/repos/esp32-fever-dream/models/generated/digit_dataset/crops/test/0/real_live_surveillance_20260629T1003Z_live_surveillance_20260629T1003Z_capture_1619_co2_2_0.png,co2_2,0,3,72
test,real_live_surveillance_20260629T1003Z_live_surveillance_20260629T1003Z_capture_1619_co2_3_0,/home/mpetrick/repos/esp32-fever-dream/models/generated/digit_dataset/crops/test/0/real_live_surveillance_20260629T1003Z_live_surveillance_20260629T1003Z_capture_1619_co2_3_0.png,co2_3,0,4,94
test,real_live_surveillance_20260629T1003Z_live_surveillance_20260629T1003Z_capture_1619_tvoc_0_0,/home/mpetrick/repos/esp32-fever-dream/models/generated/digit_dataset/crops/test/0/real_live_surveillance_20260629T1003Z_live_surveillance_20260629T1003Z_capture_1619_tvoc_0_0.png,tvoc_0,0,3,76
test,real_live_surveillance_20260629T1003Z_live_surveillance_20260629T1003Z_capture_1619_tvoc_1_0,/home/mpetrick/repos/esp32-fever-dream/models/generated/digit_dataset/crops/test/0/real_live_surveillance_20260629T1003Z_live_surveillance_20260629T1003Z_capture_1619_tvoc_1_0.png,tvoc_1,0,3,39
test,real_live_surveillance_20260629T1003Z_live_surveillance_20260629T1003Z_capture_1619_tvoc_2_3,/home/mpetrick/repos/esp32-fever-dream/models/generated/digit_dataset/crops/test/3/real_live_surveillance_20260629T1003Z_live_surveillance_20260629T1003Z_capture_1619_tvoc_2_3.png,tvoc_2,3,0,69
validation,real_live_surveillance_20260629T1003Z_live_surveillance_20260629T1003Z_capture_1623_co2_3_0,/home/mpetrick/repos/esp32-fever-dream/models/generated/digit_dataset/crops/validation/0/real_live_surveillance_20260629T1003Z_live_surveillance_20260629T1003Z_capture_1623_co2_3_0.png,co2_3,0,5,49
validation,real_live_surveillance_20260629T1003Z_live_surveillance_20260629T1003Z_capture_1623_hcho_3_3,/home/mpetrick/repos/esp32-fever-dream/models/generated/digit_dataset/crops/validation/3/real_live_surveillance_20260629T1003Z_live_surveillance_20260629T1003Z_capture_1623_hcho_3_3.png,hcho_3,3,0,87
validation,real_live_surveillance_20260629T1003Z_live_surveillance_20260629T1003Z_capture_1623_tvoc_0_0,/home/mpetrick/repos/esp32-fever-dream/models/generated/digit_dataset/crops/validation/0/real_live_surveillance_20260629T1003Z_live_surveillance_20260629T1003Z_capture_1623_tvoc_0_0.png,tvoc_0,0,3,56
validation,real_live_surveillance_20260629T1003Z_live_surveillance_20260629T1003Z_capture_1623_tvoc_1_0,/home/mpetrick/repos/esp32-fever-dream/models/generated/digit_dataset/crops/validation/0/real_live_surveillance_20260629T1003Z_live_surveillance_20260629T1003Z_capture_1623_tvoc_1_0.png,tvoc_1,0,6,91
validation,real_live_surveillance_20260629T1003Z_live_surveillance_20260629T1003Z_capture_1623_tvoc_3_6,/home/mpetrick/repos/esp32-fever-dream/models/generated/digit_dataset/crops/validation/6/real_live_surveillance_20260629T1003Z_live_surveillance_20260629T1003Z_capture_1623_tvoc_3_6.png,tvoc_3,6,0,34
test,real_live_surveillance_20260629T1003Z_live_surveillance_20260629T1003Z_capture_1626_co2_1_4,/home/mpetrick/repos/esp32-fever-dream/models/generated/digit_dataset/crops/test/4/real_live_surveillance_20260629T1003Z_live_surveillance_20260629T1003Z_capture_1626_co2_1_4.png,co2_1,4,6,59
test,real_live_surveillance_20260629T1003Z_live_surveillance_20260629T1003Z_capture_1626_co2_2_0,/home/mpetrick/repos/esp32-fever-dream/models/generated/digit_dataset/crops/test/0/real_live_surveillance_20260629T1003Z_live_surveillance_20260629T1003Z_capture_1626_co2_2_0.png,co2_2,0,5,68
test,real_live_surveillance_20260629T1003Z_live_surveillance_20260629T1003Z_capture_1626_co2_3_0,/home/mpetrick/repos/esp32-fever-dream/models/generated/digit_dataset/crops/test/0/real_live_surveillance_20260629T1003Z_live_surveillance_20260629T1003Z_capture_1626_co2_3_0.png,co2_3,0,1,89
test,real_live_surveillance_20260629T1003Z_live_surveillance_20260629T1003Z_capture_1626_hcho_0_0,/home/mpetrick/repos/esp32-fever-dream/models/generated/digit_dataset/crops/test/0/real_live_surveillance_20260629T1003Z_live_surveillance_20260629T1003Z_capture_1626_hcho_0_0.png,hcho_0,0,5,45
test,real_live_surveillance_20260629T1003Z_live_surveillance_20260629T1003Z_capture_1626_hcho_2_1,/home/mpetrick/repos/esp32-fever-dream/models/generated/digit_dataset/crops/test/1/real_live_surveillance_20260629T1003Z_live_surveillance_20260629T1003Z_capture_1626_hcho_2_1.png,hcho_2,1,3,68
test,real_live_surveillance_20260629T1003Z_live_surveillance_20260629T1003Z_capture_1626_hcho_3_3,/home/mpetrick/repos/esp32-fever-dream/models/generated/digit_dataset/crops/test/3/real_live_surveillance_20260629T1003Z_live_surveillance_20260629T1003Z_capture_1626_hcho_3_3.png,hcho_3,3,0,83
test,real_live_surveillance_20260629T1003Z_live_surveillance_20260629T1003Z_capture_1626_tvoc_0_0,/home/mpetrick/repos/esp32-fever-dream/models/generated/digit_dataset/crops/test/0/real_live_surveillance_20260629T1003Z_live_surveillance_20260629T1003Z_capture_1626_tvoc_0_0.png,tvoc_0,0,2,100
test,real_live_surveillance_20260629T1003Z_live_surveillance_20260629T1003Z_capture_1626_tvoc_1_0,/home/mpetrick/repos/esp32-fever-dream/models/generated/digit_dataset/crops/test/0/real_live_surveillance_20260629T1003Z_live_surveillance_20260629T1003Z_capture_1626_tvoc_1_0.png,tvoc_1,0,2,92
test,real_live_surveillance_20260629T1003Z_live_surveillance_20260629T1003Z_capture_1626_tvoc_3_6,/home/mpetrick/repos/esp32-fever-dream/models/generated/digit_dataset/crops/test/6/real_live_surveillance_20260629T1003Z_live_surveillance_20260629T1003Z_capture_1626_tvoc_3_6.png,tvoc_3,6,4,96
test,real_live_surveillance_20260629T1003Z_live_surveillance_20260629T1003Z_capture_1626_temp_0_2,/home/mpetrick/repos/esp32-fever-dream/models/generated/digit_dataset/crops/test/2/real_live_surveillance_20260629T1003Z_live_surveillance_20260629T1003Z_capture_1626_temp_0_2.png,temp_0,2,3,78
test,real_live_surveillance_20260629T1003Z_live_surveillance_20260629T1003Z_capture_1626_temp_1_3,/home/mpetrick/repos/esp32-fever-dream/models/generated/digit_dataset/crops/test/3/real_live_surveillance_20260629T1003Z_live_surveillance_20260629T1003Z_capture_1626_temp_1_3.png,temp_1,3,5,76
test,real_live_surveillance_20260629T1003Z_live_surveillance_20260629T1003Z_capture_1626_humidity_0_4,/home/mpetrick/repos/esp32-fever-dream/models/generated/digit_dataset/crops/test/4/real_live_surveillance_20260629T1003Z_live_surveillance_20260629T1003Z_capture_1626_humidity_0_4.png,humidity_0,4,0,64
test,real_live_surveillance_20260629T1003Z_live_surveillance_20260629T1003Z_capture_1626_humidity_1_5,/home/mpetrick/repos/esp32-fever-dream/models/generated/digit_dataset/crops/test/5/real_live_surveillance_20260629T1003Z_live_surveillance_20260629T1003Z_capture_1626_humidity_1_5.png,humidity_1,5,6,71
validation,real_live_surveillance_20260629T1003Z_live_surveillance_20260629T1003Z_capture_1633_co2_1_4,/home/mpetrick/repos/esp32-fever-dream/models/generated/digit_dataset/crops/validation/4/real_live_surveillance_20260629T1003Z_live_surveillance_20260629T1003Z_capture_1633_co2_1_4.png,co2_1,4,1,89
validation,real_live_surveillance_20260629T1003Z_live_surveillance_20260629T1003Z_capture_1633_co2_2_5,/home/mpetrick/repos/esp32-fever-dream/models/generated/digit_dataset/crops/validation/5/real_live_surveillance_20260629T1003Z_live_surveillance_20260629T1003Z_capture_1633_co2_2_5.png,co2_2,5,1,92
validation,real_live_surveillance_20260629T1003Z_live_surveillance_20260629T1003Z_capture_1633_co2_3_6,/home/mpetrick/repos/esp32-fever-dream/models/generated/digit_dataset/crops/validation/6/real_live_surveillance_20260629T1003Z_live_surveillance_20260629T1003Z_capture_1633_co2_3_6.png,co2_3,6,3,91
validation,real_live_surveillance_20260629T1003Z_live_surveillance_20260629T1003Z_capture_1633_hcho_0_0,/home/mpetrick/repos/esp32-fever-dream/models/generated/digit_dataset/crops/validation/0/real_live_surveillance_20260629T1003Z_live_surveillance_20260629T1003Z_capture_1633_hcho_0_0.png,hcho_0,0,4,92
validation,real_live_surveillance_20260629T1003Z_live_surveillance_20260629T1003Z_capture_1633_hcho_2_1,/home/mpetrick/repos/esp32-fever-dream/models/generated/digit_dataset/crops/validation/1/real_live_surveillance_20260629T1003Z_live_surveillance_20260629T1003Z_capture_1633_hcho_2_1.png,hcho_2,1,6,45
validation,real_live_surveillance_20260629T1003Z_live_surveillance_20260629T1003Z_capture_1633_hcho_3_3,/home/mpetrick/repos/esp32-fever-dream/models/generated/digit_dataset/crops/validation/3/real_live_surveillance_20260629T1003Z_live_surveillance_20260629T1003Z_capture_1633_hcho_3_3.png,hcho_3,3,5,83
validation,real_live_surveillance_20260629T1003Z_live_surveillance_20260629T1003Z_capture_1633_tvoc_2_3,/home/mpetrick/repos/esp32-fever-dream/models/generated/digit_dataset/crops/validation/3/real_live_surveillance_20260629T1003Z_live_surveillance_20260629T1003Z_capture_1633_tvoc_2_3.png,tvoc_2,3,0,82
validation,real_live_surveillance_20260629T1003Z_live_surveillance_20260629T1003Z_capture_1633_tvoc_3_6,/home/mpetrick/repos/esp32-fever-dream/models/generated/digit_dataset/crops/validation/6/real_live_surveillance_20260629T1003Z_live_surveillance_20260629T1003Z_capture_1633_tvoc_3_6.png,tvoc_3,6,1,87
validation,real_live_surveillance_20260629T1003Z_live_surveillance_20260629T1003Z_capture_1633_temp_1_3,/home/mpetrick/repos/esp32-fever-dream/models/generated/digit_dataset/crops/validation/3/real_live_surveillance_20260629T1003Z_live_surveillance_20260629T1003Z_capture_1633_temp_1_3.png,temp_1,3,0,30
test,real_live_surveillance_20260629T1003Z_live_surveillance_20260629T1003Z_capture_1636_co2_1_4,/home/mpetrick/repos/esp32-fever-dream/models/generated/digit_dataset/crops/test/4/real_live_surveillance_20260629T1003Z_live_surveillance_20260629T1003Z_capture_1636_co2_1_4.png,co2_1,4,0,69
test,real_live_surveillance_20260629T1003Z_live_surveillance_20260629T1003Z_capture_1636_co2_3_0,/home/mpetrick/repos/esp32-fever-dream/models/generated/digit_dataset/crops/test/0/real_live_surveillance_20260629T1003Z_live_surveillance_20260629T1003Z_capture_1636_co2_3_0.png,co2_3,0,6,51
test,real_live_surveillance_20260629T1003Z_live_surveillance_20260629T1003Z_capture_1636_hcho_0_0,/home/mpetrick/repos/esp32-fever-dream/models/generated/digit_dataset/crops/test/0/real_live_surveillance_20260629T1003Z_live_surveillance_20260629T1003Z_capture_1636_hcho_0_0.png,hcho_0,0,6,83
test,real_live_surveillance_20260629T1003Z_live_surveillance_20260629T1003Z_capture_1636_hcho_2_1,/home/mpetrick/repos/esp32-fever-dream/models/generated/digit_dataset/crops/test/1/real_live_surveillance_20260629T1003Z_live_surveillance_20260629T1003Z_capture_1636_hcho_2_1.png,hcho_2,1,6,79
test,real_live_surveillance_20260629T1003Z_live_surveillance_20260629T1003Z_capture_1636_hcho_3_3,/home/mpetrick/repos/esp32-fever-dream/models/generated/digit_dataset/crops/test/3/real_live_surveillance_20260629T1003Z_live_surveillance_20260629T1003Z_capture_1636_hcho_3_3.png,hcho_3,3,0,78
test,real_live_surveillance_20260629T1003Z_live_surveillance_20260629T1003Z_capture_1636_tvoc_2_3,/home/mpetrick/repos/esp32-fever-dream/models/generated/digit_dataset/crops/test/3/real_live_surveillance_20260629T1003Z_live_surveillance_20260629T1003Z_capture_1636_tvoc_2_3.png,tvoc_2,3,0,48
test,real_live_surveillance_20260629T1003Z_live_surveillance_20260629T1003Z_capture_1636_tvoc_3_6,/home/mpetrick/repos/esp32-fever-dream/models/generated/digit_dataset/crops/test/6/real_live_surveillance_20260629T1003Z_live_surveillance_20260629T1003Z_capture_1636_tvoc_3_6.png,tvoc_3,6,0,53
test,real_live_surveillance_20260629T1003Z_live_surveillance_20260629T1003Z_capture_1636_temp_0_2,/home/mpetrick/repos/esp32-fever-dream/models/generated/digit_dataset/crops/test/2/real_live_surveillance_20260629T1003Z_live_surveillance_20260629T1003Z_capture_1636_temp_0_2.png,temp_0,2,6,53
test,real_live_surveillance_20260629T1003Z_live_surveillance_20260629T1003Z_capture_1636_humidity_0_4,/home/mpetrick/repos/esp32-fever-dream/models/generated/digit_dataset/crops/test/4/real_live_surveillance_20260629T1003Z_live_surveillance_20260629T1003Z_capture_1636_humidity_0_4.png,humidity_0,4,0,35
test,real_live_surveillance_20260629T1003Z_live_surveillance_20260629T1003Z_capture_1636_humidity_1_5,/home/mpetrick/repos/esp32-fever-dream/models/generated/digit_dataset/crops/test/5/real_live_surveillance_20260629T1003Z_live_surveillance_20260629T1003Z_capture_1636_humidity_1_5.png,humidity_1,5,0,76
