sample_id,image_path,predicted_co2_ppm,predicted_hcho_raw,predicted_tvoc_raw,predicted_temperature_c,predicted_humidity_percent,predicted_digits,min_confidence_percent,digit_confidences_percent,group_min_confidences_percent,expected_co2_ppm,expected_hcho_raw,expected_tvoc_raw,expected_temperature_c,expected_humidity_percent,field_match,accepted,rejection_reason,should_accept,match
capture_0015,/home/mpetrick/repos/esp32-fever-dream/tools/dataset/captures/serial_timed_fast_20260627T1205Z/capture_0015.jpg,0662,0011,0112,28,46,0662001101122846,35,100/81/62/40/100/99/94/35/100/80/96/60/100/100/100/67,co2:40;hcho:35;tvoc:60;temperature:100;humidity:67,0838,0064,0178,28,46,co2:false;hcho:false;tvoc:false;temperature:true;humidity:true,false,confidence_below_threshold,true,false
capture_0018,/home/mpetrick/repos/esp32-fever-dream/tools/dataset/captures/serial_timed_fast_20260627T1205Z/capture_0018.jpg,0662,0051,0112,28,45,0662005101122845,29,100/70/48/50/100/99/78/29/100/80/97/54/100/100/100/91,co2:48;hcho:29;tvoc:54;temperature:100;humidity:91,0833,0064,0173,28,46,co2:false;hcho:false;tvoc:false;temperature:true;humidity:false,false,confidence_below_threshold,true,false
capture_0041,/home/mpetrick/repos/esp32-fever-dream/tools/dataset/captures/serial_timed_fast_20260627T1205Z/capture_0041.jpg,0752,0053,0113,28,45,0752005301132845,30,100/72/30/32/100/99/79/32/100/80/99/36/100/100/100/97,co2:30;hcho:32;tvoc:36;temperature:100;humidity:97,0833,0064,0173,28,46,co2:false;hcho:false;tvoc:false;temperature:true;humidity:false,false,confidence_below_threshold,true,false
capture_0044,/home/mpetrick/repos/esp32-fever-dream/tools/dataset/captures/serial_timed_fast_20260627T1205Z/capture_0044.jpg,0752,0053,0113,28,46,0752005301132846,26,100/70/35/26/100/99/79/33/100/83/98/43/100/100/100/65,co2:26;hcho:33;tvoc:43;temperature:100;humidity:65,0833,0054,0173,28,46,co2:false;hcho:false;tvoc:false;temperature:true;humidity:true,false,confidence_below_threshold,true,false
capture_0047,/home/mpetrick/repos/esp32-fever-dream/tools/dataset/captures/serial_timed_fast_20260627T1205Z/capture_0047.jpg,0752,0053,0113,28,46,0752005301132846,25,100/69/37/26/100/99/79/25/100/81/99/40/100/100/100/52,co2:26;hcho:25;tvoc:40;temperature:100;humidity:52,0833,0054,0173,28,46,co2:false;hcho:false;tvoc:false;temperature:true;humidity:true,false,confidence_below_threshold,true,false
capture_0053,/home/mpetrick/repos/esp32-fever-dream/tools/dataset/captures/serial_timed_fast_20260627T1205Z/capture_0053.jpg,0833,0064,0113,28,46,0833006401132846,73,100/89/100/99/100/100/89/98/100/93/97/82/100/100/100/73,co2:89;hcho:89;tvoc:82;temperature:100;humidity:73,0833,0054,0173,28,46,co2:true;hcho:false;tvoc:false;temperature:true;humidity:true,false,confidence_below_threshold,true,false
capture_0062,/home/mpetrick/repos/esp32-fever-dream/tools/dataset/captures/serial_timed_fast_20260627T1205Z/capture_0062.jpg,0827,0063,0116,28,46,0827006301162846,77,100/90/96/80/100/100/87/100/100/92/98/88/100/100/100/77,co2:80;hcho:87;tvoc:88;temperature:100;humidity:77,0827,0063,0016,28,46,co2:true;hcho:true;tvoc:false;temperature:true;humidity:true,false,confidence_below_threshold,true,false
capture_0065,/home/mpetrick/repos/esp32-fever-dream/tools/dataset/captures/serial_timed_fast_20260627T1205Z/capture_0065.jpg,0827,0063,0116,28,46,0827006301162846,86,100/91/94/89/100/100/86/100/100/93/99/91/100/100/100/88,co2:89;hcho:86;tvoc:91;temperature:100;humidity:88,0827,0063,0016,28,46,co2:true;hcho:true;tvoc:false;temperature:true;humidity:true,true,,true,false
capture_0068,/home/mpetrick/repos/esp32-fever-dream/tools/dataset/captures/serial_timed_fast_20260627T1205Z/capture_0068.jpg,0833,0064,0113,28,46,0833006401132846,69,100/90/100/99/100/100/89/98/100/92/99/77/100/100/100/69,co2:90;hcho:89;tvoc:77;temperature:100;humidity:69,0833,0064,0018,28,46,co2:true;hcho:true;tvoc:false;temperature:true;humidity:true,false,confidence_below_threshold,true,false
capture_0071,/home/mpetrick/repos/esp32-fever-dream/tools/dataset/captures/serial_timed_fast_20260627T1205Z/capture_0071.jpg,0833,0064,0113,28,46,0833006401132846,80,100/92/100/99/100/100/88/98/100/93/98/80/100/100/100/90,co2:92;hcho:88;tvoc:80;temperature:100;humidity:90,0833,0064,0013,28,46,co2:true;hcho:true;tvoc:false;temperature:true;humidity:true,false,confidence_below_threshold,true,false
capture_0074,/home/mpetrick/repos/esp32-fever-dream/tools/dataset/captures/serial_timed_fast_20260627T1205Z/capture_0074.jpg,0752,0053,0113,28,45,0752005301132845,26,100/71/35/26/100/99/78/39/100/81/99/58/100/100/100/91,co2:26;hcho:39;tvoc:58;temperature:100;humidity:91,0833,0064,0013,28,46,co2:false;hcho:false;tvoc:false;temperature:true;humidity:false,false,confidence_below_threshold,true,false
capture_0077,/home/mpetrick/repos/esp32-fever-dream/tools/dataset/captures/serial_timed_fast_20260627T1205Z/capture_0077.jpg,0752,0063,0113,28,45,0752006301132845,29,100/73/35/29/100/99/93/87/100/80/99/53/100/100/100/60,co2:29;hcho:87;tvoc:53;temperature:100;humidity:60,0827,0064,0013,28,46,co2:false;hcho:false;tvoc:false;temperature:true;humidity:false,false,confidence_below_threshold,true,false
capture_0079,/home/mpetrick/repos/esp32-fever-dream/tools/dataset/captures/serial_timed_fast_20260627T1205Z/capture_0079.jpg,0752,0063,0113,28,45,0752006301132845,24,99/72/35/24/100/99/91/86/100/78/100/56/100/100/100/71,co2:24;hcho:86;tvoc:56;temperature:100;humidity:71,0827,0063,0018,28,46,co2:false;hcho:true;tvoc:false;temperature:true;humidity:false,false,confidence_below_threshold,true,false
capture_0082,/home/mpetrick/repos/esp32-fever-dream/tools/dataset/captures/serial_timed_fast_20260627T1205Z/capture_0082.jpg,0752,0063,0113,28,45,0752006301132845,26,100/71/37/26/100/99/94/84/100/81/100/52/100/100/100/65,co2:26;hcho:84;tvoc:52;temperature:100;humidity:65,0827,0063,0018,28,46,co2:false;hcho:true;tvoc:false;temperature:true;humidity:false,false,confidence_below_threshold,true,false
capture_0085,/home/mpetrick/repos/esp32-fever-dream/tools/dataset/captures/serial_timed_fast_20260627T1205Z/capture_0085.jpg,0827,0063,0113,28,46,0827006301132846,75,100/92/95/83/100/100/82/100/100/93/99/100/100/100/100/75,co2:83;hcho:82;tvoc:93;temperature:100;humidity:75,0827,0063,0013,28,46,co2:true;hcho:true;tvoc:false;temperature:true;humidity:true,false,confidence_below_threshold,true,false
capture_0091,/home/mpetrick/repos/esp32-fever-dream/tools/dataset/captures/serial_timed_fast_20260627T1205Z/capture_0091.jpg,0752,0013,0113,28,46,0752001301132846,21,99/70/38/21/100/99/64/98/100/78/97/47/100/100/100/67,co2:21;hcho:64;tvoc:47;temperature:100;humidity:67,0822,0062,0013,28,46,co2:false;hcho:false;tvoc:false;temperature:true;humidity:true,false,confidence_below_threshold,true,false
capture_0094,/home/mpetrick/repos/esp32-fever-dream/tools/dataset/captures/serial_timed_fast_20260627T1205Z/capture_0094.jpg,0757,0063,0116,28,46,0757006301162846,25,100/69/37/25/100/99/92/87/100/80/100/81/100/100/100/64,co2:25;hcho:87;tvoc:80;temperature:100;humidity:64,0827,0063,0016,28,46,co2:false;hcho:true;tvoc:false;temperature:true;humidity:true,false,confidence_below_threshold,true,false
capture_0097,/home/mpetrick/repos/esp32-fever-dream/tools/dataset/captures/serial_timed_fast_20260627T1205Z/capture_0097.jpg,0827,0063,0116,28,46,0827006301162846,85,100/91/96/86/100/100/85/100/100/93/99/89/100/100/100/94,co2:86;hcho:85;tvoc:89;temperature:100;humidity:94,0827,0063,0016,28,46,co2:true;hcho:true;tvoc:false;temperature:true;humidity:true,true,,true,false
capture_0100,/home/mpetrick/repos/esp32-fever-dream/tools/dataset/captures/serial_timed_fast_20260627T1205Z/capture_0100.jpg,0794,0057,0163,28,45,0794005701632845,45,100/74/62/96/100/100/82/92/100/80/61/45/100/100/100/73,co2:62;hcho:82;tvoc:45;temperature:100;humidity:73,0794,0057,0062,28,46,co2:true;hcho:true;tvoc:false;temperature:true;humidity:false,false,confidence_below_threshold,true,false
capture_0103,/home/mpetrick/repos/esp32-fever-dream/tools/dataset/captures/serial_timed_fast_20260627T1205Z/capture_0103.jpg,0754,0057,0162,28,46,0754005701622846,43,100/100/43/100/100/100/100/97/100/91/91/100/100/100/100/62,co2:43;hcho:97;tvoc:91;temperature:100;humidity:62,0794,0057,0062,28,46,co2:false;hcho:true;tvoc:false;temperature:true;humidity:true,false,confidence_below_threshold,true,false
capture_0106,/home/mpetrick/repos/esp32-fever-dream/tools/dataset/captures/serial_timed_fast_20260627T1205Z/capture_0106.jpg,0794,0057,0163,28,46,0794005701632846,47,100/77/63/98/100/100/82/90/100/80/70/47/100/100/100/57,co2:63;hcho:82;tvoc:47;temperature:100;humidity:57,0794,0057,0062,28,46,co2:true;hcho:true;tvoc:false;temperature:true;humidity:true,false,confidence_below_threshold,true,false
capture_0109,/home/mpetrick/repos/esp32-fever-dream/tools/dataset/captures/serial_timed_fast_20260627T1205Z/capture_0109.jpg,0769,0056,0156,28,46,0769005601562846,57,100/100/57/66/100/100/100/97/100/92/95/87/100/100/100/80,co2:57;hcho:97;tvoc:87;temperature:100;humidity:80,0789,0056,0056,28,46,co2:false;hcho:true;tvoc:false;temperature:true;humidity:true,false,confidence_below_threshold,true,false
capture_0112,/home/mpetrick/repos/esp32-fever-dream/tools/dataset/captures/serial_timed_fast_20260627T1205Z/capture_0112.jpg,0752,0053,0156,28,45,0752005301562845,26,100/74/32/26/100/100/97/34/100/81/100/76/100/100/100/82,co2:26;hcho:34;tvoc:76;temperature:100;humidity:82,0789,0056,0056,28,46,co2:false;hcho:false;tvoc:false;temperature:true;humidity:false,false,confidence_below_threshold,true,false
capture_0118,/home/mpetrick/repos/esp32-fever-dream/tools/dataset/captures/serial_timed_fast_20260627T1205Z/capture_0118.jpg,0752,0053,0156,28,45,0752005301562845,32,100/74/32/32/100/100/97/33/100/80/100/75/100/100/100/52,co2:32;hcho:33;tvoc:75;temperature:100;humidity:52,0789,0056,0056,28,46,co2:false;hcho:false;tvoc:false;temperature:true;humidity:false,false,confidence_below_threshold,true,false
capture_0121,/home/mpetrick/repos/esp32-fever-dream/tools/dataset/captures/serial_timed_fast_20260627T1205Z/capture_0121.jpg,0794,0057,0156,28,45,0794005701562845,65,100/76/69/98/100/100/81/90/100/81/100/78/100/100/100/65,co2:69;hcho:81;tvoc:78;temperature:100;humidity:65,0794,0056,0056,28,46,co2:true;hcho:false;tvoc:false;temperature:true;humidity:false,false,confidence_below_threshold,true,false
capture_0124,/home/mpetrick/repos/esp32-fever-dream/tools/dataset/captures/serial_timed_fast_20260627T1205Z/capture_0124.jpg,0752,0053,0156,28,45,0752005301562845,29,100/78/32/29/100/100/97/40/100/81/100/78/100/100/100/57,co2:29;hcho:40;tvoc:78;temperature:100;humidity:57,0789,0056,0056,28,46,co2:false;hcho:false;tvoc:false;temperature:true;humidity:false,false,confidence_below_threshold,true,false
capture_0127,/home/mpetrick/repos/esp32-fever-dream/tools/dataset/captures/serial_timed_fast_20260627T1205Z/capture_0127.jpg,0752,0053,0156,28,46,0752005301562846,25,100/76/33/25/100/100/97/31/100/77/100/78/100/100/100/85,co2:25;hcho:31;tvoc:77;temperature:100;humidity:85,0789,0056,0056,28,46,co2:false;hcho:false;tvoc:false;temperature:true;humidity:true,false,confidence_below_threshold,true,false
capture_0130,/home/mpetrick/repos/esp32-fever-dream/tools/dataset/captures/serial_timed_fast_20260627T1205Z/capture_0130.jpg,0774,0057,0153,28,45,0774005701532845,47,100/74/52/98/100/100/81/90/100/80/94/47/100/100/100/67,co2:52;hcho:81;tvoc:47;temperature:100;humidity:67,0794,0057,0059,28,46,co2:false;hcho:true;tvoc:false;temperature:true;humidity:false,false,confidence_below_threshold,true,false
capture_0133,/home/mpetrick/repos/esp32-fever-dream/tools/dataset/captures/serial_timed_fast_20260627T1205Z/capture_0133.jpg,0794,0057,0153,28,46,0794005701532846,48,100/78/54/94/100/100/82/93/100/81/94/48/100/100/100/79,co2:54;hcho:82;tvoc:48;temperature:100;humidity:79,0794,0057,0059,28,46,co2:true;hcho:true;tvoc:false;temperature:true;humidity:true,false,confidence_below_threshold,true,false
capture_0142,/home/mpetrick/repos/esp32-fever-dream/tools/dataset/captures/serial_timed_fast_20260627T1205Z/capture_0142.jpg,0772,0054,0118,28,46,0772005401182846,55,100/100/100/99/100/100/100/97/100/92/98/92/100/100/100/55,co2:99;hcho:97;tvoc:92;temperature:100;humidity:55,0772,0054,0018,28,46,co2:true;hcho:true;tvoc:false;temperature:true;humidity:true,false,confidence_below_threshold,true,false
capture_0145,/home/mpetrick/repos/esp32-fever-dream/tools/dataset/captures/serial_timed_fast_20260627T1205Z/capture_0145.jpg,0767,0052,0115,28,46,0767005201152846,62,100/100/62/77/100/100/100/99/100/93/98/92/100/100/100/86,co2:62;hcho:99;tvoc:92;temperature:100;humidity:86,0767,0052,0015,28,46,co2:true;hcho:true;tvoc:false;temperature:true;humidity:true,false,confidence_below_threshold,true,false
capture_0148,/home/mpetrick/repos/esp32-fever-dream/tools/dataset/captures/serial_timed_fast_20260627T1205Z/capture_0148.jpg,0763,0055,0154,28,46,0763005501542846,62,100/100/62/99/100/100/100/95/100/93/96/100/100/100/100/83,co2:62;hcho:95;tvoc:93;temperature:100;humidity:83,0783,0055,0054,28,46,co2:false;hcho:true;tvoc:false;temperature:true;humidity:true,false,confidence_below_threshold,true,false
capture_0151,/home/mpetrick/repos/esp32-fever-dream/tools/dataset/captures/serial_timed_fast_20260627T1205Z/capture_0151.jpg,0752,0053,0153,28,46,0752005301532846,32,100/68/37/34/100/100/96/32/100/78/99/35/100/100/100/77,co2:34;hcho:32;tvoc:35;temperature:100;humidity:77,0789,0055,0054,28,46,co2:false;hcho:false;tvoc:false;temperature:true;humidity:true,false,confidence_below_threshold,true,false
capture_0154,/home/mpetrick/repos/esp32-fever-dream/tools/dataset/captures/serial_timed_fast_20260627T1205Z/capture_0154.jpg,0752,0053,0153,28,46,0752005301532846,28,99/74/30/28/100/100/95/33/100/80/99/40/100/100/100/95,co2:28;hcho:33;tvoc:40;temperature:100;humidity:95,0783,0055,0054,28,46,co2:false;hcho:false;tvoc:false;temperature:true;humidity:true,false,confidence_below_threshold,true,false
capture_0160,/home/mpetrick/repos/esp32-fever-dream/tools/dataset/captures/serial_timed_fast_20260627T1205Z/capture_0160.jpg,0752,0053,0153,28,45,0752005301532845,28,100/72/37/28/100/100/96/30/100/78/99/32/100/100/100/57,co2:28;hcho:30;tvoc:32;temperature:100;humidity:57,0783,0055,0054,28,46,co2:false;hcho:false;tvoc:false;temperature:true;humidity:false,false,confidence_below_threshold,true,false
capture_0163,/home/mpetrick/repos/esp32-fever-dream/tools/dataset/captures/serial_timed_fast_20260627T1205Z/capture_0163.jpg,0762,0053,0156,28,46,0762005301562846,26,100/73/36/26/100/100/97/37/100/80/100/80/100/100/100/65,co2:26;hcho:37;tvoc:80;temperature:100;humidity:65,0789,0056,0056,28,46,co2:false;hcho:false;tvoc:false;temperature:true;humidity:true,false,confidence_below_threshold,true,false
capture_0166,/home/mpetrick/repos/esp32-fever-dream/tools/dataset/captures/serial_timed_fast_20260627T1205Z/capture_0166.jpg,0769,0056,0156,28,46,0769005601562846,57,100/100/57/63/100/100/100/97/100/91/96/85/100/100/100/60,co2:57;hcho:97;tvoc:85;temperature:100;humidity:60,0789,0056,0056,28,46,co2:false;hcho:true;tvoc:false;temperature:true;humidity:true,false,confidence_below_threshold,true,false
capture_0169,/home/mpetrick/repos/esp32-fever-dream/tools/dataset/captures/serial_timed_fast_20260627T1205Z/capture_0169.jpg,0752,0053,0153,28,45,0752005301532845,30,100/76/33/30/100/100/96/32/100/80/99/41/100/100/100/100,co2:30;hcho:32;tvoc:41;temperature:100;humidity:100,0783,0055,0054,28,46,co2:false;hcho:false;tvoc:false;temperature:true;humidity:false,false,confidence_below_threshold,true,false
capture_0172,/home/mpetrick/repos/esp32-fever-dream/tools/dataset/captures/serial_timed_fast_20260627T1205Z/capture_0172.jpg,0776,0054,0154,28,46,0776005401542846,66,100/100/100/66/100/100/100/98/100/93/96/100/100/100/100/80,co2:66;hcho:98;tvoc:93;temperature:100;humidity:80,0778,0054,0054,28,46,co2:false;hcho:true;tvoc:false;temperature:true;humidity:true,false,confidence_below_threshold,true,false
capture_0175,/home/mpetrick/repos/esp32-fever-dream/tools/dataset/captures/serial_timed_fast_20260627T1205Z/capture_0175.jpg,0763,0054,0154,28,46,0763005401542846,60,100/100/60/98/100/100/100/99/100/92/94/100/100/100/100/77,co2:60;hcho:99;tvoc:92;temperature:100;humidity:77,0783,0054,0054,28,46,co2:false;hcho:true;tvoc:false;temperature:true;humidity:true,false,confidence_below_threshold,true,false
capture_0186,/home/mpetrick/repos/esp32-fever-dream/tools/dataset/captures/serial_timed_fast_20260627T1205Z/capture_0186.jpg,0752,0053,0113,28,45,0752005301132845,27,100/78/31/27/100/100/77/36/100/80/100/42/100/100/100/55,co2:27;hcho:36;tvoc:42;temperature:100;humidity:55,0778,0053,0018,28,46,co2:false;hcho:true;tvoc:false;temperature:true;humidity:false,false,confidence_below_threshold,true,false
capture_0228,/home/mpetrick/repos/esp32-fever-dream/tools/dataset/captures/serial_timed_fast_20260627T1205Z/capture_0228.jpg,0750,0013,0137,28,46,0750001301372846,52,100/100/55/100/100/100/94/58/100/93/93/100/100/100/100/52,co2:55;hcho:58;tvoc:93;temperature:100;humidity:52,0750,0000,0137,28,45,co2:true;hcho:false;tvoc:true;temperature:true;humidity:false,false,confidence_below_threshold,true,false
capture_0231,/home/mpetrick/repos/esp32-fever-dream/tools/dataset/captures/serial_timed_fast_20260627T1205Z/capture_0231.jpg,0750,0013,0137,28,45,0750001301372845,49,100/100/49/100/100/100/91/62/100/92/92/100/100/100/100/55,co2:49;hcho:62;tvoc:92;temperature:100;humidity:55,0750,0009,0137,28,45,co2:true;hcho:false;tvoc:true;temperature:true;humidity:true,false,confidence_below_threshold,true,false
capture_0237,/home/mpetrick/repos/esp32-fever-dream/tools/dataset/captures/serial_timed_fast_20260627T1205Z/capture_0237.jpg,0762,0013,0133,28,45,0762001301332845,34,100/72/34/35/100/100/93/94/100/81/99/41/100/100/100/100,co2:34;hcho:93;tvoc:41;temperature:100;humidity:100,0750,0013,0137,28,45,co2:false;hcho:true;tvoc:false;temperature:true;humidity:true,false,confidence_below_threshold,true,false
capture_0243,/home/mpetrick/repos/esp32-fever-dream/tools/dataset/captures/serial_timed_fast_20260627T1205Z/capture_0243.jpg,0750,0013,0137,28,45,0750001301372845,54,100/100/54/100/100/100/92/66/100/93/92/100/100/100/100/60,co2:54;hcho:66;tvoc:92;temperature:100;humidity:60,0750,0013,0137,28,45,co2:true;hcho:true;tvoc:true;temperature:true;humidity:true,false,confidence_below_threshold,true,false
capture_0246,/home/mpetrick/repos/esp32-fever-dream/tools/dataset/captures/serial_timed_fast_20260627T1205Z/capture_0246.jpg,0762,0013,0132,28,45,0762001301322845,30,100/69/40/34/100/100/92/94/100/78/100/30/100/100/100/92,co2:34;hcho:92;tvoc:30;temperature:100;humidity:92,0750,0013,0137,28,45,co2:false;hcho:true;tvoc:false;temperature:true;humidity:true,false,confidence_below_threshold,true,false
capture_0249,/home/mpetrick/repos/esp32-fever-dream/tools/dataset/captures/serial_timed_fast_20260627T1205Z/capture_0249.jpg,0762,0013,0132,28,45,0762001301322845,32,100/68/49/33/100/100/90/94/100/78/100/32/100/100/100/89,co2:33;hcho:90;tvoc:32;temperature:100;humidity:89,0750,0013,0137,28,45,co2:false;hcho:true;tvoc:false;temperature:true;humidity:true,false,confidence_below_threshold,true,false
capture_0255,/home/mpetrick/repos/esp32-fever-dream/tools/dataset/captures/serial_timed_fast_20260627T1205Z/capture_0255.jpg,0750,0013,0137,28,45,0750001301372845,54,100/100/54/100/100/100/94/60/100/93/91/100/100/100/100/77,co2:54;hcho:60;tvoc:91;temperature:100;humidity:77,0750,0013,0137,28,45,co2:true;hcho:true;tvoc:true;temperature:true;humidity:true,false,confidence_below_threshold,true,false
capture_0258,/home/mpetrick/repos/esp32-fever-dream/tools/dataset/captures/serial_timed_fast_20260627T1205Z/capture_0258.jpg,0766,0013,0137,28,45,0766001301372845,29,96/99/29/64/100/91/95/94/99/93/92/60/100/100/100/96,co2:29;hcho:91;tvoc:60;temperature:100;humidity:96,0750,0013,0137,28,45,co2:false;hcho:true;tvoc:true;temperature:true;humidity:true,false,confidence_below_threshold,true,false
capture_0288,/home/mpetrick/repos/esp32-fever-dream/tools/dataset/captures/serial_timed_fast_20260627T1205Z/capture_0288.jpg,0762,0013,0132,28,45,0762001301322845,35,100/62/47/35/100/100/91/91/100/80/100/38/100/100/100/91,co2:35;hcho:91;tvoc:38;temperature:100;humidity:91,0750,0013,0137,28,45,co2:false;hcho:true;tvoc:false;temperature:true;humidity:true,false,confidence_below_threshold,true,false
capture_0300,/home/mpetrick/repos/esp32-fever-dream/tools/dataset/captures/serial_timed_fast_20260627T1205Z/capture_0300.jpg,0762,0013,0132,28,45,0762001301322845,39,100/47/58/39/100/100/90/93/100/80/100/45/100/100/100/100,co2:39;hcho:90;tvoc:45;temperature:100;humidity:100,0750,0013,0087,28,45,co2:false;hcho:true;tvoc:false;temperature:true;humidity:true,false,confidence_below_threshold,true,false
capture_0318,/home/mpetrick/repos/esp32-fever-dream/tools/dataset/captures/serial_timed_fast_20260627T1205Z/capture_0318.jpg,0750,0013,0137,28,45,0750001301372845,54,100/100/54/100/100/100/91/69/100/94/91/100/100/100/100/67,co2:54;hcho:69;tvoc:91;temperature:100;humidity:67,0750,0049,0087,28,45,co2:true;hcho:false;tvoc:false;temperature:true;humidity:true,false,confidence_below_threshold,true,false
capture_0330,/home/mpetrick/repos/esp32-fever-dream/tools/dataset/captures/serial_timed_fast_20260627T1205Z/capture_0330.jpg,0750,0013,0137,28,45,0750001301372845,49,100/100/49/100/100/100/93/59/100/94/92/100/100/100/100/60,co2:49;hcho:59;tvoc:92;temperature:100;humidity:60,0750,0000,0137,28,45,co2:true;hcho:false;tvoc:true;temperature:true;humidity:true,false,confidence_below_threshold,true,false
capture_0333,/home/mpetrick/repos/esp32-fever-dream/tools/dataset/captures/serial_timed_fast_20260627T1205Z/capture_0333.jpg,0762,0013,0132,28,45,0762001301322845,39,100/55/53/40/100/100/91/92/100/78/100/39/100/100/100/69,co2:40;hcho:91;tvoc:39;temperature:100;humidity:69,0750,0000,0137,28,45,co2:false;hcho:false;tvoc:false;temperature:true;humidity:true,false,confidence_below_threshold,true,false
capture_0336,/home/mpetrick/repos/esp32-fever-dream/tools/dataset/captures/serial_timed_fast_20260627T1205Z/capture_0336.jpg,0762,0013,0132,28,45,0762001301322845,36,100/52/50/41/100/100/94/90/100/85/99/36/100/100/100/97,co2:41;hcho:90;tvoc:36;temperature:100;humidity:97,0750,0000,0137,28,45,co2:false;hcho:false;tvoc:false;temperature:true;humidity:true,false,confidence_below_threshold,true,false
capture_0345,/home/mpetrick/repos/esp32-fever-dream/tools/dataset/captures/serial_timed_fast_20260627T1205Z/capture_0345.jpg,0750,0013,0137,28,45,0750001301372845,63,100/100/63/100/100/100/93/67/100/94/92/100/100/100/100/86,co2:63;hcho:67;tvoc:92;temperature:100;humidity:86,0750,0013,0137,28,45,co2:true;hcho:true;tvoc:true;temperature:true;humidity:true,false,confidence_below_threshold,true,false
capture_0351,/home/mpetrick/repos/esp32-fever-dream/tools/dataset/captures/serial_timed_fast_20260627T1205Z/capture_0351.jpg,0762,0013,0132,28,45,0762001301322845,40,100/51/45/41/100/100/92/91/100/80/99/40/100/100/100/96,co2:41;hcho:91;tvoc:40;temperature:100;humidity:96,0750,0013,0137,28,45,co2:false;hcho:true;tvoc:false;temperature:true;humidity:true,false,confidence_below_threshold,true,false
capture_0366,/home/mpetrick/repos/esp32-fever-dream/tools/dataset/captures/serial_timed_fast_20260627T1205Z/capture_0366.jpg,0750,0013,0137,28,45,0750001301372845,52,100/100/52/100/100/100/93/57/100/94/88/100/100/100/100/77,co2:52;hcho:57;tvoc:88;temperature:100;humidity:77,0750,0013,0137,28,45,co2:true;hcho:true;tvoc:true;temperature:true;humidity:true,false,confidence_below_threshold,true,false
capture_0372,/home/mpetrick/repos/esp32-fever-dream/tools/dataset/captures/serial_timed_fast_20260627T1205Z/capture_0372.jpg,0766,0013,0137,28,45,0766001301372845,36,95/99/36/61/100/86/94/93/98/92/92/62/100/100/100/99,co2:36;hcho:86;tvoc:62;temperature:100;humidity:99,0750,0013,0137,28,45,co2:false;hcho:true;tvoc:true;temperature:true;humidity:true,false,confidence_below_threshold,true,false
capture_0375,/home/mpetrick/repos/esp32-fever-dream/tools/dataset/captures/serial_timed_fast_20260627T1205Z/capture_0375.jpg,0750,0013,0137,28,45,0750001301372845,49,100/100/49/100/100/100/92/69/100/94/94/100/100/100/100/80,co2:49;hcho:69;tvoc:94;temperature:100;humidity:80,0750,0000,0137,28,45,co2:true;hcho:false;tvoc:true;temperature:true;humidity:true,false,confidence_below_threshold,true,false
capture_0378,/home/mpetrick/repos/esp32-fever-dream/tools/dataset/captures/serial_timed_fast_20260627T1205Z/capture_0378.jpg,0762,0013,0132,28,45,0762001301322845,43,100/46/53/43/100/100/92/93/100/80/100/44/100/100/100/100,co2:43;hcho:92;tvoc:44;temperature:100;humidity:100,0750,0000,0137,28,45,co2:false;hcho:false;tvoc:false;temperature:true;humidity:true,false,confidence_below_threshold,true,false
capture_0380,/home/mpetrick/repos/esp32-fever-dream/tools/dataset/captures/serial_timed_fast_20260627T1205Z/capture_0380.jpg,0762,0013,0132,28,45,0762001301322845,38,100/46/49/38/100/100/89/90/100/80/99/39/100/100/100/82,co2:38;hcho:89;tvoc:39;temperature:100;humidity:82,0750,0000,0137,28,45,co2:false;hcho:false;tvoc:false;temperature:true;humidity:true,false,confidence_below_threshold,true,false
capture_0392,/home/mpetrick/repos/esp32-fever-dream/tools/dataset/captures/serial_timed_fast_20260627T1205Z/capture_0392.jpg,1141,0260,2975,90,86,1141026029759086,51,56/83/51/89/99/67/90/100/79/82/63/56/70/95/73/70,co2:51;hcho:67;tvoc:56;temperature:70;humidity:70,0745,0008,0134,28,45,co2:false;hcho:false;tvoc:false;temperature:false;humidity:false,false,confidence_below_threshold,true,false
capture_0398,/home/mpetrick/repos/esp32-fever-dream/tools/dataset/captures/serial_timed_fast_20260627T1205Z/capture_0398.jpg,0762,0013,0132,28,45,0762001301322845,46,100/49/56/46/100/100/92/92/100/80/100/46/100/100/100/96,co2:46;hcho:92;tvoc:46;temperature:100;humidity:96,0750,0013,0137,28,45,co2:false;hcho:true;tvoc:false;temperature:true;humidity:true,false,confidence_below_threshold,true,false
capture_0404,/home/mpetrick/repos/esp32-fever-dream/tools/dataset/captures/serial_timed_fast_20260627T1205Z/capture_0404.jpg,0750,0013,0137,28,45,0750001301372845,61,100/100/61/100/100/100/93/71/100/94/91/100/100/100/100/85,co2:61;hcho:71;tvoc:91;temperature:100;humidity:85,0750,0000,0137,28,45,co2:true;hcho:false;tvoc:true;temperature:true;humidity:true,false,confidence_below_threshold,true,false
capture_0413,/home/mpetrick/repos/esp32-fever-dream/tools/dataset/captures/serial_timed_fast_20260627T1205Z/capture_0413.jpg,0745,0018,0137,28,45,0745001801372845,61,100/100/100/61/100/100/94/87/100/94/92/100/100/100/100/94,co2:61;hcho:87;tvoc:92;temperature:100;humidity:94,0745,0008,0137,28,45,co2:true;hcho:false;tvoc:true;temperature:true;humidity:true,false,confidence_below_threshold,true,false
capture_0416,/home/mpetrick/repos/esp32-fever-dream/tools/dataset/captures/serial_timed_fast_20260627T1205Z/capture_0416.jpg,0750,0013,0137,28,45,0750001301372845,56,100/100/56/100/100/100/93/70/100/94/94/100/100/100/100/82,co2:56;hcho:70;tvoc:94;temperature:100;humidity:82,0750,0000,0137,28,45,co2:true;hcho:false;tvoc:true;temperature:true;humidity:true,false,confidence_below_threshold,true,false
capture_0419,/home/mpetrick/repos/esp32-fever-dream/tools/dataset/captures/serial_timed_fast_20260627T1205Z/capture_0419.jpg,0750,0013,0137,28,45,0750001301372845,53,100/100/53/100/100/100/92/71/100/94/90/100/100/100/100/98,co2:53;hcho:71;tvoc:90;temperature:100;humidity:98,0750,0013,0137,28,45,co2:true;hcho:true;tvoc:true;temperature:true;humidity:true,false,confidence_below_threshold,true,false
capture_0422,/home/mpetrick/repos/esp32-fever-dream/tools/dataset/captures/serial_timed_fast_20260627T1205Z/capture_0422.jpg,0662,0011,0132,28,45,0662001101322845,28,100/66/47/41/100/100/60/28/100/78/98/51/100/100/100/99,co2:41;hcho:28;tvoc:51;temperature:100;humidity:99,0745,0008,0134,28,45,co2:false;hcho:false;tvoc:false;temperature:true;humidity:true,false,confidence_below_threshold,true,false
capture_0425,/home/mpetrick/repos/esp32-fever-dream/tools/dataset/captures/serial_timed_fast_20260627T1205Z/capture_0425.jpg,0662,0013,0132,28,45,0662001301322845,42,100/76/58/42/100/100/92/89/100/78/100/50/100/100/100/87,co2:42;hcho:89;tvoc:50;temperature:100;humidity:87,0750,0013,0137,28,45,co2:false;hcho:true;tvoc:false;temperature:true;humidity:true,false,confidence_below_threshold,true,false
capture_0434,/home/mpetrick/repos/esp32-fever-dream/tools/dataset/captures/serial_timed_fast_20260627T1205Z/capture_0434.jpg,0662,0011,0132,28,45,0662001101322845,29,100/69/58/44/100/100/70/29/100/82/99/50/100/100/100/98,co2:44;hcho:29;tvoc:50;temperature:100;humidity:98,0728,0013,0031,28,45,co2:false;hcho:false;tvoc:false;temperature:true;humidity:true,false,confidence_below_threshold,true,false
capture_0449,/home/mpetrick/repos/esp32-fever-dream/tools/dataset/captures/serial_timed_fast_20260627T1205Z/capture_0449.jpg,0662,0053,0132,28,45,0662005301322845,42,99/87/47/42/100/100/74/98/100/78/92/55/100/100/100/96,co2:42;hcho:74;tvoc:55;temperature:100;humidity:96,0712,0004,0020,28,45,co2:false;hcho:false;tvoc:false;temperature:true;humidity:true,false,confidence_below_threshold,true,false
capture_0452,/home/mpetrick/repos/esp32-fever-dream/tools/dataset/captures/serial_timed_fast_20260627T1205Z/capture_0452.jpg,0706,0011,0114,28,45,0706001101142845,74,100/100/100/74/100/100/94/75/100/94/100/100/100/100/100/88,co2:74;hcho:75;tvoc:94;temperature:100;humidity:88,0706,0001,0014,28,45,co2:true;hcho:false;tvoc:false;temperature:true;humidity:true,false,confidence_below_threshold,true,false
capture_0455,/home/mpetrick/repos/esp32-fever-dream/tools/dataset/captures/serial_timed_fast_20260627T1205Z/capture_0455.jpg,0706,0017,0114,28,45,0706001701142845,45,100/82/100/84/100/100/45/80/100/68/97/100/100/100/100/98,co2:82;hcho:45;tvoc:68;temperature:100;humidity:98,0706,0001,0014,28,45,co2:true;hcho:false;tvoc:false;temperature:true;humidity:true,false,confidence_below_threshold,true,false
capture_0458,/home/mpetrick/repos/esp32-fever-dream/tools/dataset/captures/serial_timed_fast_20260627T1205Z/capture_0458.jpg,0662,0001,0112,28,45,0662000101122845,27,100/79/65/47/100/100/66/27/100/77/100/52/100/100/100/98,co2:47;hcho:27;tvoc:52;temperature:100;humidity:98,0706,0001,0014,28,45,co2:false;hcho:true;tvoc:false;temperature:true;humidity:true,false,confidence_below_threshold,true,false
capture_0461,/home/mpetrick/repos/esp32-fever-dream/tools/dataset/captures/serial_timed_fast_20260627T1205Z/capture_0461.jpg,0662,0001,0112,28,45,0662000101122845,28,100/89/63/52/100/100/58/28/100/80/100/48/100/100/100/92,co2:52;hcho:28;tvoc:48;temperature:100;humidity:92,0706,0001,0014,28,45,co2:false;hcho:true;tvoc:false;temperature:true;humidity:true,false,confidence_below_threshold,true,false
capture_0467,/home/mpetrick/repos/esp32-fever-dream/tools/dataset/captures/serial_timed_fast_20260627T1205Z/capture_0467.jpg,0662,0001,0112,28,45,0662000101122845,30,100/87/66/47/100/100/63/30/100/80/100/45/100/100/100/95,co2:47;hcho:30;tvoc:45;temperature:100;humidity:95,0706,0000,0014,28,45,co2:false;hcho:false;tvoc:false;temperature:true;humidity:true,false,confidence_below_threshold,true,false
capture_0473,/home/mpetrick/repos/esp32-fever-dream/tools/dataset/captures/serial_timed_fast_20260627T1205Z/capture_0473.jpg,0662,0001,0112,28,45,0662000101122845,24,100/82/66/43/100/100/62/24/100/78/100/53/100/100/100/94,co2:43;hcho:24;tvoc:53;temperature:100;humidity:94,0706,0001,0014,28,45,co2:false;hcho:true;tvoc:false;temperature:true;humidity:true,false,confidence_below_threshold,true,false
capture_0476,/home/mpetrick/repos/esp32-fever-dream/tools/dataset/captures/serial_timed_fast_20260627T1205Z/capture_0476.jpg,0662,0001,0112,28,45,0662000101122845,32,100/81/58/47/100/100/61/32/100/81/100/49/100/100/100/99,co2:47;hcho:32;tvoc:49;temperature:100;humidity:99,0706,0001,0014,28,45,co2:false;hcho:true;tvoc:false;temperature:true;humidity:true,false,confidence_below_threshold,true,false
capture_0482,/home/mpetrick/repos/esp32-fever-dream/tools/dataset/captures/serial_timed_fast_20260627T1205Z/capture_0482.jpg,0662,0001,0112,28,45,0662000101122845,30,100/87/64/42/100/100/58/30/100/77/100/47/100/100/100/87,co2:42;hcho:30;tvoc:47;temperature:100;humidity:87,0706,0001,0014,28,45,co2:false;hcho:true;tvoc:false;temperature:true;humidity:true,false,confidence_below_threshold,true,false
capture_0488,/home/mpetrick/repos/esp32-fever-dream/tools/dataset/captures/serial_timed_fast_20260627T1205Z/capture_0488.jpg,0662,0001,0112,28,45,0662000101122845,34,100/81/61/54/100/100/63/34/100/77/100/44/100/100/100/98,co2:54;hcho:34;tvoc:44;temperature:100;humidity:98,0706,0001,0014,28,45,co2:false;hcho:true;tvoc:false;temperature:true;humidity:true,false,confidence_below_threshold,true,false
capture_0491,/home/mpetrick/repos/esp32-fever-dream/tools/dataset/captures/serial_timed_fast_20260627T1205Z/capture_0491.jpg,0662,0001,0112,28,45,0662000101122845,30,100/79/64/47/100/100/60/30/100/80/100/49/100/100/100/100,co2:47;hcho:30;tvoc:49;temperature:100;humidity:100,0706,0001,0014,28,45,co2:false;hcho:true;tvoc:false;temperature:true;humidity:true,false,confidence_below_threshold,true,false
capture_0494,/home/mpetrick/repos/esp32-fever-dream/tools/dataset/captures/serial_timed_fast_20260627T1205Z/capture_0494.jpg,0662,0001,0112,28,45,0662000101122845,29,100/83/61/48/100/100/55/29/100/80/100/45/100/100/100/98,co2:48;hcho:29;tvoc:45;temperature:100;humidity:98,0706,0001,0014,28,45,co2:false;hcho:true;tvoc:false;temperature:true;humidity:true,false,confidence_below_threshold,true,false
capture_0515,/home/mpetrick/repos/esp32-fever-dream/tools/dataset/captures/serial_timed_fast_20260627T1205Z/capture_0515.jpg,0706,0011,0114,28,45,0706001101142845,74,100/100/100/74/100/100/95/82/100/94/99/100/100/100/100/96,co2:74;hcho:82;tvoc:94;temperature:100;humidity:96,0706,0001,0014,28,45,co2:true;hcho:false;tvoc:false;temperature:true;humidity:true,false,confidence_below_threshold,true,false
capture_0518,/home/mpetrick/repos/esp32-fever-dream/tools/dataset/captures/serial_timed_fast_20260627T1205Z/capture_0518.jpg,0706,0011,0114,28,45,0706001101142845,72,100/100/100/78/100/100/94/72/100/94/100/100/100/100/100/96,co2:78;hcho:72;tvoc:94;temperature:100;humidity:96,0706,0001,0014,28,45,co2:true;hcho:false;tvoc:false;temperature:true;humidity:true,false,confidence_below_threshold,true,false
capture_0521,/home/mpetrick/repos/esp32-fever-dream/tools/dataset/captures/serial_timed_fast_20260627T1205Z/capture_0521.jpg,0706,0011,0114,28,45,0706001101142845,72,100/100/100/72/100/100/95/75/100/94/100/100/100/100/100/95,co2:72;hcho:75;tvoc:94;temperature:100;humidity:95,0706,0004,0014,28,45,co2:true;hcho:false;tvoc:false;temperature:true;humidity:true,false,confidence_below_threshold,true,false
capture_0527,/home/mpetrick/repos/esp32-fever-dream/tools/dataset/captures/serial_timed_fast_20260627T1205Z/capture_0527.jpg,0707,0011,0114,28,45,0707001101142845,67,100/100/100/71/100/100/94/67/100/94/100/100/100/100/100/90,co2:71;hcho:67;tvoc:94;temperature:100;humidity:90,0701,0013,0014,28,45,co2:false;hcho:false;tvoc:false;temperature:true;humidity:true,false,confidence_below_threshold,true,false
capture_0539,/home/mpetrick/repos/esp32-fever-dream/tools/dataset/captures/serial_timed_fast_20260627T1205Z/capture_0539.jpg,0662,0001,0112,28,45,0662000101122845,27,100/82/60/41/100/100/60/27/100/82/100/52/100/100/100/96,co2:41;hcho:27;tvoc:52;temperature:100;humidity:96,0706,0001,0014,28,45,co2:false;hcho:true;tvoc:false;temperature:true;humidity:true,false,confidence_below_threshold,true,false
capture_0542,/home/mpetrick/repos/esp32-fever-dream/tools/dataset/captures/serial_timed_fast_20260627T1205Z/capture_0542.jpg,0766,0011,0117,28,45,0766001101172845,40,95/99/46/73/99/90/82/40/96/89/100/49/100/99/100/99,co2:46;hcho:40;tvoc:49;temperature:99;humidity:99,0706,0000,0012,28,45,co2:false;hcho:false;tvoc:false;temperature:true;humidity:true,false,confidence_below_threshold,true,false
capture_0545,/home/mpetrick/repos/esp32-fever-dream/tools/dataset/captures/serial_timed_fast_20260627T1205Z/capture_0545.jpg,0766,0011,0117,28,45,0766001101172845,38,95/98/42/72/99/89/70/38/97/89/100/43/100/99/100/82,co2:42;hcho:38;tvoc:43;temperature:99;humidity:82,0706,0000,0014,28,45,co2:false;hcho:false;tvoc:false;temperature:true;humidity:true,false,confidence_below_threshold,true,false
capture_0557,/home/mpetrick/repos/esp32-fever-dream/tools/dataset/captures/serial_timed_fast_20260627T1205Z/capture_0557.jpg,0662,0031,0096,28,45,0662003100962845,29,100/86/63/53/100/100/88/29/100/100/86/51/100/100/100/100,co2:53;hcho:29;tvoc:51;temperature:100;humidity:100,0668,0035,0095,28,45,co2:false;hcho:false;tvoc:false;temperature:true;humidity:true,false,confidence_below_threshold,true,false
capture_0560,/home/mpetrick/repos/esp32-fever-dream/tools/dataset/captures/serial_timed_fast_20260627T1205Z/capture_0560.jpg,0662,0033,0092,28,45,0662003300922845,91,100/99/93/100/100/100/100/100/100/100/91/100/100/100/100/92,co2:93;hcho:100;tvoc:91;temperature:100;humidity:92,0662,0033,0092,28,45,co2:true;hcho:true;tvoc:true;temperature:true;humidity:true,true,,true,true
capture_0563,/home/mpetrick/repos/esp32-fever-dream/tools/dataset/captures/serial_timed_fast_20260627T1205Z/capture_0563.jpg,0662,0033,0092,28,45,0662003300922845,51,100/84/66/57/100/100/90/99/100/100/99/51/100/100/100/91,co2:57;hcho:90;tvoc:51;temperature:100;humidity:91,0662,0033,0092,28,45,co2:true;hcho:true;tvoc:true;temperature:true;humidity:true,false,confidence_below_threshold,true,false
capture_0565,/home/mpetrick/repos/esp32-fever-dream/tools/dataset/captures/serial_timed_fast_20260627T1205Z/capture_0565.jpg,0662,0033,0092,28,45,0662003300922845,54,100/88/58/59/100/100/88/99/100/100/99/54/100/100/100/89,co2:58;hcho:88;tvoc:54;temperature:100;humidity:89,0662,0033,0092,28,45,co2:true;hcho:true;tvoc:true;temperature:true;humidity:true,false,confidence_below_threshold,true,false
capture_0568,/home/mpetrick/repos/esp32-fever-dream/tools/dataset/captures/serial_timed_fast_20260627T1205Z/capture_0568.jpg,0662,0033,0092,28,45,0662003300922845,82,100/99/82/100/100/100/100/100/100/100/90/100/100/100/100/97,co2:82;hcho:100;tvoc:90;temperature:100;humidity:97,0662,0033,0092,28,45,co2:true;hcho:true;tvoc:true;temperature:true;humidity:true,false,confidence_below_threshold,true,false
capture_0571,/home/mpetrick/repos/esp32-fever-dream/tools/dataset/captures/serial_timed_fast_20260627T1205Z/capture_0571.jpg,0662,0033,0092,28,45,0662003300922845,55,99/89/60/59/100/100/91/98/100/100/99/55/100/100/100/98,co2:59;hcho:91;tvoc:55;temperature:100;humidity:98,0662,0033,0092,28,45,co2:true;hcho:true;tvoc:true;temperature:true;humidity:true,false,confidence_below_threshold,true,false
capture_0574,/home/mpetrick/repos/esp32-fever-dream/tools/dataset/captures/serial_timed_fast_20260627T1205Z/capture_0574.jpg,0662,0033,0092,28,45,0662003300922845,90,100/98/91/100/100/100/100/100/100/100/90/100/100/100/100/96,co2:91;hcho:100;tvoc:90;temperature:100;humidity:96,0662,0033,0092,28,45,co2:true;hcho:true;tvoc:true;temperature:true;humidity:true,true,,true,true
capture_0577,/home/mpetrick/repos/esp32-fever-dream/tools/dataset/captures/serial_timed_fast_20260627T1205Z/capture_0577.jpg,0662,0033,0092,28,45,0662003300922845,53,99/88/65/53/100/100/89/98/100/100/99/55/100/100/100/91,co2:53;hcho:89;tvoc:55;temperature:100;humidity:91,0662,0033,0092,28,45,co2:true;hcho:true;tvoc:true;temperature:true;humidity:true,false,confidence_below_threshold,true,false
capture_0580,/home/mpetrick/repos/esp32-fever-dream/tools/dataset/captures/serial_timed_fast_20260627T1205Z/capture_0580.jpg,0662,0033,0092,28,45,0662003300922845,51,100/83/65/55/100/100/91/98/100/99/99/51/100/100/100/90,co2:55;hcho:91;tvoc:51;temperature:100;humidity:90,0662,0033,0092,28,45,co2:true;hcho:true;tvoc:true;temperature:true;humidity:true,false,confidence_below_threshold,true,false
capture_0583,/home/mpetrick/repos/esp32-fever-dream/tools/dataset/captures/serial_timed_fast_20260627T1205Z/capture_0583.jpg,0662,0033,0092,28,45,0662003300922845,51,99/88/67/60/100/100/88/98/100/100/99/51/100/100/100/95,co2:60;hcho:88;tvoc:51;temperature:100;humidity:95,0662,0033,0092,28,45,co2:true;hcho:true;tvoc:true;temperature:true;humidity:true,false,confidence_below_threshold,true,false
capture_0586,/home/mpetrick/repos/esp32-fever-dream/tools/dataset/captures/serial_timed_fast_20260627T1205Z/capture_0586.jpg,0662,0031,0095,28,45,0662003100952845,30,99/89/64/55/100/100/85/30/100/100/74/51/100/100/100/98,co2:55;hcho:30;tvoc:51;temperature:100;humidity:98,0668,0034,0095,28,45,co2:false;hcho:false;tvoc:true;temperature:true;humidity:true,false,confidence_below_threshold,true,false
capture_0589,/home/mpetrick/repos/esp32-fever-dream/tools/dataset/captures/serial_timed_fast_20260627T1205Z/capture_0589.jpg,0662,0033,0092,28,45,0662003300922845,53,100/87/66/59/100/100/88/98/100/100/99/53/100/100/100/98,co2:59;hcho:88;tvoc:53;temperature:100;humidity:98,0662,0033,0092,28,45,co2:true;hcho:true;tvoc:true;temperature:true;humidity:true,false,confidence_below_threshold,true,false
capture_0592,/home/mpetrick/repos/esp32-fever-dream/tools/dataset/captures/serial_timed_fast_20260627T1205Z/capture_0592.jpg,0662,0033,0092,28,45,0662003300922845,90,100/99/92/100/100/100/100/100/100/100/90/100/100/100/100/98,co2:92;hcho:100;tvoc:90;temperature:100;humidity:98,0662,0033,0092,28,45,co2:true;hcho:true;tvoc:true;temperature:true;humidity:true,true,,true,true
capture_0595,/home/mpetrick/repos/esp32-fever-dream/tools/dataset/captures/serial_timed_fast_20260627T1205Z/capture_0595.jpg,0662,0033,0092,28,45,0662003300922845,92,100/99/92/100/100/100/100/100/100/100/92/100/100/100/100/94,co2:92;hcho:100;tvoc:92;temperature:100;humidity:94,0662,0033,0092,28,45,co2:true;hcho:true;tvoc:true;temperature:true;humidity:true,true,,true,true
capture_0598,/home/mpetrick/repos/esp32-fever-dream/tools/dataset/captures/serial_timed_fast_20260627T1205Z/capture_0598.jpg,0662,0033,0092,28,45,0662003300922845,49,99/84/64/49/100/100/90/99/100/100/99/55/100/100/100/100,co2:49;hcho:90;tvoc:55;temperature:100;humidity:100,0662,0033,0092,28,45,co2:true;hcho:true;tvoc:true;temperature:true;humidity:true,false,confidence_below_threshold,true,false
capture_0601,/home/mpetrick/repos/esp32-fever-dream/tools/dataset/captures/serial_timed_fast_20260627T1205Z/capture_0601.jpg,0662,0033,0092,28,45,0662003300922845,47,100/90/69/51/100/100/90/98/100/100/100/47/100/100/100/100,co2:51;hcho:90;tvoc:47;temperature:100;humidity:100,0662,0033,0092,28,45,co2:true;hcho:true;tvoc:true;temperature:true;humidity:true,false,confidence_below_threshold,true,false
capture_0604,/home/mpetrick/repos/esp32-fever-dream/tools/dataset/captures/serial_timed_fast_20260627T1205Z/capture_0604.jpg,0662,0033,0092,28,45,0662003300922845,90,100/99/94/100/100/100/100/100/100/100/90/100/100/100/100/94,co2:94;hcho:100;tvoc:90;temperature:100;humidity:94,0662,0033,0092,28,45,co2:true;hcho:true;tvoc:true;temperature:true;humidity:true,true,,true,true
capture_0607,/home/mpetrick/repos/esp32-fever-dream/tools/dataset/captures/serial_timed_fast_20260627T1205Z/capture_0607.jpg,0662,0033,0092,28,45,0662003300922845,52,100/87/66/53/100/100/90/98/100/99/99/52/100/100/100/96,co2:53;hcho:90;tvoc:52;temperature:100;humidity:96,0662,0033,0092,28,45,co2:true;hcho:true;tvoc:true;temperature:true;humidity:true,false,confidence_below_threshold,true,false
capture_0610,/home/mpetrick/repos/esp32-fever-dream/tools/dataset/captures/serial_timed_fast_20260627T1205Z/capture_0610.jpg,0662,0033,0092,28,45,0662003300922845,47,99/85/66/53/100/100/90/99/100/100/99/47/100/100/100/99,co2:53;hcho:90;tvoc:47;temperature:100;humidity:99,0662,0033,0092,28,45,co2:true;hcho:true;tvoc:true;temperature:true;humidity:true,false,confidence_below_threshold,true,false
capture_0613,/home/mpetrick/repos/esp32-fever-dream/tools/dataset/captures/serial_timed_fast_20260627T1205Z/capture_0613.jpg,0662,0033,0092,28,45,0662003300922845,82,99/100/82/100/100/100/100/100/100/100/94/100/100/100/100/97,co2:82;hcho:100;tvoc:94;temperature:100;humidity:97,0662,0033,0092,28,45,co2:true;hcho:true;tvoc:true;temperature:true;humidity:true,false,confidence_below_threshold,true,false
capture_0616,/home/mpetrick/repos/esp32-fever-dream/tools/dataset/captures/serial_timed_fast_20260627T1205Z/capture_0616.jpg,0662,0033,0092,28,45,0662003300922845,91,100/99/92/100/100/100/100/100/100/100/91/100/100/100/100/97,co2:92;hcho:100;tvoc:91;temperature:100;humidity:97,0662,0033,0092,28,45,co2:true;hcho:true;tvoc:true;temperature:true;humidity:true,true,,true,true
capture_0622,/home/mpetrick/repos/esp32-fever-dream/tools/dataset/captures/serial_timed_fast_20260627T1205Z/capture_0622.jpg,0662,0033,0092,28,45,0662003300922845,52,100/87/61/68/100/100/88/99/100/100/99/52/100/100/100/100,co2:61;hcho:88;tvoc:52;temperature:100;humidity:100,0662,0033,0092,28,45,co2:true;hcho:true;tvoc:true;temperature:true;humidity:true,false,confidence_below_threshold,true,false
capture_0625,/home/mpetrick/repos/esp32-fever-dream/tools/dataset/captures/serial_timed_fast_20260627T1205Z/capture_0625.jpg,0662,0033,0092,28,45,0662003300922845,81,100/99/81/100/100/100/99/99/100/100/91/100/100/100/100/98,co2:81;hcho:99;tvoc:91;temperature:100;humidity:98,0662,0033,0092,28,45,co2:true;hcho:true;tvoc:true;temperature:true;humidity:true,false,confidence_below_threshold,true,false
capture_0628,/home/mpetrick/repos/esp32-fever-dream/tools/dataset/captures/serial_timed_fast_20260627T1205Z/capture_0628.jpg,0662,0033,0092,28,45,0662003300922845,92,100/99/94/100/100/100/100/100/100/100/92/100/100/100/100/96,co2:94;hcho:100;tvoc:92;temperature:100;humidity:96,0662,0033,0092,28,45,co2:true;hcho:true;tvoc:true;temperature:true;humidity:true,true,,true,true
capture_0631,/home/mpetrick/repos/esp32-fever-dream/tools/dataset/captures/serial_timed_fast_20260627T1205Z/capture_0631.jpg,0662,0033,0092,28,45,0662003300922845,52,99/89/70/62/100/100/89/98/100/100/99/52/100/100/100/100,co2:62;hcho:89;tvoc:52;temperature:100;humidity:100,0662,0033,0092,28,45,co2:true;hcho:true;tvoc:true;temperature:true;humidity:true,false,confidence_below_threshold,true,false
capture_0634,/home/mpetrick/repos/esp32-fever-dream/tools/dataset/captures/serial_timed_fast_20260627T1205Z/capture_0634.jpg,0662,0033,0092,28,45,0662003300922845,84,100/100/84/100/100/100/100/100/100/100/92/100/100/100/100/97,co2:84;hcho:100;tvoc:92;temperature:100;humidity:97,0662,0033,0092,28,45,co2:true;hcho:true;tvoc:true;temperature:true;humidity:true,false,confidence_below_threshold,true,false
capture_0637,/home/mpetrick/repos/esp32-fever-dream/tools/dataset/captures/serial_timed_fast_20260627T1205Z/capture_0637.jpg,0662,0033,0092,28,45,0662003300922845,89,100/99/92/100/100/100/100/100/100/100/89/100/100/100/100/97,co2:92;hcho:100;tvoc:89;temperature:100;humidity:97,0662,0033,0092,28,45,co2:true;hcho:true;tvoc:true;temperature:true;humidity:true,true,,true,true
capture_0640,/home/mpetrick/repos/esp32-fever-dream/tools/dataset/captures/serial_timed_fast_20260627T1205Z/capture_0640.jpg,0662,0033,0092,28,45,0662003300922845,82,100/99/82/100/100/100/99/100/100/100/92/100/100/100/100/98,co2:82;hcho:99;tvoc:92;temperature:100;humidity:98,0662,0033,0092,28,45,co2:true;hcho:true;tvoc:true;temperature:true;humidity:true,false,confidence_below_threshold,true,false
capture_0643,/home/mpetrick/repos/esp32-fever-dream/tools/dataset/captures/serial_timed_fast_20260627T1205Z/capture_0643.jpg,0662,0033,0092,28,45,0662003300922845,51,100/87/68/65/100/100/87/98/100/100/99/51/100/100/100/91,co2:65;hcho:87;tvoc:51;temperature:100;humidity:91,0662,0033,0092,28,45,co2:true;hcho:true;tvoc:true;temperature:true;humidity:true,false,confidence_below_threshold,true,false
capture_0646,/home/mpetrick/repos/esp32-fever-dream/tools/dataset/captures/serial_timed_fast_20260627T1205Z/capture_0646.jpg,0662,0033,0092,28,45,0662003300922845,50,100/86/69/60/100/100/88/99/100/100/100/50/100/100/100/67,co2:60;hcho:88;tvoc:50;temperature:100;humidity:67,0662,0033,0092,28,45,co2:true;hcho:true;tvoc:true;temperature:true;humidity:true,false,confidence_below_threshold,true,false
capture_0649,/home/mpetrick/repos/esp32-fever-dream/tools/dataset/captures/serial_timed_fast_20260627T1205Z/capture_0649.jpg,0662,0033,0092,28,45,0662003300922845,52,99/80/68/63/100/100/89/98/100/100/99/52/100/100/100/98,co2:63;hcho:89;tvoc:52;temperature:100;humidity:98,0662,0033,0092,28,45,co2:true;hcho:true;tvoc:true;temperature:true;humidity:true,false,confidence_below_threshold,true,false
capture_0652,/home/mpetrick/repos/esp32-fever-dream/tools/dataset/captures/serial_timed_fast_20260627T1205Z/capture_0652.jpg,0662,0033,0092,28,45,0662003300922845,90,100/99/94/100/100/100/100/100/100/100/90/100/100/100/100/99,co2:94;hcho:100;tvoc:90;temperature:100;humidity:99,0662,0033,0092,28,45,co2:true;hcho:true;tvoc:true;temperature:true;humidity:true,true,,true,true
capture_0655,/home/mpetrick/repos/esp32-fever-dream/tools/dataset/captures/serial_timed_fast_20260627T1205Z/capture_0655.jpg,0662,0033,0092,28,45,0662003300922845,53,100/88/67/61/100/100/88/98/100/100/99/53/100/100/100/85,co2:61;hcho:88;tvoc:53;temperature:100;humidity:85,0662,0033,0092,28,45,co2:true;hcho:true;tvoc:true;temperature:true;humidity:true,false,confidence_below_threshold,true,false
capture_0658,/home/mpetrick/repos/esp32-fever-dream/tools/dataset/captures/serial_timed_fast_20260627T1205Z/capture_0658.jpg,0662,0033,0092,28,45,0662003300922845,85,100/99/85/100/100/100/99/100/100/100/90/100/100/100/100/98,co2:85;hcho:99;tvoc:90;temperature:100;humidity:98,0662,0033,0092,28,45,co2:true;hcho:true;tvoc:true;temperature:true;humidity:true,true,,true,true
capture_0661,/home/mpetrick/repos/esp32-fever-dream/tools/dataset/captures/serial_timed_fast_20260627T1205Z/capture_0661.jpg,0662,0033,0092,28,45,0662003300922845,90,100/99/92/100/100/100/100/100/100/100/90/100/100/100/100/96,co2:92;hcho:100;tvoc:90;temperature:100;humidity:96,0662,0033,0092,28,45,co2:true;hcho:true;tvoc:true;temperature:true;humidity:true,true,,true,true
capture_0663,/home/mpetrick/repos/esp32-fever-dream/tools/dataset/captures/serial_timed_fast_20260627T1205Z/capture_0663.jpg,0662,0033,0092,28,45,0662003300922845,56,100/86/66/61/100/100/85/98/100/100/99/56/100/100/100/93,co2:61;hcho:85;tvoc:56;temperature:100;humidity:93,0662,0033,0092,28,45,co2:true;hcho:true;tvoc:true;temperature:true;humidity:true,false,confidence_below_threshold,true,false
capture_0666,/home/mpetrick/repos/esp32-fever-dream/tools/dataset/captures/serial_timed_fast_20260627T1205Z/capture_0666.jpg,0662,0033,0092,28,45,0662003300922845,47,99/89/70/57/100/100/83/98/100/100/99/47/100/100/100/95,co2:57;hcho:83;tvoc:47;temperature:100;humidity:95,0662,0033,0092,28,45,co2:true;hcho:true;tvoc:true;temperature:true;humidity:true,false,confidence_below_threshold,true,false
capture_0669,/home/mpetrick/repos/esp32-fever-dream/tools/dataset/captures/serial_timed_fast_20260627T1205Z/capture_0669.jpg,0662,0033,0092,28,45,0662003300922845,80,100/99/80/100/100/100/99/100/100/100/91/100/100/100/100/98,co2:80;hcho:99;tvoc:91;temperature:100;humidity:98,0662,0033,0092,28,45,co2:true;hcho:true;tvoc:true;temperature:true;humidity:true,false,confidence_below_threshold,true,false
capture_0672,/home/mpetrick/repos/esp32-fever-dream/tools/dataset/captures/serial_timed_fast_20260627T1205Z/capture_0672.jpg,0662,0033,0092,28,45,0662003300922845,56,100/83/69/69/100/100/87/98/100/100/99/56/100/100/100/94,co2:69;hcho:87;tvoc:56;temperature:100;humidity:94,0662,0033,0092,28,45,co2:true;hcho:true;tvoc:true;temperature:true;humidity:true,false,confidence_below_threshold,true,false
capture_0675,/home/mpetrick/repos/esp32-fever-dream/tools/dataset/captures/serial_timed_fast_20260627T1205Z/capture_0675.jpg,0662,0033,0092,28,45,0662003300922845,85,100/99/85/100/100/100/100/100/100/100/90/100/100/100/100/98,co2:85;hcho:100;tvoc:90;temperature:100;humidity:98,0662,0033,0092,28,45,co2:true;hcho:true;tvoc:true;temperature:true;humidity:true,true,,true,true
capture_0678,/home/mpetrick/repos/esp32-fever-dream/tools/dataset/captures/serial_timed_fast_20260627T1205Z/capture_0678.jpg,0662,0033,0092,28,45,0662003300922845,82,100/99/82/100/100/100/100/100/100/100/93/100/100/100/100/98,co2:82;hcho:100;tvoc:93;temperature:100;humidity:98,0662,0033,0092,28,45,co2:true;hcho:true;tvoc:true;temperature:true;humidity:true,false,confidence_below_threshold,true,false
capture_0681,/home/mpetrick/repos/esp32-fever-dream/tools/dataset/captures/serial_timed_fast_20260627T1205Z/capture_0681.jpg,0662,0033,0092,28,45,0662003300922845,50,100/70/69/63/100/100/86/98/100/100/99/50/100/100/100/88,co2:63;hcho:86;tvoc:50;temperature:100;humidity:88,0662,0033,0092,28,45,co2:true;hcho:true;tvoc:true;temperature:true;humidity:true,false,confidence_below_threshold,true,false
capture_0684,/home/mpetrick/repos/esp32-fever-dream/tools/dataset/captures/serial_timed_fast_20260627T1205Z/capture_0684.jpg,0662,0033,0092,28,45,0662003300922845,86,100/99/94/100/100/100/100/100/100/100/86/100/100/100/100/96,co2:94;hcho:100;tvoc:86;temperature:100;humidity:96,0662,0033,0092,28,45,co2:true;hcho:true;tvoc:true;temperature:true;humidity:true,true,,true,true
capture_0687,/home/mpetrick/repos/esp32-fever-dream/tools/dataset/captures/serial_timed_fast_20260627T1205Z/capture_0687.jpg,0662,0033,0092,28,45,0662003300922845,89,100/99/93/100/100/100/100/100/100/100/89/100/100/100/100/90,co2:93;hcho:100;tvoc:89;temperature:100;humidity:90,0662,0033,0092,28,45,co2:true;hcho:true;tvoc:true;temperature:true;humidity:true,true,,true,true
capture_0690,/home/mpetrick/repos/esp32-fever-dream/tools/dataset/captures/serial_timed_fast_20260627T1205Z/capture_0690.jpg,0662,0033,0092,28,45,0662003300922845,87,100/99/92/100/100/100/100/100/100/100/87/100/100/100/100/98,co2:92;hcho:100;tvoc:87;temperature:100;humidity:98,0662,0033,0092,28,45,co2:true;hcho:true;tvoc:true;temperature:true;humidity:true,true,,true,true
capture_0693,/home/mpetrick/repos/esp32-fever-dream/tools/dataset/captures/serial_timed_fast_20260627T1205Z/capture_0693.jpg,0662,0033,0092,28,45,0662003300922845,87,100/99/94/100/100/100/100/100/100/100/87/100/100/100/100/96,co2:94;hcho:100;tvoc:87;temperature:100;humidity:96,0662,0033,0092,28,45,co2:true;hcho:true;tvoc:true;temperature:true;humidity:true,true,,true,true
capture_0696,/home/mpetrick/repos/esp32-fever-dream/tools/dataset/captures/serial_timed_fast_20260627T1205Z/capture_0696.jpg,0662,0033,0092,28,45,0662003300922845,52,100/76/72/73/100/100/88/98/100/100/99/52/100/100/100/91,co2:72;hcho:88;tvoc:52;temperature:100;humidity:91,0662,0033,0092,28,45,co2:true;hcho:true;tvoc:true;temperature:true;humidity:true,false,confidence_below_threshold,true,false
capture_0699,/home/mpetrick/repos/esp32-fever-dream/tools/dataset/captures/serial_timed_fast_20260627T1205Z/capture_0699.jpg,0662,0033,0092,28,45,0662003300922845,50,100/78/69/58/100/100/88/98/100/100/99/50/100/100/100/100,co2:58;hcho:88;tvoc:50;temperature:100;humidity:100,0662,0033,0092,28,45,co2:true;hcho:true;tvoc:true;temperature:true;humidity:true,false,confidence_below_threshold,true,false
capture_0702,/home/mpetrick/repos/esp32-fever-dream/tools/dataset/captures/serial_timed_fast_20260627T1205Z/capture_0702.jpg,0662,0033,0092,28,45,0662003300922845,47,100/78/69/67/100/100/89/98/100/100/100/47/100/100/100/97,co2:67;hcho:89;tvoc:47;temperature:100;humidity:97,0662,0033,0092,28,45,co2:true;hcho:true;tvoc:true;temperature:true;humidity:true,false,confidence_below_threshold,true,false
capture_0705,/home/mpetrick/repos/esp32-fever-dream/tools/dataset/captures/serial_timed_fast_20260627T1205Z/capture_0705.jpg,0662,0033,0092,28,45,0662003300922845,50,100/82/70/57/100/100/89/98/100/100/99/50/100/100/100/91,co2:57;hcho:89;tvoc:50;temperature:100;humidity:91,0662,0033,0092,28,45,co2:true;hcho:true;tvoc:true;temperature:true;humidity:true,false,confidence_below_threshold,true,false
capture_0708,/home/mpetrick/repos/esp32-fever-dream/tools/dataset/captures/serial_timed_fast_20260627T1205Z/capture_0708.jpg,0662,0033,0092,28,45,0662003300922845,80,100/99/80/100/100/100/99/100/100/100/88/100/100/100/100/97,co2:80;hcho:99;tvoc:88;temperature:100;humidity:97,0662,0033,0092,28,45,co2:true;hcho:true;tvoc:true;temperature:true;humidity:true,false,confidence_below_threshold,true,false
capture_0711,/home/mpetrick/repos/esp32-fever-dream/tools/dataset/captures/serial_timed_fast_20260627T1205Z/capture_0711.jpg,0662,0033,0092,28,45,0662003300922845,88,100/99/92/100/100/100/100/100/100/100/88/100/100/100/100/98,co2:92;hcho:100;tvoc:88;temperature:100;humidity:98,0662,0033,0092,28,45,co2:true;hcho:true;tvoc:true;temperature:true;humidity:true,true,,true,true
capture_0714,/home/mpetrick/repos/esp32-fever-dream/tools/dataset/captures/serial_timed_fast_20260627T1205Z/capture_0714.jpg,0662,0033,0092,28,45,0662003300922845,53,100/86/66/63/100/100/89/98/100/100/99/53/100/100/100/100,co2:63;hcho:89;tvoc:53;temperature:100;humidity:100,0662,0033,0092,28,45,co2:true;hcho:true;tvoc:true;temperature:true;humidity:true,false,confidence_below_threshold,true,false
capture_0723,/home/mpetrick/repos/esp32-fever-dream/tools/dataset/captures/serial_timed_fast_20260627T1205Z/capture_0723.jpg,0662,0033,0092,28,45,0662003300922845,82,100/99/82/100/100/100/100/100/100/100/93/100/100/100/100/98,co2:82;hcho:100;tvoc:93;temperature:100;humidity:98,0662,0033,0092,28,45,co2:true;hcho:true;tvoc:true;temperature:true;humidity:true,false,confidence_below_threshold,true,false
capture_0726,/home/mpetrick/repos/esp32-fever-dream/tools/dataset/captures/serial_timed_fast_20260627T1205Z/capture_0726.jpg,0662,0033,0092,28,45,0662003300922845,46,99/80/71/63/100/100/85/99/100/100/100/46/100/100/100/100,co2:63;hcho:85;tvoc:46;temperature:100;humidity:100,0662,0033,0092,28,45,co2:true;hcho:true;tvoc:true;temperature:true;humidity:true,false,confidence_below_threshold,true,false
capture_0729,/home/mpetrick/repos/esp32-fever-dream/tools/dataset/captures/serial_timed_fast_20260627T1205Z/capture_0729.jpg,0662,0033,0092,28,45,0662003300922845,89,100/99/93/100/100/100/100/100/100/100/89/100/100/100/100/99,co2:93;hcho:100;tvoc:89;temperature:100;humidity:99,0662,0033,0092,28,45,co2:true;hcho:true;tvoc:true;temperature:true;humidity:true,true,,true,true
capture_0731,/home/mpetrick/repos/esp32-fever-dream/tools/dataset/captures/serial_timed_fast_20260627T1205Z/capture_0731.jpg,0662,0033,0092,28,45,0662003300922845,45,99/79/68/63/100/100/88/98/100/100/100/45/100/100/100/95,co2:63;hcho:88;tvoc:45;temperature:100;humidity:95,0662,0033,0092,28,45,co2:true;hcho:true;tvoc:true;temperature:true;humidity:true,false,confidence_below_threshold,true,false
capture_0734,/home/mpetrick/repos/esp32-fever-dream/tools/dataset/captures/serial_timed_fast_20260627T1205Z/capture_0734.jpg,0662,0033,0092,28,45,0662003300922845,81,100/100/81/100/100/100/99/100/100/100/90/100/100/100/100/98,co2:81;hcho:99;tvoc:90;temperature:100;humidity:98,0662,0033,0092,28,45,co2:true;hcho:true;tvoc:true;temperature:true;humidity:true,false,confidence_below_threshold,true,false
capture_0737,/home/mpetrick/repos/esp32-fever-dream/tools/dataset/captures/serial_timed_fast_20260627T1205Z/capture_0737.jpg,0662,0033,0092,28,45,0662003300922845,48,100/80/68/60/100/100/88/98/100/100/99/48/100/100/100/87,co2:60;hcho:88;tvoc:48;temperature:100;humidity:87,0662,0033,0092,28,45,co2:true;hcho:true;tvoc:true;temperature:true;humidity:true,false,confidence_below_threshold,true,false
capture_0740,/home/mpetrick/repos/esp32-fever-dream/tools/dataset/captures/serial_timed_fast_20260627T1205Z/capture_0740.jpg,0662,0033,0092,28,45,0662003300922845,48,99/76/70/66/100/100/88/99/100/100/99/48/100/100/100/99,co2:66;hcho:88;tvoc:48;temperature:100;humidity:99,0662,0033,0092,28,45,co2:true;hcho:true;tvoc:true;temperature:true;humidity:true,false,confidence_below_threshold,true,false
capture_0743,/home/mpetrick/repos/esp32-fever-dream/tools/dataset/captures/serial_timed_fast_20260627T1205Z/capture_0743.jpg,0662,0033,0092,27,45,0662003300922745,83,100/99/83/100/100/100/99/99/100/100/90/100/100/100/100/98,co2:83;hcho:99;tvoc:90;temperature:100;humidity:98,0662,0033,0092,27,45,co2:true;hcho:true;tvoc:true;temperature:true;humidity:true,false,confidence_below_threshold,true,false
capture_0746,/home/mpetrick/repos/esp32-fever-dream/tools/dataset/captures/serial_timed_fast_20260627T1205Z/capture_0746.jpg,0662,0033,0092,27,45,0662003300922745,49,100/70/69/71/100/100/88/98/100/100/100/49/100/100/100/88,co2:69;hcho:88;tvoc:49;temperature:100;humidity:88,0662,0033,0092,27,45,co2:true;hcho:true;tvoc:true;temperature:true;humidity:true,false,confidence_below_threshold,true,false
capture_0749,/home/mpetrick/repos/esp32-fever-dream/tools/dataset/captures/serial_timed_fast_20260627T1205Z/capture_0749.jpg,0662,0033,0092,27,45,0662003300922745,81,100/100/81/100/100/100/99/100/100/100/90/100/100/100/100/97,co2:81;hcho:99;tvoc:90;temperature:100;humidity:97,0662,0033,0092,27,45,co2:true;hcho:true;tvoc:true;temperature:true;humidity:true,false,confidence_below_threshold,true,false
capture_0752,/home/mpetrick/repos/esp32-fever-dream/tools/dataset/captures/serial_timed_fast_20260627T1205Z/capture_0752.jpg,0662,0033,0092,27,45,0662003300922745,81,100/100/81/100/100/100/99/100/100/100/89/100/100/100/100/98,co2:81;hcho:99;tvoc:89;temperature:100;humidity:98,0662,0033,0092,27,45,co2:true;hcho:true;tvoc:true;temperature:true;humidity:true,false,confidence_below_threshold,true,false
capture_0755,/home/mpetrick/repos/esp32-fever-dream/tools/dataset/captures/serial_timed_fast_20260627T1205Z/capture_0755.jpg,0562,0033,0092,27,45,0562003300922745,49,99/52/67/62/100/100/89/99/100/100/99/49/100/100/100/75,co2:52;hcho:89;tvoc:49;temperature:100;humidity:75,0662,0033,0092,27,45,co2:false;hcho:true;tvoc:true;temperature:true;humidity:true,false,confidence_below_threshold,true,false
capture_0758,/home/mpetrick/repos/esp32-fever-dream/tools/dataset/captures/serial_timed_fast_20260627T1205Z/capture_0758.jpg,0662,0033,0092,27,45,0662003300922745,52,99/76/68/67/100/100/86/98/100/100/99/52/100/100/100/99,co2:67;hcho:86;tvoc:52;temperature:100;humidity:99,0662,0033,0092,27,45,co2:true;hcho:true;tvoc:true;temperature:true;humidity:true,false,confidence_below_threshold,true,false
capture_0761,/home/mpetrick/repos/esp32-fever-dream/tools/dataset/captures/serial_timed_fast_20260627T1205Z/capture_0761.jpg,0662,0033,0092,27,45,0662003300922745,88,100/99/94/100/100/100/100/100/100/100/88/100/100/100/100/98,co2:94;hcho:100;tvoc:88;temperature:100;humidity:98,0662,0033,0092,27,45,co2:true;hcho:true;tvoc:true;temperature:true;humidity:true,true,,true,true
capture_0764,/home/mpetrick/repos/esp32-fever-dream/tools/dataset/captures/serial_timed_fast_20260627T1205Z/capture_0764.jpg,0662,0033,0092,27,45,0662003300922745,82,100/99/82/99/100/100/99/100/100/100/93/100/100/100/100/96,co2:82;hcho:99;tvoc:93;temperature:100;humidity:96,0662,0033,0092,27,45,co2:true;hcho:true;tvoc:true;temperature:true;humidity:true,false,confidence_below_threshold,true,false
capture_0767,/home/mpetrick/repos/esp32-fever-dream/tools/dataset/captures/serial_timed_fast_20260627T1205Z/capture_0767.jpg,0662,0033,0092,27,45,0662003300922745,89,100/99/91/100/100/100/100/100/100/100/89/100/100/100/100/100,co2:91;hcho:100;tvoc:89;temperature:100;humidity:100,0662,0033,0092,27,45,co2:true;hcho:true;tvoc:true;temperature:true;humidity:true,true,,true,true
capture_0770,/home/mpetrick/repos/esp32-fever-dream/tools/dataset/captures/serial_timed_fast_20260627T1205Z/capture_0770.jpg,0662,0033,0092,27,45,0662003300922745,45,100/66/69/67/100/100/88/98/100/100/100/45/100/100/100/99,co2:66;hcho:88;tvoc:45;temperature:100;humidity:99,0662,0033,0092,27,45,co2:true;hcho:true;tvoc:true;temperature:true;humidity:true,false,confidence_below_threshold,true,false
capture_0773,/home/mpetrick/repos/esp32-fever-dream/tools/dataset/captures/serial_timed_fast_20260627T1205Z/capture_0773.jpg,0662,0033,0092,27,45,0662003300922745,87,100/99/94/100/100/100/100/100/100/100/87/100/100/100/100/96,co2:94;hcho:100;tvoc:87;temperature:100;humidity:96,0662,0033,0092,27,45,co2:true;hcho:true;tvoc:true;temperature:true;humidity:true,true,,true,true
capture_0776,/home/mpetrick/repos/esp32-fever-dream/tools/dataset/captures/serial_timed_fast_20260627T1205Z/capture_0776.jpg,0662,0033,0092,27,45,0662003300922745,52,100/78/70/66/100/100/90/98/100/100/99/52/100/100/100/95,co2:66;hcho:90;tvoc:52;temperature:100;humidity:95,0662,0033,0092,27,45,co2:true;hcho:true;tvoc:true;temperature:true;humidity:true,false,confidence_below_threshold,true,false
capture_0779,/home/mpetrick/repos/esp32-fever-dream/tools/dataset/captures/serial_timed_fast_20260627T1205Z/capture_0779.jpg,0662,0033,0092,27,45,0662003300922745,45,100/90/68/66/100/100/85/98/100/100/99/45/100/100/100/75,co2:66;hcho:85;tvoc:45;temperature:100;humidity:75,0662,0033,0092,27,45,co2:true;hcho:true;tvoc:true;temperature:true;humidity:true,false,confidence_below_threshold,true,false
capture_0782,/home/mpetrick/repos/esp32-fever-dream/tools/dataset/captures/serial_timed_fast_20260627T1205Z/capture_0782.jpg,0562,0033,0092,27,45,0562003300922745,49,100/55/68/64/100/100/90/98/100/100/99/49/100/100/100/82,co2:55;hcho:90;tvoc:49;temperature:100;humidity:82,0662,0033,0092,27,45,co2:false;hcho:true;tvoc:true;temperature:true;humidity:true,false,confidence_below_threshold,true,false
capture_0785,/home/mpetrick/repos/esp32-fever-dream/tools/dataset/captures/serial_timed_fast_20260627T1205Z/capture_0785.jpg,0662,0033,0092,27,45,0662003300922745,47,99/79/70/69/100/100/84/98/100/100/99/47/100/100/100/98,co2:69;hcho:84;tvoc:47;temperature:100;humidity:98,0662,0033,0092,27,45,co2:true;hcho:true;tvoc:true;temperature:true;humidity:true,false,confidence_below_threshold,true,false
capture_0788,/home/mpetrick/repos/esp32-fever-dream/tools/dataset/captures/serial_timed_fast_20260627T1205Z/capture_0788.jpg,0662,0033,0092,27,45,0662003300922745,44,100/57/74/64/100/100/89/98/100/100/99/44/100/100/100/99,co2:57;hcho:89;tvoc:44;temperature:100;humidity:99,0662,0033,0092,27,45,co2:true;hcho:true;tvoc:true;temperature:true;humidity:true,false,confidence_below_threshold,true,false
capture_0791,/home/mpetrick/repos/esp32-fever-dream/tools/dataset/captures/serial_timed_fast_20260627T1205Z/capture_0791.jpg,0662,0033,0092,27,45,0662003300922745,85,100/99/94/100/100/100/100/100/100/100/85/100/100/100/100/98,co2:94;hcho:100;tvoc:85;temperature:100;humidity:98,0662,0033,0092,27,45,co2:true;hcho:true;tvoc:true;temperature:true;humidity:true,true,,true,true
capture_0794,/home/mpetrick/repos/esp32-fever-dream/tools/dataset/captures/serial_timed_fast_20260627T1205Z/capture_0794.jpg,0662,0033,0092,27,45,0662003300922745,82,100/99/82/100/100/100/99/100/100/100/92/100/100/100/100/97,co2:82;hcho:99;tvoc:92;temperature:100;humidity:97,0662,0033,0092,27,45,co2:true;hcho:true;tvoc:true;temperature:true;humidity:true,false,confidence_below_threshold,true,false
capture_0797,/home/mpetrick/repos/esp32-fever-dream/tools/dataset/captures/serial_timed_fast_20260627T1205Z/capture_0797.jpg,0562,0033,0092,27,45,0562003300922745,53,100/60/69/65/100/100/87/98/100/100/99/53/100/100/100/93,co2:60;hcho:87;tvoc:53;temperature:100;humidity:93,0662,0033,0092,27,45,co2:false;hcho:true;tvoc:true;temperature:true;humidity:true,false,confidence_below_threshold,true,false
capture_0800,/home/mpetrick/repos/esp32-fever-dream/tools/dataset/captures/serial_timed_fast_20260627T1205Z/capture_0800.jpg,0662,0033,0092,27,45,0662003300922745,48,100/70/70/67/100/100/88/98/100/100/100/48/100/100/100/86,co2:67;hcho:88;tvoc:48;temperature:100;humidity:86,0662,0033,0092,27,45,co2:true;hcho:true;tvoc:true;temperature:true;humidity:true,false,confidence_below_threshold,true,false
capture_0803,/home/mpetrick/repos/esp32-fever-dream/tools/dataset/captures/serial_timed_fast_20260627T1205Z/capture_0803.jpg,0662,0033,0092,27,45,0662003300922745,47,100/70/71/67/100/100/86/98/100/100/100/47/100/100/100/100,co2:67;hcho:86;tvoc:47;temperature:100;humidity:100,0662,0033,0092,27,45,co2:true;hcho:true;tvoc:true;temperature:true;humidity:true,false,confidence_below_threshold,true,false
capture_0806,/home/mpetrick/repos/esp32-fever-dream/tools/dataset/captures/serial_timed_fast_20260627T1205Z/capture_0806.jpg,0662,0033,0092,27,45,0662003300922745,88,100/99/94/100/100/100/100/100/100/100/88/100/100/100/100/97,co2:94;hcho:100;tvoc:88;temperature:100;humidity:97,0662,0033,0092,27,45,co2:true;hcho:true;tvoc:true;temperature:true;humidity:true,true,,true,true
capture_0809,/home/mpetrick/repos/esp32-fever-dream/tools/dataset/captures/serial_timed_fast_20260627T1205Z/capture_0809.jpg,0662,0033,0092,27,45,0662003300922745,47,100/60/67/57/100/100/90/98/100/100/100/47/100/100/100/99,co2:57;hcho:90;tvoc:47;temperature:100;humidity:99,0662,0033,0092,27,45,co2:true;hcho:true;tvoc:true;temperature:true;humidity:true,false,confidence_below_threshold,true,false
capture_0812,/home/mpetrick/repos/esp32-fever-dream/tools/dataset/captures/serial_timed_fast_20260627T1205Z/capture_0812.jpg,0662,0033,0092,27,45,0662003300922745,49,100/57/70/68/100/100/86/98/100/100/99/49/100/100/100/99,co2:57;hcho:86;tvoc:49;temperature:100;humidity:99,0662,0033,0092,27,45,co2:true;hcho:true;tvoc:true;temperature:true;humidity:true,false,confidence_below_threshold,true,false
capture_0815,/home/mpetrick/repos/esp32-fever-dream/tools/dataset/captures/serial_timed_fast_20260627T1205Z/capture_0815.jpg,0662,0033,0092,27,45,0662003300922745,86,100/99/93/100/100/100/100/100/100/100/86/100/100/100/100/98,co2:93;hcho:100;tvoc:86;temperature:100;humidity:98,0662,0033,0092,27,45,co2:true;hcho:true;tvoc:true;temperature:true;humidity:true,true,,true,true
capture_0818,/home/mpetrick/repos/esp32-fever-dream/tools/dataset/captures/serial_timed_fast_20260627T1205Z/capture_0818.jpg,0662,0033,0092,27,45,0662003300922745,89,100/99/94/100/100/100/100/100/100/100/89/100/100/100/100/96,co2:94;hcho:100;tvoc:89;temperature:100;humidity:96,0662,0033,0092,27,45,co2:true;hcho:true;tvoc:true;temperature:true;humidity:true,true,,true,true
capture_0821,/home/mpetrick/repos/esp32-fever-dream/tools/dataset/captures/serial_timed_fast_20260627T1205Z/capture_0821.jpg,0662,0032,0069,27,45,0662003200692745,49,100/99/95/100/100/100/100/99/100/100/49/92/100/100/100/98,co2:95;hcho:99;tvoc:49;temperature:100;humidity:98,0662,0032,0088,27,45,co2:true;hcho:true;tvoc:false;temperature:true;humidity:true,false,confidence_below_threshold,true,false
capture_0824,/home/mpetrick/repos/esp32-fever-dream/tools/dataset/captures/serial_timed_fast_20260627T1205Z/capture_0824.jpg,0657,0032,0066,27,45,0657003200662745,50,100/99/64/62/100/100/100/98/100/100/50/93/100/100/100/96,co2:62;hcho:98;tvoc:50;temperature:100;humidity:96,0657,0032,0086,27,45,co2:true;hcho:true;tvoc:false;temperature:true;humidity:true,false,confidence_below_threshold,true,false
capture_0827,/home/mpetrick/repos/esp32-fever-dream/tools/dataset/captures/serial_timed_fast_20260627T1205Z/capture_0827.jpg,0657,0032,0092,27,45,0657003200922745,64,100/99/64/73/100/100/100/99/100/100/85/100/100/100/100/96,co2:64;hcho:99;tvoc:85;temperature:100;humidity:96,0657,0032,0092,27,45,co2:true;hcho:true;tvoc:true;temperature:true;humidity:true,false,confidence_below_threshold,true,false
capture_0841,/home/mpetrick/repos/esp32-fever-dream/tools/dataset/captures/serial_timed_fast_20260627T1205Z/capture_0841.jpg,0662,0023,0082,27,45,0662002300822745,41,100/52/45/72/100/100/73/86/100/100/56/41/100/100/100/77,co2:45;hcho:73;tvoc:41;temperature:100;humidity:77,0640,0029,0084,27,45,co2:false;hcho:false;tvoc:false;temperature:true;humidity:true,false,confidence_below_threshold,true,false
capture_0844,/home/mpetrick/repos/esp32-fever-dream/tools/dataset/captures/serial_timed_fast_20260627T1205Z/capture_0844.jpg,0674,0027,0072,27,45,0674002700722745,41,100/62/95/99/100/100/83/99/100/100/96/41/100/100/100/98,co2:62;hcho:83;tvoc:41;temperature:100;humidity:98,0624,0027,0078,27,45,co2:false;hcho:true;tvoc:false;temperature:true;humidity:true,false,confidence_below_threshold,true,false
capture_0862,/home/mpetrick/repos/esp32-fever-dream/tools/dataset/captures/serial_timed_fast_20260627T1205Z/capture_0862.jpg,0662,0051,0012,27,45,0662005100122745,37,100/60/67/58/100/100/67/37/100/99/51/48/100/100/100/95,co2:58;hcho:37;tvoc:48;temperature:100;humidity:95,0635,0028,0078,27,45,co2:false;hcho:false;tvoc:false;temperature:true;humidity:true,false,confidence_below_threshold,true,false
capture_0865,/home/mpetrick/repos/esp32-fever-dream/tools/dataset/captures/serial_timed_fast_20260627T1205Z/capture_0865.jpg,0662,0023,0072,27,45,0662002300722745,38,100/74/38/68/100/100/70/79/100/100/96/42/100/100/100/95,co2:38;hcho:70;tvoc:42;temperature:100;humidity:95,0640,0027,0078,27,45,co2:false;hcho:false;tvoc:false;temperature:true;humidity:true,false,confidence_below_threshold,true,false
capture_0868,/home/mpetrick/repos/esp32-fever-dream/tools/dataset/captures/serial_timed_fast_20260627T1205Z/capture_0868.jpg,0611,3224,1054,23,42,0611322410542342,22,56/92/86/88/35/61/85/82/43/58/93/22/74/33/85/54,co2:56;hcho:35;tvoc:22;temperature:33;humidity:54,0618,0024,0054,27,45,co2:false;hcho:false;tvoc:false;temperature:false;humidity:false,false,confidence_below_threshold,true,false
capture_0874,/home/mpetrick/repos/esp32-fever-dream/tools/dataset/captures/serial_timed_fast_20260627T1205Z/capture_0874.jpg,0662,0021,0077,27,45,0662002100772745,29,100/54/71/66/100/100/65/29/100/100/65/59/100/100/100/98,co2:54;hcho:29;tvoc:59;temperature:100;humidity:98,0629,0028,0078,27,45,co2:false;hcho:false;tvoc:false;temperature:true;humidity:true,false,confidence_below_threshold,true,false
capture_0877,/home/mpetrick/repos/esp32-fever-dream/tools/dataset/captures/serial_timed_fast_20260627T1205Z/capture_0877.jpg,0574,0027,0077,27,45,0574002700772745,48,100/64/97/100/100/100/88/99/100/100/96/48/100/100/100/100,co2:64;hcho:88;tvoc:48;temperature:100;humidity:100,0624,0027,0078,27,45,co2:false;hcho:true;tvoc:false;temperature:true;humidity:true,false,confidence_below_threshold,true,false
capture_0880,/home/mpetrick/repos/esp32-fever-dream/tools/dataset/captures/serial_timed_fast_20260627T1205Z/capture_0880.jpg,0562,0033,0052,27,45,0562003300522745,41,100/79/68/54/100/100/49/74/100/100/41/46/100/100/100/100,co2:54;hcho:49;tvoc:41;temperature:100;humidity:100,0657,0032,0089,27,45,co2:false;hcho:false;tvoc:false;temperature:true;humidity:true,false,confidence_below_threshold,true,false
capture_0883,/home/mpetrick/repos/esp32-fever-dream/tools/dataset/captures/serial_timed_fast_20260627T1205Z/capture_0883.jpg,0657,0032,0066,27,45,0657003200662745,59,100/99/61/62/100/100/100/99/100/100/59/94/100/100/100/98,co2:61;hcho:99;tvoc:59;temperature:100;humidity:98,0651,0032,0086,27,45,co2:false;hcho:true;tvoc:false;temperature:true;humidity:true,false,confidence_below_threshold,true,false
capture_0889,/home/mpetrick/repos/esp32-fever-dream/tools/dataset/captures/serial_timed_fast_20260627T1205Z/capture_0889.jpg,0657,0032,0069,27,45,0657003200692745,57,100/99/67/57/100/100/100/99/100/100/58/93/100/100/100/98,co2:57;hcho:99;tvoc:58;temperature:100;humidity:98,0657,0032,0089,27,45,co2:true;hcho:true;tvoc:false;temperature:true;humidity:true,false,confidence_below_threshold,true,false
capture_0892,/home/mpetrick/repos/esp32-fever-dream/tools/dataset/captures/serial_timed_fast_20260627T1205Z/capture_0892.jpg,0637,0033,0066,27,45,0637003300662745,47,100/100/47/97/100/100/99/100/100/100/54/98/100/100/100/97,co2:47;hcho:99;tvoc:54;temperature:100;humidity:97,0657,0033,0086,27,45,co2:false;hcho:true;tvoc:false;temperature:true;humidity:true,false,confidence_below_threshold,true,false
capture_0895,/home/mpetrick/repos/esp32-fever-dream/tools/dataset/captures/serial_timed_fast_20260627T1205Z/capture_0895.jpg,0562,0033,0092,27,45,0562003300922745,43,99/52/69/61/100/100/48/76/100/100/99/43/100/100/100/100,co2:52;hcho:48;tvoc:43;temperature:100;humidity:100,0657,0033,0092,27,45,co2:false;hcho:true;tvoc:true;temperature:true;humidity:true,false,confidence_below_threshold,true,false
capture_0898,/home/mpetrick/repos/esp32-fever-dream/tools/dataset/captures/serial_timed_fast_20260627T1205Z/capture_0898.jpg,0662,0033,0092,27,45,0662003300922745,82,100/100/82/99/100/100/99/100/100/100/90/100/100/100/100/98,co2:82;hcho:99;tvoc:90;temperature:100;humidity:98,0662,0033,0092,27,45,co2:true;hcho:true;tvoc:true;temperature:true;humidity:true,false,confidence_below_threshold,true,false
capture_0901,/home/mpetrick/repos/esp32-fever-dream/tools/dataset/captures/serial_timed_fast_20260627T1205Z/capture_0901.jpg,0562,0033,0092,27,45,0562003300922745,39,100/67/72/63/100/100/87/98/100/100/99/39/100/100/100/98,co2:63;hcho:87;tvoc:39;temperature:100;humidity:98,0662,0033,0092,27,45,co2:false;hcho:true;tvoc:true;temperature:true;humidity:true,false,confidence_below_threshold,true,false
capture_0904,/home/mpetrick/repos/esp32-fever-dream/tools/dataset/captures/serial_timed_fast_20260627T1205Z/capture_0904.jpg,0562,0033,0097,27,45,0562003300972745,52,100/62/71/65/100/100/89/98/100/100/100/52/100/100/100/89,co2:62;hcho:89;tvoc:52;temperature:100;humidity:89,0662,0033,0092,27,45,co2:false;hcho:true;tvoc:false;temperature:true;humidity:true,false,confidence_below_threshold,true,false
capture_0907,/home/mpetrick/repos/esp32-fever-dream/tools/dataset/captures/serial_timed_fast_20260627T1205Z/capture_0907.jpg,0657,0032,0069,27,45,0657003200692745,47,100/99/64/66/100/100/100/99/100/100/47/94/100/100/100/94,co2:64;hcho:99;tvoc:47;temperature:100;humidity:94,0657,0032,0089,27,45,co2:true;hcho:true;tvoc:false;temperature:true;humidity:true,false,confidence_below_threshold,true,false
capture_0919,/home/mpetrick/repos/esp32-fever-dream/tools/dataset/captures/serial_timed_fast_20260627T1205Z/capture_0919.jpg,0562,0033,0052,27,45,0562003300522745,38,100/71/73/68/100/100/86/98/100/100/38/41/100/100/100/95,co2:68;hcho:86;tvoc:38;temperature:100;humidity:95,0662,0032,0088,27,45,co2:false;hcho:false;tvoc:false;temperature:true;humidity:true,false,confidence_below_threshold,true,false
capture_0925,/home/mpetrick/repos/esp32-fever-dream/tools/dataset/captures/serial_timed_fast_20260627T1205Z/capture_0925.jpg,0657,0032,0069,27,45,0657003200692745,59,100/99/63/59/100/100/100/99/100/100/61/95/100/100/100/99,co2:59;hcho:99;tvoc:61;temperature:100;humidity:99,0657,0032,0089,27,45,co2:true;hcho:true;tvoc:false;temperature:true;humidity:true,false,confidence_below_threshold,true,false
capture_0931,/home/mpetrick/repos/esp32-fever-dream/tools/dataset/captures/serial_timed_fast_20260627T1205Z/capture_0931.jpg,0637,0032,0063,27,45,0637003200632745,43,100/99/44/98/100/100/99/96/100/100/72/43/100/100/100/98,co2:44;hcho:96;tvoc:43;temperature:100;humidity:98,0651,0032,0089,27,45,co2:false;hcho:true;tvoc:false;temperature:true;humidity:true,false,confidence_below_threshold,true,false
capture_0937,/home/mpetrick/repos/esp32-fever-dream/tools/dataset/captures/serial_timed_fast_20260627T1205Z/capture_0937.jpg,0635,0029,0064,27,45,0635002900642745,60,100/99/79/89/100/100/100/97/100/100/60/100/100/100/100/98,co2:79;hcho:97;tvoc:60;temperature:100;humidity:98,0635,0029,0084,27,45,co2:true;hcho:true;tvoc:false;temperature:true;humidity:true,false,confidence_below_threshold,true,false
capture_0939,/home/mpetrick/repos/esp32-fever-dream/tools/dataset/captures/serial_timed_fast_20260627T1205Z/capture_0939.jpg,0562,0051,0012,27,45,0562005100122745,30,100/60/40/53/100/100/62/30/100/100/41/46/100/100/100/100,co2:40;hcho:30;tvoc:41;temperature:100;humidity:100,0618,0025,0072,27,45,co2:false;hcho:false;tvoc:false;temperature:true;humidity:true,false,confidence_below_threshold,true,false
capture_0942,/home/mpetrick/repos/esp32-fever-dream/tools/dataset/captures/serial_timed_fast_20260627T1205Z/capture_0942.jpg,0662,0021,0077,27,45,0662002100772745,34,99/52/67/62/100/100/79/34/100/100/99/43/100/100/100/99,co2:52;hcho:34;tvoc:43;temperature:100;humidity:99,0629,0027,0072,27,45,co2:false;hcho:false;tvoc:false;temperature:true;humidity:true,false,confidence_below_threshold,true,false
capture_0945,/home/mpetrick/repos/esp32-fever-dream/tools/dataset/captures/serial_timed_fast_20260627T1205Z/capture_0945.jpg,0624,0026,0070,27,45,0624002600702745,78,100/87/88/100/100/100/92/85/100/100/86/100/100/100/100/78,co2:87;hcho:85;tvoc:86;temperature:100;humidity:78,0624,0026,0070,27,45,co2:true;hcho:true;tvoc:true;temperature:true;humidity:true,false,confidence_below_threshold,true,false
capture_0948,/home/mpetrick/repos/esp32-fever-dream/tools/dataset/captures/serial_timed_fast_20260627T1205Z/capture_0948.jpg,0635,0028,0078,27,45,0635002800782745,84,100/99/100/84/100/100/96/90/100/100/97/92/100/100/100/97,co2:84;hcho:90;tvoc:92;temperature:100;humidity:97,0635,0028,0078,27,45,co2:true;hcho:true;tvoc:true;temperature:true;humidity:true,false,confidence_below_threshold,true,false
capture_0951,/home/mpetrick/repos/esp32-fever-dream/tools/dataset/captures/serial_timed_fast_20260627T1205Z/capture_0951.jpg,0635,0028,0078,27,45,0635002800782745,89,100/99/100/91/100/100/97/90/100/100/97/89/100/100/100/97,co2:91;hcho:90;tvoc:89;temperature:100;humidity:97,0635,0028,0078,27,45,co2:true;hcho:true;tvoc:true;temperature:true;humidity:true,true,,true,true
capture_0954,/home/mpetrick/repos/esp32-fever-dream/tools/dataset/captures/serial_timed_fast_20260627T1205Z/capture_0954.jpg,0562,0023,0062,27,45,0562002300622745,32,100/83/44/64/100/100/47/32/100/100/94/34/100/100/100/100,co2:44;hcho:32;tvoc:34;temperature:100;humidity:100,0618,0023,0064,27,45,co2:false;hcho:true;tvoc:false;temperature:true;humidity:true,false,confidence_below_threshold,true,false
capture_0957,/home/mpetrick/repos/esp32-fever-dream/tools/dataset/captures/serial_timed_fast_20260627T1205Z/capture_0957.jpg,0607,0025,0067,27,45,0607002500672745,61,100/99/100/64/100/100/97/96/100/100/61/100/100/100/100/98,co2:64;hcho:96;tvoc:61;temperature:100;humidity:98,0607,0025,0067,27,45,co2:true;hcho:true;tvoc:true;temperature:true;humidity:true,false,confidence_below_threshold,true,false
capture_0960,/home/mpetrick/repos/esp32-fever-dream/tools/dataset/captures/serial_timed_fast_20260627T1205Z/capture_0960.jpg,0676,0025,0067,27,45,0676002500672745,65,100/99/65/65/100/100/100/92/100/100/67/100/100/100/100/98,co2:65;hcho:92;tvoc:67;temperature:100;humidity:98,0618,0025,0067,27,45,co2:false;hcho:true;tvoc:true;temperature:true;humidity:true,false,confidence_below_threshold,true,false
capture_0963,/home/mpetrick/repos/esp32-fever-dream/tools/dataset/captures/serial_timed_fast_20260627T1205Z/capture_0963.jpg,0512,0051,0077,27,45,0512005100772745,31,100/75/36/59/100/100/63/31/100/100/54/41/100/100/100/100,co2:36;hcho:31;tvoc:41;temperature:100;humidity:100,0618,0025,0072,27,45,co2:false;hcho:false;tvoc:false;temperature:true;humidity:true,false,confidence_below_threshold,true,false
capture_0969,/home/mpetrick/repos/esp32-fever-dream/tools/dataset/captures/serial_timed_fast_20260627T1205Z/capture_0969.jpg,0635,0037,0064,27,45,0635003700642745,55,100/99/100/88/100/100/100/55/100/100/60/98/100/100/100/99,co2:88;hcho:55;tvoc:60;temperature:100;humidity:99,0635,0030,0084,27,45,co2:true;hcho:false;tvoc:false;temperature:true;humidity:true,false,confidence_below_threshold,true,false
capture_0972,/home/mpetrick/repos/esp32-fever-dream/tools/dataset/captures/serial_timed_fast_20260627T1205Z/capture_0972.jpg,0562,0021,0087,27,45,0562002100872745,35,100/83/72/59/100/100/83/35/100/100/84/42/100/100/100/99,co2:59;hcho:35;tvoc:42;temperature:100;humidity:99,0629,0028,0084,27,45,co2:false;hcho:false;tvoc:false;temperature:true;humidity:true,false,confidence_below_threshold,true,false
capture_0975,/home/mpetrick/repos/esp32-fever-dream/tools/dataset/captures/serial_timed_fast_20260627T1205Z/capture_0975.jpg,0607,0024,0070,27,45,0607002400702745,62,100/99/100/62/100/100/96/99/100/100/96/100/100/100/100/99,co2:62;hcho:96;tvoc:96;temperature:100;humidity:99,0607,0024,0070,27,45,co2:true;hcho:true;tvoc:true;temperature:true;humidity:true,false,confidence_below_threshold,true,false
capture_0978,/home/mpetrick/repos/esp32-fever-dream/tools/dataset/captures/serial_timed_fast_20260627T1205Z/capture_0978.jpg,0562,0051,0075,27,45,0562005100752745,30,100/80/38/64/100/100/61/30/100/100/65/53/100/100/100/88,co2:38;hcho:30;tvoc:53;temperature:100;humidity:88,0618,0026,0075,27,45,co2:false;hcho:false;tvoc:true;temperature:true;humidity:true,false,confidence_below_threshold,true,false
capture_0984,/home/mpetrick/repos/esp32-fever-dream/tools/dataset/captures/serial_timed_fast_20260627T1205Z/capture_0984.jpg,0635,0023,0067,27,45,0635002300672745,52,100/99/100/87/100/100/96/100/100/100/52/100/100/100/100/99,co2:87;hcho:96;tvoc:52;temperature:100;humidity:99,0635,0023,0067,27,45,co2:true;hcho:true;tvoc:true;temperature:true;humidity:true,false,confidence_below_threshold,true,false
capture_0987,/home/mpetrick/repos/esp32-fever-dream/tools/dataset/captures/serial_timed_fast_20260627T1205Z/capture_0987.jpg,0574,0027,0075,27,45,0574002700752745,53,100/87/98/100/100/100/92/99/100/100/58/53/100/100/100/92,co2:87;hcho:92;tvoc:53;temperature:100;humidity:92,0624,0026,0075,27,45,co2:false;hcho:false;tvoc:true;temperature:true;humidity:true,false,confidence_below_threshold,true,false
capture_0990,/home/mpetrick/repos/esp32-fever-dream/tools/dataset/captures/serial_timed_fast_20260627T1205Z/capture_0990.jpg,0675,0024,0067,27,45,0675002400672745,55,100/100/60/84/100/100/100/77/100/100/55/99/100/100/100/97,co2:60;hcho:77;tvoc:55;temperature:100;humidity:97,0613,0024,0067,27,45,co2:false;hcho:true;tvoc:true;temperature:true;humidity:true,false,confidence_below_threshold,true,false
capture_0993,/home/mpetrick/repos/esp32-fever-dream/tools/dataset/captures/serial_timed_fast_20260627T1205Z/capture_0993.jpg,0607,0023,0064,27,45,0607002300642745,58,100/99/100/62/100/100/97/100/100/100/58/100/100/100/100/98,co2:62;hcho:97;tvoc:58;temperature:100;humidity:98,0607,0023,0064,27,45,co2:true;hcho:true;tvoc:true;temperature:true;humidity:true,false,confidence_below_threshold,true,false
capture_0999,/home/mpetrick/repos/esp32-fever-dream/tools/dataset/captures/serial_timed_fast_20260627T1205Z/capture_0999.jpg,0562,0023,0067,27,45,0562002300672745,57,100/65/70/59/100/100/73/76/100/100/96/57/100/100/100/89,co2:59;hcho:73;tvoc:57;temperature:100;humidity:89,0607,0024,0067,27,45,co2:false;hcho:false;tvoc:true;temperature:true;humidity:true,false,confidence_below_threshold,true,false
capture_1002,/home/mpetrick/repos/esp32-fever-dream/tools/dataset/captures/serial_timed_fast_20260627T1205Z/capture_1002.jpg,0557,0027,0092,27,45,0557002700922745,50,100/100/50/66/100/100/96/55/100/100/79/61/100/100/100/99,co2:50;hcho:55;tvoc:61;temperature:100;humidity:99,0591,0020,0058,27,45,co2:false;hcho:false;tvoc:false;temperature:true;humidity:true,false,confidence_below_threshold,true,false
capture_1005,/home/mpetrick/repos/esp32-fever-dream/tools/dataset/captures/serial_timed_fast_20260627T1205Z/capture_1005.jpg,0562,0003,0077,27,45,0562000300772745,53,100/69/71/67/100/100/59/98/100/100/78/53/100/100/100/100,co2:67;hcho:59;tvoc:53;temperature:100;humidity:100,0602,0023,0070,27,45,co2:false;hcho:false;tvoc:false;temperature:true;humidity:true,false,confidence_below_threshold,true,false
capture_1008,/home/mpetrick/repos/esp32-fever-dream/tools/dataset/captures/serial_timed_fast_20260627T1205Z/capture_1008.jpg,0602,0027,0093,27,45,0602002700932745,58,100/99/100/100/100/100/96/58/100/100/79/100/100/100/100/98,co2:99;hcho:58;tvoc:79;temperature:100;humidity:98,0602,0020,0053,27,45,co2:true;hcho:false;tvoc:false;temperature:true;humidity:true,false,confidence_below_threshold,true,false
capture_1011,/home/mpetrick/repos/esp32-fever-dream/tools/dataset/captures/serial_timed_fast_20260627T1205Z/capture_1011.jpg,0562,0033,0057,27,45,0562003300572745,42,100/87/74/72/100/100/74/73/100/100/100/42/100/100/100/100,co2:72;hcho:73;tvoc:42;temperature:100;humidity:100,0580,0008,0050,27,45,co2:false;hcho:false;tvoc:false;temperature:true;humidity:true,false,confidence_below_threshold,true,false
capture_1014,/home/mpetrick/repos/esp32-fever-dream/tools/dataset/captures/serial_timed_fast_20260627T1205Z/capture_1014.jpg,0565,0019,0096,27,45,0565001900962745,82,100/100/82/93/100/100/100/95/100/100/89/93/100/100/100/98,co2:82;hcho:95;tvoc:89;temperature:100;humidity:98,0585,0009,0056,27,45,co2:false;hcho:false;tvoc:false;temperature:true;humidity:true,false,confidence_below_threshold,true,false
capture_1017,/home/mpetrick/repos/esp32-fever-dream/tools/dataset/captures/serial_timed_fast_20260627T1205Z/capture_1017.jpg,0562,0051,0057,27,45,0562005100572745,33,100/69/72/68/100/100/63/33/100/100/100/48/100/100/100/67,co2:68;hcho:33;tvoc:48;temperature:100;humidity:67,0585,0008,0053,27,45,co2:false;hcho:false;tvoc:false;temperature:true;humidity:true,false,confidence_below_threshold,true,false
capture_1020,/home/mpetrick/repos/esp32-fever-dream/tools/dataset/captures/serial_timed_fast_20260627T1205Z/capture_1020.jpg,0562,0033,0057,27,45,0562003300572745,54,100/80/70/61/100/100/54/76/100/99/99/63/100/100/100/98,co2:61;hcho:54;tvoc:63;temperature:100;humidity:98,0580,0008,0050,27,45,co2:false;hcho:false;tvoc:false;temperature:true;humidity:true,false,confidence_below_threshold,true,false
capture_1023,/home/mpetrick/repos/esp32-fever-dream/tools/dataset/captures/serial_timed_fast_20260627T1205Z/capture_1023.jpg,0562,0051,0057,27,45,0562005100572745,30,100/91/72/76/100/100/65/30/100/100/97/58/100/100/100/100,co2:72;hcho:30;tvoc:58;temperature:100;humidity:100,0585,0009,0053,27,45,co2:false;hcho:false;tvoc:false;temperature:true;humidity:true,false,confidence_below_threshold,true,false
capture_1025,/home/mpetrick/repos/esp32-fever-dream/tools/dataset/captures/serial_timed_fast_20260627T1205Z/capture_1025.jpg,0565,0013,0093,27,45,0565001300932745,62,100/100/87/90/100/100/100/62/100/100/77/100/100/100/100/100,co2:87;hcho:62;tvoc:77;temperature:100;humidity:100,0585,0009,0053,27,45,co2:false;hcho:false;tvoc:false;temperature:true;humidity:true,false,confidence_below_threshold,true,false
capture_1028,/home/mpetrick/repos/esp32-fever-dream/tools/dataset/captures/serial_timed_fast_20260627T1205Z/capture_1028.jpg,0562,0051,0057,27,45,0562005100572745,31,100/83/72/63/100/100/62/31/100/100/98/51/100/100/100/100,co2:63;hcho:31;tvoc:51;temperature:100;humidity:100,0585,0009,0053,27,45,co2:false;hcho:false;tvoc:false;temperature:true;humidity:true,false,confidence_below_threshold,true,false
capture_1031,/home/mpetrick/repos/esp32-fever-dream/tools/dataset/captures/serial_timed_fast_20260627T1205Z/capture_1031.jpg,0574,0017,0042,27,45,0574001700422745,40,100/91/98/100/100/100/100/99/100/100/100/40/100/100/100/92,co2:91;hcho:99;tvoc:40;temperature:100;humidity:92,0574,0017,0047,27,45,co2:true;hcho:true;tvoc:false;temperature:true;humidity:true,false,confidence_below_threshold,true,false
capture_1034,/home/mpetrick/repos/esp32-fever-dream/tools/dataset/captures/serial_timed_fast_20260627T1205Z/capture_1034.jpg,0560,0017,0093,27,45,0560001700932745,43,100/100/82/59/100/100/100/43/100/100/90/99/100/100/100/96,co2:59;hcho:43;tvoc:90;temperature:100;humidity:96,0580,0008,0053,27,45,co2:false;hcho:false;tvoc:false;temperature:true;humidity:true,false,confidence_below_threshold,true,false
capture_1037,/home/mpetrick/repos/esp32-fever-dream/tools/dataset/captures/serial_timed_fast_20260627T1205Z/capture_1037.jpg,0557,0013,0093,27,45,0557001300932745,48,100/100/48/52/100/100/100/70/100/100/77/100/100/100/100/99,co2:48;hcho:70;tvoc:77;temperature:100;humidity:99,0591,0013,0053,27,45,co2:false;hcho:true;tvoc:false;temperature:true;humidity:true,false,confidence_below_threshold,true,false
capture_1040,/home/mpetrick/repos/esp32-fever-dream/tools/dataset/captures/serial_timed_fast_20260627T1205Z/capture_1040.jpg,0557,0018,0093,27,45,0557001800932745,52,100/100/52/54/100/100/100/91/100/100/71/100/100/100/100/98,co2:52;hcho:91;tvoc:71;temperature:100;humidity:98,0591,0008,0053,27,45,co2:false;hcho:false;tvoc:false;temperature:true;humidity:true,false,confidence_below_threshold,true,false
capture_1043,/home/mpetrick/repos/esp32-fever-dream/tools/dataset/captures/serial_timed_fast_20260627T1205Z/capture_1043.jpg,0562,0033,0057,27,45,0562003300572745,56,100/92/70/68/100/100/56/77/100/100/99/64/100/100/100/77,co2:68;hcho:56;tvoc:64;temperature:100;humidity:77,0580,0008,0050,27,45,co2:false;hcho:false;tvoc:false;temperature:true;humidity:true,false,confidence_below_threshold,true,false
capture_1046,/home/mpetrick/repos/esp32-fever-dream/tools/dataset/captures/serial_timed_fast_20260627T1205Z/capture_1046.jpg,0574,0017,0047,27,45,0574001700472745,74,100/100/74/100/100/100/100/99/100/100/100/100/100/100/100/97,co2:74;hcho:99;tvoc:100;temperature:100;humidity:97,0574,0017,0047,27,45,co2:true;hcho:true;tvoc:true;temperature:true;humidity:true,false,confidence_below_threshold,true,false
capture_1049,/home/mpetrick/repos/esp32-fever-dream/tools/dataset/captures/serial_timed_fast_20260627T1205Z/capture_1049.jpg,0562,0033,0057,27,45,0562003300572745,56,100/88/70/68/100/100/61/79/100/100/99/56/100/100/100/99,co2:68;hcho:61;tvoc:56;temperature:100;humidity:99,0580,0008,0050,27,45,co2:false;hcho:false;tvoc:false;temperature:true;humidity:true,false,confidence_below_threshold,true,false
capture_1052,/home/mpetrick/repos/esp32-fever-dream/tools/dataset/captures/serial_timed_fast_20260627T1205Z/capture_1052.jpg,0574,0017,0047,27,45,0574001700472745,98,100/100/100/100/100/100/100/99/100/100/100/100/100/100/100/98,co2:100;hcho:99;tvoc:100;temperature:100;humidity:98,0574,0017,0047,27,45,co2:true;hcho:true;tvoc:true;temperature:true;humidity:true,true,,true,true
capture_1055,/home/mpetrick/repos/esp32-fever-dream/tools/dataset/captures/serial_timed_fast_20260627T1205Z/capture_1055.jpg,0562,0033,0057,27,45,0562003300572745,54,100/86/70/66/100/100/54/78/100/100/99/72/100/100/100/98,co2:66;hcho:54;tvoc:72;temperature:100;humidity:98,0580,0008,0050,27,45,co2:false;hcho:false;tvoc:false;temperature:true;humidity:true,false,confidence_below_threshold,true,false
capture_1058,/home/mpetrick/repos/esp32-fever-dream/tools/dataset/captures/serial_timed_fast_20260627T1205Z/capture_1058.jpg,0562,0033,0057,27,45,0562003300572745,60,100/69/69/70/100/100/60/77/100/100/100/69/100/100/100/99,co2:69;hcho:60;tvoc:69;temperature:100;humidity:99,0580,0008,0050,27,45,co2:false;hcho:false;tvoc:false;temperature:true;humidity:true,false,confidence_below_threshold,true,false
capture_1061,/home/mpetrick/repos/esp32-fever-dream/tools/dataset/captures/serial_timed_fast_20260627T1205Z/capture_1061.jpg,0574,0018,0047,27,45,0574001800472745,91,100/100/100/100/100/100/100/91/100/100/100/100/100/100/100/98,co2:100;hcho:91;tvoc:100;temperature:100;humidity:98,0574,0008,0047,27,45,co2:true;hcho:false;tvoc:true;temperature:true;humidity:true,true,,true,false
capture_1064,/home/mpetrick/repos/esp32-fever-dream/tools/dataset/captures/serial_timed_fast_20260627T1205Z/capture_1064.jpg,0574,0017,0047,27,45,0574001700472745,48,100/91/98/100/100/100/100/99/100/100/100/48/100/100/100/92,co2:91;hcho:99;tvoc:48;temperature:100;humidity:92,0574,0017,0047,27,45,co2:true;hcho:true;tvoc:true;temperature:true;humidity:true,false,confidence_below_threshold,true,false
capture_1067,/home/mpetrick/repos/esp32-fever-dream/tools/dataset/captures/serial_timed_fast_20260627T1205Z/capture_1067.jpg,0574,0017,0047,27,45,0574001700472745,53,100/86/96/100/100/100/100/99/100/100/100/53/100/100/100/99,co2:86;hcho:99;tvoc:53;temperature:100;humidity:99,0574,0017,0047,27,45,co2:true;hcho:true;tvoc:true;temperature:true;humidity:true,false,confidence_below_threshold,true,false
capture_1070,/home/mpetrick/repos/esp32-fever-dream/tools/dataset/captures/serial_timed_fast_20260627T1205Z/capture_1070.jpg,0574,0017,0047,27,45,0574001700472745,74,100/100/74/100/100/100/100/98/100/100/100/100/100/100/100/97,co2:74;hcho:98;tvoc:100;temperature:100;humidity:97,0574,0017,0047,27,45,co2:true;hcho:true;tvoc:true;temperature:true;humidity:true,false,confidence_below_threshold,true,false
capture_1073,/home/mpetrick/repos/esp32-fever-dream/tools/dataset/captures/serial_timed_fast_20260627T1205Z/capture_1073.jpg,0574,0017,0047,27,45,0574001700472745,68,100/88/95/100/100/100/100/99/100/100/100/68/100/100/100/93,co2:88;hcho:99;tvoc:68;temperature:100;humidity:93,0574,0017,0047,27,45,co2:true;hcho:true;tvoc:true;temperature:true;humidity:true,false,confidence_below_threshold,true,false
capture_1076,/home/mpetrick/repos/esp32-fever-dream/tools/dataset/captures/serial_timed_fast_20260627T1205Z/capture_1076.jpg,0574,0017,0047,27,45,0574001700472745,76,100/100/76/100/100/100/100/99/100/100/100/100/100/100/100/97,co2:76;hcho:99;tvoc:100;temperature:100;humidity:97,0574,0017,0047,27,45,co2:true;hcho:true;tvoc:true;temperature:true;humidity:true,false,confidence_below_threshold,true,false
capture_1079,/home/mpetrick/repos/esp32-fever-dream/tools/dataset/captures/serial_timed_fast_20260627T1205Z/capture_1079.jpg,0574,0018,0090,27,45,0574001800902745,75,100/100/100/100/100/100/100/90/100/100/75/100/100/100/100/99,co2:100;hcho:90;tvoc:75;temperature:100;humidity:99,0574,0008,0050,27,45,co2:true;hcho:false;tvoc:false;temperature:true;humidity:true,false,confidence_below_threshold,true,false
capture_1082,/home/mpetrick/repos/esp32-fever-dream/tools/dataset/captures/serial_timed_fast_20260627T1205Z/capture_1082.jpg,0562,0033,0057,27,45,0562003300572745,67,100/94/74/75/100/100/67/76/100/100/99/72/100/100/100/95,co2:74;hcho:67;tvoc:72;temperature:100;humidity:95,0580,0008,0050,27,45,co2:false;hcho:false;tvoc:false;temperature:true;humidity:true,false,confidence_below_threshold,true,false
capture_1085,/home/mpetrick/repos/esp32-fever-dream/tools/dataset/captures/serial_timed_fast_20260627T1205Z/capture_1085.jpg,0574,0017,0047,27,45,0574001700472745,72,100/93/98/100/100/100/100/99/100/100/100/72/100/100/100/98,co2:93;hcho:99;tvoc:72;temperature:100;humidity:98,0574,0017,0047,27,45,co2:true;hcho:true;tvoc:true;temperature:true;humidity:true,false,confidence_below_threshold,true,false
capture_1088,/home/mpetrick/repos/esp32-fever-dream/tools/dataset/captures/serial_timed_fast_20260627T1205Z/capture_1088.jpg,0562,0033,0057,27,45,0562003300572745,58,100/89/68/60/100/100/58/71/100/100/99/67/100/100/100/97,co2:60;hcho:58;tvoc:67;temperature:100;humidity:97,0580,0008,0050,27,45,co2:false;hcho:false;tvoc:false;temperature:true;humidity:true,false,confidence_below_threshold,true,false
capture_1091,/home/mpetrick/repos/esp32-fever-dream/tools/dataset/captures/serial_timed_fast_20260627T1205Z/capture_1091.jpg,0562,0051,0057,27,45,0562005100572745,32,100/87/71/65/100/100/69/32/100/100/97/65/100/100/100/98,co2:65;hcho:32;tvoc:65;temperature:100;humidity:98,0585,0009,0053,27,45,co2:false;hcho:false;tvoc:false;temperature:true;humidity:true,false,confidence_below_threshold,true,false
capture_1094,/home/mpetrick/repos/esp32-fever-dream/tools/dataset/captures/serial_timed_fast_20260627T1205Z/capture_1094.jpg,0565,0013,0090,27,45,0565001300902745,72,100/100/88/92/100/100/100/72/100/100/75/100/100/100/100/99,co2:88;hcho:72;tvoc:75;temperature:100;humidity:99,0585,0009,0050,27,45,co2:false;hcho:false;tvoc:false;temperature:true;humidity:true,false,confidence_below_threshold,true,false
capture_1097,/home/mpetrick/repos/esp32-fever-dream/tools/dataset/captures/serial_timed_fast_20260627T1205Z/capture_1097.jpg,0562,0033,0057,27,45,0562003300572745,43,100/94/74/68/100/100/59/81/100/100/99/43/100/100/100/96,co2:68;hcho:59;tvoc:43;temperature:100;humidity:96,0580,0008,0050,27,45,co2:false;hcho:false;tvoc:false;temperature:true;humidity:true,false,confidence_below_threshold,true,false
capture_1100,/home/mpetrick/repos/esp32-fever-dream/tools/dataset/captures/serial_timed_fast_20260627T1205Z/capture_1100.jpg,0560,0018,0090,27,45,0560001800902745,67,100/100/88/100/100/100/100/90/100/100/67/100/100/100/100/97,co2:88;hcho:90;tvoc:67;temperature:100;humidity:97,0580,0008,0050,27,45,co2:false;hcho:false;tvoc:false;temperature:true;humidity:true,false,confidence_below_threshold,true,false
capture_1103,/home/mpetrick/repos/esp32-fever-dream/tools/dataset/captures/serial_timed_fast_20260627T1205Z/capture_1103.jpg,0562,0033,0047,27,45,0562003300472745,57,100/87/71/72/100/100/57/80/100/100/100/60/100/100/100/89,co2:71;hcho:57;tvoc:60;temperature:100;humidity:89,0580,0017,0047,27,45,co2:false;hcho:false;tvoc:true;temperature:true;humidity:true,false,confidence_below_threshold,true,false
capture_1108,/home/mpetrick/repos/esp32-fever-dream/tools/dataset/captures/serial_timed_fast_20260627T1205Z/capture_1108.jpg,0574,0017,0047,27,45,0574001700472745,68,100/100/68/100/100/100/100/99/100/100/100/100/100/100/100/97,co2:68;hcho:99;tvoc:100;temperature:100;humidity:97,0574,0017,0047,27,45,co2:true;hcho:true;tvoc:true;temperature:true;humidity:true,false,confidence_below_threshold,true,false
capture_1111,/home/mpetrick/repos/esp32-fever-dream/tools/dataset/captures/serial_timed_fast_20260627T1205Z/capture_1111.jpg,0574,0017,0047,27,45,0574001700472745,77,100/83/96/100/100/100/100/99/100/100/100/77/100/100/100/98,co2:83;hcho:99;tvoc:77;temperature:100;humidity:98,0574,0017,0047,27,45,co2:true;hcho:true;tvoc:true;temperature:true;humidity:true,false,confidence_below_threshold,true,false
capture_1114,/home/mpetrick/repos/esp32-fever-dream/tools/dataset/captures/serial_timed_fast_20260627T1205Z/capture_1114.jpg,0574,0017,0047,27,45,0574001700472745,63,100/73/98/100/100/100/100/99/100/100/100/63/100/100/100/100,co2:73;hcho:99;tvoc:63;temperature:100;humidity:100,0574,0017,0047,27,45,co2:true;hcho:true;tvoc:true;temperature:true;humidity:true,false,confidence_below_threshold,true,false
capture_1117,/home/mpetrick/repos/esp32-fever-dream/tools/dataset/captures/serial_timed_fast_20260627T1205Z/capture_1117.jpg,0574,0017,0047,27,45,0574001700472745,73,100/80/98/100/100/100/100/99/100/100/100/73/100/100/100/95,co2:80;hcho:99;tvoc:73;temperature:100;humidity:95,0574,0017,0047,27,45,co2:true;hcho:true;tvoc:true;temperature:true;humidity:true,false,confidence_below_threshold,true,false
capture_1120,/home/mpetrick/repos/esp32-fever-dream/tools/dataset/captures/serial_timed_fast_20260627T1205Z/capture_1120.jpg,0574,0017,0047,27,45,0574001700472745,99,100/100/100/100/100/100/100/99/100/100/100/100/100/100/100/99,co2:100;hcho:99;tvoc:100;temperature:100;humidity:99,0574,0017,0047,27,45,co2:true;hcho:true;tvoc:true;temperature:true;humidity:true,true,,true,true
capture_1123,/home/mpetrick/repos/esp32-fever-dream/tools/dataset/captures/serial_timed_fast_20260627T1205Z/capture_1123.jpg,0574,0017,0047,27,45,0574001700472745,98,100/100/100/100/100/100/100/100/100/100/100/100/100/100/100/98,co2:100;hcho:100;tvoc:100;temperature:100;humidity:98,0574,0017,0047,27,45,co2:true;hcho:true;tvoc:true;temperature:true;humidity:true,true,,true,true
capture_1126,/home/mpetrick/repos/esp32-fever-dream/tools/dataset/captures/serial_timed_fast_20260627T1205Z/capture_1126.jpg,0574,0017,0047,27,45,0574001700472745,77,100/86/98/100/100/100/100/99/100/100/100/77/100/100/100/98,co2:86;hcho:99;tvoc:77;temperature:100;humidity:98,0574,0017,0047,27,45,co2:true;hcho:true;tvoc:true;temperature:true;humidity:true,false,confidence_below_threshold,true,false
capture_1129,/home/mpetrick/repos/esp32-fever-dream/tools/dataset/captures/serial_timed_fast_20260627T1205Z/capture_1129.jpg,0574,0017,0047,27,45,0574001700472745,76,100/92/98/100/100/100/100/99/100/100/100/76/100/100/100/98,co2:92;hcho:99;tvoc:76;temperature:100;humidity:98,0574,0017,0047,27,45,co2:true;hcho:true;tvoc:true;temperature:true;humidity:true,false,confidence_below_threshold,true,false
capture_1132,/home/mpetrick/repos/esp32-fever-dream/tools/dataset/captures/serial_timed_fast_20260627T1205Z/capture_1132.jpg,0574,0017,0047,27,45,0574001700472745,98,100/100/100/100/100/100/100/99/100/100/100/100/100/100/100/98,co2:100;hcho:99;tvoc:100;temperature:100;humidity:98,0574,0017,0047,27,45,co2:true;hcho:true;tvoc:true;temperature:true;humidity:true,true,,true,true
capture_1135,/home/mpetrick/repos/esp32-fever-dream/tools/dataset/captures/serial_timed_fast_20260627T1205Z/capture_1135.jpg,0574,0017,0047,27,45,0574001700472745,70,100/100/70/100/100/100/100/99/100/100/100/100/100/100/100/98,co2:70;hcho:99;tvoc:100;temperature:100;humidity:98,0574,0017,0047,27,45,co2:true;hcho:true;tvoc:true;temperature:true;humidity:true,false,confidence_below_threshold,true,false
capture_1138,/home/mpetrick/repos/esp32-fever-dream/tools/dataset/captures/serial_timed_fast_20260627T1205Z/capture_1138.jpg,0574,0017,0047,27,45,0574001700472745,64,100/79/98/100/100/100/100/99/100/100/100/70/100/100/100/64,co2:79;hcho:99;tvoc:70;temperature:100;humidity:64,0574,0017,0047,27,45,co2:true;hcho:true;tvoc:true;temperature:true;humidity:true,false,confidence_below_threshold,true,false
capture_1141,/home/mpetrick/repos/esp32-fever-dream/tools/dataset/captures/serial_timed_fast_20260627T1205Z/capture_1141.jpg,0574,0017,0047,27,45,0574001700472745,70,100/100/70/100/100/100/100/98/100/100/100/100/100/100/100/98,co2:70;hcho:98;tvoc:100;temperature:100;humidity:98,0574,0017,0047,27,45,co2:true;hcho:true;tvoc:true;temperature:true;humidity:true,false,confidence_below_threshold,true,false
capture_1144,/home/mpetrick/repos/esp32-fever-dream/tools/dataset/captures/serial_timed_fast_20260627T1205Z/capture_1144.jpg,0574,0017,0047,27,45,0574001700472745,70,100/100/70/100/100/100/100/99/100/100/100/100/100/100/100/97,co2:70;hcho:99;tvoc:100;temperature:100;humidity:97,0574,0017,0047,27,45,co2:true;hcho:true;tvoc:true;temperature:true;humidity:true,false,confidence_below_threshold,true,false
capture_1147,/home/mpetrick/repos/esp32-fever-dream/tools/dataset/captures/serial_timed_fast_20260627T1205Z/capture_1147.jpg,0574,0017,0047,27,45,0574001700472745,63,100/94/99/100/100/100/100/99/100/100/100/63/100/100/100/99,co2:94;hcho:99;tvoc:63;temperature:100;humidity:99,0574,0017,0047,27,45,co2:true;hcho:true;tvoc:true;temperature:true;humidity:true,false,confidence_below_threshold,true,false
capture_1150,/home/mpetrick/repos/esp32-fever-dream/tools/dataset/captures/serial_timed_fast_20260627T1205Z/capture_1150.jpg,0574,0017,0047,27,45,0574001700472745,74,100/90/99/100/100/100/100/99/100/100/100/74/100/100/100/90,co2:90;hcho:99;tvoc:74;temperature:100;humidity:90,0574,0017,0047,27,45,co2:true;hcho:true;tvoc:true;temperature:true;humidity:true,false,confidence_below_threshold,true,false
capture_1153,/home/mpetrick/repos/esp32-fever-dream/tools/dataset/captures/serial_timed_fast_20260627T1205Z/capture_1153.jpg,0574,0017,0047,27,45,0574001700472745,55,100/86/97/100/100/100/100/99/100/100/100/70/100/100/100/55,co2:86;hcho:99;tvoc:70;temperature:100;humidity:55,0574,0017,0047,27,45,co2:true;hcho:true;tvoc:true;temperature:true;humidity:true,false,confidence_below_threshold,true,false
capture_1156,/home/mpetrick/repos/esp32-fever-dream/tools/dataset/captures/serial_timed_fast_20260627T1205Z/capture_1156.jpg,0574,0017,0047,27,45,0574001700472745,76,100/97/98/100/100/100/100/99/100/100/100/76/100/100/100/100,co2:97;hcho:99;tvoc:76;temperature:100;humidity:100,0574,0017,0047,27,45,co2:true;hcho:true;tvoc:true;temperature:true;humidity:true,false,confidence_below_threshold,true,false
capture_1159,/home/mpetrick/repos/esp32-fever-dream/tools/dataset/captures/serial_timed_fast_20260627T1205Z/capture_1159.jpg,0574,0017,0047,27,45,0574001700472745,71,100/80/96/100/100/100/100/99/100/100/100/71/100/100/100/98,co2:80;hcho:99;tvoc:71;temperature:100;humidity:98,0574,0017,0047,27,45,co2:true;hcho:true;tvoc:true;temperature:true;humidity:true,false,confidence_below_threshold,true,false
capture_1162,/home/mpetrick/repos/esp32-fever-dream/tools/dataset/captures/serial_timed_fast_20260627T1205Z/capture_1162.jpg,0574,0017,0047,27,45,0574001700472745,74,99/93/98/100/100/100/100/99/100/100/100/74/100/100/100/95,co2:93;hcho:99;tvoc:74;temperature:100;humidity:95,0574,0017,0047,27,45,co2:true;hcho:true;tvoc:true;temperature:true;humidity:true,false,confidence_below_threshold,true,false
capture_1165,/home/mpetrick/repos/esp32-fever-dream/tools/dataset/captures/serial_timed_fast_20260627T1205Z/capture_1165.jpg,0574,0017,0047,27,45,0574001700472745,97,100/100/100/100/100/100/100/99/100/100/100/100/100/100/100/97,co2:100;hcho:99;tvoc:100;temperature:100;humidity:97,0574,0017,0047,27,45,co2:true;hcho:true;tvoc:true;temperature:true;humidity:true,true,,true,true
capture_1168,/home/mpetrick/repos/esp32-fever-dream/tools/dataset/captures/serial_timed_fast_20260627T1205Z/capture_1168.jpg,0574,0017,0047,27,45,0574001700472745,98,100/100/100/100/100/100/100/99/100/100/100/100/100/100/100/98,co2:100;hcho:99;tvoc:100;temperature:100;humidity:98,0574,0017,0047,27,45,co2:true;hcho:true;tvoc:true;temperature:true;humidity:true,true,,true,true
capture_1171,/home/mpetrick/repos/esp32-fever-dream/tools/dataset/captures/serial_timed_fast_20260627T1205Z/capture_1171.jpg,0574,0017,0047,27,45,0574001700472745,98,100/100/100/100/100/100/100/99/100/100/100/100/100/100/100/98,co2:100;hcho:99;tvoc:100;temperature:100;humidity:98,0574,0017,0047,27,45,co2:true;hcho:true;tvoc:true;temperature:true;humidity:true,true,,true,true
capture_1174,/home/mpetrick/repos/esp32-fever-dream/tools/dataset/captures/serial_timed_fast_20260627T1205Z/capture_1174.jpg,0574,0017,0047,27,45,0574001700472745,65,100/96/99/100/100/100/100/99/100/100/100/65/100/100/100/83,co2:96;hcho:99;tvoc:65;temperature:100;humidity:83,0574,0017,0047,27,45,co2:true;hcho:true;tvoc:true;temperature:true;humidity:true,false,confidence_below_threshold,true,false
capture_1177,/home/mpetrick/repos/esp32-fever-dream/tools/dataset/captures/serial_timed_fast_20260627T1205Z/capture_1177.jpg,0574,0017,0047,27,45,0574001700472745,66,100/96/99/100/100/100/100/99/100/100/100/66/100/100/100/98,co2:96;hcho:99;tvoc:66;temperature:100;humidity:98,0574,0017,0047,27,45,co2:true;hcho:true;tvoc:true;temperature:true;humidity:true,false,confidence_below_threshold,true,false
capture_1180,/home/mpetrick/repos/esp32-fever-dream/tools/dataset/captures/serial_timed_fast_20260627T1205Z/capture_1180.jpg,0574,0017,0047,27,45,0574001700472745,98,100/100/100/100/100/100/100/99/100/100/100/100/100/100/100/98,co2:100;hcho:99;tvoc:100;temperature:100;humidity:98,0574,0017,0047,27,45,co2:true;hcho:true;tvoc:true;temperature:true;humidity:true,true,,true,true
capture_1183,/home/mpetrick/repos/esp32-fever-dream/tools/dataset/captures/serial_timed_fast_20260627T1205Z/capture_1183.jpg,0574,0017,0047,27,45,0574001700472745,88,100/95/96/100/100/100/100/99/100/100/100/88/100/100/100/95,co2:95;hcho:99;tvoc:88;temperature:100;humidity:95,0574,0017,0047,27,45,co2:true;hcho:true;tvoc:true;temperature:true;humidity:true,true,,true,true
capture_1186,/home/mpetrick/repos/esp32-fever-dream/tools/dataset/captures/serial_timed_fast_20260627T1205Z/capture_1186.jpg,0574,0017,0047,27,45,0574001700472745,75,100/97/98/100/100/100/100/99/100/100/100/75/100/100/100/99,co2:97;hcho:99;tvoc:75;temperature:100;humidity:99,0574,0017,0047,27,45,co2:true;hcho:true;tvoc:true;temperature:true;humidity:true,false,confidence_below_threshold,true,false
capture_1189,/home/mpetrick/repos/esp32-fever-dream/tools/dataset/captures/serial_timed_fast_20260627T1205Z/capture_1189.jpg,0574,0017,0047,27,45,0574001700472745,76,100/98/99/100/100/100/100/99/100/100/99/76/100/100/100/87,co2:98;hcho:99;tvoc:76;temperature:100;humidity:87,0574,0017,0047,27,45,co2:true;hcho:true;tvoc:true;temperature:true;humidity:true,false,confidence_below_threshold,true,false
capture_1192,/home/mpetrick/repos/esp32-fever-dream/tools/dataset/captures/serial_timed_fast_20260627T1205Z/capture_1192.jpg,0574,0017,0047,27,45,0574001700472745,82,100/82/100/100/100/100/100/100/100/100/100/82/100/100/100/97,co2:82;hcho:100;tvoc:82;temperature:100;humidity:97,0574,0017,0047,27,45,co2:true;hcho:true;tvoc:true;temperature:true;humidity:true,false,confidence_below_threshold,true,false
capture_1197,/home/mpetrick/repos/esp32-fever-dream/tools/dataset/captures/serial_timed_fast_20260627T1205Z/capture_1197.jpg,0574,0017,0047,27,45,0574001700472745,84,100/97/97/100/100/100/100/99/100/100/100/84/100/100/100/99,co2:97;hcho:99;tvoc:84;temperature:100;humidity:99,0574,0017,0047,27,45,co2:true;hcho:true;tvoc:true;temperature:true;humidity:true,false,confidence_below_threshold,true,false
capture_1200,/home/mpetrick/repos/esp32-fever-dream/tools/dataset/captures/serial_timed_fast_20260627T1205Z/capture_1200.jpg,0574,0017,0047,27,45,0574001700472745,84,99/98/99/100/100/100/100/99/100/100/100/84/100/100/100/98,co2:98;hcho:99;tvoc:84;temperature:100;humidity:98,0574,0017,0047,27,45,co2:true;hcho:true;tvoc:true;temperature:true;humidity:true,false,confidence_below_threshold,true,false
capture_1203,/home/mpetrick/repos/esp32-fever-dream/tools/dataset/captures/serial_timed_fast_20260627T1205Z/capture_1203.jpg,0574,0017,0047,27,45,0574001700472745,83,100/98/99/100/100/100/100/99/100/100/100/83/100/100/100/100,co2:98;hcho:99;tvoc:83;temperature:100;humidity:100,0574,0017,0047,27,45,co2:true;hcho:true;tvoc:true;temperature:true;humidity:true,false,confidence_below_threshold,true,false
capture_1206,/home/mpetrick/repos/esp32-fever-dream/tools/dataset/captures/serial_timed_fast_20260627T1205Z/capture_1206.jpg,0574,0017,0047,27,45,0574001700472745,77,100/97/99/100/100/100/100/99/100/100/100/90/100/100/100/77,co2:97;hcho:99;tvoc:90;temperature:100;humidity:77,0574,0017,0047,27,45,co2:true;hcho:true;tvoc:true;temperature:true;humidity:true,false,confidence_below_threshold,true,false
capture_1209,/home/mpetrick/repos/esp32-fever-dream/tools/dataset/captures/serial_timed_fast_20260627T1205Z/capture_1209.jpg,0574,0017,0047,27,45,0574001700472745,72,100/100/72/100/100/100/100/99/100/100/100/100/100/100/100/96,co2:72;hcho:99;tvoc:100;temperature:100;humidity:96,0574,0017,0047,27,45,co2:true;hcho:true;tvoc:true;temperature:true;humidity:true,false,confidence_below_threshold,true,false
capture_1212,/home/mpetrick/repos/esp32-fever-dream/tools/dataset/captures/serial_timed_fast_20260627T1205Z/capture_1212.jpg,0574,0017,0047,27,45,0574001700472745,99,100/100/100/100/100/100/100/99/100/100/100/100/100/100/100/99,co2:100;hcho:99;tvoc:100;temperature:100;humidity:99,0574,0017,0047,27,45,co2:true;hcho:true;tvoc:true;temperature:true;humidity:true,true,,true,true
capture_1215,/home/mpetrick/repos/esp32-fever-dream/tools/dataset/captures/serial_timed_fast_20260627T1205Z/capture_1215.jpg,0574,0017,0047,27,45,0574001700472745,84,99/93/98/100/100/100/100/100/100/100/100/84/100/100/100/98,co2:93;hcho:100;tvoc:84;temperature:100;humidity:98,0574,0017,0047,27,45,co2:true;hcho:true;tvoc:true;temperature:true;humidity:true,false,confidence_below_threshold,true,false
capture_1218,/home/mpetrick/repos/esp32-fever-dream/tools/dataset/captures/serial_timed_fast_20260627T1205Z/capture_1218.jpg,0574,0017,0047,27,45,0574001700472745,100,100/100/100/100/100/100/100/100/100/100/100/100/100/100/100/100,co2:100;hcho:100;tvoc:100;temperature:100;humidity:100,0574,0017,0047,27,45,co2:true;hcho:true;tvoc:true;temperature:true;humidity:true,true,,true,true
capture_1221,/home/mpetrick/repos/esp32-fever-dream/tools/dataset/captures/serial_timed_fast_20260627T1205Z/capture_1221.jpg,0574,0017,0047,27,45,0574001700472745,76,100/100/76/100/100/100/100/98/100/100/100/100/100/100/100/96,co2:76;hcho:98;tvoc:100;temperature:100;humidity:96,0574,0017,0047,27,45,co2:true;hcho:true;tvoc:true;temperature:true;humidity:true,false,confidence_below_threshold,true,false
capture_1224,/home/mpetrick/repos/esp32-fever-dream/tools/dataset/captures/serial_timed_fast_20260627T1205Z/capture_1224.jpg,0574,0017,0047,27,45,0574001700472745,78,100/100/78/100/100/100/100/99/100/100/100/100/100/100/100/98,co2:78;hcho:99;tvoc:100;temperature:100;humidity:98,0574,0017,0047,27,45,co2:true;hcho:true;tvoc:true;temperature:true;humidity:true,false,confidence_below_threshold,true,false
capture_1227,/home/mpetrick/repos/esp32-fever-dream/tools/dataset/captures/serial_timed_fast_20260627T1205Z/capture_1227.jpg,0574,0017,0047,27,45,0574001700472745,78,100/100/78/100/100/100/100/99/100/100/100/100/100/100/100/97,co2:78;hcho:99;tvoc:100;temperature:100;humidity:97,0574,0017,0047,27,45,co2:true;hcho:true;tvoc:true;temperature:true;humidity:true,false,confidence_below_threshold,true,false
capture_1230,/home/mpetrick/repos/esp32-fever-dream/tools/dataset/captures/serial_timed_fast_20260627T1205Z/capture_1230.jpg,0574,0017,0047,27,45,0574001700472745,85,100/96/99/100/100/100/100/100/100/100/100/85/100/100/100/95,co2:96;hcho:100;tvoc:85;temperature:100;humidity:95,0574,0017,0047,27,45,co2:true;hcho:true;tvoc:true;temperature:true;humidity:true,true,,true,true
capture_1233,/home/mpetrick/repos/esp32-fever-dream/tools/dataset/captures/serial_timed_fast_20260627T1205Z/capture_1233.jpg,0574,0017,0047,27,45,0574001700472745,89,100/95/99/100/100/100/100/99/100/100/100/89/100/100/100/100,co2:95;hcho:99;tvoc:89;temperature:100;humidity:100,0574,0017,0047,27,45,co2:true;hcho:true;tvoc:true;temperature:true;humidity:true,true,,true,true
capture_1236,/home/mpetrick/repos/esp32-fever-dream/tools/dataset/captures/serial_timed_fast_20260627T1205Z/capture_1236.jpg,0574,0017,0047,27,45,0574001700472745,67,100/97/99/100/100/100/100/99/100/100/100/76/100/100/100/67,co2:97;hcho:99;tvoc:76;temperature:100;humidity:67,0574,0017,0047,27,45,co2:true;hcho:true;tvoc:true;temperature:true;humidity:true,false,confidence_below_threshold,true,false
capture_1239,/home/mpetrick/repos/esp32-fever-dream/tools/dataset/captures/serial_timed_fast_20260627T1205Z/capture_1239.jpg,0574,0017,0047,27,45,0574001700472745,85,100/98/99/100/100/100/100/99/100/100/100/85/100/100/100/100,co2:98;hcho:99;tvoc:85;temperature:100;humidity:100,0574,0017,0047,27,45,co2:true;hcho:true;tvoc:true;temperature:true;humidity:true,true,,true,true
capture_1242,/home/mpetrick/repos/esp32-fever-dream/tools/dataset/captures/serial_timed_fast_20260627T1205Z/capture_1242.jpg,0574,0017,0047,27,45,0574001700472745,74,100/100/74/100/100/100/100/99/100/100/100/100/100/100/100/97,co2:74;hcho:99;tvoc:100;temperature:100;humidity:97,0574,0017,0047,27,45,co2:true;hcho:true;tvoc:true;temperature:true;humidity:true,false,confidence_below_threshold,true,false
capture_1245,/home/mpetrick/repos/esp32-fever-dream/tools/dataset/captures/serial_timed_fast_20260627T1205Z/capture_1245.jpg,0574,0017,0047,27,45,0574001700472745,90,100/95/98/100/100/100/100/99/100/100/100/90/100/100/100/100,co2:95;hcho:99;tvoc:90;temperature:100;humidity:100,0574,0017,0047,27,45,co2:true;hcho:true;tvoc:true;temperature:true;humidity:true,true,,true,true
capture_1248,/home/mpetrick/repos/esp32-fever-dream/tools/dataset/captures/serial_timed_fast_20260627T1205Z/capture_1248.jpg,0574,0017,0047,27,45,0574001700472745,81,100/96/99/100/100/100/100/99/100/100/100/81/100/100/100/95,co2:96;hcho:99;tvoc:81;temperature:100;humidity:95,0574,0017,0047,27,45,co2:true;hcho:true;tvoc:true;temperature:true;humidity:true,false,confidence_below_threshold,true,false
capture_1251,/home/mpetrick/repos/esp32-fever-dream/tools/dataset/captures/serial_timed_fast_20260627T1205Z/capture_1251.jpg,0574,0017,0047,27,45,0574001700472745,82,99/85/98/100/100/100/100/99/100/100/100/82/100/100/100/97,co2:85;hcho:99;tvoc:82;temperature:100;humidity:97,0574,0017,0047,27,45,co2:true;hcho:true;tvoc:true;temperature:true;humidity:true,false,confidence_below_threshold,true,false
capture_1254,/home/mpetrick/repos/esp32-fever-dream/tools/dataset/captures/serial_timed_fast_20260627T1205Z/capture_1254.jpg,0574,0017,0047,27,45,0574001700472745,99,100/100/100/100/100/100/100/99/100/100/100/100/100/100/100/99,co2:100;hcho:99;tvoc:100;temperature:100;humidity:99,0574,0017,0047,27,45,co2:true;hcho:true;tvoc:true;temperature:true;humidity:true,true,,true,true
capture_1257,/home/mpetrick/repos/esp32-fever-dream/tools/dataset/captures/serial_timed_fast_20260627T1205Z/capture_1257.jpg,0574,0017,0047,27,45,0574001700472745,65,100/100/65/100/100/100/100/99/100/100/100/100/100/100/100/96,co2:65;hcho:99;tvoc:100;temperature:100;humidity:96,0574,0017,0047,27,45,co2:true;hcho:true;tvoc:true;temperature:true;humidity:true,false,confidence_below_threshold,true,false
capture_1260,/home/mpetrick/repos/esp32-fever-dream/tools/dataset/captures/serial_timed_fast_20260627T1205Z/capture_1260.jpg,0574,0017,0047,27,45,0574001700472745,79,100/97/98/100/100/100/100/99/100/100/100/79/100/100/100/100,co2:97;hcho:99;tvoc:79;temperature:100;humidity:100,0574,0017,0047,27,45,co2:true;hcho:true;tvoc:true;temperature:true;humidity:true,false,confidence_below_threshold,true,false
capture_1263,/home/mpetrick/repos/esp32-fever-dream/tools/dataset/captures/serial_timed_fast_20260627T1205Z/capture_1263.jpg,0574,0017,0047,27,45,0574001700472745,83,100/92/98/100/100/100/100/99/100/100/100/83/100/100/100/97,co2:92;hcho:99;tvoc:83;temperature:100;humidity:97,0574,0017,0047,27,45,co2:true;hcho:true;tvoc:true;temperature:true;humidity:true,false,confidence_below_threshold,true,false
capture_1266,/home/mpetrick/repos/esp32-fever-dream/tools/dataset/captures/serial_timed_fast_20260627T1205Z/capture_1266.jpg,0574,0017,0047,27,45,0574001700472745,82,100/96/98/100/100/100/100/99/100/100/100/82/100/100/100/100,co2:96;hcho:99;tvoc:82;temperature:100;humidity:100,0574,0017,0047,27,45,co2:true;hcho:true;tvoc:true;temperature:true;humidity:true,false,confidence_below_threshold,true,false
capture_1269,/home/mpetrick/repos/esp32-fever-dream/tools/dataset/captures/serial_timed_fast_20260627T1205Z/capture_1269.jpg,0574,0017,0047,27,45,0574001700472745,83,99/97/99/100/100/100/100/100/100/100/100/83/100/100/100/100,co2:97;hcho:100;tvoc:83;temperature:100;humidity:100,0574,0017,0047,27,45,co2:true;hcho:true;tvoc:true;temperature:true;humidity:true,false,confidence_below_threshold,true,false
capture_1272,/home/mpetrick/repos/esp32-fever-dream/tools/dataset/captures/serial_timed_fast_20260627T1205Z/capture_1272.jpg,0574,0017,0047,27,45,0574001700472745,87,100/91/98/100/100/100/100/99/100/100/100/87/100/100/100/97,co2:91;hcho:99;tvoc:87;temperature:100;humidity:97,0574,0017,0047,27,45,co2:true;hcho:true;tvoc:true;temperature:true;humidity:true,true,,true,true
capture_1275,/home/mpetrick/repos/esp32-fever-dream/tools/dataset/captures/serial_timed_fast_20260627T1205Z/capture_1275.jpg,0574,0017,0047,27,45,0574001700472745,85,100/94/99/100/100/100/100/99/100/100/100/85/100/100/100/96,co2:94;hcho:99;tvoc:85;temperature:100;humidity:96,0574,0017,0047,27,45,co2:true;hcho:true;tvoc:true;temperature:true;humidity:true,true,,true,true
capture_1278,/home/mpetrick/repos/esp32-fever-dream/tools/dataset/captures/serial_timed_fast_20260627T1205Z/capture_1278.jpg,0574,0017,0047,27,45,0574001700472745,90,100/96/99/100/100/100/100/100/100/100/100/90/100/100/100/97,co2:96;hcho:100;tvoc:90;temperature:100;humidity:97,0574,0017,0047,27,45,co2:true;hcho:true;tvoc:true;temperature:true;humidity:true,true,,true,true
capture_1281,/home/mpetrick/repos/esp32-fever-dream/tools/dataset/captures/serial_timed_fast_20260627T1205Z/capture_1281.jpg,0574,0017,0047,27,45,0574001700472745,97,100/100/100/100/100/100/100/99/100/100/100/100/100/100/100/97,co2:100;hcho:99;tvoc:100;temperature:100;humidity:97,0574,0017,0047,27,45,co2:true;hcho:true;tvoc:true;temperature:true;humidity:true,true,,true,true
capture_1284,/home/mpetrick/repos/esp32-fever-dream/tools/dataset/captures/serial_timed_fast_20260627T1205Z/capture_1284.jpg,0574,0017,0047,27,45,0574001700472745,98,100/100/100/100/100/100/100/99/100/100/100/100/100/100/100/98,co2:100;hcho:99;tvoc:100;temperature:100;humidity:98,0574,0017,0047,27,45,co2:true;hcho:true;tvoc:true;temperature:true;humidity:true,true,,true,true
capture_1287,/home/mpetrick/repos/esp32-fever-dream/tools/dataset/captures/serial_timed_fast_20260627T1205Z/capture_1287.jpg,0574,0017,0047,27,45,0574001700472745,83,100/96/98/100/100/100/100/99/100/100/100/83/100/100/100/96,co2:96;hcho:99;tvoc:83;temperature:100;humidity:96,0574,0017,0047,27,45,co2:true;hcho:true;tvoc:true;temperature:true;humidity:true,false,confidence_below_threshold,true,false
capture_1290,/home/mpetrick/repos/esp32-fever-dream/tools/dataset/captures/serial_timed_fast_20260627T1205Z/capture_1290.jpg,0574,0017,0047,27,45,0574001700472745,85,100/98/99/100/100/100/100/99/100/100/100/86/100/100/100/85,co2:98;hcho:99;tvoc:86;temperature:100;humidity:85,0574,0017,0047,27,45,co2:true;hcho:true;tvoc:true;temperature:true;humidity:true,true,,true,true
capture_1293,/home/mpetrick/repos/esp32-fever-dream/tools/dataset/captures/serial_timed_fast_20260627T1205Z/capture_1293.jpg,0574,0017,0047,27,45,0574001700472745,70,100/99/70/100/100/100/100/99/100/100/100/100/100/100/100/95,co2:70;hcho:99;tvoc:100;temperature:100;humidity:95,0574,0017,0047,27,45,co2:true;hcho:true;tvoc:true;temperature:true;humidity:true,false,confidence_below_threshold,true,false
capture_1296,/home/mpetrick/repos/esp32-fever-dream/tools/dataset/captures/serial_timed_fast_20260627T1205Z/capture_1296.jpg,0574,0017,0047,27,45,0574001700472745,87,100/98/99/100/100/100/100/99/100/100/100/87/100/100/100/98,co2:98;hcho:99;tvoc:87;temperature:100;humidity:98,0574,0017,0047,27,45,co2:true;hcho:true;tvoc:true;temperature:true;humidity:true,true,,true,true
capture_1302,/home/mpetrick/repos/esp32-fever-dream/tools/dataset/captures/serial_timed_fast_20260627T1205Z/capture_1302.jpg,0574,0017,0047,27,45,0574001700472745,87,100/98/99/100/100/100/100/99/100/100/100/87/100/100/100/99,co2:98;hcho:99;tvoc:87;temperature:100;humidity:99,0574,0017,0047,27,45,co2:true;hcho:true;tvoc:true;temperature:true;humidity:true,true,,true,true
capture_1305,/home/mpetrick/repos/esp32-fever-dream/tools/dataset/captures/serial_timed_fast_20260627T1205Z/capture_1305.jpg,0574,0017,0047,27,45,0574001700472745,80,100/98/99/100/100/100/100/99/100/100/100/80/100/100/100/83,co2:98;hcho:99;tvoc:80;temperature:100;humidity:83,0574,0017,0047,27,45,co2:true;hcho:true;tvoc:true;temperature:true;humidity:true,false,confidence_below_threshold,true,false
capture_1308,/home/mpetrick/repos/esp32-fever-dream/tools/dataset/captures/serial_timed_fast_20260627T1205Z/capture_1308.jpg,0574,0017,0047,27,45,0574001700472745,78,100/95/98/100/100/100/100/99/100/100/100/78/100/100/100/92,co2:95;hcho:99;tvoc:78;temperature:100;humidity:92,0574,0017,0047,27,45,co2:true;hcho:true;tvoc:true;temperature:true;humidity:true,false,confidence_below_threshold,true,false
capture_1311,/home/mpetrick/repos/esp32-fever-dream/tools/dataset/captures/serial_timed_fast_20260627T1205Z/capture_1311.jpg,0574,0017,0047,27,45,0574001700472745,85,100/97/98/100/100/100/100/100/100/100/100/85/100/100/100/92,co2:97;hcho:100;tvoc:85;temperature:100;humidity:92,0574,0017,0047,27,45,co2:true;hcho:true;tvoc:true;temperature:true;humidity:true,true,,true,true
capture_1314,/home/mpetrick/repos/esp32-fever-dream/tools/dataset/captures/serial_timed_fast_20260627T1205Z/capture_1314.jpg,0574,0017,0047,27,45,0574001700472745,74,100/99/74/100/100/100/100/99/100/100/100/100/100/100/100/97,co2:74;hcho:99;tvoc:100;temperature:100;humidity:97,0574,0017,0047,27,45,co2:true;hcho:true;tvoc:true;temperature:true;humidity:true,false,confidence_below_threshold,true,false
capture_1317,/home/mpetrick/repos/esp32-fever-dream/tools/dataset/captures/serial_timed_fast_20260627T1205Z/capture_1317.jpg,0574,0017,0047,27,45,0574001700472745,87,100/98/99/100/100/100/100/99/100/100/100/87/100/100/100/97,co2:98;hcho:99;tvoc:87;temperature:100;humidity:97,0574,0017,0047,27,45,co2:true;hcho:true;tvoc:true;temperature:true;humidity:true,true,,true,true
capture_1320,/home/mpetrick/repos/esp32-fever-dream/tools/dataset/captures/serial_timed_fast_20260627T1205Z/capture_1320.jpg,0574,0017,0047,27,45,0574001700472745,99,100/100/100/100/100/100/100/99/100/100/100/100/100/100/100/100,co2:100;hcho:99;tvoc:100;temperature:100;humidity:100,0574,0017,0047,27,45,co2:true;hcho:true;tvoc:true;temperature:true;humidity:true,true,,true,true
capture_1323,/home/mpetrick/repos/esp32-fever-dream/tools/dataset/captures/serial_timed_fast_20260627T1205Z/capture_1323.jpg,0574,0017,0047,27,45,0574001700472745,99,100/100/100/100/100/100/100/99/100/100/100/100/100/100/100/99,co2:100;hcho:99;tvoc:100;temperature:100;humidity:99,0574,0017,0047,27,45,co2:true;hcho:true;tvoc:true;temperature:true;humidity:true,true,,true,true
capture_1326,/home/mpetrick/repos/esp32-fever-dream/tools/dataset/captures/serial_timed_fast_20260627T1205Z/capture_1326.jpg,0574,0017,0047,27,45,0574001700472745,97,100/100/100/100/100/100/100/99/100/100/100/100/100/100/100/97,co2:100;hcho:99;tvoc:100;temperature:100;humidity:97,0574,0017,0047,27,45,co2:true;hcho:true;tvoc:true;temperature:true;humidity:true,true,,true,true
capture_1329,/home/mpetrick/repos/esp32-fever-dream/tools/dataset/captures/serial_timed_fast_20260627T1205Z/capture_1329.jpg,0574,0017,0047,27,45,0574001700472745,87,100/96/99/100/100/100/100/99/100/100/100/87/100/100/100/99,co2:96;hcho:99;tvoc:87;temperature:100;humidity:99,0574,0017,0047,27,45,co2:true;hcho:true;tvoc:true;temperature:true;humidity:true,true,,true,true
capture_1334,/home/mpetrick/repos/esp32-fever-dream/tools/dataset/captures/serial_timed_fast_20260627T1205Z/capture_1334.jpg,0574,0017,0047,27,45,0574001700472745,81,100/93/99/100/100/100/100/99/100/100/100/81/100/100/100/98,co2:93;hcho:99;tvoc:81;temperature:100;humidity:98,0574,0017,0047,27,45,co2:true;hcho:true;tvoc:true;temperature:true;humidity:true,false,confidence_below_threshold,true,false
capture_1337,/home/mpetrick/repos/esp32-fever-dream/tools/dataset/captures/serial_timed_fast_20260627T1205Z/capture_1337.jpg,0574,0017,0047,27,45,0574001700472745,98,100/100/100/100/100/100/100/100/100/100/100/100/100/100/100/98,co2:100;hcho:100;tvoc:100;temperature:100;humidity:98,0574,0017,0047,27,45,co2:true;hcho:true;tvoc:true;temperature:true;humidity:true,true,,true,true
capture_1340,/home/mpetrick/repos/esp32-fever-dream/tools/dataset/captures/serial_timed_fast_20260627T1205Z/capture_1340.jpg,0574,0017,0047,27,45,0574001700472745,85,100/98/99/100/100/100/100/99/100/100/100/85/100/100/100/97,co2:98;hcho:99;tvoc:85;temperature:100;humidity:97,0574,0017,0047,27,45,co2:true;hcho:true;tvoc:true;temperature:true;humidity:true,true,,true,true
capture_1343,/home/mpetrick/repos/esp32-fever-dream/tools/dataset/captures/serial_timed_fast_20260627T1205Z/capture_1343.jpg,0574,0017,0047,27,45,0574001700472745,86,100/93/99/100/100/100/100/99/100/100/100/86/100/100/100/100,co2:93;hcho:99;tvoc:86;temperature:100;humidity:100,0574,0017,0047,27,45,co2:true;hcho:true;tvoc:true;temperature:true;humidity:true,true,,true,true
capture_1346,/home/mpetrick/repos/esp32-fever-dream/tools/dataset/captures/serial_timed_fast_20260627T1205Z/capture_1346.jpg,0574,0017,0047,27,45,0574001700472745,88,100/96/99/100/100/100/100/99/100/100/100/88/100/100/100/100,co2:96;hcho:99;tvoc:88;temperature:100;humidity:100,0574,0017,0047,27,45,co2:true;hcho:true;tvoc:true;temperature:true;humidity:true,true,,true,true
capture_1349,/home/mpetrick/repos/esp32-fever-dream/tools/dataset/captures/serial_timed_fast_20260627T1205Z/capture_1349.jpg,0574,0017,0047,27,45,0574001700472745,88,100/98/97/100/100/100/100/99/100/100/100/88/100/100/100/95,co2:97;hcho:99;tvoc:88;temperature:100;humidity:95,0574,0017,0047,27,45,co2:true;hcho:true;tvoc:true;temperature:true;humidity:true,true,,true,true
capture_1352,/home/mpetrick/repos/esp32-fever-dream/tools/dataset/captures/serial_timed_fast_20260627T1205Z/capture_1352.jpg,0574,0017,0047,27,45,0574001700472745,99,100/100/100/100/100/100/100/99/100/100/100/100/100/100/100/99,co2:100;hcho:99;tvoc:100;temperature:100;humidity:99,0574,0017,0047,27,45,co2:true;hcho:true;tvoc:true;temperature:true;humidity:true,true,,true,true
capture_1355,/home/mpetrick/repos/esp32-fever-dream/tools/dataset/captures/serial_timed_fast_20260627T1205Z/capture_1355.jpg,0574,0017,0047,27,45,0574001700472745,97,100/100/100/100/100/100/100/99/100/100/100/100/100/100/100/97,co2:100;hcho:99;tvoc:100;temperature:100;humidity:97,0574,0017,0047,27,45,co2:true;hcho:true;tvoc:true;temperature:true;humidity:true,true,,true,true
capture_1358,/home/mpetrick/repos/esp32-fever-dream/tools/dataset/captures/serial_timed_fast_20260627T1205Z/capture_1358.jpg,0574,0017,0047,27,45,0574001700472745,77,100/98/99/100/100/100/100/99/100/100/100/77/100/100/100/94,co2:98;hcho:99;tvoc:77;temperature:100;humidity:94,0574,0017,0047,27,45,co2:true;hcho:true;tvoc:true;temperature:true;humidity:true,false,confidence_below_threshold,true,false
capture_1361,/home/mpetrick/repos/esp32-fever-dream/tools/dataset/captures/serial_timed_fast_20260627T1205Z/capture_1361.jpg,0574,0017,0047,27,45,0574001700472745,80,100/98/98/100/100/100/100/99/100/100/100/80/100/100/100/94,co2:98;hcho:99;tvoc:80;temperature:100;humidity:94,0574,0017,0047,27,45,co2:true;hcho:true;tvoc:true;temperature:true;humidity:true,false,confidence_below_threshold,true,false
capture_1364,/home/mpetrick/repos/esp32-fever-dream/tools/dataset/captures/serial_timed_fast_20260627T1205Z/capture_1364.jpg,0574,0017,0047,27,45,0574001700472745,86,100/86/99/100/100/100/100/99/100/100/100/86/100/100/100/98,co2:86;hcho:99;tvoc:86;temperature:100;humidity:98,0574,0017,0047,27,45,co2:true;hcho:true;tvoc:true;temperature:true;humidity:true,true,,true,true
capture_1367,/home/mpetrick/repos/esp32-fever-dream/tools/dataset/captures/serial_timed_fast_20260627T1205Z/capture_1367.jpg,0574,0017,0047,27,45,0574001700472745,89,100/95/99/100/100/100/100/100/100/100/100/89/100/100/100/98,co2:95;hcho:100;tvoc:89;temperature:100;humidity:98,0574,0017,0047,27,45,co2:true;hcho:true;tvoc:true;temperature:true;humidity:true,true,,true,true
capture_1370,/home/mpetrick/repos/esp32-fever-dream/tools/dataset/captures/serial_timed_fast_20260627T1205Z/capture_1370.jpg,0574,0017,0047,27,45,0574001700472745,81,100/96/99/100/100/100/100/99/100/100/100/81/100/100/100/86,co2:96;hcho:99;tvoc:81;temperature:100;humidity:86,0574,0017,0047,27,45,co2:true;hcho:true;tvoc:true;temperature:true;humidity:true,false,confidence_below_threshold,true,false
capture_1373,/home/mpetrick/repos/esp32-fever-dream/tools/dataset/captures/serial_timed_fast_20260627T1205Z/capture_1373.jpg,0574,0017,0047,27,45,0574001700472745,70,100/100/70/100/100/100/100/99/100/100/100/100/100/100/100/95,co2:70;hcho:99;tvoc:100;temperature:100;humidity:95,0574,0017,0047,27,45,co2:true;hcho:true;tvoc:true;temperature:true;humidity:true,false,confidence_below_threshold,true,false
capture_1376,/home/mpetrick/repos/esp32-fever-dream/tools/dataset/captures/serial_timed_fast_20260627T1205Z/capture_1376.jpg,0574,0017,0047,27,45,0574001700472745,89,100/97/98/100/100/100/100/99/100/100/100/89/100/100/100/96,co2:97;hcho:99;tvoc:89;temperature:100;humidity:96,0574,0017,0047,27,45,co2:true;hcho:true;tvoc:true;temperature:true;humidity:true,true,,true,true
capture_1379,/home/mpetrick/repos/esp32-fever-dream/tools/dataset/captures/serial_timed_fast_20260627T1205Z/capture_1379.jpg,0574,0017,0047,27,45,0574001700472745,79,100/98/98/100/100/100/100/99/100/100/100/79/100/100/100/98,co2:98;hcho:99;tvoc:79;temperature:100;humidity:98,0574,0017,0047,27,45,co2:true;hcho:true;tvoc:true;temperature:true;humidity:true,false,confidence_below_threshold,true,false
capture_1382,/home/mpetrick/repos/esp32-fever-dream/tools/dataset/captures/serial_timed_fast_20260627T1205Z/capture_1382.jpg,0574,0017,0047,27,45,0574001700472745,60,100/88/97/100/100/100/100/83/100/100/100/100/100/100/100/60,co2:88;hcho:83;tvoc:100;temperature:100;humidity:60,0574,0017,0047,27,45,co2:true;hcho:true;tvoc:true;temperature:true;humidity:true,false,confidence_below_threshold,true,false
capture_1385,/home/mpetrick/repos/esp32-fever-dream/tools/dataset/captures/serial_timed_fast_20260627T1205Z/capture_1385.jpg,0774,0017,0017,21,45,0774001700172145,29,97/90/78/70/99/92/100/97/98/87/99/29/94/47/100/100,co2:70;hcho:92;tvoc:29;temperature:47;humidity:100,0574,0017,0047,27,45,co2:false;hcho:true;tvoc:false;temperature:false;humidity:true,false,confidence_below_threshold,true,false
capture_1388,/home/mpetrick/repos/esp32-fever-dream/tools/dataset/captures/serial_timed_fast_20260627T1205Z/capture_1388.jpg,0574,0017,0047,27,45,0574001700472745,97,100/100/100/100/100/100/100/99/100/100/100/100/100/100/100/97,co2:100;hcho:99;tvoc:100;temperature:100;humidity:97,0574,0017,0047,27,45,co2:true;hcho:true;tvoc:true;temperature:true;humidity:true,true,,true,true
capture_1391,/home/mpetrick/repos/esp32-fever-dream/tools/dataset/captures/serial_timed_fast_20260627T1205Z/capture_1391.jpg,0574,0017,0047,27,45,0574001700472745,85,100/89/98/100/100/100/100/99/100/100/100/85/100/100/100/96,co2:89;hcho:99;tvoc:85;temperature:100;humidity:96,0574,0017,0047,27,45,co2:true;hcho:true;tvoc:true;temperature:true;humidity:true,true,,true,true
capture_1394,/home/mpetrick/repos/esp32-fever-dream/tools/dataset/captures/serial_timed_fast_20260627T1205Z/capture_1394.jpg,0574,0017,0047,27,45,0574001700472745,81,100/92/99/100/100/100/100/99/100/100/100/81/100/100/100/100,co2:92;hcho:99;tvoc:81;temperature:100;humidity:100,0574,0017,0047,27,45,co2:true;hcho:true;tvoc:true;temperature:true;humidity:true,false,confidence_below_threshold,true,false
capture_1397,/home/mpetrick/repos/esp32-fever-dream/tools/dataset/captures/serial_timed_fast_20260627T1205Z/capture_1397.jpg,0574,0017,0047,27,45,0574001700472745,71,100/90/98/100/100/100/100/99/100/100/100/71/100/100/100/92,co2:90;hcho:99;tvoc:71;temperature:100;humidity:92,0574,0017,0047,27,45,co2:true;hcho:true;tvoc:true;temperature:true;humidity:true,false,confidence_below_threshold,true,false
capture_1400,/home/mpetrick/repos/esp32-fever-dream/tools/dataset/captures/serial_timed_fast_20260627T1205Z/capture_1400.jpg,0574,0017,0047,27,45,0574001700472745,78,100/95/98/100/100/100/100/100/100/99/100/78/100/100/100/100,co2:95;hcho:100;tvoc:78;temperature:100;humidity:100,0574,0017,0047,27,45,co2:true;hcho:true;tvoc:true;temperature:true;humidity:true,false,confidence_below_threshold,true,false
capture_1403,/home/mpetrick/repos/esp32-fever-dream/tools/dataset/captures/serial_timed_fast_20260627T1205Z/capture_1403.jpg,0574,0017,0047,27,45,0574001700472745,75,100/98/98/100/100/100/100/99/100/100/100/75/100/100/100/94,co2:98;hcho:99;tvoc:75;temperature:100;humidity:94,0574,0017,0047,27,45,co2:true;hcho:true;tvoc:true;temperature:true;humidity:true,false,confidence_below_threshold,true,false
capture_1406,/home/mpetrick/repos/esp32-fever-dream/tools/dataset/captures/serial_timed_fast_20260627T1205Z/capture_1406.jpg,0574,0017,0047,27,45,0574001700472745,99,100/100/100/100/100/100/100/99/100/100/100/100/100/100/100/99,co2:100;hcho:99;tvoc:100;temperature:100;humidity:99,0574,0017,0047,27,45,co2:true;hcho:true;tvoc:true;temperature:true;humidity:true,true,,true,true
capture_1409,/home/mpetrick/repos/esp32-fever-dream/tools/dataset/captures/serial_timed_fast_20260627T1205Z/capture_1409.jpg,0574,0017,0047,27,45,0574001700472745,87,100/98/99/100/100/100/100/99/100/100/100/87/100/100/100/100,co2:98;hcho:99;tvoc:87;temperature:100;humidity:100,0574,0017,0047,27,45,co2:true;hcho:true;tvoc:true;temperature:true;humidity:true,true,,true,true
capture_1412,/home/mpetrick/repos/esp32-fever-dream/tools/dataset/captures/serial_timed_fast_20260627T1205Z/capture_1412.jpg,0574,0017,0047,27,45,0574001700472745,83,100/97/99/100/100/100/100/99/100/100/100/83/100/100/100/98,co2:97;hcho:99;tvoc:83;temperature:100;humidity:98,0574,0017,0047,27,45,co2:true;hcho:true;tvoc:true;temperature:true;humidity:true,false,confidence_below_threshold,true,false
capture_1415,/home/mpetrick/repos/esp32-fever-dream/tools/dataset/captures/serial_timed_fast_20260627T1205Z/capture_1415.jpg,0574,0017,0047,27,45,0574001700472745,82,100/97/99/100/100/100/100/99/100/100/100/82/100/100/100/98,co2:97;hcho:99;tvoc:82;temperature:100;humidity:98,0574,0017,0047,27,45,co2:true;hcho:true;tvoc:true;temperature:true;humidity:true,false,confidence_below_threshold,true,false
capture_1418,/home/mpetrick/repos/esp32-fever-dream/tools/dataset/captures/serial_timed_fast_20260627T1205Z/capture_1418.jpg,0574,0017,0047,27,45,0574001700472745,98,100/100/100/100/100/100/100/99/100/100/100/100/100/100/100/98,co2:100;hcho:99;tvoc:100;temperature:100;humidity:98,0574,0017,0047,27,45,co2:true;hcho:true;tvoc:true;temperature:true;humidity:true,true,,true,true
capture_1421,/home/mpetrick/repos/esp32-fever-dream/tools/dataset/captures/serial_timed_fast_20260627T1205Z/capture_1421.jpg,0574,0017,0047,27,45,0574001700472745,99,100/100/100/100/100/100/100/100/100/100/100/100/100/100/100/99,co2:100;hcho:100;tvoc:100;temperature:100;humidity:99,0574,0017,0047,27,45,co2:true;hcho:true;tvoc:true;temperature:true;humidity:true,true,,true,true
capture_1424,/home/mpetrick/repos/esp32-fever-dream/tools/dataset/captures/serial_timed_fast_20260627T1205Z/capture_1424.jpg,0574,0017,0047,27,45,0574001700472745,89,100/98/99/100/100/100/100/100/100/100/100/89/100/100/100/100,co2:98;hcho:100;tvoc:89;temperature:100;humidity:100,0574,0017,0047,27,45,co2:true;hcho:true;tvoc:true;temperature:true;humidity:true,true,,true,true
capture_1429,/home/mpetrick/repos/esp32-fever-dream/tools/dataset/captures/serial_timed_fast_20260627T1205Z/capture_1429.jpg,0574,0017,0047,27,45,0574001700472745,98,100/100/100/100/100/100/100/100/100/100/100/100/100/100/100/98,co2:100;hcho:100;tvoc:100;temperature:100;humidity:98,0574,0017,0047,27,45,co2:true;hcho:true;tvoc:true;temperature:true;humidity:true,true,,true,true
capture_1432,/home/mpetrick/repos/esp32-fever-dream/tools/dataset/captures/serial_timed_fast_20260627T1205Z/capture_1432.jpg,0574,0017,0047,27,45,0574001700472745,99,100/100/100/100/100/100/100/99/100/100/100/100/100/100/100/99,co2:100;hcho:99;tvoc:100;temperature:100;humidity:99,0574,0017,0047,27,45,co2:true;hcho:true;tvoc:true;temperature:true;humidity:true,true,,true,true
capture_1435,/home/mpetrick/repos/esp32-fever-dream/tools/dataset/captures/serial_timed_fast_20260627T1205Z/capture_1435.jpg,0574,0017,0047,27,45,0574001700472745,74,100/100/74/100/100/100/100/99/100/100/100/100/100/100/100/97,co2:74;hcho:99;tvoc:100;temperature:100;humidity:97,0574,0017,0047,27,45,co2:true;hcho:true;tvoc:true;temperature:true;humidity:true,false,confidence_below_threshold,true,false
capture_1441,/home/mpetrick/repos/esp32-fever-dream/tools/dataset/captures/serial_timed_fast_20260627T1205Z/capture_1441.jpg,0574,0017,0047,27,45,0574001700472745,81,100/98/100/100/100/100/100/99/100/100/100/81/100/100/100/100,co2:98;hcho:99;tvoc:81;temperature:100;humidity:100,0574,0017,0047,27,45,co2:true;hcho:true;tvoc:true;temperature:true;humidity:true,false,confidence_below_threshold,true,false
capture_1444,/home/mpetrick/repos/esp32-fever-dream/tools/dataset/captures/serial_timed_fast_20260627T1205Z/capture_1444.jpg,0574,0017,0047,27,45,0574001700472745,81,100/90/99/100/100/100/100/99/100/100/100/81/100/100/100/89,co2:90;hcho:99;tvoc:81;temperature:100;humidity:89,0574,0017,0047,27,45,co2:true;hcho:true;tvoc:true;temperature:true;humidity:true,false,confidence_below_threshold,true,false
capture_1447,/home/mpetrick/repos/esp32-fever-dream/tools/dataset/captures/serial_timed_fast_20260627T1205Z/capture_1447.jpg,0574,0017,0047,27,45,0574001700472745,99,100/100/100/100/100/100/100/100/100/100/100/100/100/100/100/99,co2:100;hcho:100;tvoc:100;temperature:100;humidity:99,0574,0017,0047,27,45,co2:true;hcho:true;tvoc:true;temperature:true;humidity:true,true,,true,true
capture_1450,/home/mpetrick/repos/esp32-fever-dream/tools/dataset/captures/serial_timed_fast_20260627T1205Z/capture_1450.jpg,0574,0017,0047,27,45,0574001700472745,85,100/98/99/100/100/100/100/99/100/100/100/85/100/100/100/100,co2:98;hcho:99;tvoc:85;temperature:100;humidity:100,0574,0017,0047,27,45,co2:true;hcho:true;tvoc:true;temperature:true;humidity:true,true,,true,true
capture_1453,/home/mpetrick/repos/esp32-fever-dream/tools/dataset/captures/serial_timed_fast_20260627T1205Z/capture_1453.jpg,0574,0017,0047,27,45,0574001700472745,84,100/95/99/100/100/100/100/100/100/100/100/84/100/100/100/100,co2:95;hcho:100;tvoc:84;temperature:100;humidity:100,0574,0017,0047,27,45,co2:true;hcho:true;tvoc:true;temperature:true;humidity:true,false,confidence_below_threshold,true,false
capture_1456,/home/mpetrick/repos/esp32-fever-dream/tools/dataset/captures/serial_timed_fast_20260627T1205Z/capture_1456.jpg,0574,0017,0047,27,45,0574001700472745,87,100/97/100/100/100/100/100/99/100/100/100/87/100/100/100/89,co2:97;hcho:99;tvoc:87;temperature:100;humidity:89,0574,0017,0047,27,46,co2:true;hcho:true;tvoc:true;temperature:true;humidity:false,true,,true,false
capture_1459,/home/mpetrick/repos/esp32-fever-dream/tools/dataset/captures/serial_timed_fast_20260627T1205Z/capture_1459.jpg,0574,0017,0047,27,45,0574001700472745,83,100/96/98/100/100/100/100/99/100/100/100/83/100/100/100/93,co2:96;hcho:99;tvoc:83;temperature:100;humidity:93,0574,0017,0047,27,45,co2:true;hcho:true;tvoc:true;temperature:true;humidity:true,false,confidence_below_threshold,true,false
capture_1462,/home/mpetrick/repos/esp32-fever-dream/tools/dataset/captures/serial_timed_fast_20260627T1205Z/capture_1462.jpg,0574,0017,0047,27,45,0574001700472745,94,100/100/100/100/100/100/100/99/100/100/100/100/100/100/100/94,co2:100;hcho:99;tvoc:100;temperature:100;humidity:94,0574,0017,0047,27,46,co2:true;hcho:true;tvoc:true;temperature:true;humidity:false,true,,true,false
capture_1465,/home/mpetrick/repos/esp32-fever-dream/tools/dataset/captures/serial_timed_fast_20260627T1205Z/capture_1465.jpg,0574,0017,0047,27,45,0574001700472745,93,100/99/99/100/100/100/100/99/100/100/100/93/100/100/100/96,co2:99;hcho:99;tvoc:93;temperature:100;humidity:96,0574,0017,0047,27,46,co2:true;hcho:true;tvoc:true;temperature:true;humidity:false,true,,true,false
capture_1468,/home/mpetrick/repos/esp32-fever-dream/tools/dataset/captures/serial_timed_fast_20260627T1205Z/capture_1468.jpg,0574,0017,0047,27,45,0574001700472745,72,100/99/72/100/100/100/100/99/100/100/100/100/100/100/100/97,co2:72;hcho:99;tvoc:100;temperature:100;humidity:97,0574,0017,0047,27,46,co2:true;hcho:true;tvoc:true;temperature:true;humidity:false,false,confidence_below_threshold,true,false
capture_1471,/home/mpetrick/repos/esp32-fever-dream/tools/dataset/captures/serial_timed_fast_20260627T1205Z/capture_1471.jpg,0574,0017,0047,27,45,0574001700472745,94,100/98/99/100/100/100/100/100/100/100/100/94/100/100/100/98,co2:98;hcho:100;tvoc:94;temperature:100;humidity:98,0574,0017,0047,27,45,co2:true;hcho:true;tvoc:true;temperature:true;humidity:true,true,,true,true
capture_1474,/home/mpetrick/repos/esp32-fever-dream/tools/dataset/captures/serial_timed_fast_20260627T1205Z/capture_1474.jpg,0574,0017,0047,27,45,0574001700472745,96,100/100/100/100/100/100/100/100/100/100/100/100/100/100/100/96,co2:100;hcho:100;tvoc:100;temperature:100;humidity:96,0574,0017,0047,27,46,co2:true;hcho:true;tvoc:true;temperature:true;humidity:false,true,,true,false
capture_1477,/home/mpetrick/repos/esp32-fever-dream/tools/dataset/captures/serial_timed_fast_20260627T1205Z/capture_1477.jpg,0574,0017,0047,27,45,0574001700472745,69,100/86/97/100/100/100/100/85/100/100/100/100/100/100/100/69,co2:86;hcho:85;tvoc:100;temperature:100;humidity:69,0574,0017,0047,27,46,co2:true;hcho:true;tvoc:true;temperature:true;humidity:false,false,confidence_below_threshold,true,false
capture_1480,/home/mpetrick/repos/esp32-fever-dream/tools/dataset/captures/serial_timed_fast_20260627T1205Z/capture_1480.jpg,0574,0017,0047,27,45,0574001700472745,92,100/98/99/100/100/100/100/99/100/100/100/92/100/100/100/99,co2:98;hcho:99;tvoc:92;temperature:100;humidity:99,0574,0017,0047,27,46,co2:true;hcho:true;tvoc:true;temperature:true;humidity:false,true,,true,false
capture_1485,/home/mpetrick/repos/esp32-fever-dream/tools/dataset/captures/serial_timed_fast_20260627T1205Z/capture_1485.jpg,0574,0017,0047,27,45,0574001700472745,92,100/98/99/100/100/100/100/99/100/100/100/95/100/100/100/92,co2:98;hcho:99;tvoc:95;temperature:100;humidity:92,0574,0017,0047,27,45,co2:true;hcho:true;tvoc:true;temperature:true;humidity:true,true,,true,true
capture_1488,/home/mpetrick/repos/esp32-fever-dream/tools/dataset/captures/serial_timed_fast_20260627T1205Z/capture_1488.jpg,0574,0017,0047,27,45,0574001700472745,68,100/99/68/100/100/100/100/99/100/100/100/100/100/100/100/96,co2:68;hcho:99;tvoc:100;temperature:100;humidity:96,0574,0017,0047,27,46,co2:true;hcho:true;tvoc:true;temperature:true;humidity:false,false,confidence_below_threshold,true,false
capture_1491,/home/mpetrick/repos/esp32-fever-dream/tools/dataset/captures/serial_timed_fast_20260627T1205Z/capture_1491.jpg,0574,0017,0047,27,45,0574001700472745,75,100/99/99/100/100/100/100/100/100/100/100/92/100/100/100/75,co2:99;hcho:100;tvoc:92;temperature:100;humidity:75,0574,0017,0047,27,46,co2:true;hcho:true;tvoc:true;temperature:true;humidity:false,false,confidence_below_threshold,true,false
capture_1494,/home/mpetrick/repos/esp32-fever-dream/tools/dataset/captures/serial_timed_fast_20260627T1205Z/capture_1494.jpg,0574,0017,0047,27,45,0574001700472745,91,100/99/99/100/100/100/100/100/100/100/100/91/100/100/100/94,co2:99;hcho:100;tvoc:91;temperature:100;humidity:94,0574,0017,0047,27,46,co2:true;hcho:true;tvoc:true;temperature:true;humidity:false,true,,true,false
capture_1500,/home/mpetrick/repos/esp32-fever-dream/tools/dataset/captures/serial_timed_fast_20260627T1205Z/capture_1500.jpg,0374,0011,0047,77,25,0374001100477725,39,100/45/94/39/100/100/90/98/100/100/100/84/69/98/94/86,co2:39;hcho:90;tvoc:84;temperature:69;humidity:86,0574,0017,0047,27,46,co2:false;hcho:false;tvoc:true;temperature:false;humidity:false,false,confidence_below_threshold,true,false
capture_1506,/home/mpetrick/repos/esp32-fever-dream/tools/dataset/captures/serial_timed_fast_20260627T1205Z/capture_1506.jpg,0574,0017,0047,27,45,0574001700472745,85,100/99/99/100/100/100/100/99/100/100/100/85/100/100/100/98,co2:99;hcho:99;tvoc:85;temperature:100;humidity:98,0574,0017,0047,27,45,co2:true;hcho:true;tvoc:true;temperature:true;humidity:true,true,,true,true
capture_1509,/home/mpetrick/repos/esp32-fever-dream/tools/dataset/captures/serial_timed_fast_20260627T1205Z/capture_1509.jpg,0574,0017,0047,27,45,0574001700472745,99,100/100/100/100/100/100/100/99/100/100/100/100/100/100/100/99,co2:100;hcho:99;tvoc:100;temperature:100;humidity:99,0574,0017,0047,27,45,co2:true;hcho:true;tvoc:true;temperature:true;humidity:true,true,,true,true
capture_1512,/home/mpetrick/repos/esp32-fever-dream/tools/dataset/captures/serial_timed_fast_20260627T1205Z/capture_1512.jpg,0574,0017,0047,27,45,0574001700472745,98,100/100/100/100/100/100/100/99/100/100/100/100/100/100/100/98,co2:100;hcho:99;tvoc:100;temperature:100;humidity:98,0574,0017,0047,27,45,co2:true;hcho:true;tvoc:true;temperature:true;humidity:true,true,,true,true
capture_1515,/home/mpetrick/repos/esp32-fever-dream/tools/dataset/captures/serial_timed_fast_20260627T1205Z/capture_1515.jpg,0574,0017,0047,27,45,0574001700472745,85,100/97/99/100/100/100/100/100/100/100/100/85/100/100/100/96,co2:97;hcho:100;tvoc:85;temperature:100;humidity:96,0574,0017,0047,27,45,co2:true;hcho:true;tvoc:true;temperature:true;humidity:true,true,,true,true
capture_1518,/home/mpetrick/repos/esp32-fever-dream/tools/dataset/captures/serial_timed_fast_20260627T1205Z/capture_1518.jpg,0574,0017,0047,27,45,0574001700472745,74,100/100/74/100/100/100/100/99/100/100/100/100/100/100/100/96,co2:74;hcho:99;tvoc:100;temperature:100;humidity:96,0574,0017,0047,27,45,co2:true;hcho:true;tvoc:true;temperature:true;humidity:true,false,confidence_below_threshold,true,false
capture_1520,/home/mpetrick/repos/esp32-fever-dream/tools/dataset/captures/serial_timed_fast_20260627T1205Z/capture_1520.jpg,0574,0017,0047,27,45,0574001700472745,97,100/100/100/100/100/100/100/99/100/100/100/100/100/100/100/97,co2:100;hcho:99;tvoc:100;temperature:100;humidity:97,0574,0017,0047,27,46,co2:true;hcho:true;tvoc:true;temperature:true;humidity:false,true,,true,false
capture_1523,/home/mpetrick/repos/esp32-fever-dream/tools/dataset/captures/serial_timed_fast_20260627T1205Z/capture_1523.jpg,0574,0017,0047,27,45,0574001700472745,68,100/99/68/100/100/100/100/99/100/100/100/100/100/100/100/95,co2:68;hcho:99;tvoc:100;temperature:100;humidity:95,0574,0017,0047,27,45,co2:true;hcho:true;tvoc:true;temperature:true;humidity:true,false,confidence_below_threshold,true,false
capture_1526,/home/mpetrick/repos/esp32-fever-dream/tools/dataset/captures/serial_timed_fast_20260627T1205Z/capture_1526.jpg,0574,0017,0047,27,45,0574001700472745,72,100/99/72/100/100/100/100/99/100/100/100/100/100/100/100/98,co2:72;hcho:99;tvoc:100;temperature:100;humidity:98,0574,0017,0047,27,45,co2:true;hcho:true;tvoc:true;temperature:true;humidity:true,false,confidence_below_threshold,true,false
capture_1529,/home/mpetrick/repos/esp32-fever-dream/tools/dataset/captures/serial_timed_fast_20260627T1205Z/capture_1529.jpg,0574,0017,0047,27,45,0574001700472745,60,100/83/98/100/100/100/100/80/100/100/100/100/100/100/100/60,co2:83;hcho:80;tvoc:100;temperature:100;humidity:60,0574,0017,0047,27,45,co2:true;hcho:true;tvoc:true;temperature:true;humidity:true,false,confidence_below_threshold,true,false
capture_1535,/home/mpetrick/repos/esp32-fever-dream/tools/dataset/captures/serial_timed_fast_20260627T1205Z/capture_1535.jpg,0574,0017,0047,27,45,0574001700472745,91,100/97/99/100/100/100/100/99/100/100/100/91/100/100/100/98,co2:97;hcho:99;tvoc:91;temperature:100;humidity:98,0574,0017,0047,27,45,co2:true;hcho:true;tvoc:true;temperature:true;humidity:true,true,,true,true
capture_1541,/home/mpetrick/repos/esp32-fever-dream/tools/dataset/captures/serial_timed_fast_20260627T1205Z/capture_1541.jpg,0574,0017,0047,27,45,0574001700472745,93,99/98/99/100/100/100/100/100/100/100/100/93/100/100/100/97,co2:98;hcho:100;tvoc:93;temperature:100;humidity:97,0574,0017,0047,27,46,co2:true;hcho:true;tvoc:true;temperature:true;humidity:false,true,,true,false
capture_1544,/home/mpetrick/repos/esp32-fever-dream/tools/dataset/captures/serial_timed_fast_20260627T1205Z/capture_1544.jpg,0574,0017,0047,27,45,0574001700472745,52,100/98/99/100/100/100/100/99/100/100/100/90/100/100/100/52,co2:98;hcho:99;tvoc:90;temperature:100;humidity:52,0574,0017,0047,27,46,co2:true;hcho:true;tvoc:true;temperature:true;humidity:false,false,confidence_below_threshold,true,false
capture_1547,/home/mpetrick/repos/esp32-fever-dream/tools/dataset/captures/serial_timed_fast_20260627T1205Z/capture_1547.jpg,0574,0017,0047,27,45,0574001700472745,95,100/100/100/100/100/100/100/99/100/100/100/100/100/100/100/95,co2:100;hcho:99;tvoc:100;temperature:100;humidity:95,0574,0017,0047,27,46,co2:true;hcho:true;tvoc:true;temperature:true;humidity:false,true,,true,false
capture_1550,/home/mpetrick/repos/esp32-fever-dream/tools/dataset/captures/serial_timed_fast_20260627T1205Z/capture_1550.jpg,0574,0017,0047,27,45,0574001700472745,98,100/100/100/100/100/100/100/100/100/100/100/100/100/100/100/98,co2:100;hcho:100;tvoc:100;temperature:100;humidity:98,0574,0017,0047,27,46,co2:true;hcho:true;tvoc:true;temperature:true;humidity:false,true,,true,false
capture_1553,/home/mpetrick/repos/esp32-fever-dream/tools/dataset/captures/serial_timed_fast_20260627T1205Z/capture_1553.jpg,0574,0017,0047,27,45,0574001700472745,92,100/99/98/100/100/100/100/100/100/100/100/92/100/100/100/92,co2:98;hcho:100;tvoc:92;temperature:100;humidity:92,0574,0017,0047,27,46,co2:true;hcho:true;tvoc:true;temperature:true;humidity:false,true,,true,false
capture_0001,/home/mpetrick/repos/esp32-fever-dream/tools/dataset/captures/live_surveillance_20260629T1003Z/capture_0001.jpg,1796,0185,0058,28,59,1796018500582859,49,98/49/52/67/100/97/97/97/100/97/96/91/100/100/100/73,co2:49;hcho:97;tvoc:91;temperature:100;humidity:73,1498,0085,0058,28,53,co2:false;hcho:false;tvoc:true;temperature:true;humidity:false,false,confidence_below_threshold,true,false
capture_0002,/home/mpetrick/repos/esp32-fever-dream/tools/dataset/captures/live_surveillance_20260629T1003Z/capture_0002.jpg,1796,0185,0058,28,59,1796018500582859,54,98/59/54/68/100/96/97/98/100/98/96/93/100/100/100/81,co2:54;hcho:96;tvoc:93;temperature:100;humidity:81,1498,0085,0058,28,53,co2:false;hcho:false;tvoc:true;temperature:true;humidity:false,false,confidence_below_threshold,true,false
capture_0003,/home/mpetrick/repos/esp32-fever-dream/tools/dataset/captures/live_surveillance_20260629T1003Z/capture_0003.jpg,1796,0185,0058,28,59,1796018500582859,54,97/56/54/66/100/97/97/97/100/97/97/94/100/100/100/80,co2:54;hcho:97;tvoc:94;temperature:100;humidity:80,1498,0085,0058,28,53,co2:false;hcho:false;tvoc:true;temperature:true;humidity:false,false,confidence_below_threshold,true,false
capture_0021,/home/mpetrick/repos/esp32-fever-dream/tools/dataset/captures/live_surveillance_20260629T1003Z/capture_0021.jpg,1966,1369,1324,28,51,1966136913242851,49,100/80/86/93/69/83/66/50/58/98/63/87/100/98/100/49,co2:80;hcho:50;tvoc:58;temperature:98;humidity:49,1966,0469,0324,28,52,co2:true;hcho:false;tvoc:false;temperature:true;humidity:false,false,confidence_below_threshold,true,false
capture_0023,/home/mpetrick/repos/esp32-fever-dream/tools/dataset/captures/live_surveillance_20260629T1003Z/capture_0023.jpg,2086,0030,0484,28,52,2086003004842852,54,92/79/54/75/100/56/100/70/100/75/98/100/100/100/100/95,co2:54;hcho:56;tvoc:75;temperature:100;humidity:95,2026,0530,0484,28,52,co2:false;hcho:false;tvoc:true;temperature:true;humidity:true,false,confidence_below_threshold,true,false
capture_0024,/home/mpetrick/repos/esp32-fever-dream/tools/dataset/captures/live_surveillance_20260629T1003Z/capture_0024.jpg,2026,0530,0484,28,52,2026053004842852,49,98/96/49/97/100/96/99/98/100/93/97/100/100/100/100/98,co2:49;hcho:96;tvoc:93;temperature:100;humidity:98,2026,0530,0484,28,52,co2:true;hcho:true;tvoc:true;temperature:true;humidity:true,false,confidence_below_threshold,true,false
capture_0025,/home/mpetrick/repos/esp32-fever-dream/tools/dataset/captures/live_surveillance_20260629T1003Z/capture_0025.jpg,2086,0030,0484,28,52,2086003004842852,49,92/66/55/80/100/49/100/76/100/80/98/100/100/100/100/95,co2:55;hcho:49;tvoc:80;temperature:100;humidity:95,2026,0530,0484,28,52,co2:false;hcho:false;tvoc:true;temperature:true;humidity:true,false,confidence_below_threshold,true,false
capture_0026,/home/mpetrick/repos/esp32-fever-dream/tools/dataset/captures/live_surveillance_20260629T1003Z/capture_0026.jpg,2026,0530,0484,28,52,2026053004842852,54,98/96/54/98/100/95/99/98/100/93/97/100/100/100/100/98,co2:54;hcho:95;tvoc:93;temperature:100;humidity:98,2026,0530,0484,28,52,co2:true;hcho:true;tvoc:true;temperature:true;humidity:true,false,confidence_below_threshold,true,false
capture_0027,/home/mpetrick/repos/esp32-fever-dream/tools/dataset/captures/live_surveillance_20260629T1003Z/capture_0027.jpg,2026,0530,0484,28,52,2026053004842852,49,98/96/49/96/100/96/99/98/100/93/96/100/100/100/100/97,co2:49;hcho:96;tvoc:93;temperature:100;humidity:97,2026,0530,0484,28,52,co2:true;hcho:true;tvoc:true;temperature:true;humidity:true,false,confidence_below_threshold,true,false
capture_0028,/home/mpetrick/repos/esp32-fever-dream/tools/dataset/captures/live_surveillance_20260629T1003Z/capture_0028.jpg,2086,0030,0484,28,52,2086003004842852,50,92/70/54/80/100/50/100/79/100/78/98/100/100/100/100/94,co2:54;hcho:50;tvoc:78;temperature:100;humidity:94,2026,0530,0484,28,52,co2:false;hcho:false;tvoc:true;temperature:true;humidity:true,false,confidence_below_threshold,true,false
capture_0029,/home/mpetrick/repos/esp32-fever-dream/tools/dataset/captures/live_surveillance_20260629T1003Z/capture_0029.jpg,1026,3536,1484,28,52,1026353614842852,21,36/62/71/81/41/80/64/34/21/39/99/77/100/58/98/61,co2:36;hcho:34;tvoc:21;temperature:58;humidity:61,2026,0530,0484,28,52,co2:false;hcho:false;tvoc:false;temperature:true;humidity:true,false,confidence_below_threshold,true,false
capture_0030,/home/mpetrick/repos/esp32-fever-dream/tools/dataset/captures/live_surveillance_20260629T1003Z/capture_0030.jpg,1026,3536,1984,28,52,1026353619842852,25,39/56/73/78/40/78/63/30/25/33/99/74/100/61/97/52,co2:39;hcho:30;tvoc:25;temperature:61;humidity:52,2026,0530,0484,28,52,co2:false;hcho:false;tvoc:false;temperature:true;humidity:true,false,confidence_below_threshold,true,false
capture_0031,/home/mpetrick/repos/esp32-fever-dream/tools/dataset/captures/live_surveillance_20260629T1003Z/capture_0031.jpg,2026,0530,0484,28,52,2026053004842852,57,98/97/57/97/100/98/100/98/100/93/97/100/100/100/100/98,co2:57;hcho:98;tvoc:93;temperature:100;humidity:98,2026,0530,0484,28,52,co2:true;hcho:true;tvoc:true;temperature:true;humidity:true,false,confidence_below_threshold,true,false
capture_0033,/home/mpetrick/repos/esp32-fever-dream/tools/dataset/captures/live_surveillance_20260629T1003Z/capture_0033.jpg,2026,0530,0484,28,52,2026053004842852,57,97/98/57/97/100/98/100/97/100/87/96/100/100/100/100/95,co2:57;hcho:97;tvoc:87;temperature:100;humidity:95,2026,0530,0484,28,52,co2:true;hcho:true;tvoc:true;temperature:true;humidity:true,false,confidence_below_threshold,true,false
capture_0049,/home/mpetrick/repos/esp32-fever-dream/tools/dataset/captures/live_surveillance_20260629T1003Z/capture_0049.jpg,2079,0549,0426,28,52,2079054904262852,37,98/97/48/37/100/98/92/80/100/83/70/100/100/100/100/77,co2:37;hcho:80;tvoc:70;temperature:100;humidity:77,2043,0545,0526,28,52,co2:false;hcho:false;tvoc:false;temperature:true;humidity:true,false,confidence_below_threshold,true,false
capture_0051,/home/mpetrick/repos/esp32-fever-dream/tools/dataset/captures/live_surveillance_20260629T1003Z/capture_0051.jpg,2057,0034,0899,28,59,2057003408992859,51,77/77/82/59/100/73/99/100/100/89/51/60/100/100/98/96,co2:59;hcho:73;tvoc:51;temperature:100;humidity:96,2037,0534,0485,28,52,co2:false;hcho:false;tvoc:false;temperature:true;humidity:false,false,confidence_below_threshold,true,false
capture_0052,/home/mpetrick/repos/esp32-fever-dream/tools/dataset/captures/live_surveillance_20260629T1003Z/capture_0052.jpg,2026,0530,0484,28,52,2026053004842852,38,83/94/38/99/100/99/100/100/100/70/100/100/100/100/100/91,co2:38;hcho:99;tvoc:70;temperature:100;humidity:91,2026,0530,0484,28,52,co2:true;hcho:true;tvoc:true;temperature:true;humidity:true,false,confidence_below_threshold,true,false
capture_0053,/home/mpetrick/repos/esp32-fever-dream/tools/dataset/captures/live_surveillance_20260629T1003Z/capture_0053.jpg,2026,0530,0484,28,52,2026053004842852,70,97/97/70/96/100/98/100/94/100/82/98/100/100/100/100/83,co2:70;hcho:94;tvoc:82;temperature:100;humidity:83,2026,0530,0484,28,52,co2:true;hcho:true;tvoc:true;temperature:true;humidity:true,false,confidence_below_threshold,true,false
capture_0054,/home/mpetrick/repos/esp32-fever-dream/tools/dataset/captures/live_surveillance_20260629T1003Z/capture_0054.jpg,2026,0530,0484,28,52,2026053004842852,42,87/94/42/98/100/98/100/100/100/63/100/100/100/100/100/94,co2:42;hcho:98;tvoc:63;temperature:100;humidity:94,2026,0530,0484,28,52,co2:true;hcho:true;tvoc:true;temperature:true;humidity:true,false,confidence_below_threshold,true,false
capture_0055,/home/mpetrick/repos/esp32-fever-dream/tools/dataset/captures/live_surveillance_20260629T1003Z/capture_0055.jpg,2026,0530,0484,28,52,2026053004842852,40,87/93/40/99/100/99/100/100/100/64/100/100/100/100/100/94,co2:40;hcho:99;tvoc:64;temperature:100;humidity:94,2026,0530,0484,28,52,co2:true;hcho:true;tvoc:true;temperature:true;humidity:true,false,confidence_below_threshold,true,false
capture_0084,/home/mpetrick/repos/esp32-fever-dream/tools/dataset/captures/live_surveillance_20260629T1003Z/capture_0084.jpg,1866,0386,0880,28,51,1866038608802851,47,99/79/47/76/100/99/96/92/100/62/90/99/100/100/100/98,co2:47;hcho:92;tvoc:62;temperature:100;humidity:98,0806,0386,0880,28,51,co2:false;hcho:true;tvoc:true;temperature:true;humidity:true,false,confidence_below_threshold,true,false
capture_0085,/home/mpetrick/repos/esp32-fever-dream/tools/dataset/captures/live_surveillance_20260629T1003Z/capture_0085.jpg,1806,0386,0889,28,51,1806038608892851,58,98/58/90/100/92/96/65/76/97/93/100/69/100/100/100/64,co2:58;hcho:65;tvoc:69;temperature:100;humidity:64,0806,0386,0880,28,51,co2:false;hcho:true;tvoc:false;temperature:true;humidity:true,false,confidence_below_threshold,true,false
capture_0086,/home/mpetrick/repos/esp32-fever-dream/tools/dataset/captures/live_surveillance_20260629T1003Z/capture_0086.jpg,1806,0386,0889,28,51,1806038608892851,60,98/60/87/99/91/96/63/71/97/92/100/61/100/100/100/68,co2:60;hcho:63;tvoc:61;temperature:100;humidity:68,0806,0386,0880,28,51,co2:false;hcho:true;tvoc:false;temperature:true;humidity:true,false,confidence_below_threshold,true,false
capture_0087,/home/mpetrick/repos/esp32-fever-dream/tools/dataset/captures/live_surveillance_20260629T1003Z/capture_0087.jpg,1866,0386,0880,28,51,1866038608802851,48,98/82/48/80/100/99/92/88/100/70/92/99/100/100/100/99,co2:48;hcho:88;tvoc:70;temperature:100;humidity:99,0806,0386,0880,28,51,co2:false;hcho:true;tvoc:true;temperature:true;humidity:true,false,confidence_below_threshold,true,false
capture_0104,/home/mpetrick/repos/esp32-fever-dream/tools/dataset/captures/live_surveillance_20260629T1003Z/capture_0104.jpg,1962,0337,0899,28,51,1962033708992851,33,99/49/44/97/64/79/61/33/80/62/85/95/100/99/100/79,co2:44;hcho:33;tvoc:62;temperature:99;humidity:79,1762,0357,0999,28,51,co2:false;hcho:false;tvoc:false;temperature:true;humidity:true,false,confidence_below_threshold,true,false
capture_0105,/home/mpetrick/repos/esp32-fever-dream/tools/dataset/captures/live_surveillance_20260629T1003Z/capture_0105.jpg,1862,0356,0999,28,51,1862035609992851,54,98/58/93/100/93/98/98/54/98/92/99/77/100/100/100/79,co2:58;hcho:54;tvoc:77;temperature:100;humidity:79,1762,0357,0999,28,51,co2:false;hcho:false;tvoc:true;temperature:true;humidity:true,false,confidence_below_threshold,true,false
capture_0111,/home/mpetrick/repos/esp32-fever-dream/tools/dataset/captures/live_surveillance_20260629T1003Z/capture_0111.jpg,1865,0383,0986,28,51,1865038309862851,52,98/85/52/53/100/98/78/100/100/61/77/79/100/100/100/99,co2:52;hcho:78;tvoc:61;temperature:100;humidity:99,1685,0303,0088,28,51,co2:false;hcho:false;tvoc:false;temperature:true;humidity:true,false,confidence_below_threshold,true,false
capture_0112,/home/mpetrick/repos/esp32-fever-dream/tools/dataset/captures/live_surveillance_20260629T1003Z/capture_0112.jpg,1866,0383,0986,28,51,1866038309862851,61,98/82/61/78/100/99/84/100/100/64/78/81/100/100/100/100,co2:61;hcho:84;tvoc:64;temperature:100;humidity:100,1680,0303,0088,28,51,co2:false;hcho:false;tvoc:false;temperature:true;humidity:true,false,confidence_below_threshold,true,false
capture_0119,/home/mpetrick/repos/esp32-fever-dream/tools/dataset/captures/live_surveillance_20260629T1003Z/capture_0119.jpg,1786,0357,0999,28,51,1786035709992851,53,98/90/53/79/100/99/100/99/100/81/100/98/100/100/100/99,co2:53;hcho:99;tvoc:81;temperature:100;humidity:99,1762,0357,0999,28,51,co2:false;hcho:true;tvoc:true;temperature:true;humidity:true,false,confidence_below_threshold,true,false
capture_0120,/home/mpetrick/repos/esp32-fever-dream/tools/dataset/captures/live_surveillance_20260629T1003Z/capture_0120.jpg,1786,0357,0999,28,51,1786035709992851,49,98/88/49/79/100/99/100/98/100/85/100/98/100/100/100/100,co2:49;hcho:98;tvoc:85;temperature:100;humidity:100,1762,0357,0999,28,51,co2:false;hcho:true;tvoc:true;temperature:true;humidity:true,false,confidence_below_threshold,true,false
capture_0121,/home/mpetrick/repos/esp32-fever-dream/tools/dataset/captures/live_surveillance_20260629T1003Z/capture_0121.jpg,1862,0356,0999,28,51,1862035609992851,52,98/55/92/100/94/98/98/52/97/92/99/85/100/100/100/81,co2:55;hcho:52;tvoc:85;temperature:100;humidity:81,1762,0357,0999,28,51,co2:false;hcho:false;tvoc:true;temperature:true;humidity:true,false,confidence_below_threshold,true,false
capture_0122,/home/mpetrick/repos/esp32-fever-dream/tools/dataset/captures/live_surveillance_20260629T1003Z/capture_0122.jpg,1786,0357,0999,28,51,1786035709992851,53,98/87/53/72/100/99/100/98/100/88/100/97/100/100/100/100,co2:53;hcho:98;tvoc:88;temperature:100;humidity:100,1762,0357,0999,28,51,co2:false;hcho:true;tvoc:true;temperature:true;humidity:true,false,confidence_below_threshold,true,false
capture_0123,/home/mpetrick/repos/esp32-fever-dream/tools/dataset/captures/live_surveillance_20260629T1003Z/capture_0123.jpg,1786,0357,0999,28,51,1786035709992851,49,98/91/49/76/100/98/100/99/100/80/100/98/100/100/100/100,co2:49;hcho:98;tvoc:80;temperature:100;humidity:100,1762,0357,0999,28,51,co2:false;hcho:true;tvoc:true;temperature:true;humidity:true,false,confidence_below_threshold,true,false
capture_0124,/home/mpetrick/repos/esp32-fever-dream/tools/dataset/captures/live_surveillance_20260629T1003Z/capture_0124.jpg,1786,0357,0999,28,51,1786035709992851,49,98/90/49/74/100/99/100/98/100/87/100/98/100/100/100/99,co2:49;hcho:98;tvoc:87;temperature:100;humidity:99,1762,0357,0999,28,51,co2:false;hcho:true;tvoc:true;temperature:true;humidity:true,false,confidence_below_threshold,true,false
capture_0125,/home/mpetrick/repos/esp32-fever-dream/tools/dataset/captures/live_surveillance_20260629T1003Z/capture_0125.jpg,1760,0357,0099,28,51,1760035700992851,44,96/92/44/64/100/82/98/44/100/63/74/89/100/100/100/95,co2:44;hcho:44;tvoc:63;temperature:100;humidity:95,1762,0357,0999,28,51,co2:false;hcho:true;tvoc:false;temperature:true;humidity:true,false,confidence_below_threshold,true,false
capture_0130,/home/mpetrick/repos/esp32-fever-dream/tools/dataset/captures/live_surveillance_20260629T1003Z/capture_0130.jpg,1866,0386,0880,28,51,1866038608802851,61,98/87/61/71/100/99/96/65/100/88/92/99/100/100/100/100,co2:61;hcho:65;tvoc:88;temperature:100;humidity:100,0806,0386,0880,28,51,co2:false;hcho:true;tvoc:true;temperature:true;humidity:true,false,confidence_below_threshold,true,false
capture_0131,/home/mpetrick/repos/esp32-fever-dream/tools/dataset/captures/live_surveillance_20260629T1003Z/capture_0131.jpg,1806,0386,0889,28,51,1806038608892851,53,96/53/89/100/94/98/72/68/99/93/100/81/100/100/100/81,co2:53;hcho:68;tvoc:81;temperature:100;humidity:81,0806,0386,0880,28,51,co2:false;hcho:true;tvoc:false;temperature:true;humidity:true,false,confidence_below_threshold,true,false
capture_0132,/home/mpetrick/repos/esp32-fever-dream/tools/dataset/captures/live_surveillance_20260629T1003Z/capture_0132.jpg,1806,0386,0889,28,51,1806038608892851,53,97/53/84/100/94/98/73/76/99/92/100/79/100/100/100/81,co2:53;hcho:73;tvoc:79;temperature:100;humidity:81,0806,0386,0880,28,51,co2:false;hcho:true;tvoc:false;temperature:true;humidity:true,false,confidence_below_threshold,true,false
capture_0133,/home/mpetrick/repos/esp32-fever-dream/tools/dataset/captures/live_surveillance_20260629T1003Z/capture_0133.jpg,1866,0386,0880,28,51,1866038608802851,57,98/87/57/70/100/98/95/65/100/90/91/99/100/100/100/100,co2:57;hcho:65;tvoc:90;temperature:100;humidity:100,0806,0386,0880,28,51,co2:false;hcho:true;tvoc:true;temperature:true;humidity:true,false,confidence_below_threshold,true,false
capture_0134,/home/mpetrick/repos/esp32-fever-dream/tools/dataset/captures/live_surveillance_20260629T1003Z/capture_0134.jpg,1806,0386,0889,28,51,1806038608892851,53,96/53/87/100/93/98/72/74/99/92/100/78/100/100/100/80,co2:53;hcho:72;tvoc:78;temperature:100;humidity:80,0806,0386,0880,28,51,co2:false;hcho:true;tvoc:false;temperature:true;humidity:true,false,confidence_below_threshold,true,false
capture_0135,/home/mpetrick/repos/esp32-fever-dream/tools/dataset/captures/live_surveillance_20260629T1003Z/capture_0135.jpg,1866,0386,0880,28,51,1866038608802851,64,98/87/64/67/100/98/96/65/100/90/92/99/100/100/100/100,co2:64;hcho:65;tvoc:90;temperature:100;humidity:100,0806,0386,0880,28,51,co2:false;hcho:true;tvoc:true;temperature:true;humidity:true,false,confidence_below_threshold,true,false
capture_0136,/home/mpetrick/repos/esp32-fever-dream/tools/dataset/captures/live_surveillance_20260629T1003Z/capture_0136.jpg,1866,0386,0880,28,51,1866038608802851,64,98/84/68/64/100/99/96/71/100/92/93/99/100/100/100/100,co2:64;hcho:71;tvoc:92;temperature:100;humidity:100,0806,0386,0880,28,51,co2:false;hcho:true;tvoc:true;temperature:true;humidity:true,false,confidence_below_threshold,true,false
capture_0137,/home/mpetrick/repos/esp32-fever-dream/tools/dataset/captures/live_surveillance_20260629T1003Z/capture_0137.jpg,1766,0373,0389,28,51,1766037303892851,32,98/32/71/98/69/75/66/47/91/91/76/92/100/100/100/87,co2:32;hcho:47;tvoc:76;temperature:100;humidity:87,0806,0386,0880,28,51,co2:false;hcho:false;tvoc:false;temperature:true;humidity:true,false,confidence_below_threshold,true,false
capture_0138,/home/mpetrick/repos/esp32-fever-dream/tools/dataset/captures/live_surveillance_20260629T1003Z/capture_0138.jpg,1866,0386,0880,28,51,1866038608802851,62,98/85/63/69/100/99/96/62/100/92/92/99/100/100/100/100,co2:63;hcho:62;tvoc:92;temperature:100;humidity:100,0806,0386,0880,28,51,co2:false;hcho:true;tvoc:true;temperature:true;humidity:true,false,confidence_below_threshold,true,false
capture_0139,/home/mpetrick/repos/esp32-fever-dream/tools/dataset/captures/live_surveillance_20260629T1003Z/capture_0139.jpg,1806,0386,0889,28,51,1806038608892851,56,98/56/85/100/92/99/75/73/98/91/100/78/100/100/100/80,co2:56;hcho:73;tvoc:78;temperature:100;humidity:80,0806,0386,0880,28,51,co2:false;hcho:true;tvoc:false;temperature:true;humidity:true,false,confidence_below_threshold,true,false
capture_0140,/home/mpetrick/repos/esp32-fever-dream/tools/dataset/captures/live_surveillance_20260629T1003Z/capture_0140.jpg,1806,0386,0889,28,51,1806038608892851,56,96/56/86/100/91/98/73/73/99/91/100/80/100/100/100/68,co2:56;hcho:73;tvoc:80;temperature:100;humidity:68,0806,0386,0880,28,52,co2:false;hcho:true;tvoc:false;temperature:true;humidity:false,false,confidence_below_threshold,true,false
capture_0141,/home/mpetrick/repos/esp32-fever-dream/tools/dataset/captures/live_surveillance_20260629T1003Z/capture_0141.jpg,1806,0386,0889,28,51,1806038608892851,53,96/53/89/99/92/99/73/71/98/93/100/78/100/100/100/59,co2:53;hcho:71;tvoc:78;temperature:100;humidity:59,0806,0386,0880,28,52,co2:false;hcho:true;tvoc:false;temperature:true;humidity:false,false,confidence_below_threshold,true,false
capture_0143,/home/mpetrick/repos/esp32-fever-dream/tools/dataset/captures/live_surveillance_20260629T1003Z/capture_0143.jpg,1806,0386,0889,28,51,1806038608892851,55,96/55/86/99/92/99/73/68/99/90/100/81/100/100/99/66,co2:55;hcho:68;tvoc:81;temperature:100;humidity:66,0806,0386,0880,28,52,co2:false;hcho:true;tvoc:false;temperature:true;humidity:false,false,confidence_below_threshold,true,false
capture_0144,/home/mpetrick/repos/esp32-fever-dream/tools/dataset/captures/live_surveillance_20260629T1003Z/capture_0144.jpg,1866,0386,0880,28,52,1866038608802852,52,98/84/64/61/100/99/96/52/100/93/91/99/100/100/100/97,co2:61;hcho:52;tvoc:91;temperature:100;humidity:97,0806,0386,0880,28,52,co2:false;hcho:true;tvoc:true;temperature:true;humidity:true,false,confidence_below_threshold,true,false
capture_0145,/home/mpetrick/repos/esp32-fever-dream/tools/dataset/captures/live_surveillance_20260629T1003Z/capture_0145.jpg,1866,0388,0880,28,52,1866038808802852,52,98/87/60/63/100/99/96/52/100/94/91/99/100/100/100/98,co2:60;hcho:52;tvoc:91;temperature:100;humidity:98,0806,0386,0880,28,52,co2:false;hcho:false;tvoc:true;temperature:true;humidity:true,false,confidence_below_threshold,true,false
capture_0150,/home/mpetrick/repos/esp32-fever-dream/tools/dataset/captures/live_surveillance_20260629T1003Z/capture_0150.jpg,1766,0357,0999,28,52,1766035709992852,49,98/85/49/61/100/99/100/99/100/92/99/99/100/100/100/97,co2:49;hcho:99;tvoc:92;temperature:100;humidity:97,1762,0357,0999,28,52,co2:false;hcho:true;tvoc:true;temperature:true;humidity:true,false,confidence_below_threshold,true,false
capture_0151,/home/mpetrick/repos/esp32-fever-dream/tools/dataset/captures/live_surveillance_20260629T1003Z/capture_0151.jpg,1786,0357,0999,28,52,1786035709992852,49,98/86/49/63/100/98/100/97/100/90/100/100/100/100/100/98,co2:49;hcho:97;tvoc:90;temperature:100;humidity:98,1762,0357,0999,28,52,co2:false;hcho:true;tvoc:true;temperature:true;humidity:true,false,confidence_below_threshold,true,false
capture_0152,/home/mpetrick/repos/esp32-fever-dream/tools/dataset/captures/live_surveillance_20260629T1003Z/capture_0152.jpg,1766,0357,0999,28,52,1766035709992852,51,98/85/51/51/100/99/100/98/100/92/100/99/100/100/100/98,co2:51;hcho:98;tvoc:92;temperature:100;humidity:98,1762,0357,0999,28,52,co2:false;hcho:true;tvoc:true;temperature:true;humidity:true,false,confidence_below_threshold,true,false
capture_0153,/home/mpetrick/repos/esp32-fever-dream/tools/dataset/captures/live_surveillance_20260629T1003Z/capture_0153.jpg,1762,0356,0999,28,51,1762035609992851,48,97/48/92/100/91/98/95/48/99/91/98/90/100/100/99/72,co2:48;hcho:48;tvoc:90;temperature:100;humidity:72,1762,0357,0999,28,52,co2:true;hcho:false;tvoc:true;temperature:true;humidity:false,false,confidence_below_threshold,true,false
capture_0154,/home/mpetrick/repos/esp32-fever-dream/tools/dataset/captures/live_surveillance_20260629T1003Z/capture_0154.jpg,1766,0357,0999,28,52,1766035709992852,51,99/84/51/63/100/99/100/98/100/93/99/99/100/100/100/98,co2:51;hcho:98;tvoc:93;temperature:100;humidity:98,1762,0357,0999,28,52,co2:false;hcho:true;tvoc:true;temperature:true;humidity:true,false,confidence_below_threshold,true,false
capture_0155,/home/mpetrick/repos/esp32-fever-dream/tools/dataset/captures/live_surveillance_20260629T1003Z/capture_0155.jpg,1766,0357,0999,28,52,1766035709992852,54,98/83/54/63/100/98/100/98/100/93/100/99/100/100/100/98,co2:54;hcho:98;tvoc:93;temperature:100;humidity:98,1762,0357,0999,28,52,co2:false;hcho:true;tvoc:true;temperature:true;humidity:true,false,confidence_below_threshold,true,false
capture_0156,/home/mpetrick/repos/esp32-fever-dream/tools/dataset/captures/live_surveillance_20260629T1003Z/capture_0156.jpg,1662,0357,0899,28,51,1662035708992851,45,98/65/78/97/95/96/96/58/98/45/70/92/100/92/97/55,co2:65;hcho:58;tvoc:45;temperature:92;humidity:55,1762,0357,0999,28,52,co2:false;hcho:true;tvoc:false;temperature:true;humidity:false,false,confidence_below_threshold,true,false
capture_0157,/home/mpetrick/repos/esp32-fever-dream/tools/dataset/captures/live_surveillance_20260629T1003Z/capture_0157.jpg,1862,0357,0999,28,51,1862035709992851,50,97/50/95/100/92/99/94/55/99/88/97/87/100/100/100/72,co2:50;hcho:55;tvoc:87;temperature:100;humidity:72,1762,0357,0999,28,52,co2:false;hcho:true;tvoc:true;temperature:true;humidity:false,false,confidence_below_threshold,true,false
capture_0158,/home/mpetrick/repos/esp32-fever-dream/tools/dataset/captures/live_surveillance_20260629T1003Z/capture_0158.jpg,1862,0357,0999,28,51,1862035709992851,50,98/50/96/100/92/99/95/60/99/90/98/85/100/100/100/74,co2:50;hcho:60;tvoc:85;temperature:100;humidity:74,1762,0357,0999,28,52,co2:false;hcho:true;tvoc:true;temperature:true;humidity:false,false,confidence_below_threshold,true,false
capture_0159,/home/mpetrick/repos/esp32-fever-dream/tools/dataset/captures/live_surveillance_20260629T1003Z/capture_0159.jpg,1766,0357,0999,28,52,1766035709992852,54,98/83/54/55/100/99/100/99/100/93/99/100/100/100/100/99,co2:54;hcho:99;tvoc:93;temperature:100;humidity:99,1762,0357,0999,28,52,co2:false;hcho:true;tvoc:true;temperature:true;humidity:true,false,confidence_below_threshold,true,false
capture_0160,/home/mpetrick/repos/esp32-fever-dream/tools/dataset/captures/live_surveillance_20260629T1003Z/capture_0160.jpg,1862,0357,0999,28,51,1862035709992851,53,97/53/96/100/90/99/96/60/99/91/98/89/100/100/99/66,co2:53;hcho:60;tvoc:89;temperature:100;humidity:66,1762,0357,0999,28,52,co2:false;hcho:true;tvoc:true;temperature:true;humidity:false,false,confidence_below_threshold,true,false
capture_0161,/home/mpetrick/repos/esp32-fever-dream/tools/dataset/captures/live_surveillance_20260629T1003Z/capture_0161.jpg,1766,0357,0999,28,52,1766035709992852,48,98/81/49/48/100/98/100/98/100/90/99/100/100/100/100/98,co2:48;hcho:98;tvoc:90;temperature:100;humidity:98,1762,0357,0999,28,52,co2:false;hcho:true;tvoc:true;temperature:true;humidity:true,false,confidence_below_threshold,true,false
capture_0162,/home/mpetrick/repos/esp32-fever-dream/tools/dataset/captures/live_surveillance_20260629T1003Z/capture_0162.jpg,1862,0357,0999,28,51,1862035709992851,50,98/50/96/100/94/99/96/53/99/89/97/90/100/100/100/74,co2:50;hcho:53;tvoc:89;temperature:100;humidity:74,1762,0357,0999,28,52,co2:false;hcho:true;tvoc:true;temperature:true;humidity:false,false,confidence_below_threshold,true,false
capture_0176,/home/mpetrick/repos/esp32-fever-dream/tools/dataset/captures/live_surveillance_20260629T1003Z/capture_0176.jpg,1891,0334,0079,28,51,1891033400792851,39,97/57/39/89/100/79/80/99/100/53/98/81/100/100/100/99,co2:39;hcho:79;tvoc:53;temperature:100;humidity:99,0691,0034,0879,28,51,co2:false;hcho:false;tvoc:false;temperature:true;humidity:true,false,confidence_below_threshold,true,false
capture_0181,/home/mpetrick/repos/esp32-fever-dream/tools/dataset/captures/live_surveillance_20260629T1003Z/capture_0181.jpg,1766,0378,0990,28,51,1766037809902851,38,99/82/58/38/100/96/81/77/100/88/89/99/100/100/100/100,co2:38;hcho:77;tvoc:88;temperature:100;humidity:100,1702,0038,0890,28,51,co2:false;hcho:false;tvoc:false;temperature:true;humidity:true,false,confidence_below_threshold,true,false
capture_0182,/home/mpetrick/repos/esp32-fever-dream/tools/dataset/captures/live_surveillance_20260629T1003Z/capture_0182.jpg,1762,0356,0999,28,51,1762035609992851,41,98/47/94/67/92/99/89/41/99/84/96/90/100/100/100/84,co2:47;hcho:41;tvoc:84;temperature:100;humidity:84,1702,0038,0898,28,51,co2:false;hcho:false;tvoc:false;temperature:true;humidity:true,false,confidence_below_threshold,true,false
capture_0183,/home/mpetrick/repos/esp32-fever-dream/tools/dataset/captures/live_surveillance_20260629T1003Z/capture_0183.jpg,1762,0338,0898,28,51,1762033808982851,26,99/50/43/100/85/85/79/26/94/41/98/44/100/99/100/93,co2:43;hcho:26;tvoc:41;temperature:99;humidity:93,1702,0038,0890,28,51,co2:false;hcho:false;tvoc:false;temperature:true;humidity:true,false,confidence_below_threshold,true,false
capture_0186,/home/mpetrick/repos/esp32-fever-dream/tools/dataset/captures/live_surveillance_20260629T1003Z/capture_0186.jpg,1761,0337,0990,28,51,1761033709902851,60,98/81/60/86/100/95/72/93/100/89/92/99/100/100/100/100,co2:60;hcho:72;tvoc:89;temperature:100;humidity:100,1707,0032,0890,28,51,co2:false;hcho:false;tvoc:false;temperature:true;humidity:true,false,confidence_below_threshold,true,false
capture_0227,/home/mpetrick/repos/esp32-fever-dream/tools/dataset/captures/live_surveillance_20260629T1003Z/capture_0227.jpg,1769,0355,0999,28,51,1769035509992851,47,98/54/91/47/90/98/83/83/98/69/67/50/100/100/100/96,co2:47;hcho:83;tvoc:50;temperature:100;humidity:96,1713,0329,0092,28,51,co2:false;hcho:false;tvoc:false;temperature:true;humidity:true,false,confidence_below_threshold,true,false
capture_0228,/home/mpetrick/repos/esp32-fever-dream/tools/dataset/captures/live_surveillance_20260629T1003Z/capture_0228.jpg,1769,0339,0992,28,51,1769033909922851,40,98/72/52/75/100/85/44/89/100/40/88/84/100/100/100/100,co2:52;hcho:44;tvoc:40;temperature:100;humidity:100,1729,0329,0092,28,51,co2:false;hcho:false;tvoc:false;temperature:true;humidity:true,false,confidence_below_threshold,true,false
capture_0229,/home/mpetrick/repos/esp32-fever-dream/tools/dataset/captures/live_surveillance_20260629T1003Z/capture_0229.jpg,1781,0332,0091,28,51,1781033200912851,41,99/91/41/56/100/67/99/87/100/57/95/43/100/100/100/99,co2:41;hcho:67;tvoc:43;temperature:100;humidity:99,1724,0332,0092,28,51,co2:false;hcho:true;tvoc:false;temperature:true;humidity:true,false,confidence_below_threshold,true,false
capture_0231,/home/mpetrick/repos/esp32-fever-dream/tools/dataset/captures/live_surveillance_20260629T1003Z/capture_0231.jpg,1769,0355,0999,28,51,1769035509992851,40,98/47/95/40/94/98/80/85/98/78/65/73/100/100/100/96,co2:40;hcho:80;tvoc:65;temperature:100;humidity:96,1713,0325,0090,28,51,co2:false;hcho:false;tvoc:false;temperature:true;humidity:true,false,confidence_below_threshold,true,false
capture_0232,/home/mpetrick/repos/esp32-fever-dream/tools/dataset/captures/live_surveillance_20260629T1003Z/capture_0232.jpg,1764,0333,0998,28,51,1764033309982851,35,98/51/53/45/85/91/74/35/96/47/98/40/100/99/100/97,co2:45;hcho:35;tvoc:40;temperature:99;humidity:97,1724,0332,0090,28,51,co2:false;hcho:false;tvoc:false;temperature:true;humidity:true,false,confidence_below_threshold,true,false
capture_0233,/home/mpetrick/repos/esp32-fever-dream/tools/dataset/captures/live_surveillance_20260629T1003Z/capture_0233.jpg,1769,0332,0990,28,51,1769033209902851,50,98/74/59/78/100/88/100/100/100/50/98/100/100/100/100/100,co2:59;hcho:88;tvoc:50;temperature:100;humidity:100,1729,0332,0090,28,51,co2:false;hcho:true;tvoc:false;temperature:true;humidity:true,false,confidence_below_threshold,true,false
capture_0234,/home/mpetrick/repos/esp32-fever-dream/tools/dataset/captures/live_surveillance_20260629T1003Z/capture_0234.jpg,1635,0239,0799,28,51,1635023907992851,58,90/58/98/58/97/67/88/67/92/94/79/98/100/100/100/91,co2:58;hcho:67;tvoc:79;temperature:100;humidity:91,1735,0339,0099,28,51,co2:false;hcho:false;tvoc:false;temperature:true;humidity:true,false,confidence_below_threshold,true,false
capture_0260,/home/mpetrick/repos/esp32-fever-dream/tools/dataset/captures/live_surveillance_20260629T1003Z/capture_0260.jpg,1685,0373,0859,28,51,1685037308592851,42,95/95/42/70/98/94/72/59/99/49/83/97/100/100/100/96,co2:42;hcho:59;tvoc:49;temperature:100;humidity:96,1685,0307,0859,28,51,co2:true;hcho:false;tvoc:true;temperature:true;humidity:true,false,confidence_below_threshold,true,false
capture_0261,/home/mpetrick/repos/esp32-fever-dream/tools/dataset/captures/live_surveillance_20260629T1003Z/capture_0261.jpg,1685,0373,0759,28,51,1685037307592851,38,95/96/38/82/98/94/67/62/99/45/81/98/100/100/100/96,co2:38;hcho:62;tvoc:45;temperature:100;humidity:96,1685,0307,0859,28,51,co2:true;hcho:false;tvoc:false;temperature:true;humidity:true,false,confidence_below_threshold,true,false
capture_0262,/home/mpetrick/repos/esp32-fever-dream/tools/dataset/captures/live_surveillance_20260629T1003Z/capture_0262.jpg,1685,0373,0759,28,51,1685037307592851,38,96/90/38/82/98/92/70/63/99/54/85/97/100/100/100/96,co2:38;hcho:63;tvoc:54;temperature:100;humidity:96,1685,0307,0859,28,51,co2:true;hcho:false;tvoc:false;temperature:true;humidity:true,false,confidence_below_threshold,true,false
capture_0263,/home/mpetrick/repos/esp32-fever-dream/tools/dataset/captures/live_surveillance_20260629T1003Z/capture_0263.jpg,1685,0373,0759,28,51,1685037307592851,39,96/95/39/80/99/93/68/64/99/47/86/98/100/100/100/95,co2:39;hcho:64;tvoc:47;temperature:100;humidity:95,1685,0307,0859,28,51,co2:true;hcho:false;tvoc:false;temperature:true;humidity:true,false,confidence_below_threshold,true,false
capture_0271,/home/mpetrick/repos/esp32-fever-dream/tools/dataset/captures/live_surveillance_20260629T1003Z/capture_0271.jpg,1635,0373,0759,28,51,1635037307592851,36,96/98/36/72/98/89/68/67/99/60/85/97/100/99/100/93,co2:36;hcho:67;tvoc:60;temperature:99;humidity:93,1685,0307,0859,28,51,co2:false;hcho:false;tvoc:false;temperature:true;humidity:true,false,confidence_below_threshold,true,false
capture_0275,/home/mpetrick/repos/esp32-fever-dream/tools/dataset/captures/live_surveillance_20260629T1003Z/capture_0275.jpg,1635,0373,0758,28,51,1635037307582851,40,93/98/40/80/99/89/66/63/99/66/88/70/100/100/100/92,co2:40;hcho:63;tvoc:66;temperature:100;humidity:92,1680,0303,0088,28,51,co2:false;hcho:false;tvoc:false;temperature:true;humidity:true,false,confidence_below_threshold,true,false
capture_0276,/home/mpetrick/repos/esp32-fever-dream/tools/dataset/captures/live_surveillance_20260629T1003Z/capture_0276.jpg,1635,0373,0758,28,51,1635037307582851,40,91/98/40/80/99/92/67/65/99/65/88/70/100/100/100/95,co2:40;hcho:65;tvoc:65;temperature:100;humidity:95,1680,0303,0088,28,51,co2:false;hcho:false;tvoc:false;temperature:true;humidity:true,false,confidence_below_threshold,true,false
capture_0340,/home/mpetrick/repos/esp32-fever-dream/tools/dataset/captures/live_surveillance_20260629T1003Z/capture_0340.jpg,1632,0271,0759,28,51,1632027107592851,54,83/99/58/92/98/54/77/81/100/90/94/81/100/100/100/85,co2:58;hcho:54;tvoc:81;temperature:100;humidity:85,0652,0285,0798,28,50,co2:false;hcho:false;tvoc:false;temperature:true;humidity:false,false,confidence_below_threshold,true,false
capture_0341,/home/mpetrick/repos/esp32-fever-dream/tools/dataset/captures/live_surveillance_20260629T1003Z/capture_0341.jpg,1632,0271,0759,28,51,1632027107592851,49,77/99/62/93/99/49/79/75/100/86/94/83/100/100/100/83,co2:62;hcho:49;tvoc:83;temperature:100;humidity:83,0652,0285,0798,28,50,co2:false;hcho:false;tvoc:false;temperature:true;humidity:false,false,confidence_below_threshold,true,false
capture_0342,/home/mpetrick/repos/esp32-fever-dream/tools/dataset/captures/live_surveillance_20260629T1003Z/capture_0342.jpg,3229,4281,2895,14,52,3229428128951452,19,19/66/92/59/37/67/99/43/90/38/41/74/98/21/33/49,co2:19;hcho:37;tvoc:38;temperature:21;humidity:33,0652,0285,0798,28,50,co2:false;hcho:false;tvoc:false;temperature:false;humidity:false,false,confidence_below_threshold,true,false
capture_0343,/home/mpetrick/repos/esp32-fever-dream/tools/dataset/captures/live_surveillance_20260629T1003Z/capture_0343.jpg,1652,0281,0759,28,51,1652028107592851,60,91/90/94/90/98/87/60/89/81/93/87/94/100/100/99/72,co2:90;hcho:60;tvoc:81;temperature:100;humidity:72,0652,0282,0789,28,50,co2:false;hcho:false;tvoc:false;temperature:true;humidity:false,false,confidence_below_threshold,true,false
capture_0344,/home/mpetrick/repos/esp32-fever-dream/tools/dataset/captures/live_surveillance_20260629T1003Z/capture_0344.jpg,1632,0271,0759,28,51,1632027107592851,54,77/99/54/94/99/66/82/81/100/91/92/87/100/100/100/83,co2:54;hcho:66;tvoc:87;temperature:100;humidity:83,0652,0285,0798,28,50,co2:false;hcho:false;tvoc:false;temperature:true;humidity:false,false,confidence_below_threshold,true,false
capture_0345,/home/mpetrick/repos/esp32-fever-dream/tools/dataset/captures/live_surveillance_20260629T1003Z/capture_0345.jpg,1637,0277,0759,28,51,1637027707592851,58,82/99/58/98/99/64/80/83/100/92/96/83/100/100/100/78,co2:58;hcho:64;tvoc:83;temperature:100;humidity:78,0647,0282,0789,28,50,co2:false;hcho:false;tvoc:false;temperature:true;humidity:false,false,confidence_below_threshold,true,false
capture_0346,/home/mpetrick/repos/esp32-fever-dream/tools/dataset/captures/live_surveillance_20260629T1003Z/capture_0346.jpg,1637,0277,0758,28,51,1637027707582851,62,71/100/62/98/99/84/80/76/100/89/94/89/100/100/100/87,co2:62;hcho:76;tvoc:89;temperature:100;humidity:87,0647,0278,0789,28,50,co2:false;hcho:false;tvoc:false;temperature:true;humidity:false,false,confidence_below_threshold,true,false
capture_0357,/home/mpetrick/repos/esp32-fever-dream/tools/dataset/captures/live_surveillance_20260629T1003Z/capture_0357.jpg,1847,0285,0289,28,58,1847028502892858,63,99/63/99/84/100/100/82/100/100/67/97/83/100/100/100/98,co2:63;hcho:82;tvoc:67;temperature:100;humidity:98,1647,0285,0789,28,50,co2:false;hcho:true;tvoc:false;temperature:true;humidity:false,false,confidence_below_threshold,true,false
capture_0368,/home/mpetrick/repos/esp32-fever-dream/tools/dataset/captures/live_surveillance_20260629T1003Z/capture_0368.jpg,1630,0271,0758,28,51,1630027107582851,64,67/100/64/90/98/80/82/100/100/92/94/99/100/100/100/76,co2:64;hcho:80;tvoc:92;temperature:100;humidity:76,0630,0271,0758,28,50,co2:false;hcho:true;tvoc:true;temperature:true;humidity:false,false,confidence_below_threshold,true,false
capture_0369,/home/mpetrick/repos/esp32-fever-dream/tools/dataset/captures/live_surveillance_20260629T1003Z/capture_0369.jpg,1630,0271,0758,28,51,1630027107582851,69,69/100/69/92/98/76/85/100/100/92/94/99/100/100/100/81,co2:69;hcho:76;tvoc:92;temperature:100;humidity:81,0630,0271,0758,28,50,co2:false;hcho:true;tvoc:true;temperature:true;humidity:false,false,confidence_below_threshold,true,false
capture_0370,/home/mpetrick/repos/esp32-fever-dream/tools/dataset/captures/live_surveillance_20260629T1003Z/capture_0370.jpg,1630,0271,0758,28,51,1630027107582851,73,75/100/73/86/99/81/84/100/100/93/96/98/100/100/100/74,co2:73;hcho:81;tvoc:93;temperature:100;humidity:74,0630,0271,0758,28,50,co2:false;hcho:true;tvoc:true;temperature:true;humidity:false,false,confidence_below_threshold,true,false
capture_0371,/home/mpetrick/repos/esp32-fever-dream/tools/dataset/captures/live_surveillance_20260629T1003Z/capture_0371.jpg,1658,0071,0056,28,59,1658007100562859,39,97/65/73/67/100/39/94/61/100/41/65/52/100/100/100/75,co2:65;hcho:39;tvoc:41;temperature:100;humidity:75,0630,0271,0758,28,50,co2:false;hcho:false;tvoc:false;temperature:true;humidity:false,false,confidence_below_threshold,true,false
capture_0372,/home/mpetrick/repos/esp32-fever-dream/tools/dataset/captures/live_surveillance_20260629T1003Z/capture_0372.jpg,1630,0271,0758,28,51,1630027107582851,67,67/100/74/90/99/81/82/100/100/94/96/99/100/100/100/74,co2:67;hcho:81;tvoc:94;temperature:100;humidity:74,0630,0271,0758,28,50,co2:false;hcho:true;tvoc:true;temperature:true;humidity:false,false,confidence_below_threshold,true,false
capture_0373,/home/mpetrick/repos/esp32-fever-dream/tools/dataset/captures/live_surveillance_20260629T1003Z/capture_0373.jpg,1655,0381,0758,28,51,1655038107582851,41,89/56/61/41/88/89/75/84/91/69/92/98/100/100/100/95,co2:41;hcho:75;tvoc:69;temperature:100;humidity:95,0630,0271,0758,28,50,co2:false;hcho:false;tvoc:true;temperature:true;humidity:false,false,confidence_below_threshold,true,false
capture_0374,/home/mpetrick/repos/esp32-fever-dream/tools/dataset/captures/live_surveillance_20260629T1003Z/capture_0374.jpg,1630,0271,0758,28,51,1630027107582851,74,78/100/76/89/99/84/83/100/100/95/96/99/100/100/100/74,co2:76;hcho:83;tvoc:95;temperature:100;humidity:74,0630,0271,0758,28,50,co2:false;hcho:true;tvoc:true;temperature:true;humidity:false,false,confidence_below_threshold,true,false
capture_0375,/home/mpetrick/repos/esp32-fever-dream/tools/dataset/captures/live_surveillance_20260629T1003Z/capture_0375.jpg,1630,0271,0758,28,51,1630027107582851,71,71/100/71/92/99/83/81/100/100/93/95/98/100/100/100/73,co2:71;hcho:81;tvoc:93;temperature:100;humidity:73,0630,0271,0758,28,50,co2:false;hcho:true;tvoc:true;temperature:true;humidity:false,false,confidence_below_threshold,true,false
capture_0376,/home/mpetrick/repos/esp32-fever-dream/tools/dataset/captures/live_surveillance_20260629T1003Z/capture_0376.jpg,1630,0271,0758,28,51,1630027107582851,69,78/100/69/84/99/80/83/100/100/95/94/99/100/100/100/72,co2:69;hcho:80;tvoc:94;temperature:100;humidity:72,0630,0271,0758,28,50,co2:false;hcho:true;tvoc:true;temperature:true;humidity:false,false,confidence_below_threshold,true,false
capture_0377,/home/mpetrick/repos/esp32-fever-dream/tools/dataset/captures/live_surveillance_20260629T1003Z/capture_0377.jpg,1630,0271,0758,28,51,1630027107582851,68,68/100/72/87/99/86/83/100/100/93/95/99/100/100/100/74,co2:68;hcho:83;tvoc:93;temperature:100;humidity:74,0630,0271,0758,28,50,co2:false;hcho:true;tvoc:true;temperature:true;humidity:false,false,confidence_below_threshold,true,false
capture_0378,/home/mpetrick/repos/esp32-fever-dream/tools/dataset/captures/live_surveillance_20260629T1003Z/capture_0378.jpg,1630,0271,0758,28,51,1630027107582851,68,76/100/68/86/99/81/85/100/100/94/94/99/100/100/100/76,co2:68;hcho:81;tvoc:94;temperature:100;humidity:76,0630,0271,0758,28,50,co2:false;hcho:true;tvoc:true;temperature:true;humidity:false,false,confidence_below_threshold,true,false
capture_0379,/home/mpetrick/repos/esp32-fever-dream/tools/dataset/captures/live_surveillance_20260629T1003Z/capture_0379.jpg,1630,0271,0758,28,51,1630027107582851,70,82/100/70/86/99/89/85/100/100/94/96/98/100/100/100/74,co2:70;hcho:85;tvoc:94;temperature:100;humidity:74,0636,0271,0758,28,50,co2:false;hcho:true;tvoc:true;temperature:true;humidity:false,false,confidence_below_threshold,true,false
capture_0380,/home/mpetrick/repos/esp32-fever-dream/tools/dataset/captures/live_surveillance_20260629T1003Z/capture_0380.jpg,1630,0271,0758,28,51,1630027107582851,70,77/100/70/87/98/78/83/100/100/94/95/98/100/100/100/70,co2:70;hcho:78;tvoc:94;temperature:100;humidity:70,0630,0271,0758,28,50,co2:false;hcho:true;tvoc:true;temperature:true;humidity:false,false,confidence_below_threshold,true,false
capture_0381,/home/mpetrick/repos/esp32-fever-dream/tools/dataset/captures/live_surveillance_20260629T1003Z/capture_0381.jpg,1630,0381,0958,28,51,1630038109582851,47,98/77/51/89/96/98/60/99/96/47/99/100/100/100/99/96,co2:51;hcho:60;tvoc:47;temperature:100;humidity:96,0630,0271,0758,28,50,co2:false;hcho:false;tvoc:false;temperature:true;humidity:false,false,confidence_below_threshold,true,false
capture_0382,/home/mpetrick/repos/esp32-fever-dream/tools/dataset/captures/live_surveillance_20260629T1003Z/capture_0382.jpg,1630,0271,0758,28,51,1630027107582851,67,74/100/67/88/98/78/82/100/100/96/96/98/100/100/100/78,co2:67;hcho:78;tvoc:96;temperature:100;humidity:78,0630,0271,0758,28,50,co2:false;hcho:true;tvoc:true;temperature:true;humidity:false,false,confidence_below_threshold,true,false
capture_0383,/home/mpetrick/repos/esp32-fever-dream/tools/dataset/captures/live_surveillance_20260629T1003Z/capture_0383.jpg,1630,0271,0758,28,51,1630027107582851,60,60/100/72/89/99/80/84/100/100/94/95/99/100/100/100/73,co2:60;hcho:80;tvoc:94;temperature:100;humidity:73,0630,0271,0758,28,50,co2:false;hcho:true;tvoc:true;temperature:true;humidity:false,false,confidence_below_threshold,true,false
capture_0384,/home/mpetrick/repos/esp32-fever-dream/tools/dataset/captures/live_surveillance_20260629T1003Z/capture_0384.jpg,1630,0271,0758,28,51,1630027107582851,70,78/100/74/87/99/84/83/100/100/95/96/98/100/100/100/70,co2:74;hcho:83;tvoc:95;temperature:100;humidity:70,0630,0271,0758,28,50,co2:false;hcho:true;tvoc:true;temperature:true;humidity:false,false,confidence_below_threshold,true,false
capture_0385,/home/mpetrick/repos/esp32-fever-dream/tools/dataset/captures/live_surveillance_20260629T1003Z/capture_0385.jpg,1630,0271,0758,28,51,1630027107582851,72,74/100/74/85/99/87/85/100/100/95/95/99/100/100/100/72,co2:74;hcho:85;tvoc:95;temperature:100;humidity:72,0630,0271,0758,28,50,co2:false;hcho:true;tvoc:true;temperature:true;humidity:false,false,confidence_below_threshold,true,false
capture_0386,/home/mpetrick/repos/esp32-fever-dream/tools/dataset/captures/live_surveillance_20260629T1003Z/capture_0386.jpg,1630,0271,0758,28,51,1630027107582851,71,80/100/71/87/99/85/85/100/100/94/96/99/100/100/100/73,co2:71;hcho:85;tvoc:94;temperature:100;humidity:73,0630,0271,0758,28,50,co2:false;hcho:true;tvoc:true;temperature:true;humidity:false,false,confidence_below_threshold,true,false
capture_0387,/home/mpetrick/repos/esp32-fever-dream/tools/dataset/captures/live_surveillance_20260629T1003Z/capture_0387.jpg,1655,0281,0758,28,51,1655028107582851,50,79/92/87/50/94/89/60/90/79/95/91/61/100/100/98/69,co2:50;hcho:60;tvoc:61;temperature:100;humidity:69,0630,0271,0758,28,50,co2:false;hcho:false;tvoc:true;temperature:true;humidity:false,false,confidence_below_threshold,true,false
capture_0388,/home/mpetrick/repos/esp32-fever-dream/tools/dataset/captures/live_surveillance_20260629T1003Z/capture_0388.jpg,1630,0371,0758,28,51,1630037107582851,37,98/86/79/80/91/79/47/99/59/37/82/85/100/100/100/83,co2:79;hcho:47;tvoc:37;temperature:100;humidity:83,0630,0271,0758,28,50,co2:false;hcho:false;tvoc:true;temperature:true;humidity:false,false,confidence_below_threshold,true,false
capture_0389,/home/mpetrick/repos/esp32-fever-dream/tools/dataset/captures/live_surveillance_20260629T1003Z/capture_0389.jpg,1630,0271,0758,28,51,1630027107582851,72,74/100/75/87/98/90/85/100/100/96/96/99/100/100/100/72,co2:74;hcho:85;tvoc:96;temperature:100;humidity:72,0630,0271,0758,28,50,co2:false;hcho:true;tvoc:true;temperature:true;humidity:false,false,confidence_below_threshold,true,false
capture_0390,/home/mpetrick/repos/esp32-fever-dream/tools/dataset/captures/live_surveillance_20260629T1003Z/capture_0390.jpg,1630,0271,0758,28,51,1630027107582851,65,65/100/73/84/99/72/82/100/100/95/95/99/100/100/100/70,co2:65;hcho:72;tvoc:95;temperature:100;humidity:70,0630,0271,0758,28,50,co2:false;hcho:true;tvoc:true;temperature:true;humidity:false,false,confidence_below_threshold,true,false
capture_0391,/home/mpetrick/repos/esp32-fever-dream/tools/dataset/captures/live_surveillance_20260629T1003Z/capture_0391.jpg,1630,0271,0758,28,51,1630027107582851,66,72/100/70/88/98/87/85/100/100/94/96/99/100/100/100/66,co2:70;hcho:85;tvoc:94;temperature:100;humidity:66,0630,0271,0758,28,50,co2:false;hcho:true;tvoc:true;temperature:true;humidity:false,false,confidence_below_threshold,true,false
capture_0395,/home/mpetrick/repos/esp32-fever-dream/tools/dataset/captures/live_surveillance_20260629T1003Z/capture_0395.jpg,1639,0277,0751,28,51,1639027707512851,60,60/100/71/95/99/85/80/87/100/96/94/74/100/100/100/69,co2:60;hcho:80;tvoc:74;temperature:100;humidity:69,0619,0267,0071,28,50,co2:false;hcho:false;tvoc:false;temperature:true;humidity:false,false,confidence_below_threshold,true,false
capture_0401,/home/mpetrick/repos/esp32-fever-dream/tools/dataset/captures/live_surveillance_20260629T1003Z/capture_0401.jpg,1550,0246,0668,28,50,1550024606682850,49,98/95/52/49/100/100/96/54/100/80/99/83/100/100/100/50,co2:49;hcho:54;tvoc:80;temperature:100;humidity:50,1592,0246,0688,28,50,co2:false;hcho:true;tvoc:false;temperature:true;humidity:true,false,confidence_below_threshold,true,false
capture_0402,/home/mpetrick/repos/esp32-fever-dream/tools/dataset/captures/live_surveillance_20260629T1003Z/capture_0402.jpg,1633,0273,0758,28,51,1633027307582851,59,74/100/75/98/98/90/86/69/99/96/95/59/100/100/100/70,co2:74;hcho:69;tvoc:59;temperature:100;humidity:70,1603,0253,0708,28,50,co2:false;hcho:false;tvoc:false;temperature:true;humidity:false,false,confidence_below_threshold,true,false
capture_0403,/home/mpetrick/repos/esp32-fever-dream/tools/dataset/captures/live_surveillance_20260629T1003Z/capture_0403.jpg,1551,0246,0668,28,50,1551024606682850,55,98/95/55/87/100/100/94/59/100/80/98/85/100/100/100/56,co2:55;hcho:59;tvoc:80;temperature:100;humidity:56,1597,0246,0688,28,50,co2:false;hcho:true;tvoc:false;temperature:true;humidity:true,false,confidence_below_threshold,true,false
capture_0404,/home/mpetrick/repos/esp32-fever-dream/tools/dataset/captures/live_surveillance_20260629T1003Z/capture_0404.jpg,1580,0242,0677,28,50,1580024206772850,49,97/93/71/49/100/100/96/97/100/79/99/87/100/100/100/49,co2:49;hcho:96;tvoc:79;temperature:100;humidity:49,1586,0242,0677,28,50,co2:false;hcho:true;tvoc:true;temperature:true;humidity:true,false,confidence_below_threshold,true,false
capture_0406,/home/mpetrick/repos/esp32-fever-dream/tools/dataset/captures/live_surveillance_20260629T1003Z/capture_0406.jpg,1580,0242,0677,28,50,1580024206772850,46,99/95/66/46/100/100/96/96/100/80/99/89/100/100/100/51,co2:46;hcho:96;tvoc:80;temperature:100;humidity:51,1586,0242,0677,28,50,co2:false;hcho:true;tvoc:true;temperature:true;humidity:true,false,confidence_below_threshold,true,false
capture_0408,/home/mpetrick/repos/esp32-fever-dream/tools/dataset/captures/live_surveillance_20260629T1003Z/capture_0408.jpg,1581,0239,0669,28,50,1581023906692850,51,99/94/69/88/100/100/100/95/100/80/99/99/100/100/100/51,co2:69;hcho:95;tvoc:80;temperature:100;humidity:51,1581,0239,0669,28,50,co2:true;hcho:true;tvoc:true;temperature:true;humidity:true,false,confidence_below_threshold,true,false
capture_0409,/home/mpetrick/repos/esp32-fever-dream/tools/dataset/captures/live_surveillance_20260629T1003Z/capture_0409.jpg,1581,0239,0669,28,50,1581023906692850,60,98/94/70/85/100/100/100/91/100/76/99/100/100/100/100/60,co2:70;hcho:91;tvoc:76;temperature:100;humidity:60,1581,0239,0669,28,50,co2:true;hcho:true;tvoc:true;temperature:true;humidity:true,false,confidence_below_threshold,true,false
capture_0410,/home/mpetrick/repos/esp32-fever-dream/tools/dataset/captures/live_surveillance_20260629T1003Z/capture_0410.jpg,1581,0239,0669,28,50,1581023906692850,56,99/95/66/88/100/100/100/93/100/76/99/99/100/100/100/56,co2:66;hcho:93;tvoc:76;temperature:100;humidity:56,1581,0239,0669,28,50,co2:true;hcho:true;tvoc:true;temperature:true;humidity:true,false,confidence_below_threshold,true,false
capture_0411,/home/mpetrick/repos/esp32-fever-dream/tools/dataset/captures/live_surveillance_20260629T1003Z/capture_0411.jpg,1581,0239,0669,28,50,1581023906692850,44,98/94/65/88/100/100/100/89/100/78/99/100/100/100/100/44,co2:65;hcho:89;tvoc:78;temperature:100;humidity:44,1581,0239,0669,28,50,co2:true;hcho:true;tvoc:true;temperature:true;humidity:true,false,confidence_below_threshold,true,false
capture_0412,/home/mpetrick/repos/esp32-fever-dream/tools/dataset/captures/live_surveillance_20260629T1003Z/capture_0412.jpg,1581,0239,0669,28,50,1581023906692850,41,98/93/69/86/100/100/100/90/100/76/99/100/100/100/100/41,co2:69;hcho:90;tvoc:76;temperature:100;humidity:41,1581,0239,0669,28,50,co2:true;hcho:true;tvoc:true;temperature:true;humidity:true,false,confidence_below_threshold,true,false
capture_0413,/home/mpetrick/repos/esp32-fever-dream/tools/dataset/captures/live_surveillance_20260629T1003Z/capture_0413.jpg,1581,0239,0669,28,50,1581023906692850,43,98/94/70/89/100/100/100/92/100/73/99/99/100/100/100/43,co2:70;hcho:92;tvoc:73;temperature:100;humidity:43,1581,0239,0669,28,50,co2:true;hcho:true;tvoc:true;temperature:true;humidity:true,false,confidence_below_threshold,true,false
capture_0414,/home/mpetrick/repos/esp32-fever-dream/tools/dataset/captures/live_surveillance_20260629T1003Z/capture_0414.jpg,1581,0239,0669,28,50,1581023906692850,57,98/92/67/88/100/100/100/84/100/75/99/100/100/100/100/57,co2:67;hcho:84;tvoc:75;temperature:100;humidity:57,1581,0239,0669,28,50,co2:true;hcho:true;tvoc:true;temperature:true;humidity:true,false,confidence_below_threshold,true,false
capture_0415,/home/mpetrick/repos/esp32-fever-dream/tools/dataset/captures/live_surveillance_20260629T1003Z/capture_0415.jpg,1579,0239,0658,28,50,1579023906582850,47,98/94/57/47/100/100/100/80/100/77/98/82/100/100/100/55,co2:47;hcho:80;tvoc:77;temperature:100;humidity:55,1575,0235,0658,28,50,co2:false;hcho:false;tvoc:true;temperature:true;humidity:true,false,confidence_below_threshold,true,false
capture_0416,/home/mpetrick/repos/esp32-fever-dream/tools/dataset/captures/live_surveillance_20260629T1003Z/capture_0416.jpg,1579,0239,0658,28,50,1579023906582850,45,98/93/56/45/100/100/100/88/100/74/97/79/100/100/100/52,co2:45;hcho:88;tvoc:74;temperature:100;humidity:52,1575,0235,0658,28,50,co2:false;hcho:false;tvoc:true;temperature:true;humidity:true,false,confidence_below_threshold,true,false
capture_0417,/home/mpetrick/repos/esp32-fever-dream/tools/dataset/captures/live_surveillance_20260629T1003Z/capture_0417.jpg,1579,0239,0658,28,50,1579023906582850,50,98/93/57/50/100/100/100/87/100/70/96/82/100/100/100/60,co2:50;hcho:87;tvoc:70;temperature:100;humidity:60,1575,0235,0658,28,50,co2:false;hcho:false;tvoc:true;temperature:true;humidity:true,false,confidence_below_threshold,true,false
capture_0421,/home/mpetrick/repos/esp32-fever-dream/tools/dataset/captures/live_surveillance_20260629T1003Z/capture_0421.jpg,1498,0185,0058,28,59,1498018500582859,70,98/70/80/73/100/86/94/100/100/70/98/86/100/100/100/80,co2:70;hcho:86;tvoc:70;temperature:100;humidity:80,1498,0185,0058,28,50,co2:true;hcho:true;tvoc:true;temperature:true;humidity:false,false,confidence_below_threshold,true,false
capture_0422,/home/mpetrick/repos/esp32-fever-dream/tools/dataset/captures/live_surveillance_20260629T1003Z/capture_0422.jpg,1498,0185,0058,28,59,1498018500582859,61,98/61/81/70/100/88/95/99/100/80/98/84/100/100/100/74,co2:61;hcho:88;tvoc:80;temperature:100;humidity:74,1498,0185,0058,28,50,co2:true;hcho:true;tvoc:true;temperature:true;humidity:false,false,confidence_below_threshold,true,false
capture_0423,/home/mpetrick/repos/esp32-fever-dream/tools/dataset/captures/live_surveillance_20260629T1003Z/capture_0423.jpg,1498,0185,0058,28,59,1498018500582859,69,96/79/81/72/100/90/93/99/100/74/98/84/100/100/100/69,co2:72;hcho:90;tvoc:74;temperature:100;humidity:69,1498,0185,0058,28,50,co2:true;hcho:true;tvoc:true;temperature:true;humidity:false,false,confidence_below_threshold,true,false
capture_0424,/home/mpetrick/repos/esp32-fever-dream/tools/dataset/captures/live_surveillance_20260629T1003Z/capture_0424.jpg,1498,0185,0058,28,59,1498018500582859,68,97/68/79/74/100/87/94/100/100/83/98/84/100/100/100/81,co2:68;hcho:87;tvoc:83;temperature:100;humidity:81,1498,0185,0058,28,50,co2:true;hcho:true;tvoc:true;temperature:true;humidity:false,false,confidence_below_threshold,true,false
capture_0439,/home/mpetrick/repos/esp32-fever-dream/tools/dataset/captures/live_surveillance_20260629T1003Z/capture_0439.jpg,1586,0153,0628,28,50,1586015306282850,45,98/91/64/86/100/96/100/99/100/68/92/95/100/100/100/45,co2:64;hcho:96;tvoc:68;temperature:100;humidity:45,0322,0053,0428,28,50,co2:false;hcho:false;tvoc:false;temperature:true;humidity:true,false,confidence_below_threshold,true,false
capture_0440,/home/mpetrick/repos/esp32-fever-dream/tools/dataset/captures/live_surveillance_20260629T1003Z/capture_0440.jpg,1586,0153,0628,28,50,1586015306282850,38,98/92/72/76/100/98/100/99/100/64/91/96/100/100/100/38,co2:72;hcho:98;tvoc:64;temperature:100;humidity:38,0322,0053,0428,28,50,co2:false;hcho:false;tvoc:false;temperature:true;humidity:true,false,confidence_below_threshold,true,false
capture_0441,/home/mpetrick/repos/esp32-fever-dream/tools/dataset/captures/live_surveillance_20260629T1003Z/capture_0441.jpg,1586,0153,0628,28,50,1586015306282850,54,98/92/70/79/100/98/100/99/100/68/93/95/100/100/100/54,co2:70;hcho:98;tvoc:68;temperature:100;humidity:54,0322,0053,0428,28,50,co2:false;hcho:false;tvoc:false;temperature:true;humidity:true,false,confidence_below_threshold,true,false
capture_0442,/home/mpetrick/repos/esp32-fever-dream/tools/dataset/captures/live_surveillance_20260629T1003Z/capture_0442.jpg,1586,0153,0628,28,49,1586015306282849,66,98/93/69/79/100/98/100/98/100/67/91/95/100/100/100/66,co2:69;hcho:98;tvoc:67;temperature:100;humidity:66,0322,0053,0428,28,49,co2:false;hcho:false;tvoc:false;temperature:true;humidity:true,false,confidence_below_threshold,true,false
capture_0465,/home/mpetrick/repos/esp32-fever-dream/tools/dataset/captures/live_surveillance_20260629T1003Z/capture_0465.jpg,1229,0136,0680,28,49,1229013606802849,41,97/87/80/83/100/98/100/83/100/41/97/100/100/100/100/89,co2:80;hcho:83;tvoc:41;temperature:100;humidity:89,1229,0136,0380,28,49,co2:true;hcho:true;tvoc:false;temperature:true;humidity:true,false,confidence_below_threshold,true,false
capture_0466,/home/mpetrick/repos/esp32-fever-dream/tools/dataset/captures/live_surveillance_20260629T1003Z/capture_0466.jpg,1229,0136,0680,28,49,1229013606802849,30,98/85/79/84/100/98/100/85/100/30/99/100/100/100/100/94,co2:79;hcho:85;tvoc:30;temperature:100;humidity:94,1229,0136,0380,28,49,co2:true;hcho:true;tvoc:false;temperature:true;humidity:true,false,confidence_below_threshold,true,false
capture_0467,/home/mpetrick/repos/esp32-fever-dream/tools/dataset/captures/live_surveillance_20260629T1003Z/capture_0467.jpg,1229,0136,0680,28,49,1229013606802849,34,98/83/81/84/100/99/100/83/100/34/97/100/100/100/100/89,co2:81;hcho:83;tvoc:34;temperature:100;humidity:89,1229,0136,0380,28,49,co2:true;hcho:true;tvoc:false;temperature:true;humidity:true,false,confidence_below_threshold,true,false
capture_0468,/home/mpetrick/repos/esp32-fever-dream/tools/dataset/captures/live_surveillance_20260629T1003Z/capture_0468.jpg,1229,0136,0680,28,49,1229013606802849,45,97/85/75/83/100/99/100/87/100/45/97/99/100/100/100/91,co2:75;hcho:87;tvoc:45;temperature:100;humidity:91,1229,0136,0380,28,49,co2:true;hcho:true;tvoc:false;temperature:true;humidity:true,false,confidence_below_threshold,true,false
capture_0471,/home/mpetrick/repos/esp32-fever-dream/tools/dataset/captures/live_surveillance_20260629T1003Z/capture_0471.jpg,1229,0136,0680,28,49,1229013606802849,33,98/85/81/84/100/98/100/91/100/33/98/100/100/100/100/88,co2:81;hcho:91;tvoc:33;temperature:100;humidity:88,1229,0136,0380,28,49,co2:true;hcho:true;tvoc:false;temperature:true;humidity:true,false,confidence_below_threshold,true,false
capture_0473,/home/mpetrick/repos/esp32-fever-dream/tools/dataset/captures/live_surveillance_20260629T1003Z/capture_0473.jpg,1229,0136,0680,28,49,1229013606802849,29,98/82/82/84/100/99/100/84/100/29/98/100/100/100/100/91,co2:82;hcho:84;tvoc:29;temperature:100;humidity:91,1229,0136,0380,28,49,co2:true;hcho:true;tvoc:false;temperature:true;humidity:true,false,confidence_below_threshold,true,false
capture_0474,/home/mpetrick/repos/esp32-fever-dream/tools/dataset/captures/live_surveillance_20260629T1003Z/capture_0474.jpg,1229,0136,0680,28,49,1229013606802849,34,98/83/79/83/100/99/100/86/100/34/96/100/100/100/100/90,co2:79;hcho:86;tvoc:34;temperature:100;humidity:90,1229,0136,0380,28,49,co2:true;hcho:true;tvoc:false;temperature:true;humidity:true,false,confidence_below_threshold,true,false
capture_0477,/home/mpetrick/repos/esp32-fever-dream/tools/dataset/captures/live_surveillance_20260629T1003Z/capture_0477.jpg,1218,0135,0375,28,49,1218013503752849,30,98/85/83/95/100/99/100/57/100/30/98/60/100/100/100/93,co2:83;hcho:57;tvoc:30;temperature:100;humidity:93,1218,0135,0375,28,49,co2:true;hcho:true;tvoc:true;temperature:true;humidity:true,false,confidence_below_threshold,true,false
capture_0500,/home/mpetrick/repos/esp32-fever-dream/tools/dataset/captures/live_surveillance_20260629T1003Z/capture_0500.jpg,0965,0088,0026,28,49,0965008800262849,52,100/100/83/52/100/67/97/83/100/87/89/92/100/100/100/92,co2:52;hcho:67;tvoc:87;temperature:100;humidity:92,0965,0088,0026,28,49,co2:true;hcho:true;tvoc:true;temperature:true;humidity:true,false,confidence_below_threshold,true,false
capture_0501,/home/mpetrick/repos/esp32-fever-dream/tools/dataset/captures/live_surveillance_20260629T1003Z/capture_0501.jpg,0963,0066,0028,28,49,0963006600282849,42,98/92/56/42/96/99/56/60/100/72/87/53/100/100/100/98,co2:42;hcho:56;tvoc:53;temperature:100;humidity:98,0965,0088,0026,28,49,co2:false;hcho:false;tvoc:false;temperature:true;humidity:true,false,confidence_below_threshold,true,false
capture_0515,/home/mpetrick/repos/esp32-fever-dream/tools/dataset/captures/live_surveillance_20260629T1003Z/capture_0515.jpg,0614,0060,0066,28,49,0614006000662849,46,100/98/88/78/100/99/46/68/100/69/68/87/100/100/100/98,co2:78;hcho:46;tvoc:68;temperature:100;humidity:98,0811,0060,0068,28,49,co2:false;hcho:true;tvoc:false;temperature:true;humidity:true,false,confidence_below_threshold,true,false
capture_0516,/home/mpetrick/repos/esp32-fever-dream/tools/dataset/captures/live_surveillance_20260629T1003Z/capture_0516.jpg,0751,0056,0056,28,49,0751005600562849,54,100/77/54/94/100/99/100/92/100/66/96/85/100/100/100/98,co2:54;hcho:92;tvoc:66;temperature:100;humidity:98,0794,0056,0056,28,49,co2:false;hcho:true;tvoc:true;temperature:true;humidity:true,false,confidence_below_threshold,true,false
capture_0517,/home/mpetrick/repos/esp32-fever-dream/tools/dataset/captures/live_surveillance_20260629T1003Z/capture_0517.jpg,0783,0056,0056,28,49,0783005600562849,64,100/69/86/64/100/99/100/93/100/76/96/89/100/100/100/95,co2:64;hcho:93;tvoc:76;temperature:100;humidity:95,0789,0056,0056,28,49,co2:false;hcho:true;tvoc:true;temperature:true;humidity:true,false,confidence_below_threshold,true,false
capture_0518,/home/mpetrick/repos/esp32-fever-dream/tools/dataset/captures/live_surveillance_20260629T1003Z/capture_0518.jpg,0783,0055,0054,28,49,0783005500542849,54,100/77/86/63/100/99/100/54/100/73/97/100/100/100/100/98,co2:63;hcho:54;tvoc:73;temperature:100;humidity:98,0789,0055,0054,28,49,co2:false;hcho:true;tvoc:true;temperature:true;humidity:true,false,confidence_below_threshold,true,false
capture_0519,/home/mpetrick/repos/esp32-fever-dream/tools/dataset/captures/live_surveillance_20260629T1003Z/capture_0519.jpg,0783,0055,0054,28,49,0783005500542849,66,100/82/88/66/100/100/100/69/100/78/96/100/100/100/100/95,co2:66;hcho:69;tvoc:78;temperature:100;humidity:95,0783,0055,0054,28,49,co2:true;hcho:true;tvoc:true;temperature:true;humidity:true,false,confidence_below_threshold,true,false
capture_0520,/home/mpetrick/repos/esp32-fever-dream/tools/dataset/captures/live_surveillance_20260629T1003Z/capture_0520.jpg,0783,0059,0054,28,49,0783005900542849,52,100/82/88/64/100/99/100/52/100/76/98/100/100/100/100/96,co2:64;hcho:52;tvoc:76;temperature:100;humidity:96,0783,0055,0054,28,49,co2:true;hcho:false;tvoc:true;temperature:true;humidity:true,false,confidence_below_threshold,true,false
capture_0521,/home/mpetrick/repos/esp32-fever-dream/tools/dataset/captures/live_surveillance_20260629T1003Z/capture_0521.jpg,0783,0055,0054,28,49,0783005500542849,54,100/80/88/65/100/99/100/54/100/81/97/100/100/100/100/98,co2:65;hcho:54;tvoc:81;temperature:100;humidity:98,0783,0055,0054,28,49,co2:true;hcho:true;tvoc:true;temperature:true;humidity:true,false,confidence_below_threshold,true,false
capture_0522,/home/mpetrick/repos/esp32-fever-dream/tools/dataset/captures/live_surveillance_20260629T1003Z/capture_0522.jpg,0748,0055,0057,28,49,0748005500572849,45,100/75/96/93/100/99/100/45/100/74/99/99/100/100/100/98,co2:75;hcho:45;tvoc:74;temperature:100;humidity:98,0778,0055,0061,28,49,co2:false;hcho:true;tvoc:false;temperature:true;humidity:true,false,confidence_below_threshold,true,false
capture_0523,/home/mpetrick/repos/esp32-fever-dream/tools/dataset/captures/live_surveillance_20260629T1003Z/capture_0523.jpg,0783,0055,0054,28,49,0783005500542849,57,100/77/88/62/100/99/100/57/100/79/96/100/100/100/100/97,co2:62;hcho:57;tvoc:79;temperature:100;humidity:97,0783,0055,0054,28,49,co2:true;hcho:true;tvoc:true;temperature:true;humidity:true,false,confidence_below_threshold,true,false
capture_0524,/home/mpetrick/repos/esp32-fever-dream/tools/dataset/captures/live_surveillance_20260629T1003Z/capture_0524.jpg,0748,0054,0054,28,49,0748005400542849,77,100/79/95/92/100/99/100/97/100/77/97/100/100/100/100/98,co2:79;hcho:97;tvoc:77;temperature:100;humidity:98,0778,0054,0054,28,49,co2:false;hcho:true;tvoc:true;temperature:true;humidity:true,false,confidence_below_threshold,true,false
capture_0525,/home/mpetrick/repos/esp32-fever-dream/tools/dataset/captures/live_surveillance_20260629T1003Z/capture_0525.jpg,0778,0052,0045,28,49,0778005200452849,51,99/88/72/75/99/100/99/81/100/81/64/51/100/100/100/100,co2:72;hcho:81;tvoc:51;temperature:100;humidity:100,0772,0052,0045,28,49,co2:false;hcho:true;tvoc:true;temperature:true;humidity:true,false,confidence_below_threshold,true,false
capture_0529,/home/mpetrick/repos/esp32-fever-dream/tools/dataset/captures/live_surveillance_20260629T1003Z/capture_0529.jpg,0749,0049,0034,28,49,0749004900342849,43,100/75/95/56/100/99/97/43/100/85/100/100/100/100/100/98,co2:56;hcho:43;tvoc:85;temperature:100;humidity:98,0745,0048,0034,28,49,co2:false;hcho:false;tvoc:true;temperature:true;humidity:true,false,confidence_below_threshold,true,false
capture_0530,/home/mpetrick/repos/esp32-fever-dream/tools/dataset/captures/live_surveillance_20260629T1003Z/capture_0530.jpg,0750,0048,0037,28,49,0750004800372849,45,100/71/61/56/100/100/97/45/100/90/99/96/100/100/100/99,co2:56;hcho:45;tvoc:90;temperature:100;humidity:99,0750,0048,0037,28,49,co2:true;hcho:true;tvoc:true;temperature:true;humidity:true,false,confidence_below_threshold,true,false
capture_0531,/home/mpetrick/repos/esp32-fever-dream/tools/dataset/captures/live_surveillance_20260629T1003Z/capture_0531.jpg,0786,0049,0014,28,49,0786004900142849,39,100/75/87/65/100/100/96/39/100/88/98/99/100/100/100/99,co2:65;hcho:39;tvoc:88;temperature:100;humidity:99,0728,0045,0014,28,49,co2:false;hcho:false;tvoc:true;temperature:true;humidity:true,false,confidence_below_threshold,true,false
capture_0532,/home/mpetrick/repos/esp32-fever-dream/tools/dataset/captures/live_surveillance_20260629T1003Z/capture_0532.jpg,0786,0044,0026,28,49,0786004400262849,30,98/86/66/95/98/100/90/97/100/82/97/30/100/100/100/100,co2:66;hcho:90;tvoc:30;temperature:100;humidity:100,0728,0044,0020,28,49,co2:false;hcho:true;tvoc:false;temperature:true;humidity:true,false,confidence_below_threshold,true,false
capture_0533,/home/mpetrick/repos/esp32-fever-dream/tools/dataset/captures/live_surveillance_20260629T1003Z/capture_0533.jpg,0744,0048,0037,28,49,0744004800372849,46,100/79/95/78/100/99/96/46/100/89/100/96/100/100/100/98,co2:78;hcho:46;tvoc:89;temperature:100;humidity:98,0717,0045,0031,28,49,co2:false;hcho:false;tvoc:false;temperature:true;humidity:true,false,confidence_below_threshold,true,false
capture_0534,/home/mpetrick/repos/esp32-fever-dream/tools/dataset/captures/live_surveillance_20260629T1003Z/capture_0534.jpg,0750,0048,0037,28,49,0750004800372849,41,100/73/61/58/100/99/95/41/100/87/100/97/100/100/100/98,co2:58;hcho:41;tvoc:87;temperature:100;humidity:98,0750,0048,0037,28,49,co2:true;hcho:true;tvoc:true;temperature:true;humidity:true,false,confidence_below_threshold,true,false
capture_0535,/home/mpetrick/repos/esp32-fever-dream/tools/dataset/captures/live_surveillance_20260629T1003Z/capture_0535.jpg,0750,0048,0037,28,49,0750004800372849,43,100/69/64/54/100/99/96/43/100/85/99/97/100/100/100/98,co2:54;hcho:43;tvoc:85;temperature:100;humidity:98,0750,0048,0037,28,49,co2:true;hcho:true;tvoc:true;temperature:true;humidity:true,false,confidence_below_threshold,true,false
capture_0536,/home/mpetrick/repos/esp32-fever-dream/tools/dataset/captures/live_surveillance_20260629T1003Z/capture_0536.jpg,0750,0049,0037,28,49,0750004900372849,54,99/86/81/54/98/100/88/54/100/85/99/96/100/100/100/100,co2:54;hcho:54;tvoc:85;temperature:100;humidity:100,0750,0048,0037,28,49,co2:true;hcho:false;tvoc:true;temperature:true;humidity:true,false,confidence_below_threshold,true,false
capture_0537,/home/mpetrick/repos/esp32-fever-dream/tools/dataset/captures/live_surveillance_20260629T1003Z/capture_0537.jpg,0750,0048,0037,28,49,0750004800372849,44,100/79/61/58/100/100/95/44/100/90/100/98/100/100/100/97,co2:58;hcho:44;tvoc:90;temperature:100;humidity:97,0750,0048,0037,28,49,co2:true;hcho:true;tvoc:true;temperature:true;humidity:true,false,confidence_below_threshold,true,false
capture_0538,/home/mpetrick/repos/esp32-fever-dream/tools/dataset/captures/live_surveillance_20260629T1003Z/capture_0538.jpg,0750,0048,0037,28,49,0750004800372849,40,100/71/61/56/100/99/97/40/100/91/100/98/100/100/100/99,co2:56;hcho:40;tvoc:91;temperature:100;humidity:99,0750,0048,0037,28,49,co2:true;hcho:true;tvoc:true;temperature:true;humidity:true,false,confidence_below_threshold,true,false
capture_0539,/home/mpetrick/repos/esp32-fever-dream/tools/dataset/captures/live_surveillance_20260629T1003Z/capture_0539.jpg,0750,0048,0037,28,49,0750004800372849,44,100/75/66/51/100/99/97/44/100/92/100/97/100/100/100/99,co2:51;hcho:44;tvoc:92;temperature:100;humidity:99,0750,0048,0037,28,49,co2:true;hcho:true;tvoc:true;temperature:true;humidity:true,false,confidence_below_threshold,true,false
capture_0540,/home/mpetrick/repos/esp32-fever-dream/tools/dataset/captures/live_surveillance_20260629T1003Z/capture_0540.jpg,0750,0049,0037,28,49,0750004900372849,51,98/83/82/51/99/100/87/60/100/81/100/96/100/100/100/100,co2:51;hcho:60;tvoc:81;temperature:100;humidity:100,0756,0048,0037,28,49,co2:false;hcho:false;tvoc:true;temperature:true;humidity:true,false,confidence_below_threshold,true,false
capture_0541,/home/mpetrick/repos/esp32-fever-dream/tools/dataset/captures/live_surveillance_20260629T1003Z/capture_0541.jpg,0750,0049,0037,28,49,0750004900372849,50,98/87/80/50/99/100/89/57/100/83/99/98/100/100/100/100,co2:50;hcho:57;tvoc:83;temperature:100;humidity:100,0750,0048,0037,28,49,co2:true;hcho:false;tvoc:true;temperature:true;humidity:true,false,confidence_below_threshold,true,false
capture_0542,/home/mpetrick/repos/esp32-fever-dream/tools/dataset/captures/live_surveillance_20260629T1003Z/capture_0542.jpg,0750,0048,0037,28,49,0750004800372849,40,100/79/59/60/100/100/96/40/100/91/100/97/100/100/100/98,co2:59;hcho:40;tvoc:91;temperature:100;humidity:98,0750,0048,0037,28,49,co2:true;hcho:true;tvoc:true;temperature:true;humidity:true,false,confidence_below_threshold,true,false
capture_0543,/home/mpetrick/repos/esp32-fever-dream/tools/dataset/captures/live_surveillance_20260629T1003Z/capture_0543.jpg,0750,0048,0037,28,49,0750004800372849,41,100/73/59/49/100/100/96/41/100/85/100/98/100/100/100/98,co2:49;hcho:41;tvoc:85;temperature:100;humidity:98,0750,0048,0037,28,49,co2:true;hcho:true;tvoc:true;temperature:true;humidity:true,false,confidence_below_threshold,true,false
capture_0544,/home/mpetrick/repos/esp32-fever-dream/tools/dataset/captures/live_surveillance_20260629T1003Z/capture_0544.jpg,0750,0049,0037,28,49,0750004900372849,44,100/69/66/51/100/99/96/44/100/92/100/97/100/100/100/98,co2:51;hcho:44;tvoc:92;temperature:100;humidity:98,0750,0048,0037,28,49,co2:true;hcho:false;tvoc:true;temperature:true;humidity:true,false,confidence_below_threshold,true,false
capture_0545,/home/mpetrick/repos/esp32-fever-dream/tools/dataset/captures/live_surveillance_20260629T1003Z/capture_0545.jpg,0750,0048,0037,28,49,0750004800372849,48,100/80/64/53/100/100/96/48/100/89/99/98/100/100/100/100,co2:53;hcho:48;tvoc:89;temperature:100;humidity:100,0750,0048,0037,28,49,co2:true;hcho:true;tvoc:true;temperature:true;humidity:true,false,confidence_below_threshold,true,false
capture_0546,/home/mpetrick/repos/esp32-fever-dream/tools/dataset/captures/live_surveillance_20260629T1003Z/capture_0546.jpg,0786,0048,0023,28,49,0786004800232849,42,100/69/89/60/100/100/98/42/100/89/92/94/100/100/100/99,co2:60;hcho:42;tvoc:89;temperature:100;humidity:99,0728,0045,0023,28,49,co2:false;hcho:false;tvoc:true;temperature:true;humidity:true,false,confidence_below_threshold,true,false
capture_0551,/home/mpetrick/repos/esp32-fever-dream/tools/dataset/captures/live_surveillance_20260629T1003Z/capture_0551.jpg,0618,0025,0070,28,49,0618002500702849,92,100/99/92/93/100/99/100/100/100/93/100/100/100/100/100/100,co2:92;hcho:99;tvoc:93;temperature:100;humidity:100,0618,0025,0070,28,49,co2:true;hcho:true;tvoc:true;temperature:true;humidity:true,true,,true,true
capture_0552,/home/mpetrick/repos/esp32-fever-dream/tools/dataset/captures/live_surveillance_20260629T1003Z/capture_0552.jpg,0618,0025,0070,28,49,0618002500702849,93,100/99/94/93/100/99/100/100/100/93/100/100/100/100/100/99,co2:93;hcho:99;tvoc:93;temperature:100;humidity:99,0618,0025,0070,28,49,co2:true;hcho:true;tvoc:true;temperature:true;humidity:true,true,,true,true
capture_0553,/home/mpetrick/repos/esp32-fever-dream/tools/dataset/captures/live_surveillance_20260629T1003Z/capture_0553.jpg,0618,0025,0070,28,49,0618002500702849,92,100/99/92/94/100/100/100/100/100/93/100/100/100/100/100/99,co2:92;hcho:100;tvoc:93;temperature:100;humidity:99,0618,0025,0070,28,49,co2:true;hcho:true;tvoc:true;temperature:true;humidity:true,true,,true,true
capture_0554,/home/mpetrick/repos/esp32-fever-dream/tools/dataset/captures/live_surveillance_20260629T1003Z/capture_0554.jpg,0618,0025,0070,28,49,0618002500702849,93,100/99/93/94/100/100/100/100/100/95/100/100/100/100/100/98,co2:93;hcho:100;tvoc:95;temperature:100;humidity:98,0618,0025,0070,28,49,co2:true;hcho:true;tvoc:true;temperature:true;humidity:true,true,,true,true
capture_0555,/home/mpetrick/repos/esp32-fever-dream/tools/dataset/captures/live_surveillance_20260629T1003Z/capture_0555.jpg,0618,0025,0070,28,49,0618002500702849,93,100/99/93/94/100/100/100/100/100/95/100/100/100/100/100/99,co2:93;hcho:100;tvoc:95;temperature:100;humidity:99,0618,0025,0070,28,49,co2:true;hcho:true;tvoc:true;temperature:true;humidity:true,true,,true,true
capture_0556,/home/mpetrick/repos/esp32-fever-dream/tools/dataset/captures/live_surveillance_20260629T1003Z/capture_0556.jpg,0618,0025,0070,28,49,0618002500702849,92,100/99/93/94/100/99/100/100/100/92/100/100/100/100/100/99,co2:93;hcho:99;tvoc:92;temperature:100;humidity:99,0618,0025,0070,28,49,co2:true;hcho:true;tvoc:true;temperature:true;humidity:true,true,,true,true
capture_0557,/home/mpetrick/repos/esp32-fever-dream/tools/dataset/captures/live_surveillance_20260629T1003Z/capture_0557.jpg,0619,0022,0056,28,49,0619002200562849,58,100/99/94/58/100/99/100/92/100/92/89/94/100/100/100/99,co2:58;hcho:92;tvoc:89;temperature:100;humidity:99,0613,0022,0056,28,49,co2:false;hcho:true;tvoc:true;temperature:true;humidity:true,false,confidence_below_threshold,true,false
capture_0558,/home/mpetrick/repos/esp32-fever-dream/tools/dataset/captures/live_surveillance_20260629T1003Z/capture_0558.jpg,0550,0015,0050,28,49,0550001500502849,48,100/97/51/53/100/99/99/48/100/91/87/100/100/100/100/99,co2:51;hcho:48;tvoc:87;temperature:100;humidity:99,0596,0018,0050,28,49,co2:false;hcho:false;tvoc:true;temperature:true;humidity:true,false,confidence_below_threshold,true,false
capture_0562,/home/mpetrick/repos/esp32-fever-dream/tools/dataset/captures/live_surveillance_20260629T1003Z/capture_0562.jpg,0514,0017,0047,28,49,0514001700472849,68,100/96/94/79/100/100/99/68/100/90/80/100/100/100/100/99,co2:79;hcho:68;tvoc:80;temperature:100;humidity:99,0574,0017,0047,28,49,co2:false;hcho:true;tvoc:true;temperature:true;humidity:true,false,confidence_below_threshold,true,false
capture_0563,/home/mpetrick/repos/esp32-fever-dream/tools/dataset/captures/live_surveillance_20260629T1003Z/capture_0563.jpg,0514,0017,0053,28,49,0514001700532849,74,100/96/94/76/100/99/99/74/100/96/91/100/100/100/100/99,co2:76;hcho:74;tvoc:91;temperature:100;humidity:99,0574,0017,0053,28,49,co2:false;hcho:true;tvoc:true;temperature:true;humidity:true,false,confidence_below_threshold,true,false
capture_0564,/home/mpetrick/repos/esp32-fever-dream/tools/dataset/captures/live_surveillance_20260629T1003Z/capture_0564.jpg,0580,0017,0047,28,49,0580001700472849,48,100/97/66/48/100/100/99/76/100/94/83/100/100/100/100/99,co2:48;hcho:76;tvoc:83;temperature:100;humidity:99,0580,0017,0047,28,49,co2:true;hcho:true;tvoc:true;temperature:true;humidity:true,false,confidence_below_threshold,true,false
capture_0567,/home/mpetrick/repos/esp32-fever-dream/tools/dataset/captures/live_surveillance_20260629T1003Z/capture_0567.jpg,0618,0025,0070,28,49,0618002500702849,93,100/99/95/93/100/100/100/100/100/96/100/100/100/100/100/99,co2:93;hcho:100;tvoc:96;temperature:100;humidity:99,0618,0025,0070,28,49,co2:true;hcho:true;tvoc:true;temperature:true;humidity:true,true,,true,true
capture_0568,/home/mpetrick/repos/esp32-fever-dream/tools/dataset/captures/live_surveillance_20260629T1003Z/capture_0568.jpg,0618,0025,0070,28,49,0618002500702849,91,100/99/94/91/100/99/100/100/100/97/100/100/100/100/100/99,co2:91;hcho:99;tvoc:97;temperature:100;humidity:99,0618,0025,0070,28,49,co2:true;hcho:true;tvoc:true;temperature:true;humidity:true,true,,true,true
capture_0569,/home/mpetrick/repos/esp32-fever-dream/tools/dataset/captures/live_surveillance_20260629T1003Z/capture_0569.jpg,0618,0025,0070,28,49,0618002500702849,93,100/99/94/93/100/99/100/100/100/97/100/100/100/100/100/99,co2:93;hcho:99;tvoc:97;temperature:100;humidity:99,0618,0025,0070,28,49,co2:true;hcho:true;tvoc:true;temperature:true;humidity:true,true,,true,true
capture_0570,/home/mpetrick/repos/esp32-fever-dream/tools/dataset/captures/live_surveillance_20260629T1003Z/capture_0570.jpg,0618,0025,0070,28,49,0618002500702849,93,100/99/94/93/100/99/100/100/100/96/100/100/100/100/100/99,co2:93;hcho:99;tvoc:96;temperature:100;humidity:99,0618,0025,0070,28,49,co2:true;hcho:true;tvoc:true;temperature:true;humidity:true,true,,true,true
capture_0571,/home/mpetrick/repos/esp32-fever-dream/tools/dataset/captures/live_surveillance_20260629T1003Z/capture_0571.jpg,0618,0025,0070,28,49,0618002500702849,50,90/81/97/80/99/96/93/95/100/50/99/98/100/100/100/99,co2:80;hcho:93;tvoc:50;temperature:100;humidity:99,0618,0025,0070,28,49,co2:true;hcho:true;tvoc:true;temperature:true;humidity:true,false,confidence_below_threshold,true,false
capture_0572,/home/mpetrick/repos/esp32-fever-dream/tools/dataset/captures/live_surveillance_20260629T1003Z/capture_0572.jpg,0618,0025,0070,28,49,0618002500702849,92,100/99/95/92/100/100/100/100/100/96/100/100/100/100/100/99,co2:92;hcho:100;tvoc:96;temperature:100;humidity:99,0618,0025,0070,28,49,co2:true;hcho:true;tvoc:true;temperature:true;humidity:true,true,,true,true
capture_0573,/home/mpetrick/repos/esp32-fever-dream/tools/dataset/captures/live_surveillance_20260629T1003Z/capture_0573.jpg,0618,0025,0070,28,49,0618002500702849,93,100/99/96/93/100/100/100/100/100/97/100/100/100/100/100/100,co2:93;hcho:100;tvoc:97;temperature:100;humidity:100,0618,0025,0070,28,49,co2:true;hcho:true;tvoc:true;temperature:true;humidity:true,true,,true,true
capture_0574,/home/mpetrick/repos/esp32-fever-dream/tools/dataset/captures/live_surveillance_20260629T1003Z/capture_0574.jpg,0618,0025,0070,28,49,0618002500702849,93,100/99/95/93/100/99/100/100/100/95/100/100/100/100/100/99,co2:93;hcho:99;tvoc:95;temperature:100;humidity:99,0618,0025,0070,28,49,co2:true;hcho:true;tvoc:true;temperature:true;humidity:true,true,,true,true
capture_0575,/home/mpetrick/repos/esp32-fever-dream/tools/dataset/captures/live_surveillance_20260629T1003Z/capture_0575.jpg,0618,0025,0070,28,49,0618002500702849,94,100/99/94/94/100/98/100/100/100/96/100/100/100/100/100/99,co2:94;hcho:98;tvoc:96;temperature:100;humidity:99,0618,0025,0070,28,49,co2:true;hcho:true;tvoc:true;temperature:true;humidity:true,true,,true,true
capture_0576,/home/mpetrick/repos/esp32-fever-dream/tools/dataset/captures/live_surveillance_20260629T1003Z/capture_0576.jpg,0618,0025,0070,28,49,0618002500702849,94,100/99/95/94/100/99/100/100/100/95/100/100/100/100/100/99,co2:94;hcho:99;tvoc:95;temperature:100;humidity:99,0618,0025,0070,28,49,co2:true;hcho:true;tvoc:true;temperature:true;humidity:true,true,,true,true
capture_0577,/home/mpetrick/repos/esp32-fever-dream/tools/dataset/captures/live_surveillance_20260629T1003Z/capture_0577.jpg,0618,0025,0070,28,49,0618002500702849,94,100/99/94/94/100/99/100/100/100/96/100/100/100/100/100/99,co2:94;hcho:99;tvoc:96;temperature:100;humidity:99,0618,0025,0070,28,49,co2:true;hcho:true;tvoc:true;temperature:true;humidity:true,true,,true,true
capture_0578,/home/mpetrick/repos/esp32-fever-dream/tools/dataset/captures/live_surveillance_20260629T1003Z/capture_0578.jpg,0618,0025,0070,28,49,0618002500702849,93,100/99/95/93/100/99/100/100/100/95/100/100/100/100/100/99,co2:93;hcho:99;tvoc:95;temperature:100;humidity:99,0618,0025,0070,28,49,co2:true;hcho:true;tvoc:true;temperature:true;humidity:true,true,,true,true
capture_0579,/home/mpetrick/repos/esp32-fever-dream/tools/dataset/captures/live_surveillance_20260629T1003Z/capture_0579.jpg,0618,0025,0070,28,49,0618002500702849,94,100/99/94/94/100/100/100/100/100/94/100/100/100/100/100/99,co2:94;hcho:100;tvoc:94;temperature:100;humidity:99,0618,0025,0070,28,49,co2:true;hcho:true;tvoc:true;temperature:true;humidity:true,true,,true,true
capture_0580,/home/mpetrick/repos/esp32-fever-dream/tools/dataset/captures/live_surveillance_20260629T1003Z/capture_0580.jpg,0618,0025,0070,28,49,0618002500702849,93,100/99/94/93/100/99/100/100/100/95/100/100/100/100/100/99,co2:93;hcho:99;tvoc:95;temperature:100;humidity:99,0618,0025,0070,28,49,co2:true;hcho:true;tvoc:true;temperature:true;humidity:true,true,,true,true
capture_0581,/home/mpetrick/repos/esp32-fever-dream/tools/dataset/captures/live_surveillance_20260629T1003Z/capture_0581.jpg,0618,0025,0070,28,49,0618002500702849,93,100/99/95/93/100/99/100/100/100/97/100/100/100/100/100/100,co2:93;hcho:99;tvoc:97;temperature:100;humidity:100,0618,0025,0070,28,49,co2:true;hcho:true;tvoc:true;temperature:true;humidity:true,true,,true,true
capture_0582,/home/mpetrick/repos/esp32-fever-dream/tools/dataset/captures/live_surveillance_20260629T1003Z/capture_0582.jpg,0618,0025,0070,28,49,0618002500702849,94,100/99/94/95/100/99/100/100/100/96/100/100/100/100/100/99,co2:94;hcho:99;tvoc:96;temperature:100;humidity:99,0618,0025,0070,28,49,co2:true;hcho:true;tvoc:true;temperature:true;humidity:true,true,,true,true
capture_0583,/home/mpetrick/repos/esp32-fever-dream/tools/dataset/captures/live_surveillance_20260629T1003Z/capture_0583.jpg,0618,0025,0070,28,49,0618002500702849,94,100/99/95/94/100/98/100/100/100/96/100/100/100/100/100/99,co2:94;hcho:98;tvoc:96;temperature:100;humidity:99,0618,0025,0070,28,49,co2:true;hcho:true;tvoc:true;temperature:true;humidity:true,true,,true,true
capture_0584,/home/mpetrick/repos/esp32-fever-dream/tools/dataset/captures/live_surveillance_20260629T1003Z/capture_0584.jpg,0618,0025,0070,28,49,0618002500702849,94,100/99/95/94/100/99/100/100/100/97/100/100/100/100/100/99,co2:94;hcho:99;tvoc:97;temperature:100;humidity:99,0618,0025,0070,28,49,co2:true;hcho:true;tvoc:true;temperature:true;humidity:true,true,,true,true
capture_0585,/home/mpetrick/repos/esp32-fever-dream/tools/dataset/captures/live_surveillance_20260629T1003Z/capture_0585.jpg,0618,0025,0070,28,49,0618002500702849,93,100/99/95/93/100/100/100/100/100/97/100/100/100/100/100/100,co2:93;hcho:100;tvoc:97;temperature:100;humidity:100,0618,0025,0070,28,49,co2:true;hcho:true;tvoc:true;temperature:true;humidity:true,true,,true,true
capture_0589,/home/mpetrick/repos/esp32-fever-dream/tools/dataset/captures/live_surveillance_20260629T1003Z/capture_0589.jpg,0786,0041,0014,28,49,0786004100142849,47,100/62/90/47/100/99/94/85/100/96/98/99/100/100/100/99,co2:47;hcho:85;tvoc:96;temperature:100;humidity:99,0706,0041,0014,28,49,co2:false;hcho:true;tvoc:true;temperature:true;humidity:true,false,confidence_below_threshold,true,false
capture_0593,/home/mpetrick/repos/esp32-fever-dream/tools/dataset/captures/live_surveillance_20260629T1003Z/capture_0593.jpg,0689,0027,0072,28,49,0689002700722849,67,100/99/67/78/100/99/100/86/100/96/100/100/100/100/100/100,co2:67;hcho:86;tvoc:96;temperature:100;humidity:100,0629,0027,0072,28,49,co2:false;hcho:true;tvoc:true;temperature:true;humidity:true,false,confidence_below_threshold,true,false
capture_0594,/home/mpetrick/repos/esp32-fever-dream/tools/dataset/captures/live_surveillance_20260629T1003Z/capture_0594.jpg,0618,0025,0070,28,49,0618002500702849,93,100/99/94/93/100/98/100/100/100/97/100/100/100/100/100/99,co2:93;hcho:98;tvoc:97;temperature:100;humidity:99,0618,0025,0070,28,49,co2:true;hcho:true;tvoc:true;temperature:true;humidity:true,true,,true,true
capture_0595,/home/mpetrick/repos/esp32-fever-dream/tools/dataset/captures/live_surveillance_20260629T1003Z/capture_0595.jpg,0618,0025,0070,28,49,0618002500702849,94,100/99/94/94/100/99/100/100/100/95/100/100/100/100/100/99,co2:94;hcho:99;tvoc:95;temperature:100;humidity:99,0618,0025,0070,28,49,co2:true;hcho:true;tvoc:true;temperature:true;humidity:true,true,,true,true
capture_0596,/home/mpetrick/repos/esp32-fever-dream/tools/dataset/captures/live_surveillance_20260629T1003Z/capture_0596.jpg,0618,0025,0070,28,49,0618002500702849,94,100/99/94/94/100/99/100/100/100/96/100/100/100/100/100/100,co2:94;hcho:99;tvoc:96;temperature:100;humidity:100,0618,0025,0070,28,49,co2:true;hcho:true;tvoc:true;temperature:true;humidity:true,true,,true,true
capture_0597,/home/mpetrick/repos/esp32-fever-dream/tools/dataset/captures/live_surveillance_20260629T1003Z/capture_0597.jpg,0618,0025,0070,28,49,0618002500702849,94,100/99/96/94/100/100/100/100/100/95/100/100/100/100/100/100,co2:94;hcho:100;tvoc:95;temperature:100;humidity:100,0618,0025,0070,28,49,co2:true;hcho:true;tvoc:true;temperature:true;humidity:true,true,,true,true
capture_0598,/home/mpetrick/repos/esp32-fever-dream/tools/dataset/captures/live_surveillance_20260629T1003Z/capture_0598.jpg,0618,0025,0070,28,49,0618002500702849,94,100/99/94/94/100/99/100/100/100/97/100/100/100/100/100/99,co2:94;hcho:99;tvoc:97;temperature:100;humidity:99,0618,0025,0070,28,49,co2:true;hcho:true;tvoc:true;temperature:true;humidity:true,true,,true,true
capture_0599,/home/mpetrick/repos/esp32-fever-dream/tools/dataset/captures/live_surveillance_20260629T1003Z/capture_0599.jpg,0618,0025,0070,28,49,0618002500702849,93,100/99/94/93/100/98/100/100/100/97/100/100/100/100/100/99,co2:93;hcho:98;tvoc:97;temperature:100;humidity:99,0618,0025,0070,28,49,co2:true;hcho:true;tvoc:true;temperature:true;humidity:true,true,,true,true
capture_0600,/home/mpetrick/repos/esp32-fever-dream/tools/dataset/captures/live_surveillance_20260629T1003Z/capture_0600.jpg,0618,0025,0070,28,49,0618002500702849,93,100/99/94/93/100/99/100/100/100/95/100/100/100/100/100/99,co2:93;hcho:99;tvoc:95;temperature:100;humidity:99,0618,0025,0070,28,49,co2:true;hcho:true;tvoc:true;temperature:true;humidity:true,true,,true,true
capture_0601,/home/mpetrick/repos/esp32-fever-dream/tools/dataset/captures/live_surveillance_20260629T1003Z/capture_0601.jpg,0618,0025,0070,28,49,0618002500702849,94,100/99/94/95/100/99/100/100/100/95/100/100/100/100/100/99,co2:94;hcho:99;tvoc:95;temperature:100;humidity:99,0618,0025,0070,28,49,co2:true;hcho:true;tvoc:true;temperature:true;humidity:true,true,,true,true
capture_0602,/home/mpetrick/repos/esp32-fever-dream/tools/dataset/captures/live_surveillance_20260629T1003Z/capture_0602.jpg,0818,0025,0070,28,49,0818002500702849,65,99/81/65/73/100/100/91/99/100/83/95/100/100/100/100/100,co2:65;hcho:91;tvoc:83;temperature:100;humidity:100,0618,0025,0070,28,49,co2:false;hcho:true;tvoc:true;temperature:true;humidity:true,false,confidence_below_threshold,true,false
capture_0603,/home/mpetrick/repos/esp32-fever-dream/tools/dataset/captures/live_surveillance_20260629T1003Z/capture_0603.jpg,0618,0025,0070,28,49,0618002500702849,93,100/99/95/93/100/98/100/100/100/97/100/100/100/100/100/99,co2:93;hcho:98;tvoc:97;temperature:100;humidity:99,0618,0025,0070,28,49,co2:true;hcho:true;tvoc:true;temperature:true;humidity:true,true,,true,true
capture_0604,/home/mpetrick/repos/esp32-fever-dream/tools/dataset/captures/live_surveillance_20260629T1003Z/capture_0604.jpg,0619,0025,0070,28,49,0619002500702849,61,100/99/95/61/100/100/100/100/100/96/100/100/100/100/100/100,co2:61;hcho:100;tvoc:96;temperature:100;humidity:100,0613,0025,0070,28,49,co2:false;hcho:true;tvoc:true;temperature:true;humidity:true,false,confidence_below_threshold,true,false
capture_0605,/home/mpetrick/repos/esp32-fever-dream/tools/dataset/captures/live_surveillance_20260629T1003Z/capture_0605.jpg,0618,0024,0067,28,49,0618002400672849,85,100/99/94/94/100/99/100/94/100/96/85/99/100/100/100/100,co2:94;hcho:94;tvoc:85;temperature:100;humidity:100,0618,0024,0067,28,49,co2:true;hcho:true;tvoc:true;temperature:true;humidity:true,true,,true,true
capture_0606,/home/mpetrick/repos/esp32-fever-dream/tools/dataset/captures/live_surveillance_20260629T1003Z/capture_0606.jpg,0618,0025,0070,28,49,0618002500702849,94,100/99/95/94/100/99/100/100/100/96/100/100/100/100/100/100,co2:94;hcho:99;tvoc:96;temperature:100;humidity:100,0618,0025,0070,28,49,co2:true;hcho:true;tvoc:true;temperature:true;humidity:true,true,,true,true
capture_0607,/home/mpetrick/repos/esp32-fever-dream/tools/dataset/captures/live_surveillance_20260629T1003Z/capture_0607.jpg,0618,0025,0070,28,49,0618002500702849,94,100/99/95/94/100/100/100/100/100/96/100/100/100/100/100/99,co2:94;hcho:100;tvoc:96;temperature:100;humidity:99,0618,0025,0070,28,49,co2:true;hcho:true;tvoc:true;temperature:true;humidity:true,true,,true,true
capture_0608,/home/mpetrick/repos/esp32-fever-dream/tools/dataset/captures/live_surveillance_20260629T1003Z/capture_0608.jpg,0618,0025,0070,28,49,0618002500702849,94,100/99/95/94/100/98/100/100/100/98/100/100/100/100/100/99,co2:94;hcho:98;tvoc:98;temperature:100;humidity:99,0618,0025,0070,28,49,co2:true;hcho:true;tvoc:true;temperature:true;humidity:true,true,,true,true
capture_0609,/home/mpetrick/repos/esp32-fever-dream/tools/dataset/captures/live_surveillance_20260629T1003Z/capture_0609.jpg,0618,0025,0070,28,49,0618002500702849,92,100/99/95/92/100/99/100/100/100/96/100/100/100/100/100/100,co2:92;hcho:99;tvoc:96;temperature:100;humidity:100,0618,0025,0070,28,49,co2:true;hcho:true;tvoc:true;temperature:true;humidity:true,true,,true,true
capture_0610,/home/mpetrick/repos/esp32-fever-dream/tools/dataset/captures/live_surveillance_20260629T1003Z/capture_0610.jpg,0618,0025,0070,28,49,0618002500702849,92,100/99/95/92/100/99/100/100/100/96/100/100/100/100/100/99,co2:92;hcho:99;tvoc:96;temperature:100;humidity:99,0618,0025,0070,28,49,co2:true;hcho:true;tvoc:true;temperature:true;humidity:true,true,,true,true
capture_0611,/home/mpetrick/repos/esp32-fever-dream/tools/dataset/captures/live_surveillance_20260629T1003Z/capture_0611.jpg,0618,0025,0070,28,49,0618002500702849,94,100/99/94/94/100/100/100/100/100/97/100/100/100/100/100/100,co2:94;hcho:100;tvoc:97;temperature:100;humidity:100,0618,0025,0070,28,49,co2:true;hcho:true;tvoc:true;temperature:true;humidity:true,true,,true,true
capture_0612,/home/mpetrick/repos/esp32-fever-dream/tools/dataset/captures/live_surveillance_20260629T1003Z/capture_0612.jpg,0618,0025,0070,28,49,0618002500702849,94,100/99/94/94/100/99/100/100/100/98/100/100/100/100/100/100,co2:94;hcho:99;tvoc:98;temperature:100;humidity:100,0618,0025,0070,28,49,co2:true;hcho:true;tvoc:true;temperature:true;humidity:true,true,,true,true
capture_0613,/home/mpetrick/repos/esp32-fever-dream/tools/dataset/captures/live_surveillance_20260629T1003Z/capture_0613.jpg,0618,0025,0070,28,49,0618002500702849,93,100/99/95/93/100/98/100/100/100/97/100/100/100/100/100/100,co2:93;hcho:98;tvoc:97;temperature:100;humidity:100,0618,0025,0070,28,49,co2:true;hcho:true;tvoc:true;temperature:true;humidity:true,true,,true,true
capture_0614,/home/mpetrick/repos/esp32-fever-dream/tools/dataset/captures/live_surveillance_20260629T1003Z/capture_0614.jpg,0618,0025,0070,28,49,0618002500702849,94,100/99/95/94/100/99/100/100/100/96/100/100/100/100/100/100,co2:94;hcho:99;tvoc:96;temperature:100;humidity:100,0618,0025,0070,28,49,co2:true;hcho:true;tvoc:true;temperature:true;humidity:true,true,,true,true
capture_0615,/home/mpetrick/repos/esp32-fever-dream/tools/dataset/captures/live_surveillance_20260629T1003Z/capture_0615.jpg,0818,0025,0070,28,49,0818002500702849,71,99/86/71/74/100/100/91/99/100/85/95/100/100/100/100/100,co2:71;hcho:91;tvoc:85;temperature:100;humidity:100,0618,0025,0070,28,49,co2:false;hcho:true;tvoc:true;temperature:true;humidity:true,false,confidence_below_threshold,true,false
capture_0616,/home/mpetrick/repos/esp32-fever-dream/tools/dataset/captures/live_surveillance_20260629T1003Z/capture_0616.jpg,0618,0025,0070,28,49,0618002500702849,93,100/99/95/93/100/100/100/100/100/98/100/100/100/100/100/100,co2:93;hcho:100;tvoc:98;temperature:100;humidity:100,0618,0025,0070,28,49,co2:true;hcho:true;tvoc:true;temperature:true;humidity:true,true,,true,true
capture_0617,/home/mpetrick/repos/esp32-fever-dream/tools/dataset/captures/live_surveillance_20260629T1003Z/capture_0617.jpg,0618,0025,0070,28,49,0618002500702849,94,100/99/94/94/100/100/100/100/100/97/100/100/100/100/100/100,co2:94;hcho:100;tvoc:97;temperature:100;humidity:100,0618,0025,0070,28,49,co2:true;hcho:true;tvoc:true;temperature:true;humidity:true,true,,true,true
capture_0618,/home/mpetrick/repos/esp32-fever-dream/tools/dataset/captures/live_surveillance_20260629T1003Z/capture_0618.jpg,0580,0015,0056,28,49,0580001500562849,41,100/96/68/41/100/99/99/43/100/95/90/97/100/100/100/99,co2:41;hcho:43;tvoc:90;temperature:100;humidity:99,0580,0013,0058,28,49,co2:true;hcho:false;tvoc:false;temperature:true;humidity:true,false,confidence_below_threshold,true,false
capture_0619,/home/mpetrick/repos/esp32-fever-dream/tools/dataset/captures/live_surveillance_20260629T1003Z/capture_0619.jpg,0514,0017,0047,28,49,0514001700472849,72,100/96/95/79/100/99/99/72/100/97/85/100/100/100/100/99,co2:79;hcho:72;tvoc:85;temperature:100;humidity:99,0574,0017,0047,28,49,co2:false;hcho:true;tvoc:true;temperature:true;humidity:true,false,confidence_below_threshold,true,false
capture_0620,/home/mpetrick/repos/esp32-fever-dream/tools/dataset/captures/live_surveillance_20260629T1003Z/capture_0620.jpg,0514,0017,0047,28,49,0514001700472849,74,100/96/95/76/100/99/99/74/100/97/81/100/100/100/100/99,co2:76;hcho:74;tvoc:81;temperature:100;humidity:99,0574,0017,0047,28,49,co2:false;hcho:true;tvoc:true;temperature:true;humidity:true,false,confidence_below_threshold,true,false
capture_0621,/home/mpetrick/repos/esp32-fever-dream/tools/dataset/captures/live_surveillance_20260629T1003Z/capture_0621.jpg,0514,0017,0047,28,49,0514001700472849,76,100/96/92/78/100/99/99/76/100/97/87/100/100/100/100/99,co2:78;hcho:76;tvoc:87;temperature:100;humidity:99,0574,0017,0047,28,49,co2:false;hcho:true;tvoc:true;temperature:true;humidity:true,false,confidence_below_threshold,true,false
capture_0622,/home/mpetrick/repos/esp32-fever-dream/tools/dataset/captures/live_surveillance_20260629T1003Z/capture_0622.jpg,0917,0011,0047,28,49,0917001100472849,67,100/82/67/73/100/100/96/99/100/84/96/94/100/100/100/100,co2:67;hcho:96;tvoc:84;temperature:100;humidity:100,0574,0017,0017,28,49,co2:false;hcho:false;tvoc:false;temperature:true;humidity:true,false,confidence_below_threshold,true,false
capture_0623,/home/mpetrick/repos/esp32-fever-dream/tools/dataset/captures/live_surveillance_20260629T1003Z/capture_0623.jpg,0530,0012,0030,28,49,0530001200302849,43,100/97/45/43/100/100/99/100/100/96/100/99/100/100/100/100,co2:43;hcho:99;tvoc:96;temperature:100;humidity:100,0558,0012,0030,28,49,co2:false;hcho:true;tvoc:true;temperature:true;humidity:true,false,confidence_below_threshold,true,false
capture_0625,/home/mpetrick/repos/esp32-fever-dream/tools/dataset/captures/live_surveillance_20260629T1003Z/capture_0625.jpg,0481,0013,0036,28,49,0481001300362849,90,100/90/90/95/100/99/98/98/100/98/99/92/100/100/100/99,co2:90;hcho:98;tvoc:92;temperature:100;humidity:99,0464,0013,0036,28,49,co2:false;hcho:true;tvoc:true;temperature:true;humidity:true,true,,true,false
capture_0626,/home/mpetrick/repos/esp32-fever-dream/tools/dataset/captures/live_surveillance_20260629T1003Z/capture_0626.jpg,0449,0016,0039,28,49,0449001600392849,61,100/90/96/61/100/99/99/75/100/96/100/100/100/100/100/99,co2:61;hcho:75;tvoc:96;temperature:100;humidity:99,0445,0006,0039,28,49,co2:false;hcho:false;tvoc:true;temperature:true;humidity:true,false,confidence_below_threshold,true,false
capture_0627,/home/mpetrick/repos/esp32-fever-dream/tools/dataset/captures/live_surveillance_20260629T1003Z/capture_0627.jpg,0448,0017,0047,28,49,0448001700472849,72,100/89/97/92/100/99/99/72/100/98/76/100/100/100/100/100,co2:89;hcho:72;tvoc:76;temperature:100;humidity:100,0446,0017,0047,28,49,co2:false;hcho:true;tvoc:true;temperature:true;humidity:true,false,confidence_below_threshold,true,false
capture_0628,/home/mpetrick/repos/esp32-fever-dream/tools/dataset/captures/live_surveillance_20260629T1003Z/capture_0628.jpg,0778,0012,0033,28,49,0778001200332849,69,99/85/77/69/100/100/94/94/100/85/90/100/100/100/100/100,co2:69;hcho:94;tvoc:85;temperature:100;humidity:100,0442,0012,0033,28,49,co2:false;hcho:true;tvoc:true;temperature:true;humidity:true,false,confidence_below_threshold,true,false
capture_0629,/home/mpetrick/repos/esp32-fever-dream/tools/dataset/captures/live_surveillance_20260629T1003Z/capture_0629.jpg,0444,0012,0033,28,49,0444001200332849,78,100/87/97/78/100/99/98/100/100/98/100/100/100/100/100/100,co2:78;hcho:98;tvoc:98;temperature:100;humidity:100,0441,0012,0033,28,49,co2:false;hcho:true;tvoc:true;temperature:true;humidity:true,false,confidence_below_threshold,true,false
capture_0630,/home/mpetrick/repos/esp32-fever-dream/tools/dataset/captures/live_surveillance_20260629T1003Z/capture_0630.jpg,0444,0013,0036,28,49,0444001300362849,81,100/88/96/81/100/99/99/97/100/97/100/90/100/100/100/99,co2:81;hcho:97;tvoc:90;temperature:100;humidity:99,0444,0013,0036,28,49,co2:true;hcho:true;tvoc:true;temperature:true;humidity:true,false,confidence_below_threshold,true,false
capture_0631,/home/mpetrick/repos/esp32-fever-dream/tools/dataset/captures/live_surveillance_20260629T1003Z/capture_0631.jpg,0444,0017,0047,28,49,0444001700472849,72,100/79/97/76/100/99/99/72/100/98/79/100/100/100/100/100,co2:76;hcho:72;tvoc:79;temperature:100;humidity:100,0444,0017,0047,28,49,co2:true;hcho:true;tvoc:true;temperature:true;humidity:true,false,confidence_below_threshold,true,false
capture_0632,/home/mpetrick/repos/esp32-fever-dream/tools/dataset/captures/live_surveillance_20260629T1003Z/capture_0632.jpg,0448,0012,0033,28,49,0448001200332849,87,100/87/96/92/100/100/99/100/100/98/100/100/100/100/100/100,co2:87;hcho:99;tvoc:98;temperature:100;humidity:100,0446,0012,0033,28,49,co2:false;hcho:true;tvoc:true;temperature:true;humidity:true,true,,true,false
capture_0633,/home/mpetrick/repos/esp32-fever-dream/tools/dataset/captures/live_surveillance_20260629T1003Z/capture_0633.jpg,0448,0017,0033,28,49,0448001700332849,61,100/73/96/94/100/99/99/61/100/98/100/100/100/100/100/99,co2:73;hcho:61;tvoc:98;temperature:100;humidity:99,0442,0011,0033,28,49,co2:false;hcho:false;tvoc:true;temperature:true;humidity:true,false,confidence_below_threshold,true,false
capture_0634,/home/mpetrick/repos/esp32-fever-dream/tools/dataset/captures/live_surveillance_20260629T1003Z/capture_0634.jpg,0444,0012,0036,28,49,0444001200362849,78,100/86/96/78/100/99/99/100/100/98/100/88/100/100/100/100,co2:78;hcho:99;tvoc:88;temperature:100;humidity:100,0441,0012,0036,28,49,co2:false;hcho:true;tvoc:true;temperature:true;humidity:true,false,confidence_below_threshold,true,false
capture_0635,/home/mpetrick/repos/esp32-fever-dream/tools/dataset/captures/live_surveillance_20260629T1003Z/capture_0635.jpg,0444,0013,0036,28,49,0444001300362849,78,100/89/97/78/100/99/99/98/100/98/100/93/100/100/100/99,co2:78;hcho:98;tvoc:93;temperature:100;humidity:99,0444,0013,0036,28,49,co2:true;hcho:true;tvoc:true;temperature:true;humidity:true,false,confidence_below_threshold,true,false
capture_0636,/home/mpetrick/repos/esp32-fever-dream/tools/dataset/captures/live_surveillance_20260629T1003Z/capture_0636.jpg,0778,0011,0047,28,49,0778001100472849,68,100/87/72/68/100/100/96/95/100/85/97/95/100/100/100/100,co2:68;hcho:95;tvoc:85;temperature:100;humidity:100,0446,0017,0047,28,49,co2:false;hcho:false;tvoc:true;temperature:true;humidity:true,false,confidence_below_threshold,true,false
capture_0637,/home/mpetrick/repos/esp32-fever-dream/tools/dataset/captures/live_surveillance_20260629T1003Z/capture_0637.jpg,0448,0012,0033,28,49,0448001200332849,87,100/87/96/91/100/99/98/100/100/98/99/100/100/100/100/100,co2:87;hcho:98;tvoc:98;temperature:100;humidity:100,0442,0012,0033,28,49,co2:false;hcho:true;tvoc:true;temperature:true;humidity:true,true,,true,false
capture_0638,/home/mpetrick/repos/esp32-fever-dream/tools/dataset/captures/live_surveillance_20260629T1003Z/capture_0638.jpg,0448,0012,0033,28,49,0448001200332849,83,100/83/96/92/100/99/99/100/100/96/100/100/100/100/100/99,co2:83;hcho:99;tvoc:96;temperature:100;humidity:99,0442,0012,0033,28,49,co2:false;hcho:true;tvoc:true;temperature:true;humidity:true,false,confidence_below_threshold,true,false
capture_0639,/home/mpetrick/repos/esp32-fever-dream/tools/dataset/captures/live_surveillance_20260629T1003Z/capture_0639.jpg,0444,0016,0036,28,49,0444001600362849,69,100/86/96/74/100/99/99/69/100/97/100/94/100/100/100/100,co2:74;hcho:69;tvoc:94;temperature:100;humidity:100,0441,0008,0036,28,49,co2:false;hcho:false;tvoc:true;temperature:true;humidity:true,false,confidence_below_threshold,true,false
capture_0640,/home/mpetrick/repos/esp32-fever-dream/tools/dataset/captures/live_surveillance_20260629T1003Z/capture_0640.jpg,0444,0015,0047,28,49,0444001500472849,42,100/94/97/80/100/99/99/42/100/98/81/100/100/100/100/99,co2:80;hcho:42;tvoc:81;temperature:100;humidity:99,0444,0005,0047,28,49,co2:true;hcho:false;tvoc:true;temperature:true;humidity:true,false,confidence_below_threshold,true,false
capture_0642,/home/mpetrick/repos/esp32-fever-dream/tools/dataset/captures/live_surveillance_20260629T1003Z/capture_0642.jpg,0448,0012,0033,28,49,0448001200332849,91,100/91/96/93/100/99/98/100/100/98/99/100/100/100/100/99,co2:91;hcho:98;tvoc:98;temperature:100;humidity:99,0442,0012,0033,28,49,co2:false;hcho:true;tvoc:true;temperature:true;humidity:true,true,,true,false
capture_0644,/home/mpetrick/repos/esp32-fever-dream/tools/dataset/captures/live_surveillance_20260629T1003Z/capture_0644.jpg,0449,0016,0036,28,49,0449001600362849,62,100/89/96/62/100/99/99/75/100/98/100/90/100/100/100/100,co2:62;hcho:75;tvoc:90;temperature:100;humidity:100,0445,0006,0036,28,49,co2:false;hcho:false;tvoc:true;temperature:true;humidity:true,false,confidence_below_threshold,true,false
capture_0649,/home/mpetrick/repos/esp32-fever-dream/tools/dataset/captures/live_surveillance_20260629T1003Z/capture_0649.jpg,0444,0013,0050,28,49,0444001300502849,80,100/85/96/80/100/99/99/98/100/96/92/99/100/100/100/99,co2:80;hcho:98;tvoc:92;temperature:100;humidity:99,0444,0013,0050,28,49,co2:true;hcho:true;tvoc:true;temperature:true;humidity:true,false,confidence_below_threshold,true,false
capture_0650,/home/mpetrick/repos/esp32-fever-dream/tools/dataset/captures/live_surveillance_20260629T1003Z/capture_0650.jpg,0448,0017,0042,28,49,0448001700422849,78,100/89/96/92/100/99/99/80/100/98/78/100/100/100/100/98,co2:89;hcho:80;tvoc:78;temperature:100;humidity:98,0446,0017,0042,28,49,co2:false;hcho:true;tvoc:true;temperature:true;humidity:true,false,confidence_below_threshold,true,false
capture_0651,/home/mpetrick/repos/esp32-fever-dream/tools/dataset/captures/live_surveillance_20260629T1003Z/capture_0651.jpg,0448,0012,0028,28,49,0448001200282849,87,100/92/96/94/100/99/98/100/100/98/94/87/100/100/100/99,co2:92;hcho:98;tvoc:87;temperature:100;humidity:99,0446,0012,0028,28,49,co2:false;hcho:true;tvoc:true;temperature:true;humidity:true,true,,true,false
capture_0652,/home/mpetrick/repos/esp32-fever-dream/tools/dataset/captures/live_surveillance_20260629T1003Z/capture_0652.jpg,0448,0012,0030,28,49,0448001200302849,94,100/94/96/94/100/99/99/100/100/97/100/100/100/100/100/99,co2:94;hcho:99;tvoc:97;temperature:100;humidity:99,0442,0012,0030,28,49,co2:false;hcho:true;tvoc:true;temperature:true;humidity:true,true,,true,false
capture_0653,/home/mpetrick/repos/esp32-fever-dream/tools/dataset/captures/live_surveillance_20260629T1003Z/capture_0653.jpg,0444,0013,0050,28,49,0444001300502849,76,100/86/96/76/100/99/99/98/100/98/90/100/100/100/100/100,co2:76;hcho:98;tvoc:90;temperature:100;humidity:100,0441,0013,0050,28,49,co2:false;hcho:true;tvoc:true;temperature:true;humidity:true,false,confidence_below_threshold,true,false
capture_0654,/home/mpetrick/repos/esp32-fever-dream/tools/dataset/captures/live_surveillance_20260629T1003Z/capture_0654.jpg,0777,0019,0042,28,49,0777001900422849,69,99/87/81/69/100/100/94/73/100/84/97/100/100/100/100/100,co2:69;hcho:73;tvoc:84;temperature:100;humidity:100,0444,0013,0036,28,49,co2:false;hcho:false;tvoc:false;temperature:true;humidity:true,false,confidence_below_threshold,true,false
capture_0655,/home/mpetrick/repos/esp32-fever-dream/tools/dataset/captures/live_surveillance_20260629T1003Z/capture_0655.jpg,0448,0017,0028,28,49,0448001700282849,76,100/93/95/92/100/99/99/76/100/97/92/91/100/100/100/99,co2:92;hcho:76;tvoc:91;temperature:100;humidity:99,0446,0017,0028,28,49,co2:false;hcho:true;tvoc:true;temperature:true;humidity:true,false,confidence_below_threshold,true,false
capture_0658,/home/mpetrick/repos/esp32-fever-dream/tools/dataset/captures/live_surveillance_20260629T1003Z/capture_0658.jpg,0444,0013,0050,28,49,0444001300502849,78,100/91/95/78/100/98/99/97/100/98/91/99/100/100/100/100,co2:78;hcho:97;tvoc:91;temperature:100;humidity:100,0441,0013,0050,28,49,co2:false;hcho:true;tvoc:true;temperature:true;humidity:true,false,confidence_below_threshold,true,false
capture_0659,/home/mpetrick/repos/esp32-fever-dream/tools/dataset/captures/live_surveillance_20260629T1003Z/capture_0659.jpg,0444,0017,0042,28,49,0444001700422849,74,100/88/96/74/100/98/99/76/100/98/76/100/100/100/100/100,co2:74;hcho:76;tvoc:76;temperature:100;humidity:100,0444,0017,0042,28,49,co2:true;hcho:true;tvoc:true;temperature:true;humidity:true,false,confidence_below_threshold,true,false
capture_0660,/home/mpetrick/repos/esp32-fever-dream/tools/dataset/captures/live_surveillance_20260629T1003Z/capture_0660.jpg,0448,0017,0028,28,49,0448001700282849,74,100/92/96/92/100/98/98/74/100/98/92/90/100/100/100/98,co2:92;hcho:74;tvoc:90;temperature:100;humidity:98,0446,0017,0028,28,49,co2:false;hcho:true;tvoc:true;temperature:true;humidity:true,false,confidence_below_threshold,true,false
capture_0662,/home/mpetrick/repos/esp32-fever-dream/tools/dataset/captures/live_surveillance_20260629T1003Z/capture_0662.jpg,0453,0013,0046,28,49,0453001300462849,65,100/86/68/74/100/98/98/98/100/98/77/65/100/100/100/99,co2:68;hcho:98;tvoc:65;temperature:100;humidity:99,0453,0013,0036,28,49,co2:true;hcho:true;tvoc:false;temperature:true;humidity:true,false,confidence_below_threshold,true,false
capture_0664,/home/mpetrick/repos/esp32-fever-dream/tools/dataset/captures/live_surveillance_20260629T1003Z/capture_0664.jpg,0481,0016,0050,28,49,0481001600502849,75,100/88/90/95/100/98/99/75/100/98/89/100/100/100/100/99,co2:88;hcho:75;tvoc:89;temperature:100;humidity:99,0464,0008,0050,28,49,co2:false;hcho:false;tvoc:true;temperature:true;humidity:true,false,confidence_below_threshold,true,false
capture_0665,/home/mpetrick/repos/esp32-fever-dream/tools/dataset/captures/live_surveillance_20260629T1003Z/capture_0665.jpg,0481,0014,0039,28,49,0481001400392849,90,100/90/90/96/100/98/99/99/100/97/100/100/100/100/100/100,co2:90;hcho:98;tvoc:97;temperature:100;humidity:100,0464,0014,0039,28,49,co2:false;hcho:true;tvoc:true;temperature:true;humidity:true,true,,true,false
capture_0666,/home/mpetrick/repos/esp32-fever-dream/tools/dataset/captures/live_surveillance_20260629T1003Z/capture_0666.jpg,0781,0012,0033,28,49,0781001200332849,60,100/86/60/69/100/100/89/94/100/84/86/100/100/100/100/100,co2:60;hcho:89;tvoc:84;temperature:100;humidity:100,0481,0012,0033,28,49,co2:false;hcho:true;tvoc:true;temperature:true;humidity:true,false,confidence_below_threshold,true,false
capture_0667,/home/mpetrick/repos/esp32-fever-dream/tools/dataset/captures/live_surveillance_20260629T1003Z/capture_0667.jpg,0481,0016,0047,28,49,0481001600472849,65,100/91/92/95/100/99/98/65/100/98/79/100/100/100/100/99,co2:91;hcho:65;tvoc:79;temperature:100;humidity:99,0481,0006,0017,28,49,co2:true;hcho:false;tvoc:false;temperature:true;humidity:true,false,confidence_below_threshold,true,false
capture_0668,/home/mpetrick/repos/esp32-fever-dream/tools/dataset/captures/live_surveillance_20260629T1003Z/capture_0668.jpg,0481,0012,0030,28,49,0481001200302849,90,100/98/90/94/100/99/98/100/100/98/100/100/100/100/100/100,co2:90;hcho:98;tvoc:98;temperature:100;humidity:100,0481,0012,0030,28,49,co2:true;hcho:true;tvoc:true;temperature:true;humidity:true,true,,true,true
capture_0669,/home/mpetrick/repos/esp32-fever-dream/tools/dataset/captures/live_surveillance_20260629T1003Z/capture_0669.jpg,0481,0013,0036,28,49,0481001300362849,90,100/90/91/94/100/99/98/97/100/99/100/93/100/100/100/99,co2:90;hcho:97;tvoc:93;temperature:100;humidity:99,0481,0013,0036,28,49,co2:true;hcho:true;tvoc:true;temperature:true;humidity:true,true,,true,true
capture_0671,/home/mpetrick/repos/esp32-fever-dream/tools/dataset/captures/live_surveillance_20260629T1003Z/capture_0671.jpg,0583,0016,0050,28,49,0583001600502849,62,100/96/62/72/100/99/98/72/100/98/91/99/100/100/100/99,co2:62;hcho:72;tvoc:91;temperature:100;humidity:99,0503,0008,0050,28,49,co2:false;hcho:false;tvoc:true;temperature:true;humidity:true,false,confidence_below_threshold,true,false
capture_0672,/home/mpetrick/repos/esp32-fever-dream/tools/dataset/captures/live_surveillance_20260629T1003Z/capture_0672.jpg,0586,0014,0039,28,49,0586001400392849,52,100/96/59/52/100/98/98/98/100/98/100/100/100/100/100/100,co2:52;hcho:98;tvoc:98;temperature:100;humidity:100,0508,0014,0039,28,49,co2:false;hcho:true;tvoc:true;temperature:true;humidity:true,false,confidence_below_threshold,true,false
capture_0673,/home/mpetrick/repos/esp32-fever-dream/tools/dataset/captures/live_surveillance_20260629T1003Z/capture_0673.jpg,0514,0012,0033,28,49,0514001200332849,80,100/96/95/80/100/99/98/100/100/98/100/100/100/100/100/99,co2:80;hcho:98;tvoc:98;temperature:100;humidity:99,0514,0002,0033,28,49,co2:true;hcho:false;tvoc:true;temperature:true;humidity:true,false,confidence_below_threshold,true,false
capture_0674,/home/mpetrick/repos/esp32-fever-dream/tools/dataset/captures/live_surveillance_20260629T1003Z/capture_0674.jpg,0519,0017,0047,28,49,0519001700472849,60,100/95/94/60/100/99/98/76/100/98/80/100/100/100/100/100,co2:60;hcho:76;tvoc:80;temperature:100;humidity:100,0519,0017,0047,28,49,co2:true;hcho:true;tvoc:true;temperature:true;humidity:true,false,confidence_below_threshold,true,false
capture_0675,/home/mpetrick/repos/esp32-fever-dream/tools/dataset/captures/live_surveillance_20260629T1003Z/capture_0675.jpg,0519,0012,0030,28,49,0519001200302849,62,100/95/96/62/100/99/98/100/100/98/99/100/100/100/100/100,co2:62;hcho:98;tvoc:98;temperature:100;humidity:100,0519,0002,0030,28,49,co2:true;hcho:false;tvoc:true;temperature:true;humidity:true,false,confidence_below_threshold,true,false
capture_0676,/home/mpetrick/repos/esp32-fever-dream/tools/dataset/captures/live_surveillance_20260629T1003Z/capture_0676.jpg,0589,0013,0036,28,49,0589001300362849,56,100/96/56/73/100/98/98/97/100/98/100/96/100/100/100/100,co2:56;hcho:97;tvoc:96;temperature:100;humidity:100,0525,0013,0036,28,49,co2:false;hcho:true;tvoc:true;temperature:true;humidity:true,false,confidence_below_threshold,true,false
capture_0678,/home/mpetrick/repos/esp32-fever-dream/tools/dataset/captures/live_surveillance_20260629T1003Z/capture_0678.jpg,0589,0016,0050,28,49,0589001600502849,64,100/96/64/71/100/98/98/69/100/98/87/99/100/100/100/100,co2:64;hcho:69;tvoc:87;temperature:100;humidity:100,0525,0008,0050,28,49,co2:false;hcho:false;tvoc:true;temperature:true;humidity:true,false,confidence_below_threshold,true,false
capture_0679,/home/mpetrick/repos/esp32-fever-dream/tools/dataset/captures/live_surveillance_20260629T1003Z/capture_0679.jpg,0589,0014,0039,28,49,0589001400392849,62,100/96/62/73/100/99/98/99/100/98/100/100/100/100/100/100,co2:62;hcho:98;tvoc:98;temperature:100;humidity:100,0525,0014,0039,28,49,co2:false;hcho:true;tvoc:true;temperature:true;humidity:true,false,confidence_below_threshold,true,false
capture_0681,/home/mpetrick/repos/esp32-fever-dream/tools/dataset/captures/live_surveillance_20260629T1003Z/capture_0681.jpg,0589,0015,0047,28,49,0589001500472849,35,100/96/54/75/100/98/99/35/100/98/78/100/100/100/100/99,co2:54;hcho:35;tvoc:78;temperature:100;humidity:99,0525,0015,0047,28,49,co2:false;hcho:true;tvoc:true;temperature:true;humidity:true,false,confidence_below_threshold,true,false
capture_0682,/home/mpetrick/repos/esp32-fever-dream/tools/dataset/captures/live_surveillance_20260629T1003Z/capture_0682.jpg,0589,0012,0033,28,49,0589001200332849,56,100/96/56/71/100/99/98/100/100/98/99/100/100/100/100/100,co2:56;hcho:98;tvoc:98;temperature:100;humidity:100,0525,0012,0033,28,49,co2:false;hcho:true;tvoc:true;temperature:true;humidity:true,false,confidence_below_threshold,true,false
capture_0683,/home/mpetrick/repos/esp32-fever-dream/tools/dataset/captures/live_surveillance_20260629T1003Z/capture_0683.jpg,0530,0016,0036,28,49,0530001600362849,40,100/96/53/40/100/100/98/72/100/98/98/93/100/100/100/100,co2:40;hcho:72;tvoc:93;temperature:100;humidity:100,0530,0006,0036,28,49,co2:true;hcho:false;tvoc:true;temperature:true;humidity:true,false,confidence_below_threshold,true,false
capture_0684,/home/mpetrick/repos/esp32-fever-dream/tools/dataset/captures/live_surveillance_20260629T1003Z/capture_0684.jpg,0536,0012,0028,28,49,0536001200282849,47,100/96/60/47/100/98/98/100/100/99/89/84/100/100/100/100,co2:47;hcho:98;tvoc:84;temperature:100;humidity:100,0530,0012,0028,28,49,co2:false;hcho:true;tvoc:true;temperature:true;humidity:true,false,confidence_below_threshold,true,false
capture_0685,/home/mpetrick/repos/esp32-fever-dream/tools/dataset/captures/live_surveillance_20260629T1003Z/capture_0685.jpg,0530,0015,0042,28,49,0530001500422849,49,92/90/49/52/97/94/78/52/100/89/89/98/100/100/100/100,co2:49;hcho:52;tvoc:89;temperature:100;humidity:100,0552,0015,0042,28,49,co2:false;hcho:true;tvoc:true;temperature:true;humidity:true,false,confidence_below_threshold,true,false
capture_0686,/home/mpetrick/repos/esp32-fever-dream/tools/dataset/captures/live_surveillance_20260629T1003Z/capture_0686.jpg,0514,0017,0047,28,49,0514001700472849,78,100/96/94/80/100/99/99/78/100/99/78/100/100/100/100/100,co2:80;hcho:78;tvoc:78;temperature:100;humidity:100,0574,0017,0047,28,49,co2:false;hcho:true;tvoc:true;temperature:true;humidity:true,false,confidence_below_threshold,true,false
capture_0688,/home/mpetrick/repos/esp32-fever-dream/tools/dataset/captures/live_surveillance_20260629T1003Z/capture_0688.jpg,0514,0017,0047,28,49,0514001700472849,67,100/95/94/76/100/98/98/67/100/98/80/100/100/100/100/99,co2:76;hcho:67;tvoc:80;temperature:100;humidity:99,0574,0017,0047,28,49,co2:false;hcho:true;tvoc:true;temperature:true;humidity:true,false,confidence_below_threshold,true,false
capture_0689,/home/mpetrick/repos/esp32-fever-dream/tools/dataset/captures/live_surveillance_20260629T1003Z/capture_0689.jpg,0583,0015,0053,28,49,0583001500532849,33,100/95/59/68/100/97/98/33/100/98/73/100/100/100/100/100,co2:59;hcho:33;tvoc:73;temperature:100;humidity:100,0585,0018,0053,28,49,co2:false;hcho:false;tvoc:true;temperature:true;humidity:true,false,confidence_below_threshold,true,false
capture_0690,/home/mpetrick/repos/esp32-fever-dream/tools/dataset/captures/live_surveillance_20260629T1003Z/capture_0690.jpg,0917,0011,0047,28,49,0917001100472849,65,99/85/65/71/100/100/90/99/100/81/96/96/100/100/100/100,co2:65;hcho:90;tvoc:81;temperature:100;humidity:100,0574,0017,0047,28,49,co2:false;hcho:false;tvoc:true;temperature:true;humidity:true,false,confidence_below_threshold,true,false
capture_0691,/home/mpetrick/repos/esp32-fever-dream/tools/dataset/captures/live_surveillance_20260629T1003Z/capture_0691.jpg,0917,0011,0047,28,49,0917001100472849,60,100/88/60/70/100/100/89/98/100/84/96/97/100/100/100/100,co2:60;hcho:89;tvoc:84;temperature:100;humidity:100,0574,0017,0047,28,49,co2:false;hcho:false;tvoc:true;temperature:true;humidity:true,false,confidence_below_threshold,true,false
capture_0692,/home/mpetrick/repos/esp32-fever-dream/tools/dataset/captures/live_surveillance_20260629T1003Z/capture_0692.jpg,0514,0017,0047,28,49,0514001700472849,76,100/95/95/76/100/98/98/76/100/98/80/100/100/100/100/99,co2:76;hcho:76;tvoc:80;temperature:100;humidity:99,0574,0017,0047,28,49,co2:false;hcho:true;tvoc:true;temperature:true;humidity:true,false,confidence_below_threshold,true,false
capture_0693,/home/mpetrick/repos/esp32-fever-dream/tools/dataset/captures/live_surveillance_20260629T1003Z/capture_0693.jpg,0586,0017,0047,28,49,0586001700472849,53,100/95/58/53/100/98/98/80/100/99/82/100/100/100/100/100,co2:53;hcho:80;tvoc:82;temperature:100;humidity:100,0580,0017,0047,28,49,co2:false;hcho:true;tvoc:true;temperature:true;humidity:true,false,confidence_below_threshold,true,false
capture_0694,/home/mpetrick/repos/esp32-fever-dream/tools/dataset/captures/live_surveillance_20260629T1003Z/capture_0694.jpg,0514,0017,0050,28,49,0514001700502849,74,100/95/94/78/100/99/98/74/100/99/81/99/100/100/100/99,co2:78;hcho:74;tvoc:81;temperature:100;humidity:99,0574,0017,0050,28,49,co2:false;hcho:true;tvoc:true;temperature:true;humidity:true,false,confidence_below_threshold,true,false
capture_0695,/home/mpetrick/repos/esp32-fever-dream/tools/dataset/captures/live_surveillance_20260629T1003Z/capture_0695.jpg,0618,0025,0070,28,49,0618002500702849,93,100/98/95/93/100/98/100/100/100/99/100/100/100/100/100/99,co2:93;hcho:98;tvoc:99;temperature:100;humidity:99,0618,0025,0070,28,49,co2:true;hcho:true;tvoc:true;temperature:true;humidity:true,true,,true,true
capture_0696,/home/mpetrick/repos/esp32-fever-dream/tools/dataset/captures/live_surveillance_20260629T1003Z/capture_0696.jpg,0618,0025,0070,28,49,0618002500702849,50,100/98/96/93/100/99/100/100/100/98/100/50/100/100/100/100,co2:93;hcho:99;tvoc:50;temperature:100;humidity:100,0618,0025,0070,28,49,co2:true;hcho:true;tvoc:true;temperature:true;humidity:true,false,confidence_below_threshold,true,false
capture_0697,/home/mpetrick/repos/esp32-fever-dream/tools/dataset/captures/live_surveillance_20260629T1003Z/capture_0697.jpg,0618,0025,0070,28,49,0618002500702849,93,100/98/96/93/100/98/100/100/100/98/100/100/100/100/100/100,co2:93;hcho:98;tvoc:98;temperature:100;humidity:100,0618,0025,0070,28,49,co2:true;hcho:true;tvoc:true;temperature:true;humidity:true,true,,true,true
capture_0698,/home/mpetrick/repos/esp32-fever-dream/tools/dataset/captures/live_surveillance_20260629T1003Z/capture_0698.jpg,0618,0025,0070,28,49,0618002500702849,95,100/98/95/95/100/98/100/100/100/98/100/100/100/100/100/100,co2:95;hcho:98;tvoc:98;temperature:100;humidity:100,0618,0025,0070,28,49,co2:true;hcho:true;tvoc:true;temperature:true;humidity:true,true,,true,true
capture_0699,/home/mpetrick/repos/esp32-fever-dream/tools/dataset/captures/live_surveillance_20260629T1003Z/capture_0699.jpg,0618,0025,0070,28,49,0618002500702849,93,100/98/95/93/100/99/100/100/100/98/100/100/100/100/100/99,co2:93;hcho:99;tvoc:98;temperature:100;humidity:99,0618,0025,0070,28,49,co2:true;hcho:true;tvoc:true;temperature:true;humidity:true,true,,true,true
capture_0700,/home/mpetrick/repos/esp32-fever-dream/tools/dataset/captures/live_surveillance_20260629T1003Z/capture_0700.jpg,0618,0025,0070,28,49,0618002500702849,92,100/98/95/92/100/98/99/100/100/99/100/100/100/100/100/100,co2:92;hcho:98;tvoc:99;temperature:100;humidity:100,0618,0025,0070,28,49,co2:true;hcho:true;tvoc:true;temperature:true;humidity:true,true,,true,true
capture_0701,/home/mpetrick/repos/esp32-fever-dream/tools/dataset/captures/live_surveillance_20260629T1003Z/capture_0701.jpg,0818,0025,0070,28,49,0818002500702849,61,99/90/62/61/100/100/94/99/100/87/97/100/100/100/100/100,co2:61;hcho:94;tvoc:87;temperature:100;humidity:100,0618,0025,0070,28,49,co2:false;hcho:true;tvoc:true;temperature:true;humidity:true,false,confidence_below_threshold,true,false
capture_0702,/home/mpetrick/repos/esp32-fever-dream/tools/dataset/captures/live_surveillance_20260629T1003Z/capture_0702.jpg,0818,0025,0070,28,49,0818002500702849,62,100/88/64/62/100/100/92/99/100/85/98/100/100/100/100/100,co2:62;hcho:92;tvoc:85;temperature:100;humidity:100,0618,0025,0070,28,49,co2:false;hcho:true;tvoc:true;temperature:true;humidity:true,false,confidence_below_threshold,true,false
capture_0703,/home/mpetrick/repos/esp32-fever-dream/tools/dataset/captures/live_surveillance_20260629T1003Z/capture_0703.jpg,0618,0025,0070,28,49,0618002500702849,93,100/98/95/93/100/99/100/100/100/98/100/100/100/100/100/100,co2:93;hcho:99;tvoc:98;temperature:100;humidity:100,0618,0025,0070,28,49,co2:true;hcho:true;tvoc:true;temperature:true;humidity:true,true,,true,true
capture_0704,/home/mpetrick/repos/esp32-fever-dream/tools/dataset/captures/live_surveillance_20260629T1003Z/capture_0704.jpg,0618,0025,0070,28,49,0618002500702849,94,100/98/94/94/100/97/99/100/100/99/100/100/100/100/100/100,co2:94;hcho:97;tvoc:99;temperature:100;humidity:100,0618,0025,0070,28,49,co2:true;hcho:true;tvoc:true;temperature:true;humidity:true,true,,true,true
capture_0705,/home/mpetrick/repos/esp32-fever-dream/tools/dataset/captures/live_surveillance_20260629T1003Z/capture_0705.jpg,0618,0025,0070,28,49,0618002500702849,93,100/98/95/93/100/98/99/100/100/98/100/100/100/100/100/100,co2:93;hcho:98;tvoc:98;temperature:100;humidity:100,0618,0025,0070,28,49,co2:true;hcho:true;tvoc:true;temperature:true;humidity:true,true,,true,true
capture_0706,/home/mpetrick/repos/esp32-fever-dream/tools/dataset/captures/live_surveillance_20260629T1003Z/capture_0706.jpg,0618,0025,0070,28,49,0618002500702849,92,100/98/94/92/100/99/100/100/100/99/100/100/100/100/100/100,co2:92;hcho:99;tvoc:99;temperature:100;humidity:100,0618,0025,0070,28,49,co2:true;hcho:true;tvoc:true;temperature:true;humidity:true,true,,true,true
capture_0707,/home/mpetrick/repos/esp32-fever-dream/tools/dataset/captures/live_surveillance_20260629T1003Z/capture_0707.jpg,0618,0025,0070,28,49,0618002500702849,94,100/98/94/94/100/98/100/100/100/98/100/100/100/100/100/100,co2:94;hcho:98;tvoc:98;temperature:100;humidity:100,0618,0025,0070,28,49,co2:true;hcho:true;tvoc:true;temperature:true;humidity:true,true,,true,true
capture_0708,/home/mpetrick/repos/esp32-fever-dream/tools/dataset/captures/live_surveillance_20260629T1003Z/capture_0708.jpg,0684,0026,0072,28,49,0684002600722849,57,100/98/57/93/100/100/99/94/100/98/100/100/100/100/100/100,co2:57;hcho:94;tvoc:98;temperature:100;humidity:100,0624,0026,0072,28,49,co2:false;hcho:true;tvoc:true;temperature:true;humidity:true,false,confidence_below_threshold,true,false
capture_0709,/home/mpetrick/repos/esp32-fever-dream/tools/dataset/captures/live_surveillance_20260629T1003Z/capture_0709.jpg,0689,0027,0075,28,49,0689002700752849,47,100/98/47/73/100/98/100/93/100/98/100/64/100/100/100/100,co2:47;hcho:93;tvoc:64;temperature:100;humidity:100,0629,0027,0075,28,49,co2:false;hcho:true;tvoc:true;temperature:true;humidity:true,false,confidence_below_threshold,true,false
capture_0710,/home/mpetrick/repos/esp32-fever-dream/tools/dataset/captures/live_surveillance_20260629T1003Z/capture_0710.jpg,0686,0033,0056,28,49,0686003300562849,46,100/98/46/60/100/99/98/100/100/98/87/90/100/100/100/99,co2:46;hcho:98;tvoc:87;temperature:100;humidity:99,0668,0033,0098,28,49,co2:false;hcho:true;tvoc:false;temperature:true;humidity:true,false,confidence_below_threshold,true,false
capture_0711,/home/mpetrick/repos/esp32-fever-dream/tools/dataset/captures/live_surveillance_20260629T1003Z/capture_0711.jpg,0689,0027,0075,28,49,0689002700752849,42,100/97/42/75/100/99/99/90/100/95/100/67/100/100/100/99,co2:42;hcho:90;tvoc:67;temperature:100;humidity:99,0629,0027,0075,28,49,co2:false;hcho:true;tvoc:true;temperature:true;humidity:true,false,confidence_below_threshold,true,false
capture_0712,/home/mpetrick/repos/esp32-fever-dream/tools/dataset/captures/live_surveillance_20260629T1003Z/capture_0712.jpg,0618,0025,0070,28,49,0618002500702849,93,100/96/93/94/100/100/99/100/100/98/100/100/100/100/100/99,co2:93;hcho:99;tvoc:98;temperature:100;humidity:99,0618,0025,0070,28,49,co2:true;hcho:true;tvoc:true;temperature:true;humidity:true,true,,true,true
capture_0713,/home/mpetrick/repos/esp32-fever-dream/tools/dataset/captures/live_surveillance_20260629T1003Z/capture_0713.jpg,0618,0025,0070,28,49,0618002500702849,93,100/97/93/94/100/99/99/100/100/97/100/100/100/100/100/99,co2:93;hcho:99;tvoc:97;temperature:100;humidity:99,0618,0025,0070,28,49,co2:true;hcho:true;tvoc:true;temperature:true;humidity:true,true,,true,true
capture_0714,/home/mpetrick/repos/esp32-fever-dream/tools/dataset/captures/live_surveillance_20260629T1003Z/capture_0714.jpg,0618,0025,0070,28,49,0618002500702849,93,100/96/93/94/100/99/99/100/100/94/100/100/100/100/100/99,co2:93;hcho:99;tvoc:94;temperature:100;humidity:99,0618,0025,0070,28,49,co2:true;hcho:true;tvoc:true;temperature:true;humidity:true,true,,true,true
capture_0715,/home/mpetrick/repos/esp32-fever-dream/tools/dataset/captures/live_surveillance_20260629T1003Z/capture_0715.jpg,0618,0025,0070,28,49,0618002500702849,92,100/96/92/94/100/98/99/100/100/96/100/100/100/100/100/100,co2:92;hcho:98;tvoc:96;temperature:100;humidity:100,0618,0025,0070,28,49,co2:true;hcho:true;tvoc:true;temperature:true;humidity:true,true,,true,true
capture_0716,/home/mpetrick/repos/esp32-fever-dream/tools/dataset/captures/live_surveillance_20260629T1003Z/capture_0716.jpg,0619,0024,0070,28,49,0619002400702849,63,100/96/94/63/100/99/100/98/100/96/100/100/100/100/100/100,co2:63;hcho:98;tvoc:96;temperature:100;humidity:100,0613,0024,0070,28,49,co2:false;hcho:true;tvoc:true;temperature:true;humidity:true,false,confidence_below_threshold,true,false
capture_0717,/home/mpetrick/repos/esp32-fever-dream/tools/dataset/captures/live_surveillance_20260629T1003Z/capture_0717.jpg,0514,0017,0047,28,49,0514001700472849,69,100/92/92/73/100/99/97/69/100/95/78/100/100/100/100/98,co2:73;hcho:69;tvoc:78;temperature:100;humidity:98,0574,0017,0047,28,49,co2:false;hcho:true;tvoc:true;temperature:true;humidity:true,false,confidence_below_threshold,true,false
capture_0718,/home/mpetrick/repos/esp32-fever-dream/tools/dataset/captures/live_surveillance_20260629T1003Z/capture_0718.jpg,0514,0017,0047,28,49,0514001700472849,74,100/92/92/77/100/100/97/74/100/96/80/100/100/100/100/100,co2:77;hcho:74;tvoc:80;temperature:100;humidity:100,0574,0017,0047,28,49,co2:false;hcho:true;tvoc:true;temperature:true;humidity:true,false,confidence_below_threshold,true,false
capture_0720,/home/mpetrick/repos/esp32-fever-dream/tools/dataset/captures/live_surveillance_20260629T1003Z/capture_0720.jpg,0514,0016,0047,28,49,0514001600472849,64,100/93/94/76/100/99/98/64/100/97/72/100/100/100/100/100,co2:76;hcho:64;tvoc:72;temperature:100;humidity:100,0574,0006,0047,28,49,co2:false;hcho:false;tvoc:true;temperature:true;humidity:true,false,confidence_below_threshold,true,false
capture_0721,/home/mpetrick/repos/esp32-fever-dream/tools/dataset/captures/live_surveillance_20260629T1003Z/capture_0721.jpg,0619,0015,0046,28,49,0619001500462849,45,96/87/97/46/100/99/79/50/100/90/45/99/100/100/100/100,co2:46;hcho:50;tvoc:45;temperature:100;humidity:100,0613,0013,0056,28,49,co2:false;hcho:false;tvoc:false;temperature:true;humidity:true,false,confidence_below_threshold,true,false
capture_0722,/home/mpetrick/repos/esp32-fever-dream/tools/dataset/captures/live_surveillance_20260629T1003Z/capture_0722.jpg,0686,0027,0070,28,49,0686002700702849,38,100/97/38/56/100/99/99/90/100/98/100/100/100/100/100/100,co2:38;hcho:90;tvoc:98;temperature:100;humidity:100,0602,0002,0070,28,49,co2:false;hcho:false;tvoc:true;temperature:true;humidity:true,false,confidence_below_threshold,true,false
capture_0723,/home/mpetrick/repos/esp32-fever-dream/tools/dataset/captures/live_surveillance_20260629T1003Z/capture_0723.jpg,0583,0019,0047,28,49,0583001900472849,33,100/94/41/68/100/98/98/33/100/98/74/100/100/100/100/100,co2:41;hcho:33;tvoc:74;temperature:100;humidity:100,0569,0005,0047,28,49,co2:false;hcho:false;tvoc:true;temperature:true;humidity:true,false,confidence_below_threshold,true,false
capture_0724,/home/mpetrick/repos/esp32-fever-dream/tools/dataset/captures/live_surveillance_20260629T1003Z/capture_0724.jpg,0514,0013,0033,28,49,0514001300332849,70,100/91/92/70/100/100/98/99/100/86/100/100/100/100/100/98,co2:70;hcho:98;tvoc:86;temperature:100;humidity:98,0547,0013,0033,28,49,co2:false;hcho:true;tvoc:true;temperature:true;humidity:true,false,confidence_below_threshold,true,false
capture_0726,/home/mpetrick/repos/esp32-fever-dream/tools/dataset/captures/live_surveillance_20260629T1003Z/capture_0726.jpg,0519,0012,0033,28,49,0519001200332849,59,100/90/91/59/100/99/99/100/100/94/100/100/100/100/100/99,co2:59;hcho:99;tvoc:94;temperature:100;humidity:99,0519,0002,0033,28,49,co2:true;hcho:false;tvoc:true;temperature:true;humidity:true,false,confidence_below_threshold,true,false
capture_0727,/home/mpetrick/repos/esp32-fever-dream/tools/dataset/captures/live_surveillance_20260629T1003Z/capture_0727.jpg,0519,0013,0036,28,49,0519001300362849,60,100/90/92/60/100/99/98/99/100/94/99/90/100/100/100/99,co2:60;hcho:98;tvoc:90;temperature:100;humidity:99,0519,0013,0036,28,49,co2:true;hcho:true;tvoc:true;temperature:true;humidity:true,false,confidence_below_threshold,true,false
capture_0729,/home/mpetrick/repos/esp32-fever-dream/tools/dataset/captures/live_surveillance_20260629T1003Z/capture_0729.jpg,0519,0016,0050,28,49,0519001600502849,56,100/89/90/56/100/99/98/58/100/94/89/99/100/100/100/98,co2:56;hcho:58;tvoc:89;temperature:100;humidity:98,0519,0008,0050,28,49,co2:true;hcho:false;tvoc:true;temperature:true;humidity:true,false,confidence_below_threshold,true,false
capture_0730,/home/mpetrick/repos/esp32-fever-dream/tools/dataset/captures/live_surveillance_20260629T1003Z/capture_0730.jpg,0519,0014,0039,28,49,0519001400392849,56,100/88/81/56/100/99/98/99/100/73/100/100/100/100/100/98,co2:56;hcho:98;tvoc:73;temperature:100;humidity:98,0519,0014,0039,28,49,co2:true;hcho:true;tvoc:true;temperature:true;humidity:true,false,confidence_below_threshold,true,false
capture_0731,/home/mpetrick/repos/esp32-fever-dream/tools/dataset/captures/live_surveillance_20260629T1003Z/capture_0731.jpg,0486,0012,0033,28,59,0486001200332859,73,100/92/83/73/100/100/98/100/100/81/99/100/100/100/100/87,co2:73;hcho:98;tvoc:81;temperature:100;humidity:87,0486,0012,0033,28,50,co2:true;hcho:true;tvoc:true;temperature:true;humidity:false,false,confidence_below_threshold,true,false
capture_0732,/home/mpetrick/repos/esp32-fever-dream/tools/dataset/captures/live_surveillance_20260629T1003Z/capture_0732.jpg,0486,0017,0047,28,59,0486001700472859,65,100/90/85/72/100/99/98/65/100/88/78/100/100/100/100/87,co2:72;hcho:65;tvoc:78;temperature:100;humidity:87,0486,0017,0047,28,50,co2:true;hcho:true;tvoc:true;temperature:true;humidity:false,false,confidence_below_threshold,true,false
capture_0733,/home/mpetrick/repos/esp32-fever-dream/tools/dataset/captures/live_surveillance_20260629T1003Z/capture_0733.jpg,0456,0013,0030,28,59,0456001300302859,51,100/92/51/67/100/100/98/99/100/86/100/100/100/100/100/82,co2:51;hcho:98;tvoc:86;temperature:100;humidity:82,0492,0013,0030,28,50,co2:false;hcho:true;tvoc:true;temperature:true;humidity:false,false,confidence_below_threshold,true,false
capture_0734,/home/mpetrick/repos/esp32-fever-dream/tools/dataset/captures/live_surveillance_20260629T1003Z/capture_0734.jpg,0481,0013,0042,28,59,0481001300422859,71,100/93/85/92/100/100/98/99/100/86/71/100/100/100/100/87,co2:85;hcho:98;tvoc:71;temperature:100;humidity:87,0481,0013,0032,28,50,co2:true;hcho:true;tvoc:false;temperature:true;humidity:false,false,confidence_below_threshold,true,false
capture_0736,/home/mpetrick/repos/esp32-fever-dream/tools/dataset/captures/live_surveillance_20260629T1003Z/capture_0736.jpg,0481,0016,0050,28,59,0481001600502859,55,100/92/86/94/100/100/98/55/100/90/93/100/100/100/100/74,co2:86;hcho:55;tvoc:90;temperature:100;humidity:74,0481,0008,0050,28,50,co2:true;hcho:false;tvoc:true;temperature:true;humidity:false,false,confidence_below_threshold,true,false
capture_0737,/home/mpetrick/repos/esp32-fever-dream/tools/dataset/captures/live_surveillance_20260629T1003Z/capture_0737.jpg,0449,0014,0039,28,59,0449001400392859,57,100/95/90/57/100/99/98/98/100/89/100/100/100/100/100/91,co2:57;hcho:98;tvoc:89;temperature:100;humidity:91,0475,0014,0039,28,50,co2:false;hcho:true;tvoc:true;temperature:true;humidity:false,false,confidence_below_threshold,true,false
capture_0738,/home/mpetrick/repos/esp32-fever-dream/tools/dataset/captures/live_surveillance_20260629T1003Z/capture_0738.jpg,0481,0012,0033,28,59,0481001200332859,87,100/94/87/94/100/99/98/100/100/89/100/100/100/100/100/90,co2:87;hcho:98;tvoc:89;temperature:100;humidity:90,0481,0012,0033,28,50,co2:true;hcho:true;tvoc:true;temperature:true;humidity:false,true,,true,false
capture_0739,/home/mpetrick/repos/esp32-fever-dream/tools/dataset/captures/live_surveillance_20260629T1003Z/capture_0739.jpg,0449,0017,0047,28,59,0449001700472859,57,100/92/90/57/100/99/98/68/100/93/74/100/100/100/100/86,co2:57;hcho:68;tvoc:74;temperature:100;humidity:86,0475,0017,0017,28,50,co2:false;hcho:true;tvoc:false;temperature:true;humidity:false,false,confidence_below_threshold,true,false
capture_0740,/home/mpetrick/repos/esp32-fever-dream/tools/dataset/captures/live_surveillance_20260629T1003Z/capture_0740.jpg,0481,0017,0030,28,59,0481001700302859,58,100/94/85/94/100/100/98/58/100/89/100/100/100/100/100/88,co2:85;hcho:58;tvoc:89;temperature:100;humidity:88,0481,0011,0030,28,50,co2:true;hcho:false;tvoc:true;temperature:true;humidity:false,false,confidence_below_threshold,true,false
capture_0741,/home/mpetrick/repos/esp32-fever-dream/tools/dataset/captures/live_surveillance_20260629T1003Z/capture_0741.jpg,0486,0015,0042,28,59,0486001500422859,31,100/94/88/62/100/100/97/31/100/93/75/100/100/100/100/88,co2:62;hcho:31;tvoc:75;temperature:100;humidity:88,0486,0015,0042,28,50,co2:true;hcho:true;tvoc:true;temperature:true;humidity:false,false,confidence_below_threshold,true,false
capture_0742,/home/mpetrick/repos/esp32-fever-dream/tools/dataset/captures/live_surveillance_20260629T1003Z/capture_0742.jpg,0481,0013,0036,28,59,0481001300362859,85,100/94/85/94/100/99/98/99/100/92/100/93/100/100/100/90,co2:85;hcho:98;tvoc:92;temperature:100;humidity:90,0481,0013,0036,28,50,co2:true;hcho:true;tvoc:true;temperature:true;humidity:false,true,,true,false
capture_0743,/home/mpetrick/repos/esp32-fever-dream/tools/dataset/captures/live_surveillance_20260629T1003Z/capture_0743.jpg,0481,0013,0046,28,59,0481001300462859,67,100/87/88/94/100/99/98/95/100/93/68/67/100/100/100/83,co2:87;hcho:95;tvoc:67;temperature:100;humidity:83,0481,0015,0014,28,50,co2:true;hcho:false;tvoc:false;temperature:true;humidity:false,false,confidence_below_threshold,true,false
capture_0745,/home/mpetrick/repos/esp32-fever-dream/tools/dataset/captures/live_surveillance_20260629T1003Z/capture_0745.jpg,0486,0016,0036,28,59,0486001600362859,60,100/90/90/66/100/100/98/60/100/93/100/92/100/100/100/86,co2:66;hcho:60;tvoc:92;temperature:100;humidity:86,0486,0008,0036,28,50,co2:true;hcho:false;tvoc:true;temperature:true;humidity:false,false,confidence_below_threshold,true,false
capture_0746,/home/mpetrick/repos/esp32-fever-dream/tools/dataset/captures/live_surveillance_20260629T1003Z/capture_0746.jpg,0781,0014,0047,28,59,0781001400472859,52,100/87/52/75/100/100/66/100/100/72/96/96/100/100/100/99,co2:52;hcho:66;tvoc:72;temperature:100;humidity:99,0481,0014,0047,28,50,co2:false;hcho:true;tvoc:true;temperature:true;humidity:false,false,confidence_below_threshold,true,false
capture_0747,/home/mpetrick/repos/esp32-fever-dream/tools/dataset/captures/live_surveillance_20260629T1003Z/capture_0747.jpg,0481,0012,0030,28,59,0481001200302859,89,100/95/89/93/100/98/98/100/100/94/100/100/100/100/100/90,co2:89;hcho:98;tvoc:94;temperature:100;humidity:90,0481,0012,0030,28,50,co2:true;hcho:true;tvoc:true;temperature:true;humidity:false,true,,true,false
capture_0748,/home/mpetrick/repos/esp32-fever-dream/tools/dataset/captures/live_surveillance_20260629T1003Z/capture_0748.jpg,0481,0017,0042,28,59,0481001700422859,63,100/94/88/96/100/99/98/63/100/91/72/100/100/100/100/88,co2:88;hcho:63;tvoc:72;temperature:100;humidity:88,0481,0017,0042,28,50,co2:true;hcho:true;tvoc:true;temperature:true;humidity:false,false,confidence_below_threshold,true,false
capture_0749,/home/mpetrick/repos/esp32-fever-dream/tools/dataset/captures/live_surveillance_20260629T1003Z/capture_0749.jpg,0481,0017,0036,28,59,0481001700362859,65,100/90/89/94/100/99/98/65/100/94/99/93/100/100/100/81,co2:89;hcho:65;tvoc:93;temperature:100;humidity:81,0481,0011,0036,28,50,co2:true;hcho:false;tvoc:true;temperature:true;humidity:false,false,confidence_below_threshold,true,false
capture_0751,/home/mpetrick/repos/esp32-fever-dream/tools/dataset/captures/live_surveillance_20260629T1003Z/capture_0751.jpg,0481,0013,0033,28,59,0481001300332859,84,100/95/89/94/100/99/98/98/100/91/99/100/100/100/100/84,co2:89;hcho:98;tvoc:91;temperature:100;humidity:84,0481,0013,0033,28,50,co2:true;hcho:true;tvoc:true;temperature:true;humidity:false,false,confidence_below_threshold,true,false
capture_0752,/home/mpetrick/repos/esp32-fever-dream/tools/dataset/captures/live_surveillance_20260629T1003Z/capture_0752.jpg,0514,0016,0036,28,49,0514001600362849,64,100/92/93/76/100/98/98/64/100/95/100/92/100/100/100/99,co2:76;hcho:64;tvoc:92;temperature:100;humidity:99,0514,0006,0036,28,49,co2:true;hcho:false;tvoc:true;temperature:true;humidity:true,false,confidence_below_threshold,true,false
capture_0753,/home/mpetrick/repos/esp32-fever-dream/tools/dataset/captures/live_surveillance_20260629T1003Z/capture_0753.jpg,0519,0012,0028,28,49,0519001200282849,59,100/92/92/59/100/99/98/100/100/94/74/69/100/100/100/99,co2:59;hcho:98;tvoc:69;temperature:100;humidity:99,0519,0012,0028,28,49,co2:true;hcho:true;tvoc:true;temperature:true;humidity:true,false,confidence_below_threshold,true,false
capture_0754,/home/mpetrick/repos/esp32-fever-dream/tools/dataset/captures/live_surveillance_20260629T1003Z/capture_0754.jpg,0514,0012,0050,28,49,0514001200502849,76,100/91/92/76/100/99/98/100/100/89/89/99/100/100/100/99,co2:76;hcho:98;tvoc:89;temperature:100;humidity:99,0514,0002,0050,28,49,co2:true;hcho:false;tvoc:true;temperature:true;humidity:true,false,confidence_below_threshold,true,false
capture_0755,/home/mpetrick/repos/esp32-fever-dream/tools/dataset/captures/live_surveillance_20260629T1003Z/capture_0755.jpg,0519,0017,0039,28,49,0519001700392849,56,100/91/92/56/100/99/98/63/100/89/100/100/100/100/100/99,co2:56;hcho:63;tvoc:89;temperature:100;humidity:99,0519,0017,0039,28,49,co2:true;hcho:true;tvoc:true;temperature:true;humidity:true,false,confidence_below_threshold,true,false
capture_0756,/home/mpetrick/repos/esp32-fever-dream/tools/dataset/captures/live_surveillance_20260629T1003Z/capture_0756.jpg,0519,0017,0033,28,49,0519001700332849,55,100/92/94/55/100/98/98/63/100/95/100/100/100/100/100/99,co2:55;hcho:63;tvoc:95;temperature:100;humidity:99,0519,0011,0033,28,49,co2:true;hcho:false;tvoc:true;temperature:true;humidity:true,false,confidence_below_threshold,true,false
capture_0757,/home/mpetrick/repos/esp32-fever-dream/tools/dataset/captures/live_surveillance_20260629T1003Z/capture_0757.jpg,0514,0019,0042,28,49,0514001900422849,34,100/91/93/72/100/99/98/34/100/95/83/100/100/100/100/98,co2:72;hcho:34;tvoc:83;temperature:100;humidity:98,0514,0005,0042,28,49,co2:true;hcho:false;tvoc:true;temperature:true;humidity:true,false,confidence_below_threshold,true,false
capture_0758,/home/mpetrick/repos/esp32-fever-dream/tools/dataset/captures/live_surveillance_20260629T1003Z/capture_0758.jpg,0586,0013,0036,28,49,0586001300362849,38,100/91/38/65/100/98/98/98/100/94/99/89/100/100/100/99,co2:38;hcho:98;tvoc:89;temperature:100;humidity:99,0508,0013,0036,28,49,co2:false;hcho:true;tvoc:true;temperature:true;humidity:true,false,confidence_below_threshold,true,false
capture_0759,/home/mpetrick/repos/esp32-fever-dream/tools/dataset/captures/live_surveillance_20260629T1003Z/capture_0759.jpg,0456,0016,0036,28,49,0456001600362849,59,100/95/59/60/100/99/98/64/100/96/100/91/100/100/100/99,co2:59;hcho:64;tvoc:91;temperature:100;humidity:99,0492,0006,0036,28,49,co2:false;hcho:false;tvoc:true;temperature:true;humidity:true,false,confidence_below_threshold,true,false
capture_0760,/home/mpetrick/repos/esp32-fever-dream/tools/dataset/captures/live_surveillance_20260629T1003Z/capture_0760.jpg,0780,0012,0026,28,49,0780001200262849,52,100/86/52/61/100/100/68/96/100/77/97/98/100/100/100/100,co2:52;hcho:68;tvoc:77;temperature:100;humidity:100,0486,0002,0028,28,49,co2:false;hcho:false;tvoc:false;temperature:true;humidity:true,false,confidence_below_threshold,true,false
capture_0761,/home/mpetrick/repos/esp32-fever-dream/tools/dataset/captures/live_surveillance_20260629T1003Z/capture_0761.jpg,0481,0013,0050,28,49,0481001300502849,89,100/97/89/94/100/99/98/98/100/90/91/100/100/100/100/99,co2:89;hcho:98;tvoc:90;temperature:100;humidity:99,0481,0013,0050,28,49,co2:true;hcho:true;tvoc:true;temperature:true;humidity:true,true,,true,true
capture_0763,/home/mpetrick/repos/esp32-fever-dream/tools/dataset/captures/live_surveillance_20260629T1003Z/capture_0763.jpg,0486,0016,0033,28,49,0486001600332849,58,100/95/87/66/100/100/98/58/100/92/99/100/100/100/100/99,co2:66;hcho:58;tvoc:92;temperature:100;humidity:99,0486,0008,0033,28,49,co2:true;hcho:false;tvoc:true;temperature:true;humidity:true,false,confidence_below_threshold,true,false
capture_0764,/home/mpetrick/repos/esp32-fever-dream/tools/dataset/captures/live_surveillance_20260629T1003Z/capture_0764.jpg,0481,0014,0047,28,49,0481001400472849,78,100/92/88/92/100/99/98/99/100/94/78/100/100/100/100/99,co2:88;hcho:98;tvoc:78;temperature:100;humidity:99,0481,0014,0047,28,49,co2:true;hcho:true;tvoc:true;temperature:true;humidity:true,false,confidence_below_threshold,true,false
capture_0765,/home/mpetrick/repos/esp32-fever-dream/tools/dataset/captures/live_surveillance_20260629T1003Z/capture_0765.jpg,0481,0013,0030,28,49,0481001300302849,89,100/90/89/95/100/99/98/99/100/93/100/100/100/100/100/98,co2:89;hcho:98;tvoc:93;temperature:100;humidity:98,0481,0013,0030,28,49,co2:true;hcho:true;tvoc:true;temperature:true;humidity:true,true,,true,true
capture_0766,/home/mpetrick/repos/esp32-fever-dream/tools/dataset/captures/live_surveillance_20260629T1003Z/capture_0766.jpg,0481,0016,0047,28,49,0481001600472849,63,100/91/89/94/100/98/98/68/100/94/63/100/100/100/100/99,co2:89;hcho:68;tvoc:63;temperature:100;humidity:99,0481,0006,0017,28,49,co2:true;hcho:false;tvoc:false;temperature:true;humidity:true,false,confidence_below_threshold,true,false
capture_0767,/home/mpetrick/repos/esp32-fever-dream/tools/dataset/captures/live_surveillance_20260629T1003Z/capture_0767.jpg,0486,0012,0033,28,49,0486001200332849,65,100/94/88/65/100/99/97/100/100/90/100/100/100/100/100/99,co2:65;hcho:97;tvoc:90;temperature:100;humidity:99,0486,0012,0033,28,49,co2:true;hcho:true;tvoc:true;temperature:true;humidity:true,false,confidence_below_threshold,true,false
capture_0768,/home/mpetrick/repos/esp32-fever-dream/tools/dataset/captures/live_surveillance_20260629T1003Z/capture_0768.jpg,0586,0013,0036,28,49,0586001300362849,38,100/91/38/61/100/99/98/99/100/92/100/89/100/100/100/99,co2:38;hcho:98;tvoc:89;temperature:100;humidity:99,0508,0013,0036,28,49,co2:false;hcho:true;tvoc:true;temperature:true;humidity:true,false,confidence_below_threshold,true,false
capture_0770,/home/mpetrick/repos/esp32-fever-dream/tools/dataset/captures/live_surveillance_20260629T1003Z/capture_0770.jpg,0919,0012,0050,28,49,0919001200502849,39,100/88/61/39/100/100/57/43/100/81/92/89/100/100/100/100,co2:39;hcho:43;tvoc:81;temperature:100;humidity:100,0519,0008,0050,28,49,co2:false;hcho:false;tvoc:true;temperature:true;humidity:true,false,confidence_below_threshold,true,false
capture_0771,/home/mpetrick/repos/esp32-fever-dream/tools/dataset/captures/live_surveillance_20260629T1003Z/capture_0771.jpg,0589,0014,0039,28,49,0589001400392849,43,100/94/43/71/100/99/98/98/100/96/100/100/100/100/100/99,co2:43;hcho:98;tvoc:96;temperature:100;humidity:99,0525,0014,0039,28,49,co2:false;hcho:true;tvoc:true;temperature:true;humidity:true,false,confidence_below_threshold,true,false
capture_0773,/home/mpetrick/repos/esp32-fever-dream/tools/dataset/captures/live_surveillance_20260629T1003Z/capture_0773.jpg,0536,0017,0047,28,49,0536001700472849,59,100/94/66/59/100/97/98/73/100/98/74/100/100/100/100/100,co2:59;hcho:73;tvoc:74;temperature:100;humidity:100,0530,0017,0047,28,49,co2:false;hcho:true;tvoc:true;temperature:true;humidity:true,false,confidence_below_threshold,true,false
capture_0774,/home/mpetrick/repos/esp32-fever-dream/tools/dataset/captures/live_surveillance_20260629T1003Z/capture_0774.jpg,0929,0014,0042,28,49,0929001400422849,54,100/86/54/59/100/100/54/100/100/80/95/100/100/100/100/100,co2:54;hcho:54;tvoc:80;temperature:100;humidity:100,0563,0014,0042,28,49,co2:false;hcho:true;tvoc:true;temperature:true;humidity:true,false,confidence_below_threshold,true,false
capture_0775,/home/mpetrick/repos/esp32-fever-dream/tools/dataset/captures/live_surveillance_20260629T1003Z/capture_0775.jpg,0536,0019,0042,28,49,0536001900422849,34,100/95/63/49/100/98/98/34/100/98/73/100/100/100/100/99,co2:49;hcho:34;tvoc:73;temperature:100;humidity:99,0558,0015,0042,28,49,co2:false;hcho:false;tvoc:true;temperature:true;humidity:true,false,confidence_below_threshold,true,false
capture_0776,/home/mpetrick/repos/esp32-fever-dream/tools/dataset/captures/live_surveillance_20260629T1003Z/capture_0776.jpg,0583,0013,0042,28,49,0583001300422849,52,100/94/52/71/100/97/97/97/100/97/74/100/100/100/100/99,co2:52;hcho:97;tvoc:74;temperature:100;humidity:99,0563,0013,0042,28,49,co2:false;hcho:true;tvoc:true;temperature:true;humidity:true,false,confidence_below_threshold,true,false
capture_0778,/home/mpetrick/repos/esp32-fever-dream/tools/dataset/captures/live_surveillance_20260629T1003Z/capture_0778.jpg,0583,0016,0047,28,49,0583001600472849,52,100/95/52/72/100/96/98/70/100/98/70/100/100/100/100/99,co2:52;hcho:70;tvoc:70;temperature:100;humidity:99,0569,0006,0017,28,49,co2:false;hcho:false;tvoc:false;temperature:true;humidity:true,false,confidence_below_threshold,true,false
capture_0781,/home/mpetrick/repos/esp32-fever-dream/tools/dataset/captures/live_surveillance_20260629T1003Z/capture_0781.jpg,0514,0017,0047,28,49,0514001700472849,71,100/94/94/76/100/98/98/76/100/98/71/100/100/100/100/100,co2:76;hcho:76;tvoc:71;temperature:100;humidity:100,0574,0017,0047,28,49,co2:false;hcho:true;tvoc:true;temperature:true;humidity:true,false,confidence_below_threshold,true,false
capture_0782,/home/mpetrick/repos/esp32-fever-dream/tools/dataset/captures/live_surveillance_20260629T1003Z/capture_0782.jpg,0920,0019,0053,28,49,0920001900532849,61,100/87/61/61/100/100/72/82/100/82/87/100/100/100/100/100,co2:61;hcho:72;tvoc:82;temperature:100;humidity:100,0580,0018,0053,28,49,co2:false;hcho:false;tvoc:true;temperature:true;humidity:true,false,confidence_below_threshold,true,false
capture_0783,/home/mpetrick/repos/esp32-fever-dream/tools/dataset/captures/live_surveillance_20260629T1003Z/capture_0783.jpg,0514,0016,0050,28,49,0514001600502849,67,100/92/95/72/100/98/98/67/100/98/83/99/100/100/100/99,co2:72;hcho:67;tvoc:83;temperature:100;humidity:99,0574,0008,0050,28,49,co2:false;hcho:false;tvoc:true;temperature:true;humidity:true,false,confidence_below_threshold,true,false
capture_0784,/home/mpetrick/repos/esp32-fever-dream/tools/dataset/captures/live_surveillance_20260629T1003Z/capture_0784.jpg,0514,0017,0047,28,49,0514001700472849,71,100/92/93/76/100/98/97/71/100/98/72/100/100/100/100/100,co2:76;hcho:71;tvoc:72;temperature:100;humidity:100,0574,0017,0047,28,49,co2:false;hcho:true;tvoc:true;temperature:true;humidity:true,false,confidence_below_threshold,true,false
capture_0785,/home/mpetrick/repos/esp32-fever-dream/tools/dataset/captures/live_surveillance_20260629T1003Z/capture_0785.jpg,0514,0019,0050,28,49,0514001900502849,33,100/93/94/74/100/98/98/33/100/97/89/99/100/100/100/99,co2:74;hcho:33;tvoc:89;temperature:100;humidity:99,0574,0013,0050,28,49,co2:false;hcho:false;tvoc:true;temperature:true;humidity:true,false,confidence_below_threshold,true,false
capture_0787,/home/mpetrick/repos/esp32-fever-dream/tools/dataset/captures/live_surveillance_20260629T1003Z/capture_0787.jpg,0619,0024,0067,28,49,0619002400672849,59,100/96/94/59/100/99/99/98/100/96/88/100/100/100/100/100,co2:59;hcho:98;tvoc:88;temperature:100;humidity:100,0613,0024,0067,28,49,co2:false;hcho:true;tvoc:true;temperature:true;humidity:true,false,confidence_below_threshold,true,false
capture_0788,/home/mpetrick/repos/esp32-fever-dream/tools/dataset/captures/live_surveillance_20260629T1003Z/capture_0788.jpg,0618,0025,0067,28,49,0618002500672849,79,100/96/93/93/100/99/98/100/100/95/79/100/100/100/100/100,co2:93;hcho:98;tvoc:79;temperature:100;humidity:100,0618,0025,0067,28,49,co2:true;hcho:true;tvoc:true;temperature:true;humidity:true,false,confidence_below_threshold,true,false
capture_0789,/home/mpetrick/repos/esp32-fever-dream/tools/dataset/captures/live_surveillance_20260629T1003Z/capture_0789.jpg,0618,0025,0070,28,49,0618002500702849,92,100/96/92/93/100/99/99/100/100/97/100/100/100/100/100/99,co2:92;hcho:99;tvoc:97;temperature:100;humidity:99,0618,0025,0070,28,49,co2:true;hcho:true;tvoc:true;temperature:true;humidity:true,true,,true,true
capture_0790,/home/mpetrick/repos/esp32-fever-dream/tools/dataset/captures/live_surveillance_20260629T1003Z/capture_0790.jpg,0618,0025,0070,28,49,0618002500702849,92,100/96/92/93/100/99/99/100/100/97/100/100/100/100/100/100,co2:92;hcho:99;tvoc:97;temperature:100;humidity:100,0618,0025,0070,28,49,co2:true;hcho:true;tvoc:true;temperature:true;humidity:true,true,,true,true
capture_0791,/home/mpetrick/repos/esp32-fever-dream/tools/dataset/captures/live_surveillance_20260629T1003Z/capture_0791.jpg,0618,0025,0070,28,49,0618002500702849,92,100/94/92/93/100/99/99/100/100/96/100/100/100/100/100/99,co2:92;hcho:99;tvoc:96;temperature:100;humidity:99,0618,0025,0070,28,49,co2:true;hcho:true;tvoc:true;temperature:true;humidity:true,true,,true,true
capture_0792,/home/mpetrick/repos/esp32-fever-dream/tools/dataset/captures/live_surveillance_20260629T1003Z/capture_0792.jpg,0618,0025,0070,28,49,0618002500702849,92,100/94/92/95/100/98/99/100/100/96/100/100/100/100/100/99,co2:92;hcho:98;tvoc:96;temperature:100;humidity:99,0618,0025,0070,28,49,co2:true;hcho:true;tvoc:true;temperature:true;humidity:true,true,,true,true
capture_0793,/home/mpetrick/repos/esp32-fever-dream/tools/dataset/captures/live_surveillance_20260629T1003Z/capture_0793.jpg,0618,0025,0070,28,49,0618002500702849,93,100/96/93/94/100/98/99/100/100/96/100/100/100/100/100/99,co2:93;hcho:98;tvoc:96;temperature:100;humidity:99,0618,0025,0070,28,49,co2:true;hcho:true;tvoc:true;temperature:true;humidity:true,true,,true,true
capture_0794,/home/mpetrick/repos/esp32-fever-dream/tools/dataset/captures/live_surveillance_20260629T1003Z/capture_0794.jpg,0618,0025,0070,28,49,0618002500702849,92,100/96/92/93/100/98/99/100/100/93/100/100/100/100/100/99,co2:92;hcho:98;tvoc:93;temperature:100;humidity:99,0618,0025,0070,28,49,co2:true;hcho:true;tvoc:true;temperature:true;humidity:true,true,,true,true
capture_0795,/home/mpetrick/repos/esp32-fever-dream/tools/dataset/captures/live_surveillance_20260629T1003Z/capture_0795.jpg,0618,0025,0070,28,49,0618002500702849,91,100/94/91/93/100/99/99/100/100/97/100/100/100/100/100/99,co2:91;hcho:99;tvoc:97;temperature:100;humidity:99,0618,0025,0070,28,49,co2:true;hcho:true;tvoc:true;temperature:true;humidity:true,true,,true,true
capture_0796,/home/mpetrick/repos/esp32-fever-dream/tools/dataset/captures/live_surveillance_20260629T1003Z/capture_0796.jpg,0618,0025,0070,28,49,0618002500702849,92,100/96/92/92/100/99/99/100/100/95/100/100/100/100/100/99,co2:92;hcho:99;tvoc:95;temperature:100;humidity:99,0618,0025,0070,28,49,co2:true;hcho:true;tvoc:true;temperature:true;humidity:true,true,,true,true
capture_0797,/home/mpetrick/repos/esp32-fever-dream/tools/dataset/captures/live_surveillance_20260629T1003Z/capture_0797.jpg,0618,0025,0070,28,49,0618002500702849,92,100/92/93/94/100/99/99/100/100/94/100/100/100/100/100/99,co2:92;hcho:99;tvoc:94;temperature:100;humidity:99,0618,0025,0070,28,49,co2:true;hcho:true;tvoc:true;temperature:true;humidity:true,true,,true,true
capture_0798,/home/mpetrick/repos/esp32-fever-dream/tools/dataset/captures/live_surveillance_20260629T1003Z/capture_0798.jpg,0618,0025,0070,28,49,0618002500702849,94,100/94/94/94/100/98/99/100/100/96/100/100/100/100/100/98,co2:94;hcho:98;tvoc:96;temperature:100;humidity:98,0618,0025,0070,28,49,co2:true;hcho:true;tvoc:true;temperature:true;humidity:true,true,,true,true
capture_0799,/home/mpetrick/repos/esp32-fever-dream/tools/dataset/captures/live_surveillance_20260629T1003Z/capture_0799.jpg,0618,0025,0070,28,49,0618002500702849,91,100/96/91/94/100/98/99/100/100/96/100/100/100/100/100/99,co2:91;hcho:98;tvoc:96;temperature:100;humidity:99,0618,0025,0070,28,49,co2:true;hcho:true;tvoc:true;temperature:true;humidity:true,true,,true,true
capture_0800,/home/mpetrick/repos/esp32-fever-dream/tools/dataset/captures/live_surveillance_20260629T1003Z/capture_0800.jpg,0618,0025,0070,28,49,0618002500702849,92,100/96/92/94/100/99/99/100/100/92/100/100/100/100/100/98,co2:92;hcho:99;tvoc:92;temperature:100;humidity:98,0618,0025,0070,28,49,co2:true;hcho:true;tvoc:true;temperature:true;humidity:true,true,,true,true
capture_0801,/home/mpetrick/repos/esp32-fever-dream/tools/dataset/captures/live_surveillance_20260629T1003Z/capture_0801.jpg,0818,0025,0070,28,49,0818002500702849,54,100/93/57/54/100/100/89/98/100/76/96/100/100/100/100/100,co2:54;hcho:89;tvoc:76;temperature:100;humidity:100,0618,0025,0070,28,49,co2:false;hcho:true;tvoc:true;temperature:true;humidity:true,false,confidence_below_threshold,true,false
capture_0802,/home/mpetrick/repos/esp32-fever-dream/tools/dataset/captures/live_surveillance_20260629T1003Z/capture_0802.jpg,0618,0025,0070,28,49,0618002500702849,92,100/96/92/93/100/98/98/100/100/96/100/100/100/100/100/99,co2:92;hcho:98;tvoc:96;temperature:100;humidity:99,0618,0025,0070,28,49,co2:true;hcho:true;tvoc:true;temperature:true;humidity:true,true,,true,true
capture_0803,/home/mpetrick/repos/esp32-fever-dream/tools/dataset/captures/live_surveillance_20260629T1003Z/capture_0803.jpg,0818,0025,0070,28,49,0818002500702849,54,100/93/54/56/100/100/87/98/100/79/98/100/100/100/100/100,co2:54;hcho:87;tvoc:79;temperature:100;humidity:100,0618,0025,0070,28,49,co2:false;hcho:true;tvoc:true;temperature:true;humidity:true,false,confidence_below_threshold,true,false
capture_0804,/home/mpetrick/repos/esp32-fever-dream/tools/dataset/captures/live_surveillance_20260629T1003Z/capture_0804.jpg,0818,0025,0070,28,49,0818002500702849,51,100/92/55/51/100/100/87/99/100/74/97/100/100/100/100/100,co2:51;hcho:87;tvoc:74;temperature:100;humidity:100,0618,0025,0070,28,49,co2:false;hcho:true;tvoc:true;temperature:true;humidity:true,false,confidence_below_threshold,true,false
capture_0805,/home/mpetrick/repos/esp32-fever-dream/tools/dataset/captures/live_surveillance_20260629T1003Z/capture_0805.jpg,0618,0025,0070,28,49,0618002500702849,94,100/94/94/94/100/99/99/100/100/95/100/100/100/100/100/99,co2:94;hcho:99;tvoc:95;temperature:100;humidity:99,0618,0025,0070,28,49,co2:true;hcho:true;tvoc:true;temperature:true;humidity:true,true,,true,true
capture_0806,/home/mpetrick/repos/esp32-fever-dream/tools/dataset/captures/live_surveillance_20260629T1003Z/capture_0806.jpg,0618,0025,0070,28,49,0618002500702849,89,100/95/89/93/100/99/99/100/100/94/100/100/100/100/100/99,co2:89;hcho:99;tvoc:94;temperature:100;humidity:99,0618,0025,0070,28,49,co2:true;hcho:true;tvoc:true;temperature:true;humidity:true,true,,true,true
capture_0807,/home/mpetrick/repos/esp32-fever-dream/tools/dataset/captures/live_surveillance_20260629T1003Z/capture_0807.jpg,0818,0025,0070,28,49,0818002500702849,52,100/92/54/52/100/100/89/98/100/70/97/100/100/100/100/100,co2:52;hcho:89;tvoc:70;temperature:100;humidity:100,0618,0025,0070,28,49,co2:false;hcho:true;tvoc:true;temperature:true;humidity:true,false,confidence_below_threshold,true,false
capture_0808,/home/mpetrick/repos/esp32-fever-dream/tools/dataset/captures/live_surveillance_20260629T1003Z/capture_0808.jpg,0618,0025,0070,28,49,0618002500702849,90,100/94/92/94/100/99/99/100/100/90/100/100/100/100/100/99,co2:92;hcho:99;tvoc:90;temperature:100;humidity:99,0618,0025,0070,28,49,co2:true;hcho:true;tvoc:true;temperature:true;humidity:true,true,,true,true
capture_0809,/home/mpetrick/repos/esp32-fever-dream/tools/dataset/captures/live_surveillance_20260629T1003Z/capture_0809.jpg,0618,0025,0070,28,49,0618002500702849,91,100/96/91/94/100/100/99/100/100/95/100/100/100/100/100/99,co2:91;hcho:99;tvoc:95;temperature:100;humidity:99,0618,0025,0070,28,49,co2:true;hcho:true;tvoc:true;temperature:true;humidity:true,true,,true,true
capture_0810,/home/mpetrick/repos/esp32-fever-dream/tools/dataset/captures/live_surveillance_20260629T1003Z/capture_0810.jpg,0618,0025,0070,28,49,0618002500702849,92,100/92/92/93/100/98/98/100/100/96/100/100/100/100/100/99,co2:92;hcho:98;tvoc:96;temperature:100;humidity:99,0618,0025,0070,28,49,co2:true;hcho:true;tvoc:true;temperature:true;humidity:true,true,,true,true
capture_0811,/home/mpetrick/repos/esp32-fever-dream/tools/dataset/captures/live_surveillance_20260629T1003Z/capture_0811.jpg,0618,0025,0070,28,49,0618002500702849,92,100/93/92/94/100/98/99/100/100/95/100/100/100/100/100/98,co2:92;hcho:98;tvoc:95;temperature:100;humidity:98,0618,0025,0070,28,49,co2:true;hcho:true;tvoc:true;temperature:true;humidity:true,true,,true,true
capture_0812,/home/mpetrick/repos/esp32-fever-dream/tools/dataset/captures/live_surveillance_20260629T1003Z/capture_0812.jpg,0818,0025,0070,28,49,0818002500702849,48,100/92/57/48/100/100/90/98/100/74/97/100/100/100/100/100,co2:48;hcho:90;tvoc:74;temperature:100;humidity:100,0618,0025,0070,28,49,co2:false;hcho:true;tvoc:true;temperature:true;humidity:true,false,confidence_below_threshold,true,false
capture_0813,/home/mpetrick/repos/esp32-fever-dream/tools/dataset/captures/live_surveillance_20260629T1003Z/capture_0813.jpg,0618,0025,0070,28,49,0618002500702849,92,100/93/92/94/100/99/99/100/100/94/100/100/100/100/100/99,co2:92;hcho:99;tvoc:94;temperature:100;humidity:99,0618,0025,0070,28,49,co2:true;hcho:true;tvoc:true;temperature:true;humidity:true,true,,true,true
capture_0814,/home/mpetrick/repos/esp32-fever-dream/tools/dataset/captures/live_surveillance_20260629T1003Z/capture_0814.jpg,0604,0026,0072,28,49,0604002600722849,36,100/92/36/96/100/98/99/98/100/95/100/100/100/100/100/99,co2:36;hcho:98;tvoc:95;temperature:100;humidity:99,0624,0026,0072,28,49,co2:false;hcho:true;tvoc:true;temperature:true;humidity:true,false,confidence_below_threshold,true,false
capture_0815,/home/mpetrick/repos/esp32-fever-dream/tools/dataset/captures/live_surveillance_20260629T1003Z/capture_0815.jpg,0618,0025,0070,28,49,0618002500702849,94,100/94/94/96/100/98/99/100/100/94/100/100/100/100/100/98,co2:94;hcho:98;tvoc:94;temperature:100;humidity:98,0618,0025,0070,28,49,co2:true;hcho:true;tvoc:true;temperature:true;humidity:true,true,,true,true
capture_0816,/home/mpetrick/repos/esp32-fever-dream/tools/dataset/captures/live_surveillance_20260629T1003Z/capture_0816.jpg,0604,0025,0070,28,49,0604002500702849,33,100/94/33/95/100/99/98/100/100/93/100/100/100/100/100/99,co2:33;hcho:98;tvoc:93;temperature:100;humidity:99,0624,0025,0070,28,49,co2:false;hcho:true;tvoc:true;temperature:true;humidity:true,false,confidence_below_threshold,true,false
capture_0817,/home/mpetrick/repos/esp32-fever-dream/tools/dataset/captures/live_surveillance_20260629T1003Z/capture_0817.jpg,0604,0026,0070,28,49,0604002600702849,40,100/92/40/94/100/99/99/97/100/93/100/100/100/100/100/99,co2:40;hcho:97;tvoc:93;temperature:100;humidity:99,0624,0026,0070,28,49,co2:false;hcho:true;tvoc:true;temperature:true;humidity:true,false,confidence_below_threshold,true,false
capture_0818,/home/mpetrick/repos/esp32-fever-dream/tools/dataset/captures/live_surveillance_20260629T1003Z/capture_0818.jpg,0609,0027,0075,28,49,0609002700752849,31,100/94/31/75/100/98/99/92/100/94/100/71/100/100/100/99,co2:31;hcho:92;tvoc:71;temperature:100;humidity:99,0629,0027,0075,28,49,co2:false;hcho:true;tvoc:true;temperature:true;humidity:true,false,confidence_below_threshold,true,false
capture_0819,/home/mpetrick/repos/esp32-fever-dream/tools/dataset/captures/live_surveillance_20260629T1003Z/capture_0819.jpg,0609,0027,0075,28,49,0609002700752849,33,100/94/33/77/100/99/98/94/100/93/100/62/100/100/100/98,co2:33;hcho:94;tvoc:62;temperature:100;humidity:98,0629,0027,0075,28,49,co2:false;hcho:true;tvoc:true;temperature:true;humidity:true,false,confidence_below_threshold,true,false
capture_0820,/home/mpetrick/repos/esp32-fever-dream/tools/dataset/captures/live_surveillance_20260629T1003Z/capture_0820.jpg,0609,0027,0078,28,49,0609002700782849,31,100/94/31/73/100/99/99/92/100/93/100/95/100/100/100/99,co2:31;hcho:92;tvoc:93;temperature:100;humidity:99,0629,0027,0078,28,49,co2:false;hcho:true;tvoc:true;temperature:true;humidity:true,false,confidence_below_threshold,true,false
capture_0826,/home/mpetrick/repos/esp32-fever-dream/tools/dataset/captures/live_surveillance_20260629T1003Z/capture_0826.jpg,0633,0037,0066,28,49,0633003700662849,58,100/94/60/65/100/99/97/92/100/94/87/58/100/100/100/99,co2:60;hcho:92;tvoc:58;temperature:100;humidity:99,0695,0037,0036,28,49,co2:false;hcho:true;tvoc:false;temperature:true;humidity:true,false,confidence_below_threshold,true,false
capture_0830,/home/mpetrick/repos/esp32-fever-dream/tools/dataset/captures/live_surveillance_20260629T1003Z/capture_0830.jpg,0780,0041,0014,28,49,0780004100142849,52,100/92/52/68/100/100/94/99/100/72/69/99/100/100/100/100,co2:52;hcho:94;tvoc:69;temperature:100;humidity:100,0706,0041,0014,28,49,co2:false;hcho:true;tvoc:true;temperature:true;humidity:true,false,confidence_below_threshold,true,false
capture_0831,/home/mpetrick/repos/esp32-fever-dream/tools/dataset/captures/live_surveillance_20260629T1003Z/capture_0831.jpg,0786,0041,0014,28,49,0786004100142849,64,100/85/88/64/100/99/85/84/100/96/97/98/100/100/100/99,co2:64;hcho:84;tvoc:96;temperature:100;humidity:99,0706,0041,0014,28,49,co2:false;hcho:true;tvoc:true;temperature:true;humidity:true,false,confidence_below_threshold,true,false
capture_0832,/home/mpetrick/repos/esp32-fever-dream/tools/dataset/captures/live_surveillance_20260629T1003Z/capture_0832.jpg,0780,0041,0014,28,49,0780004100142849,52,100/92/52/67/100/100/96/99/100/70/69/99/100/100/100/100,co2:52;hcho:96;tvoc:69;temperature:100;humidity:100,0706,0041,0014,28,49,co2:false;hcho:true;tvoc:true;temperature:true;humidity:true,false,confidence_below_threshold,true,false
capture_0833,/home/mpetrick/repos/esp32-fever-dream/tools/dataset/captures/live_surveillance_20260629T1003Z/capture_0833.jpg,0786,0041,0014,28,49,0786004100142849,74,100/84/89/74/100/100/85/78/100/94/97/98/100/100/100/98,co2:74;hcho:78;tvoc:94;temperature:100;humidity:98,0706,0041,0014,28,49,co2:false;hcho:true;tvoc:true;temperature:true;humidity:true,false,confidence_below_threshold,true,false
capture_0837,/home/mpetrick/repos/esp32-fever-dream/tools/dataset/captures/live_surveillance_20260629T1003Z/capture_0837.jpg,0786,0041,0014,28,49,0786004100142849,68,100/81/87/68/100/98/80/81/100/91/97/98/100/100/100/99,co2:68;hcho:80;tvoc:91;temperature:100;humidity:99,0706,0000,0014,28,49,co2:false;hcho:false;tvoc:true;temperature:true;humidity:true,false,confidence_below_threshold,true,false
capture_0838,/home/mpetrick/repos/esp32-fever-dream/tools/dataset/captures/live_surveillance_20260629T1003Z/capture_0838.jpg,0780,0041,0014,28,49,0780004100142849,54,100/91/54/68/100/100/96/100/100/76/71/99/100/100/100/100,co2:54;hcho:96;tvoc:71;temperature:100;humidity:100,0706,0000,0014,28,49,co2:false;hcho:false;tvoc:true;temperature:true;humidity:true,false,confidence_below_threshold,true,false
capture_0840,/home/mpetrick/repos/esp32-fever-dream/tools/dataset/captures/live_surveillance_20260629T1003Z/capture_0840.jpg,0780,0041,0014,28,49,0780004100142849,55,100/90/55/65/100/100/96/99/100/74/66/98/100/100/100/100,co2:55;hcho:96;tvoc:66;temperature:100;humidity:100,0706,0000,0014,28,49,co2:false;hcho:false;tvoc:true;temperature:true;humidity:true,false,confidence_below_threshold,true,false
capture_0841,/home/mpetrick/repos/esp32-fever-dream/tools/dataset/captures/live_surveillance_20260629T1003Z/capture_0841.jpg,0786,0041,0014,28,49,0786004100142849,69,100/87/88/69/100/99/77/83/100/93/96/98/100/100/100/99,co2:69;hcho:77;tvoc:93;temperature:100;humidity:99,0706,0000,0014,28,49,co2:false;hcho:false;tvoc:true;temperature:true;humidity:true,false,confidence_below_threshold,true,false
capture_0842,/home/mpetrick/repos/esp32-fever-dream/tools/dataset/captures/live_surveillance_20260629T1003Z/capture_0842.jpg,0780,0041,0014,28,49,0780004100142849,54,100/92/54/65/100/100/96/99/100/72/67/98/100/100/100/100,co2:54;hcho:96;tvoc:67;temperature:100;humidity:100,0706,0000,0014,28,49,co2:false;hcho:false;tvoc:true;temperature:true;humidity:true,false,confidence_below_threshold,true,false
capture_0843,/home/mpetrick/repos/esp32-fever-dream/tools/dataset/captures/live_surveillance_20260629T1003Z/capture_0843.jpg,0780,0041,0014,28,49,0780004100142849,57,100/91/57/63/100/100/95/99/100/72/73/98/100/100/100/100,co2:57;hcho:95;tvoc:72;temperature:100;humidity:100,0706,0000,0014,28,49,co2:false;hcho:false;tvoc:true;temperature:true;humidity:true,false,confidence_below_threshold,true,false
capture_0845,/home/mpetrick/repos/esp32-fever-dream/tools/dataset/captures/live_surveillance_20260629T1003Z/capture_0845.jpg,0786,0041,0014,28,49,0786004100142849,69,100/78/89/69/100/99/79/85/100/91/97/98/100/100/100/98,co2:69;hcho:79;tvoc:91;temperature:100;humidity:98,0706,0000,0014,28,49,co2:false;hcho:false;tvoc:true;temperature:true;humidity:true,false,confidence_below_threshold,true,false
capture_0847,/home/mpetrick/repos/esp32-fever-dream/tools/dataset/captures/live_surveillance_20260629T1003Z/capture_0847.jpg,0786,0041,0014,28,49,0786004100142849,70,100/88/89/70/100/98/82/83/100/91/97/98/100/100/100/99,co2:70;hcho:82;tvoc:91;temperature:100;humidity:99,0706,0000,0014,28,49,co2:false;hcho:false;tvoc:true;temperature:true;humidity:true,false,confidence_below_threshold,true,false
capture_0852,/home/mpetrick/repos/esp32-fever-dream/tools/dataset/captures/live_surveillance_20260629T1003Z/capture_0852.jpg,0780,0041,0014,28,49,0780004100142849,57,100/90/57/70/100/100/97/99/100/75/75/99/100/100/100/100,co2:57;hcho:97;tvoc:75;temperature:100;humidity:100,0706,0041,0014,28,49,co2:false;hcho:true;tvoc:true;temperature:true;humidity:true,false,confidence_below_threshold,true,false
capture_0856,/home/mpetrick/repos/esp32-fever-dream/tools/dataset/captures/live_surveillance_20260629T1003Z/capture_0856.jpg,0780,0041,0014,28,49,0780004100142849,52,100/91/52/70/100/100/94/99/100/73/64/99/100/100/100/100,co2:52;hcho:94;tvoc:64;temperature:100;humidity:100,0706,0000,0014,28,49,co2:false;hcho:false;tvoc:true;temperature:true;humidity:true,false,confidence_below_threshold,true,false
capture_0857,/home/mpetrick/repos/esp32-fever-dream/tools/dataset/captures/live_surveillance_20260629T1003Z/capture_0857.jpg,0786,0041,0014,28,49,0786004100142849,70,100/83/88/70/100/99/74/81/100/95/97/99/100/100/100/99,co2:70;hcho:74;tvoc:95;temperature:100;humidity:99,0706,0000,0014,28,49,co2:false;hcho:false;tvoc:true;temperature:true;humidity:true,false,confidence_below_threshold,true,false
capture_0863,/home/mpetrick/repos/esp32-fever-dream/tools/dataset/captures/live_surveillance_20260629T1003Z/capture_0863.jpg,0786,0041,0014,28,49,0786004100142849,70,100/87/88/70/100/99/83/82/100/94/96/98/100/100/100/98,co2:70;hcho:82;tvoc:94;temperature:100;humidity:98,0706,0014,0014,28,49,co2:false;hcho:false;tvoc:true;temperature:true;humidity:true,false,confidence_below_threshold,true,false
capture_0864,/home/mpetrick/repos/esp32-fever-dream/tools/dataset/captures/live_surveillance_20260629T1003Z/capture_0864.jpg,0786,0041,0014,28,49,0786004100142849,74,100/84/90/74/100/98/82/81/100/94/97/98/100/100/100/99,co2:74;hcho:81;tvoc:94;temperature:100;humidity:99,0706,0000,0014,28,49,co2:false;hcho:false;tvoc:true;temperature:true;humidity:true,false,confidence_below_threshold,true,false
capture_0871,/home/mpetrick/repos/esp32-fever-dream/tools/dataset/captures/live_surveillance_20260629T1003Z/capture_0871.jpg,0783,0046,0026,28,49,0783004600262849,52,100/90/52/61/100/100/94/52/100/76/98/98/100/100/100/100,co2:52;hcho:52;tvoc:76;temperature:100;humidity:100,0723,0006,0026,28,49,co2:false;hcho:false;tvoc:true;temperature:true;humidity:true,false,confidence_below_threshold,true,false
capture_0872,/home/mpetrick/repos/esp32-fever-dream/tools/dataset/captures/live_surveillance_20260629T1003Z/capture_0872.jpg,0750,0046,0034,28,49,0750004600342849,48,100/93/90/67/100/100/95/48/100/73/100/100/100/100/100/100,co2:67;hcho:48;tvoc:73;temperature:100;humidity:100,0750,0000,0034,28,49,co2:true;hcho:false;tvoc:true;temperature:true;humidity:true,false,confidence_below_threshold,true,false
capture_0876,/home/mpetrick/repos/esp32-fever-dream/tools/dataset/captures/live_surveillance_20260629T1003Z/capture_0876.jpg,0756,0049,0037,28,49,0756004900372849,53,100/76/59/69/100/99/74/53/100/94/98/99/100/100/100/99,co2:59;hcho:53;tvoc:94;temperature:100;humidity:99,0750,0049,0037,28,49,co2:false;hcho:true;tvoc:true;temperature:true;humidity:true,false,confidence_below_threshold,true,false
capture_0877,/home/mpetrick/repos/esp32-fever-dream/tools/dataset/captures/live_surveillance_20260629T1003Z/capture_0877.jpg,0756,0049,0037,28,49,0756004900372849,51,100/84/59/64/100/98/81/51/100/90/96/99/100/100/100/98,co2:59;hcho:51;tvoc:90;temperature:100;humidity:98,0750,0048,0037,28,49,co2:false;hcho:false;tvoc:true;temperature:true;humidity:true,false,confidence_below_threshold,true,false
capture_0878,/home/mpetrick/repos/esp32-fever-dream/tools/dataset/captures/live_surveillance_20260629T1003Z/capture_0878.jpg,0756,0049,0037,28,49,0756004900372849,54,100/85/59/65/100/98/81/54/100/92/97/99/100/100/100/99,co2:59;hcho:54;tvoc:92;temperature:100;humidity:99,0750,0049,0037,28,49,co2:false;hcho:true;tvoc:true;temperature:true;humidity:true,false,confidence_below_threshold,true,false
capture_0879,/home/mpetrick/repos/esp32-fever-dream/tools/dataset/captures/live_surveillance_20260629T1003Z/capture_0879.jpg,0756,0049,0037,28,49,0756004900372849,53,100/85/56/67/100/98/78/53/100/95/98/99/100/100/100/99,co2:56;hcho:53;tvoc:95;temperature:100;humidity:99,0750,0049,0037,28,49,co2:false;hcho:true;tvoc:true;temperature:true;humidity:true,false,confidence_below_threshold,true,false
capture_0880,/home/mpetrick/repos/esp32-fever-dream/tools/dataset/captures/live_surveillance_20260629T1003Z/capture_0880.jpg,0756,0048,0037,28,49,0756004800372849,49,100/84/61/68/100/99/81/49/100/94/95/99/100/100/100/99,co2:61;hcho:49;tvoc:94;temperature:100;humidity:99,0750,0048,0037,28,49,co2:false;hcho:true;tvoc:true;temperature:true;humidity:true,false,confidence_below_threshold,true,false
capture_0881,/home/mpetrick/repos/esp32-fever-dream/tools/dataset/captures/live_surveillance_20260629T1003Z/capture_0881.jpg,0756,0049,0037,28,49,0756004900372849,51,100/87/51/64/100/99/82/56/100/92/98/99/100/100/100/100,co2:51;hcho:56;tvoc:92;temperature:100;humidity:100,0750,0048,0037,28,49,co2:false;hcho:false;tvoc:true;temperature:true;humidity:true,false,confidence_below_threshold,true,false
capture_0882,/home/mpetrick/repos/esp32-fever-dream/tools/dataset/captures/live_surveillance_20260629T1003Z/capture_0882.jpg,0750,0049,0037,28,49,0750004900372849,69,100/92/89/69/100/100/95/89/100/72/100/98/100/100/100/100,co2:69;hcho:89;tvoc:72;temperature:100;humidity:100,0750,0049,0037,28,49,co2:true;hcho:true;tvoc:true;temperature:true;humidity:true,false,confidence_below_threshold,true,false
capture_0883,/home/mpetrick/repos/esp32-fever-dream/tools/dataset/captures/live_surveillance_20260629T1003Z/capture_0883.jpg,0750,0049,0037,28,49,0750004900372849,67,100/92/91/67/100/100/94/89/100/72/100/98/100/100/100/100,co2:67;hcho:89;tvoc:72;temperature:100;humidity:100,0750,0048,0037,28,49,co2:true;hcho:false;tvoc:true;temperature:true;humidity:true,false,confidence_below_threshold,true,false
capture_0884,/home/mpetrick/repos/esp32-fever-dream/tools/dataset/captures/live_surveillance_20260629T1003Z/capture_0884.jpg,0750,0049,0037,28,49,0750004900372849,68,100/90/90/68/100/100/96/88/100/76/100/98/100/100/100/100,co2:68;hcho:88;tvoc:76;temperature:100;humidity:100,0750,0048,0037,28,49,co2:true;hcho:false;tvoc:true;temperature:true;humidity:true,false,confidence_below_threshold,true,false
capture_0885,/home/mpetrick/repos/esp32-fever-dream/tools/dataset/captures/live_surveillance_20260629T1003Z/capture_0885.jpg,0756,0049,0037,28,49,0756004900372849,51,100/85/61/70/100/98/85/51/100/94/96/99/100/100/100/99,co2:61;hcho:51;tvoc:94;temperature:100;humidity:99,0750,0048,0037,28,49,co2:false;hcho:false;tvoc:true;temperature:true;humidity:true,false,confidence_below_threshold,true,false
capture_0886,/home/mpetrick/repos/esp32-fever-dream/tools/dataset/captures/live_surveillance_20260629T1003Z/capture_0886.jpg,0750,0049,0037,28,49,0750004900372849,67,100/93/89/67/100/100/95/89/100/75/100/98/100/100/100/100,co2:67;hcho:89;tvoc:75;temperature:100;humidity:100,0750,0049,0037,28,49,co2:true;hcho:true;tvoc:true;temperature:true;humidity:true,false,confidence_below_threshold,true,false
capture_0887,/home/mpetrick/repos/esp32-fever-dream/tools/dataset/captures/live_surveillance_20260629T1003Z/capture_0887.jpg,0756,0049,0037,28,49,0756004900372849,51,100/85/63/68/100/99/79/51/100/93/99/99/100/100/100/99,co2:63;hcho:51;tvoc:93;temperature:100;humidity:99,0750,0049,0037,28,49,co2:false;hcho:true;tvoc:true;temperature:true;humidity:true,false,confidence_below_threshold,true,false
capture_0888,/home/mpetrick/repos/esp32-fever-dream/tools/dataset/captures/live_surveillance_20260629T1003Z/capture_0888.jpg,0750,0049,0037,28,49,0750004900372849,69,100/93/90/70/100/100/96/89/100/69/100/98/100/100/100/100,co2:70;hcho:89;tvoc:69;temperature:100;humidity:100,0750,0049,0037,28,49,co2:true;hcho:true;tvoc:true;temperature:true;humidity:true,false,confidence_below_threshold,true,false
capture_0889,/home/mpetrick/repos/esp32-fever-dream/tools/dataset/captures/live_surveillance_20260629T1003Z/capture_0889.jpg,0756,0048,0037,28,49,0756004800372849,49,100/88/58/69/100/99/73/49/100/93/98/99/100/100/100/98,co2:58;hcho:49;tvoc:93;temperature:100;humidity:98,0750,0048,0037,28,49,co2:false;hcho:true;tvoc:true;temperature:true;humidity:true,false,confidence_below_threshold,true,false
capture_0890,/home/mpetrick/repos/esp32-fever-dream/tools/dataset/captures/live_surveillance_20260629T1003Z/capture_0890.jpg,0750,0049,0037,28,49,0750004900372849,63,100/92/90/63/100/100/96/90/100/74/100/98/100/100/100/100,co2:63;hcho:90;tvoc:74;temperature:100;humidity:100,0750,0049,0037,28,49,co2:true;hcho:true;tvoc:true;temperature:true;humidity:true,false,confidence_below_threshold,true,false
capture_0891,/home/mpetrick/repos/esp32-fever-dream/tools/dataset/captures/live_surveillance_20260629T1003Z/capture_0891.jpg,0750,0049,0037,28,49,0750004900372849,69,100/92/90/69/100/100/96/87/100/69/100/98/100/100/100/100,co2:69;hcho:87;tvoc:69;temperature:100;humidity:100,0750,0049,0037,28,49,co2:true;hcho:true;tvoc:true;temperature:true;humidity:true,false,confidence_below_threshold,true,false
capture_0892,/home/mpetrick/repos/esp32-fever-dream/tools/dataset/captures/live_surveillance_20260629T1003Z/capture_0892.jpg,0756,0049,0037,28,49,0756004900372849,48,100/85/59/65/100/99/83/48/100/94/97/99/100/100/100/100,co2:59;hcho:48;tvoc:94;temperature:100;humidity:100,0750,0049,0037,28,49,co2:false;hcho:true;tvoc:true;temperature:true;humidity:true,false,confidence_below_threshold,true,false
capture_0893,/home/mpetrick/repos/esp32-fever-dream/tools/dataset/captures/live_surveillance_20260629T1003Z/capture_0893.jpg,0756,0049,0037,28,49,0756004900372849,51,100/85/61/68/100/99/81/51/100/93/98/99/100/100/100/98,co2:61;hcho:51;tvoc:93;temperature:100;humidity:98,0750,0049,0037,28,49,co2:false;hcho:true;tvoc:true;temperature:true;humidity:true,false,confidence_below_threshold,true,false
capture_0894,/home/mpetrick/repos/esp32-fever-dream/tools/dataset/captures/live_surveillance_20260629T1003Z/capture_0894.jpg,0750,0049,0037,28,49,0750004900372849,65,100/93/90/65/100/100/96/87/100/77/100/98/100/100/100/100,co2:65;hcho:87;tvoc:77;temperature:100;humidity:100,0750,0049,0037,28,49,co2:true;hcho:true;tvoc:true;temperature:true;humidity:true,false,confidence_below_threshold,true,false
capture_0896,/home/mpetrick/repos/esp32-fever-dream/tools/dataset/captures/live_surveillance_20260629T1003Z/capture_0896.jpg,0781,0050,0012,28,49,0781005000122849,52,100/92/52/77/100/100/100/98/100/72/77/100/100/100/100/100,co2:52;hcho:98;tvoc:72;temperature:100;humidity:100,0761,0050,0042,28,49,co2:false;hcho:true;tvoc:false;temperature:true;humidity:true,false,confidence_below_threshold,true,false
capture_0897,/home/mpetrick/repos/esp32-fever-dream/tools/dataset/captures/live_surveillance_20260629T1003Z/capture_0897.jpg,0781,0052,0015,28,49,0781005200152849,47,100/85/90/93/100/98/99/91/100/94/47/93/100/100/100/99,co2:85;hcho:91;tvoc:47;temperature:100;humidity:99,0767,0052,0045,28,49,co2:false;hcho:true;tvoc:false;temperature:true;humidity:true,false,confidence_below_threshold,true,false
capture_0899,/home/mpetrick/repos/esp32-fever-dream/tools/dataset/captures/live_surveillance_20260629T1003Z/capture_0899.jpg,0778,0053,0018,28,49,0778005300182849,53,100/92/86/53/100/100/100/99/100/77/80/68/100/100/100/100,co2:53;hcho:99;tvoc:68;temperature:100;humidity:100,0772,0053,0048,28,49,co2:false;hcho:true;tvoc:false;temperature:true;humidity:true,false,confidence_below_threshold,true,false
capture_0901,/home/mpetrick/repos/esp32-fever-dream/tools/dataset/captures/live_surveillance_20260629T1003Z/capture_0901.jpg,0781,0053,0018,28,49,0781005300182849,54,100/92/54/72/100/100/100/98/100/74/80/70/100/100/100/100,co2:54;hcho:98;tvoc:70;temperature:100;humidity:100,0767,0053,0018,28,49,co2:false;hcho:true;tvoc:true;temperature:true;humidity:true,false,confidence_below_threshold,true,false
capture_0902,/home/mpetrick/repos/esp32-fever-dream/tools/dataset/captures/live_surveillance_20260629T1003Z/capture_0902.jpg,0748,0053,0046,28,49,0748005300462849,49,100/80/83/94/100/99/100/99/100/94/49/69/100/100/100/99,co2:80;hcho:99;tvoc:49;temperature:100;humidity:99,0772,0053,0018,28,49,co2:false;hcho:true;tvoc:false;temperature:true;humidity:true,false,confidence_below_threshold,true,false
capture_0903,/home/mpetrick/repos/esp32-fever-dream/tools/dataset/captures/live_surveillance_20260629T1003Z/capture_0903.jpg,0778,0053,0018,28,49,0778005300182849,49,100/92/87/49/100/100/100/99/100/74/85/72/100/100/100/100,co2:49;hcho:99;tvoc:72;temperature:100;humidity:100,0772,0053,0018,28,49,co2:false;hcho:true;tvoc:true;temperature:true;humidity:true,false,confidence_below_threshold,true,false
capture_0905,/home/mpetrick/repos/esp32-fever-dream/tools/dataset/captures/live_surveillance_20260629T1003Z/capture_0905.jpg,0756,0048,0037,28,49,0756004800372849,49,100/86/56/69/100/99/84/49/100/91/97/99/100/100/100/99,co2:56;hcho:49;tvoc:91;temperature:100;humidity:99,0750,0049,0037,28,49,co2:false;hcho:false;tvoc:true;temperature:true;humidity:true,false,confidence_below_threshold,true,false
capture_0906,/home/mpetrick/repos/esp32-fever-dream/tools/dataset/captures/live_surveillance_20260629T1003Z/capture_0906.jpg,0750,0049,0037,28,49,0750004900372849,71,100/93/91/71/100/100/94/88/100/73/100/98/100/100/100/100,co2:71;hcho:88;tvoc:73;temperature:100;humidity:100,0750,0049,0037,28,49,co2:true;hcho:true;tvoc:true;temperature:true;humidity:true,false,confidence_below_threshold,true,false
capture_0907,/home/mpetrick/repos/esp32-fever-dream/tools/dataset/captures/live_surveillance_20260629T1003Z/capture_0907.jpg,0750,0049,0037,28,49,0750004900372849,67,100/93/91/67/100/100/95/87/100/74/100/99/100/100/100/100,co2:67;hcho:87;tvoc:74;temperature:100;humidity:100,0750,0048,0037,28,49,co2:true;hcho:false;tvoc:true;temperature:true;humidity:true,false,confidence_below_threshold,true,false
capture_0908,/home/mpetrick/repos/esp32-fever-dream/tools/dataset/captures/live_surveillance_20260629T1003Z/capture_0908.jpg,0750,0049,0037,28,49,0750004900372849,72,100/92/92/72/100/100/96/85/100/75/100/98/100/100/100/100,co2:72;hcho:85;tvoc:75;temperature:100;humidity:100,0750,0049,0037,28,49,co2:true;hcho:true;tvoc:true;temperature:true;humidity:true,false,confidence_below_threshold,true,false
capture_0909,/home/mpetrick/repos/esp32-fever-dream/tools/dataset/captures/live_surveillance_20260629T1003Z/capture_0909.jpg,0756,0049,0037,28,49,0756004900372849,54,100/83/61/70/100/98/79/54/100/93/96/99/100/100/100/100,co2:61;hcho:54;tvoc:93;temperature:100;humidity:100,0750,0048,0037,28,49,co2:false;hcho:false;tvoc:true;temperature:true;humidity:true,false,confidence_below_threshold,true,false
capture_0910,/home/mpetrick/repos/esp32-fever-dream/tools/dataset/captures/live_surveillance_20260629T1003Z/capture_0910.jpg,0750,0049,0037,28,49,0750004900372849,71,100/92/90/71/100/100/95/89/100/75/100/98/100/100/100/100,co2:71;hcho:89;tvoc:75;temperature:100;humidity:100,0750,0049,0037,28,49,co2:true;hcho:true;tvoc:true;temperature:true;humidity:true,false,confidence_below_threshold,true,false
capture_0911,/home/mpetrick/repos/esp32-fever-dream/tools/dataset/captures/live_surveillance_20260629T1003Z/capture_0911.jpg,0756,0048,0037,28,49,0756004800372849,47,100/85/59/69/100/99/81/47/100/96/97/99/100/100/100/98,co2:59;hcho:47;tvoc:96;temperature:100;humidity:98,0750,0049,0037,28,49,co2:false;hcho:false;tvoc:true;temperature:true;humidity:true,false,confidence_below_threshold,true,false
capture_0912,/home/mpetrick/repos/esp32-fever-dream/tools/dataset/captures/live_surveillance_20260629T1003Z/capture_0912.jpg,0750,0049,0037,28,49,0750004900372849,68,100/92/91/68/100/100/95/90/100/76/100/98/100/100/100/100,co2:68;hcho:90;tvoc:76;temperature:100;humidity:100,0750,0048,0037,28,49,co2:true;hcho:false;tvoc:true;temperature:true;humidity:true,false,confidence_below_threshold,true,false
capture_0913,/home/mpetrick/repos/esp32-fever-dream/tools/dataset/captures/live_surveillance_20260629T1003Z/capture_0913.jpg,0750,0049,0037,28,49,0750004900372849,67,100/93/90/67/100/100/93/87/100/74/100/98/100/100/100/100,co2:67;hcho:87;tvoc:74;temperature:100;humidity:100,0750,0048,0037,28,49,co2:true;hcho:false;tvoc:true;temperature:true;humidity:true,false,confidence_below_threshold,true,false
capture_0914,/home/mpetrick/repos/esp32-fever-dream/tools/dataset/captures/live_surveillance_20260629T1003Z/capture_0914.jpg,0756,0049,0037,28,49,0756004900372849,49,100/85/58/62/100/99/78/49/100/95/98/99/100/100/100/99,co2:58;hcho:49;tvoc:95;temperature:100;humidity:99,0750,0048,0037,28,49,co2:false;hcho:false;tvoc:true;temperature:true;humidity:true,false,confidence_below_threshold,true,false
capture_0915,/home/mpetrick/repos/esp32-fever-dream/tools/dataset/captures/live_surveillance_20260629T1003Z/capture_0915.jpg,0750,0049,0037,28,49,0750004900372849,68,100/92/91/69/100/100/96/89/100/68/100/98/100/100/100/100,co2:69;hcho:89;tvoc:68;temperature:100;humidity:100,0750,0049,0037,28,49,co2:true;hcho:true;tvoc:true;temperature:true;humidity:true,false,confidence_below_threshold,true,false
capture_0916,/home/mpetrick/repos/esp32-fever-dream/tools/dataset/captures/live_surveillance_20260629T1003Z/capture_0916.jpg,0750,0049,0037,28,49,0750004900372849,72,100/91/90/72/100/100/95/89/100/73/100/99/100/100/100/100,co2:72;hcho:89;tvoc:73;temperature:100;humidity:100,0750,0049,0037,28,49,co2:true;hcho:true;tvoc:true;temperature:true;humidity:true,false,confidence_below_threshold,true,false
capture_0917,/home/mpetrick/repos/esp32-fever-dream/tools/dataset/captures/live_surveillance_20260629T1003Z/capture_0917.jpg,0750,0049,0037,28,49,0750004900372849,69,100/93/90/69/100/100/95/90/100/74/100/98/100/100/100/100,co2:69;hcho:90;tvoc:74;temperature:100;humidity:100,0750,0049,0037,28,49,co2:true;hcho:true;tvoc:true;temperature:true;humidity:true,false,confidence_below_threshold,true,false
capture_0921,/home/mpetrick/repos/esp32-fever-dream/tools/dataset/captures/live_surveillance_20260629T1003Z/capture_0921.jpg,0781,0057,0042,28,49,0781005700422849,43,100/87/89/94/100/97/99/99/100/94/43/100/100/100/100/98,co2:87;hcho:97;tvoc:43;temperature:100;humidity:98,0761,0000,0042,28,49,co2:false;hcho:false;tvoc:true;temperature:true;humidity:true,false,confidence_below_threshold,true,false
capture_0924,/home/mpetrick/repos/esp32-fever-dream/tools/dataset/captures/live_surveillance_20260629T1003Z/capture_0924.jpg,0781,0052,0015,28,49,0781005200152849,54,100/94/57/74/100/100/100/96/100/69/83/54/100/100/100/100,co2:57;hcho:96;tvoc:54;temperature:100;humidity:100,0767,0052,0045,28,49,co2:false;hcho:true;tvoc:false;temperature:true;humidity:true,false,confidence_below_threshold,true,false
capture_0928,/home/mpetrick/repos/esp32-fever-dream/tools/dataset/captures/live_surveillance_20260629T1003Z/capture_0928.jpg,0748,0053,0046,28,49,0748005300462849,56,100/84/83/94/100/98/99/99/100/94/56/73/100/100/100/98,co2:83;hcho:98;tvoc:56;temperature:100;humidity:98,0772,0053,0048,28,49,co2:false;hcho:true;tvoc:false;temperature:true;humidity:true,false,confidence_below_threshold,true,false
capture_0929,/home/mpetrick/repos/esp32-fever-dream/tools/dataset/captures/live_surveillance_20260629T1003Z/capture_0929.jpg,0748,0053,0045,28,49,0748005300452849,49,100/85/83/93/100/98/99/99/100/96/49/90/100/100/100/99,co2:83;hcho:98;tvoc:49;temperature:100;humidity:99,0772,0053,0045,28,49,co2:false;hcho:true;tvoc:true;temperature:true;humidity:true,false,confidence_below_threshold,true,false
capture_0931,/home/mpetrick/repos/esp32-fever-dream/tools/dataset/captures/live_surveillance_20260629T1003Z/capture_0931.jpg,0781,0052,0015,28,49,0781005200152849,49,100/93/59/74/100/100/100/96/100/72/85/49/100/100/100/100,co2:59;hcho:96;tvoc:49;temperature:100;humidity:100,0767,0052,0045,28,49,co2:false;hcho:true;tvoc:false;temperature:true;humidity:true,false,confidence_below_threshold,true,false
capture_0934,/home/mpetrick/repos/esp32-fever-dream/tools/dataset/captures/live_surveillance_20260629T1003Z/capture_0934.jpg,0778,0053,0018,28,49,0778005300182849,50,100/93/87/50/100/100/100/99/100/76/84/68/100/100/100/100,co2:50;hcho:99;tvoc:68;temperature:100;humidity:100,0772,0053,0018,28,49,co2:false;hcho:true;tvoc:true;temperature:true;humidity:true,false,confidence_below_threshold,true,false
capture_0936,/home/mpetrick/repos/esp32-fever-dream/tools/dataset/captures/live_surveillance_20260629T1003Z/capture_0936.jpg,0778,0053,0018,28,49,0778005300182849,50,100/93/85/50/100/100/100/99/100/72/84/66/100/100/100/100,co2:50;hcho:99;tvoc:66;temperature:100;humidity:100,0772,0053,0018,28,49,co2:false;hcho:true;tvoc:true;temperature:true;humidity:true,false,confidence_below_threshold,true,false
capture_0938,/home/mpetrick/repos/esp32-fever-dream/tools/dataset/captures/live_surveillance_20260629T1003Z/capture_0938.jpg,0778,0053,0018,28,49,0778005300182849,54,100/93/88/54/100/100/100/99/100/72/85/74/100/100/100/100,co2:54;hcho:99;tvoc:72;temperature:100;humidity:100,0772,0053,0018,28,49,co2:false;hcho:true;tvoc:true;temperature:true;humidity:true,false,confidence_below_threshold,true,false
capture_0939,/home/mpetrick/repos/esp32-fever-dream/tools/dataset/captures/live_surveillance_20260629T1003Z/capture_0939.jpg,0778,0053,0018,28,49,0778005300182849,56,100/94/86/56/100/100/100/99/100/72/83/76/100/100/100/100,co2:56;hcho:99;tvoc:72;temperature:100;humidity:100,0772,0053,0018,28,49,co2:false;hcho:true;tvoc:true;temperature:true;humidity:true,false,confidence_below_threshold,true,false
capture_0940,/home/mpetrick/repos/esp32-fever-dream/tools/dataset/captures/live_surveillance_20260629T1003Z/capture_0940.jpg,0778,0053,0018,28,49,0778005300182849,56,100/92/87/56/100/100/100/99/100/74/86/70/100/100/100/100,co2:56;hcho:99;tvoc:70;temperature:100;humidity:100,0772,0053,0018,28,49,co2:false;hcho:true;tvoc:true;temperature:true;humidity:true,false,confidence_below_threshold,true,false
capture_0941,/home/mpetrick/repos/esp32-fever-dream/tools/dataset/captures/live_surveillance_20260629T1003Z/capture_0941.jpg,0778,0053,0018,28,49,0778005300182849,53,100/93/87/53/100/100/100/99/100/72/84/72/100/100/100/100,co2:53;hcho:99;tvoc:72;temperature:100;humidity:100,0772,0053,0018,28,49,co2:false;hcho:true;tvoc:true;temperature:true;humidity:true,false,confidence_below_threshold,true,false
capture_0944,/home/mpetrick/repos/esp32-fever-dream/tools/dataset/captures/live_surveillance_20260629T1003Z/capture_0944.jpg,0778,0054,0057,28,49,0778005400572849,48,100/92/87/48/100/100/100/98/100/74/93/99/100/100/100/100,co2:48;hcho:98;tvoc:74;temperature:100;humidity:100,0778,0054,0061,28,49,co2:true;hcho:true;tvoc:false;temperature:true;humidity:true,false,confidence_below_threshold,true,false
capture_0945,/home/mpetrick/repos/esp32-fever-dream/tools/dataset/captures/live_surveillance_20260629T1003Z/capture_0945.jpg,0748,0054,0054,28,49,0748005400542849,85,100/90/85/93/100/97/100/99/100/96/96/100/100/100/100/99,co2:85;hcho:97;tvoc:96;temperature:100;humidity:99,0778,0054,0054,28,49,co2:false;hcho:true;tvoc:true;temperature:true;humidity:true,true,,true,false
capture_0946,/home/mpetrick/repos/esp32-fever-dream/tools/dataset/captures/live_surveillance_20260629T1003Z/capture_0946.jpg,0789,0055,0054,28,49,0789005500542849,52,100/92/52/54/100/100/100/68/100/69/92/100/100/100/100/100,co2:52;hcho:68;tvoc:69;temperature:100;humidity:100,0783,0055,0054,28,49,co2:false;hcho:true;tvoc:true;temperature:true;humidity:true,false,confidence_below_threshold,true,false
capture_0947,/home/mpetrick/repos/esp32-fever-dream/tools/dataset/captures/live_surveillance_20260629T1003Z/capture_0947.jpg,0783,0055,0054,28,49,0783005500542849,53,100/86/87/61/100/97/99/53/100/94/97/100/100/100/100/100,co2:61;hcho:53;tvoc:94;temperature:100;humidity:100,0783,0055,0054,28,49,co2:true;hcho:true;tvoc:true;temperature:true;humidity:true,false,confidence_below_threshold,true,false
capture_0948,/home/mpetrick/repos/esp32-fever-dream/tools/dataset/captures/live_surveillance_20260629T1003Z/capture_0948.jpg,0783,0055,0054,28,49,0783005500542849,58,100/82/87/66/100/98/99/58/100/96/97/100/100/100/100/99,co2:66;hcho:58;tvoc:96;temperature:100;humidity:99,0783,0055,0054,28,49,co2:true;hcho:true;tvoc:true;temperature:true;humidity:true,false,confidence_below_threshold,true,false
capture_0949,/home/mpetrick/repos/esp32-fever-dream/tools/dataset/captures/live_surveillance_20260629T1003Z/capture_0949.jpg,0778,0054,0057,28,49,0778005400572849,52,100/93/85/52/100/100/100/98/100/70/94/100/100/100/100/100,co2:52;hcho:98;tvoc:70;temperature:100;humidity:100,0778,0054,0061,28,49,co2:true;hcho:true;tvoc:false;temperature:true;humidity:true,false,confidence_below_threshold,true,false
capture_0950,/home/mpetrick/repos/esp32-fever-dream/tools/dataset/captures/live_surveillance_20260629T1003Z/capture_0950.jpg,0783,0055,0054,28,49,0783005500542849,53,100/87/88/64/100/98/99/53/100/95/96/100/100/100/100/98,co2:64;hcho:53;tvoc:95;temperature:100;humidity:98,0783,0055,0054,28,49,co2:true;hcho:true;tvoc:true;temperature:true;humidity:true,false,confidence_below_threshold,true,false
capture_0951,/home/mpetrick/repos/esp32-fever-dream/tools/dataset/captures/live_surveillance_20260629T1003Z/capture_0951.jpg,0789,0055,0054,28,49,0789005500542849,58,100/94/58/59/100/100/100/69/100/72/96/100/100/100/100/100,co2:58;hcho:69;tvoc:72;temperature:100;humidity:100,0783,0055,0054,28,49,co2:false;hcho:true;tvoc:true;temperature:true;humidity:true,false,confidence_below_threshold,true,false
capture_0952,/home/mpetrick/repos/esp32-fever-dream/tools/dataset/captures/live_surveillance_20260629T1003Z/capture_0952.jpg,0789,0055,0054,28,49,0789005500542849,55,100/92/55/57/100/100/100/72/100/74/94/100/100/100/100/100,co2:55;hcho:72;tvoc:74;temperature:100;humidity:100,0783,0055,0054,28,49,co2:false;hcho:true;tvoc:true;temperature:true;humidity:true,false,confidence_below_threshold,true,false
capture_0953,/home/mpetrick/repos/esp32-fever-dream/tools/dataset/captures/live_surveillance_20260629T1003Z/capture_0953.jpg,0783,0055,0054,28,49,0783005500542849,50,100/81/89/65/100/98/100/50/100/94/95/100/100/100/100/98,co2:65;hcho:50;tvoc:94;temperature:100;humidity:98,0783,0055,0054,28,49,co2:true;hcho:true;tvoc:true;temperature:true;humidity:true,false,confidence_below_threshold,true,false
capture_0954,/home/mpetrick/repos/esp32-fever-dream/tools/dataset/captures/live_surveillance_20260629T1003Z/capture_0954.jpg,0789,0055,0054,28,49,0789005500542849,52,100/93/57/52/100/100/100/64/100/71/96/100/100/100/100/100,co2:52;hcho:64;tvoc:71;temperature:100;humidity:100,0783,0055,0054,28,49,co2:false;hcho:true;tvoc:true;temperature:true;humidity:true,false,confidence_below_threshold,true,false
capture_0955,/home/mpetrick/repos/esp32-fever-dream/tools/dataset/captures/live_surveillance_20260629T1003Z/capture_0955.jpg,0783,0055,0054,28,49,0783005500542849,52,100/86/88/65/100/96/99/52/100/96/97/100/100/100/100/99,co2:65;hcho:52;tvoc:96;temperature:100;humidity:99,0783,0055,0054,28,49,co2:true;hcho:true;tvoc:true;temperature:true;humidity:true,false,confidence_below_threshold,true,false
capture_0956,/home/mpetrick/repos/esp32-fever-dream/tools/dataset/captures/live_surveillance_20260629T1003Z/capture_0956.jpg,0789,0055,0054,28,49,0789005500542849,52,100/93/56/52/100/100/100/74/100/72/95/100/100/100/100/100,co2:52;hcho:74;tvoc:72;temperature:100;humidity:100,0783,0055,0054,28,49,co2:false;hcho:true;tvoc:true;temperature:true;humidity:true,false,confidence_below_threshold,true,false
capture_0957,/home/mpetrick/repos/esp32-fever-dream/tools/dataset/captures/live_surveillance_20260629T1003Z/capture_0957.jpg,0783,0055,0054,28,49,0783005500542849,58,100/86/88/66/100/95/99/58/100/95/95/100/100/100/100/99,co2:66;hcho:58;tvoc:95;temperature:100;humidity:99,0783,0055,0054,28,49,co2:true;hcho:true;tvoc:true;temperature:true;humidity:true,false,confidence_below_threshold,true,false
capture_0958,/home/mpetrick/repos/esp32-fever-dream/tools/dataset/captures/live_surveillance_20260629T1003Z/capture_0958.jpg,0789,0055,0056,28,49,0789005500562849,53,100/94/57/53/100/100/100/72/100/77/92/99/100/100/100/100,co2:53;hcho:72;tvoc:77;temperature:100;humidity:100,0789,0055,0056,28,49,co2:true;hcho:true;tvoc:true;temperature:true;humidity:true,false,confidence_below_threshold,true,false
capture_0959,/home/mpetrick/repos/esp32-fever-dream/tools/dataset/captures/live_surveillance_20260629T1003Z/capture_0959.jpg,0789,0055,0054,28,49,0789005500542849,54,100/93/57/54/100/100/100/72/100/69/95/100/100/100/100/100,co2:54;hcho:72;tvoc:69;temperature:100;humidity:100,0789,0055,0054,28,49,co2:true;hcho:true;tvoc:true;temperature:true;humidity:true,false,confidence_below_threshold,true,false
capture_0960,/home/mpetrick/repos/esp32-fever-dream/tools/dataset/captures/live_surveillance_20260629T1003Z/capture_0960.jpg,0783,0055,0056,28,49,0783005500562849,54,100/85/88/64/100/98/100/54/100/94/97/99/100/100/100/99,co2:64;hcho:54;tvoc:94;temperature:100;humidity:99,0783,0055,0056,28,49,co2:true;hcho:true;tvoc:true;temperature:true;humidity:true,false,confidence_below_threshold,true,false
capture_0961,/home/mpetrick/repos/esp32-fever-dream/tools/dataset/captures/live_surveillance_20260629T1003Z/capture_0961.jpg,0783,0056,0056,28,49,0783005600562849,63,100/87/88/63/100/97/99/87/100/95/94/100/100/100/100/99,co2:63;hcho:87;tvoc:94;temperature:100;humidity:99,0789,0056,0056,28,49,co2:false;hcho:true;tvoc:true;temperature:true;humidity:true,false,confidence_below_threshold,true,false
capture_0962,/home/mpetrick/repos/esp32-fever-dream/tools/dataset/captures/live_surveillance_20260629T1003Z/capture_0962.jpg,0789,0056,0056,28,49,0789005600562849,54,100/94/60/54/100/100/100/79/100/74/92/98/100/100/100/100,co2:54;hcho:79;tvoc:74;temperature:100;humidity:100,0789,0056,0056,28,49,co2:true;hcho:true;tvoc:true;temperature:true;humidity:true,false,confidence_below_threshold,true,false
capture_0963,/home/mpetrick/repos/esp32-fever-dream/tools/dataset/captures/live_surveillance_20260629T1003Z/capture_0963.jpg,0789,0056,0056,28,49,0789005600562849,56,100/94/57/56/100/100/100/74/100/69/92/99/100/100/100/100,co2:56;hcho:74;tvoc:69;temperature:100;humidity:100,0789,0056,0056,28,49,co2:true;hcho:true;tvoc:true;temperature:true;humidity:true,false,confidence_below_threshold,true,false
capture_0964,/home/mpetrick/repos/esp32-fever-dream/tools/dataset/captures/live_surveillance_20260629T1003Z/capture_0964.jpg,0789,0055,0054,28,49,0789005500542849,52,100/93/52/56/100/100/100/73/100/74/91/100/100/100/100/100,co2:52;hcho:73;tvoc:74;temperature:100;humidity:100,0789,0055,0054,28,49,co2:true;hcho:true;tvoc:true;temperature:true;humidity:true,false,confidence_below_threshold,true,false
capture_0965,/home/mpetrick/repos/esp32-fever-dream/tools/dataset/captures/live_surveillance_20260629T1003Z/capture_0965.jpg,0783,0056,0056,28,49,0783005600562849,63,100/85/87/63/100/98/99/88/100/96/97/99/100/100/100/99,co2:63;hcho:88;tvoc:96;temperature:100;humidity:99,0789,0056,0056,28,49,co2:false;hcho:true;tvoc:true;temperature:true;humidity:true,false,confidence_below_threshold,true,false
capture_0966,/home/mpetrick/repos/esp32-fever-dream/tools/dataset/captures/live_surveillance_20260629T1003Z/capture_0966.jpg,0783,0056,0056,28,49,0783005600562849,64,100/81/89/64/100/97/100/85/100/94/95/100/100/100/100/99,co2:64;hcho:85;tvoc:94;temperature:100;humidity:99,0789,0056,0056,28,49,co2:false;hcho:true;tvoc:true;temperature:true;humidity:true,false,confidence_below_threshold,true,false
capture_0967,/home/mpetrick/repos/esp32-fever-dream/tools/dataset/captures/live_surveillance_20260629T1003Z/capture_0967.jpg,0789,0056,0056,28,49,0789005600562849,54,100/92/61/54/100/100/100/78/100/70/92/99/100/100/100/100,co2:54;hcho:78;tvoc:70;temperature:100;humidity:100,0789,0056,0056,28,49,co2:true;hcho:true;tvoc:true;temperature:true;humidity:true,false,confidence_below_threshold,true,false
capture_0968,/home/mpetrick/repos/esp32-fever-dream/tools/dataset/captures/live_surveillance_20260629T1003Z/capture_0968.jpg,0783,0056,0056,28,49,0783005600562849,60,100/85/88/60/100/98/99/88/100/95/97/100/100/100/100/99,co2:60;hcho:88;tvoc:95;temperature:100;humidity:99,0789,0056,0056,28,49,co2:false;hcho:true;tvoc:true;temperature:true;humidity:true,false,confidence_below_threshold,true,false
capture_0969,/home/mpetrick/repos/esp32-fever-dream/tools/dataset/captures/live_surveillance_20260629T1003Z/capture_0969.jpg,0783,0056,0056,28,49,0783005600562849,64,100/81/87/64/100/98/100/88/100/94/94/99/100/100/100/99,co2:64;hcho:88;tvoc:94;temperature:100;humidity:99,0789,0056,0056,28,49,co2:false;hcho:true;tvoc:true;temperature:true;humidity:true,false,confidence_below_threshold,true,false
capture_0970,/home/mpetrick/repos/esp32-fever-dream/tools/dataset/captures/live_surveillance_20260629T1003Z/capture_0970.jpg,0789,0056,0056,28,49,0789005600562849,56,100/94/61/56/100/100/100/80/100/72/94/99/100/100/100/100,co2:56;hcho:80;tvoc:72;temperature:100;humidity:100,0789,0056,0056,28,49,co2:true;hcho:true;tvoc:true;temperature:true;humidity:true,false,confidence_below_threshold,true,false
capture_0971,/home/mpetrick/repos/esp32-fever-dream/tools/dataset/captures/live_surveillance_20260629T1003Z/capture_0971.jpg,0789,0056,0056,28,49,0789005600562849,56,100/92/57/56/100/100/100/81/100/71/92/99/100/100/100/100,co2:56;hcho:81;tvoc:71;temperature:100;humidity:100,0789,0056,0056,28,49,co2:true;hcho:true;tvoc:true;temperature:true;humidity:true,false,confidence_below_threshold,true,false
capture_0972,/home/mpetrick/repos/esp32-fever-dream/tools/dataset/captures/live_surveillance_20260629T1003Z/capture_0972.jpg,0789,0056,0056,28,49,0789005600562849,54,100/94/60/54/100/100/100/78/100/70/94/99/100/100/100/100,co2:54;hcho:78;tvoc:70;temperature:100;humidity:100,0789,0056,0056,28,49,co2:true;hcho:true;tvoc:true;temperature:true;humidity:true,false,confidence_below_threshold,true,false
capture_0973,/home/mpetrick/repos/esp32-fever-dream/tools/dataset/captures/live_surveillance_20260629T1003Z/capture_0973.jpg,0789,0056,0056,28,49,0789005600562849,57,100/94/59/57/100/100/100/80/100/75/92/98/100/100/100/100,co2:57;hcho:80;tvoc:75;temperature:100;humidity:100,0789,0056,0056,28,49,co2:true;hcho:true;tvoc:true;temperature:true;humidity:true,false,confidence_below_threshold,true,false
capture_0974,/home/mpetrick/repos/esp32-fever-dream/tools/dataset/captures/live_surveillance_20260629T1003Z/capture_0974.jpg,0789,0056,0056,28,49,0789005600562849,54,100/94/54/54/100/100/100/78/100/74/92/99/100/100/100/100,co2:54;hcho:78;tvoc:74;temperature:100;humidity:100,0789,0056,0056,28,49,co2:true;hcho:true;tvoc:true;temperature:true;humidity:true,false,confidence_below_threshold,true,false
capture_0975,/home/mpetrick/repos/esp32-fever-dream/tools/dataset/captures/live_surveillance_20260629T1003Z/capture_0975.jpg,0783,0056,0056,28,49,0783005600562849,65,100/85/89/65/100/97/99/88/100/96/97/100/100/100/100/98,co2:65;hcho:88;tvoc:96;temperature:100;humidity:98,0789,0056,0056,28,49,co2:false;hcho:true;tvoc:true;temperature:true;humidity:true,false,confidence_below_threshold,true,false
capture_0976,/home/mpetrick/repos/esp32-fever-dream/tools/dataset/captures/live_surveillance_20260629T1003Z/capture_0976.jpg,0783,0056,0056,28,49,0783005600562849,61,100/85/87/61/100/96/99/90/100/95/96/100/100/100/100/99,co2:61;hcho:90;tvoc:95;temperature:100;humidity:99,0789,0056,0056,28,49,co2:false;hcho:true;tvoc:true;temperature:true;humidity:true,false,confidence_below_threshold,true,false
capture_0977,/home/mpetrick/repos/esp32-fever-dream/tools/dataset/captures/live_surveillance_20260629T1003Z/capture_0977.jpg,0783,0056,0056,28,49,0783005600562849,67,100/85/89/67/100/98/99/87/100/96/96/99/100/100/100/99,co2:67;hcho:87;tvoc:96;temperature:100;humidity:99,0789,0056,0056,28,49,co2:false;hcho:true;tvoc:true;temperature:true;humidity:true,false,confidence_below_threshold,true,false
capture_0978,/home/mpetrick/repos/esp32-fever-dream/tools/dataset/captures/live_surveillance_20260629T1003Z/capture_0978.jpg,0783,0056,0056,28,49,0783005600562849,61,100/83/89/61/100/94/100/87/100/95/97/100/100/100/100/98,co2:61;hcho:87;tvoc:95;temperature:100;humidity:98,0789,0056,0056,28,49,co2:false;hcho:true;tvoc:true;temperature:true;humidity:true,false,confidence_below_threshold,true,false
capture_0979,/home/mpetrick/repos/esp32-fever-dream/tools/dataset/captures/live_surveillance_20260629T1003Z/capture_0979.jpg,0789,0056,0056,28,49,0789005600562849,57,100/94/61/57/100/100/100/79/100/73/94/99/100/100/100/100,co2:57;hcho:79;tvoc:73;temperature:100;humidity:100,0789,0056,0056,28,49,co2:true;hcho:true;tvoc:true;temperature:true;humidity:true,false,confidence_below_threshold,true,false
capture_0980,/home/mpetrick/repos/esp32-fever-dream/tools/dataset/captures/live_surveillance_20260629T1003Z/capture_0980.jpg,0789,0056,0056,28,49,0789005600562849,59,100/93/59/59/100/100/100/79/100/75/94/99/100/100/100/100,co2:59;hcho:79;tvoc:75;temperature:100;humidity:100,0789,0056,0056,28,49,co2:true;hcho:true;tvoc:true;temperature:true;humidity:true,false,confidence_below_threshold,true,false
capture_0981,/home/mpetrick/repos/esp32-fever-dream/tools/dataset/captures/live_surveillance_20260629T1003Z/capture_0981.jpg,0789,0056,0056,28,49,0789005600562849,57,100/94/61/57/100/100/100/78/100/75/93/99/100/100/100/100,co2:57;hcho:78;tvoc:75;temperature:100;humidity:100,0789,0056,0056,28,49,co2:true;hcho:true;tvoc:true;temperature:true;humidity:true,false,confidence_below_threshold,true,false
capture_0982,/home/mpetrick/repos/esp32-fever-dream/tools/dataset/captures/live_surveillance_20260629T1003Z/capture_0982.jpg,0789,0056,0056,28,49,0789005600562849,54,100/92/70/54/100/100/91/93/100/68/73/78/100/100/100/99,co2:54;hcho:91;tvoc:68;temperature:100;humidity:99,0789,0056,0056,28,49,co2:true;hcho:true;tvoc:true;temperature:true;humidity:true,false,confidence_below_threshold,true,false
capture_0983,/home/mpetrick/repos/esp32-fever-dream/tools/dataset/captures/live_surveillance_20260629T1003Z/capture_0983.jpg,0789,0056,0256,28,49,0789005602562849,64,100/79/83/73/100/100/91/95/100/64/95/94/100/100/100/98,co2:73;hcho:91;tvoc:64;temperature:100;humidity:98,0789,0056,0056,28,49,co2:true;hcho:true;tvoc:false;temperature:true;humidity:true,false,confidence_below_threshold,true,false
capture_0984,/home/mpetrick/repos/esp32-fever-dream/tools/dataset/captures/live_surveillance_20260629T1003Z/capture_0984.jpg,0789,0056,0056,28,49,0789005600562849,54,100/94/59/54/100/100/100/76/100/75/87/99/100/100/100/100,co2:54;hcho:76;tvoc:75;temperature:100;humidity:100,0789,0056,0056,28,49,co2:true;hcho:true;tvoc:true;temperature:true;humidity:true,false,confidence_below_threshold,true,false
capture_0985,/home/mpetrick/repos/esp32-fever-dream/tools/dataset/captures/live_surveillance_20260629T1003Z/capture_0985.jpg,0789,0056,0056,28,49,0789005600562849,57,100/94/70/57/100/100/89/94/100/61/78/77/100/100/100/98,co2:57;hcho:89;tvoc:61;temperature:100;humidity:98,0789,0056,0056,28,49,co2:true;hcho:true;tvoc:true;temperature:true;humidity:true,false,confidence_below_threshold,true,false
capture_0986,/home/mpetrick/repos/esp32-fever-dream/tools/dataset/captures/live_surveillance_20260629T1003Z/capture_0986.jpg,0789,0056,0056,28,49,0789005600562849,54,100/94/59/54/100/100/100/78/100/75/95/99/100/100/100/100,co2:54;hcho:78;tvoc:75;temperature:100;humidity:100,0789,0056,0056,28,49,co2:true;hcho:true;tvoc:true;temperature:true;humidity:true,false,confidence_below_threshold,true,false
capture_0987,/home/mpetrick/repos/esp32-fever-dream/tools/dataset/captures/live_surveillance_20260629T1003Z/capture_0987.jpg,0783,0056,0056,28,49,0783005600562849,66,100/81/89/66/100/96/99/83/100/96/95/100/100/100/100/98,co2:66;hcho:83;tvoc:95;temperature:100;humidity:98,0789,0056,0056,28,49,co2:false;hcho:true;tvoc:true;temperature:true;humidity:true,false,confidence_below_threshold,true,false
capture_0988,/home/mpetrick/repos/esp32-fever-dream/tools/dataset/captures/live_surveillance_20260629T1003Z/capture_0988.jpg,0789,0056,0256,28,49,0789005602562849,62,100/76/81/73/100/100/89/88/100/62/96/95/100/100/100/98,co2:73;hcho:88;tvoc:62;temperature:100;humidity:98,0789,0056,0056,28,49,co2:true;hcho:true;tvoc:false;temperature:true;humidity:true,false,confidence_below_threshold,true,false
capture_0989,/home/mpetrick/repos/esp32-fever-dream/tools/dataset/captures/live_surveillance_20260629T1003Z/capture_0989.jpg,0789,0056,0055,28,49,0789005600552849,52,100/91/68/55/100/100/87/52/100/66/74/87/100/100/100/100,co2:55;hcho:52;tvoc:66;temperature:100;humidity:100,0789,0058,0059,28,49,co2:true;hcho:false;tvoc:false;temperature:true;humidity:true,false,confidence_below_threshold,true,false
capture_0990,/home/mpetrick/repos/esp32-fever-dream/tools/dataset/captures/live_surveillance_20260629T1003Z/capture_0990.jpg,0751,0056,0056,28,49,0751005600562849,72,100/92/89/72/100/100/100/78/100/75/89/99/100/100/100/100,co2:72;hcho:78;tvoc:75;temperature:100;humidity:100,0794,0056,0056,28,49,co2:false;hcho:true;tvoc:true;temperature:true;humidity:true,false,confidence_below_threshold,true,false
capture_0991,/home/mpetrick/repos/esp32-fever-dream/tools/dataset/captures/live_surveillance_20260629T1003Z/capture_0991.jpg,0820,0056,0082,28,49,0820005600822849,71,100/94/78/72/100/100/100/78/100/71/90/100/100/100/100/100,co2:72;hcho:78;tvoc:71;temperature:100;humidity:100,0800,0058,0062,28,49,co2:false;hcho:false;tvoc:false;temperature:true;humidity:true,false,confidence_below_threshold,true,false
capture_0992,/home/mpetrick/repos/esp32-fever-dream/tools/dataset/captures/live_surveillance_20260629T1003Z/capture_0992.jpg,0820,0056,0059,28,49,0820005600592849,73,100/95/79/76/100/100/100/78/100/73/89/90/100/100/100/100,co2:76;hcho:78;tvoc:73;temperature:100;humidity:100,0800,0058,0059,28,49,co2:false;hcho:false;tvoc:true;temperature:true;humidity:true,false,confidence_below_threshold,true,false
capture_0993,/home/mpetrick/repos/esp32-fever-dream/tools/dataset/captures/live_surveillance_20260629T1003Z/capture_0993.jpg,0751,0058,0059,28,49,0751005800592849,48,100/95/90/73/100/100/100/48/100/71/95/89/100/100/100/100,co2:73;hcho:48;tvoc:71;temperature:100;humidity:100,0794,0057,0059,28,49,co2:false;hcho:false;tvoc:true;temperature:true;humidity:true,false,confidence_below_threshold,true,false
capture_0994,/home/mpetrick/repos/esp32-fever-dream/tools/dataset/captures/live_surveillance_20260629T1003Z/capture_0994.jpg,0606,0056,0062,28,49,0606005600622849,41,100/87/41/68/100/97/99/67/100/95/91/99/100/100/100/99,co2:41;hcho:67;tvoc:91;temperature:100;humidity:99,0800,0058,0062,28,49,co2:false;hcho:false;tvoc:true;temperature:true;humidity:true,false,confidence_below_threshold,true,false
capture_0995,/home/mpetrick/repos/esp32-fever-dream/tools/dataset/captures/live_surveillance_20260629T1003Z/capture_0995.jpg,0820,0056,0082,28,49,0820005600822849,70,100/95/79/70/100/100/100/76/100/74/81/100/100/100/100/100,co2:70;hcho:76;tvoc:74;temperature:100;humidity:100,0800,0058,0062,28,49,co2:false;hcho:false;tvoc:false;temperature:true;humidity:true,false,confidence_below_threshold,true,false
capture_0996,/home/mpetrick/repos/esp32-fever-dream/tools/dataset/captures/live_surveillance_20260629T1003Z/capture_0996.jpg,0603,0059,0069,28,49,0603005900692849,36,100/84/36/67/100/98/99/63/100/95/90/95/100/100/100/99,co2:36;hcho:63;tvoc:90;temperature:100;humidity:99,0805,0059,0065,28,49,co2:false;hcho:true;tvoc:false;temperature:true;humidity:true,false,confidence_below_threshold,true,false
capture_0997,/home/mpetrick/repos/esp32-fever-dream/tools/dataset/captures/live_surveillance_20260629T1003Z/capture_0997.jpg,0820,0055,0089,28,49,0820005500892849,70,100/94/76/70/100/100/100/71/100/71/87/90/100/100/100/100,co2:70;hcho:71;tvoc:71;temperature:100;humidity:100,0800,0059,0065,28,49,co2:false;hcho:false;tvoc:false;temperature:true;humidity:true,false,confidence_below_threshold,true,false
capture_0998,/home/mpetrick/repos/esp32-fever-dream/tools/dataset/captures/live_surveillance_20260629T1003Z/capture_0998.jpg,0829,0055,0089,28,49,0829005500892849,60,100/94/78/60/100/100/100/72/100/71/87/87/100/100/100/100,co2:60;hcho:72;tvoc:71;temperature:100;humidity:100,0805,0059,0065,28,49,co2:false;hcho:false;tvoc:false;temperature:true;humidity:true,false,confidence_below_threshold,true,false
capture_0999,/home/mpetrick/repos/esp32-fever-dream/tools/dataset/captures/live_surveillance_20260629T1003Z/capture_0999.jpg,0603,0056,0062,28,49,0603005600622849,43,100/89/43/65/100/97/99/77/100/95/91/99/100/100/100/98,co2:43;hcho:77;tvoc:91;temperature:100;humidity:98,0805,0058,0062,28,49,co2:false;hcho:false;tvoc:true;temperature:true;humidity:true,false,confidence_below_threshold,true,false
capture_1000,/home/mpetrick/repos/esp32-fever-dream/tools/dataset/captures/live_surveillance_20260629T1003Z/capture_1000.jpg,0606,0059,0062,28,49,0606005900622849,43,100/84/43/69/100/94/99/61/100/96/90/99/100/100/100/99,co2:43;hcho:61;tvoc:90;temperature:100;humidity:99,0800,0059,0062,28,49,co2:false;hcho:true;tvoc:true;temperature:true;humidity:true,false,confidence_below_threshold,true,false
capture_1010,/home/mpetrick/repos/esp32-fever-dream/tools/dataset/captures/live_surveillance_20260629T1003Z/capture_1010.jpg,0818,0060,0010,28,49,0818006000102849,47,100/95/47/50/100/100/81/96/100/75/64/100/100/100/100/100,co2:47;hcho:81;tvoc:64;temperature:100;humidity:100,0816,0060,0170,28,49,co2:false;hcho:true;tvoc:false;temperature:true;humidity:true,false,confidence_below_threshold,true,false
capture_1012,/home/mpetrick/repos/esp32-fever-dream/tools/dataset/captures/live_surveillance_20260629T1003Z/capture_1012.jpg,0821,0066,0013,28,49,0821006600132849,64,100/94/77/71/100/100/79/88/100/75/64/98/100/100/100/100,co2:71;hcho:79;tvoc:64;temperature:100;humidity:100,0827,0062,0173,28,49,co2:false;hcho:false;tvoc:false;temperature:true;humidity:true,false,confidence_below_threshold,true,false
capture_1013,/home/mpetrick/repos/esp32-fever-dream/tools/dataset/captures/live_surveillance_20260629T1003Z/capture_1013.jpg,0839,0063,0016,28,49,0839006300162849,43,100/94/43/52/100/100/80/99/100/69/57/89/100/100/100/100,co2:43;hcho:80;tvoc:57;temperature:100;humidity:100,0833,0063,0176,28,49,co2:false;hcho:true;tvoc:false;temperature:true;humidity:true,false,confidence_below_threshold,true,false
capture_1014,/home/mpetrick/repos/esp32-fever-dream/tools/dataset/captures/live_surveillance_20260629T1003Z/capture_1014.jpg,0839,0064,0019,28,49,0839006400192849,37,100/94/37/56/100/100/80/99/100/73/62/71/100/100/100/100,co2:37;hcho:80;tvoc:62;temperature:100;humidity:100,0833,0064,0179,28,49,co2:false;hcho:true;tvoc:false;temperature:true;humidity:true,false,confidence_below_threshold,true,false
capture_1015,/home/mpetrick/repos/esp32-fever-dream/tools/dataset/captures/live_surveillance_20260629T1003Z/capture_1015.jpg,0821,0003,0219,28,49,0821000302192849,49,100/91/62/72/100/100/70/100/100/60/49/79/100/100/100/98,co2:62;hcho:70;tvoc:49;temperature:100;humidity:98,0827,0063,0179,28,49,co2:false;hcho:false;tvoc:false;temperature:true;humidity:true,false,confidence_below_threshold,true,false
capture_1016,/home/mpetrick/repos/esp32-fever-dream/tools/dataset/captures/live_surveillance_20260629T1003Z/capture_1016.jpg,0821,0063,0016,28,49,0821006300162849,67,100/94/78/71/100/100/85/98/100/73/67/88/100/100/100/100,co2:71;hcho:85;tvoc:67;temperature:100;humidity:100,0827,0063,0176,28,49,co2:false;hcho:true;tvoc:false;temperature:true;humidity:true,false,confidence_below_threshold,true,false
capture_1021,/home/mpetrick/repos/esp32-fever-dream/tools/dataset/captures/live_surveillance_20260629T1003Z/capture_1021.jpg,0821,0063,0016,28,49,0821006300162849,57,100/95/77/72/100/100/84/99/100/71/57/89/100/100/100/100,co2:72;hcho:84;tvoc:57;temperature:100;humidity:100,0827,0063,0176,28,49,co2:false;hcho:true;tvoc:false;temperature:true;humidity:true,false,confidence_below_threshold,true,false
capture_1022,/home/mpetrick/repos/esp32-fever-dream/tools/dataset/captures/live_surveillance_20260629T1003Z/capture_1022.jpg,0821,0063,0016,28,49,0821006300162849,57,100/95/79/68/100/100/82/99/100/71/57/88/100/100/100/100,co2:68;hcho:82;tvoc:57;temperature:100;humidity:100,0827,0063,0176,28,49,co2:false;hcho:true;tvoc:false;temperature:true;humidity:true,false,confidence_below_threshold,true,false
capture_1023,/home/mpetrick/repos/esp32-fever-dream/tools/dataset/captures/live_surveillance_20260629T1003Z/capture_1023.jpg,0821,0063,0019,28,49,0821006300192849,52,100/95/72/72/100/100/72/99/100/73/52/67/100/100/100/100,co2:72;hcho:72;tvoc:52;temperature:100;humidity:100,0827,0063,0179,28,49,co2:false;hcho:true;tvoc:false;temperature:true;humidity:true,false,confidence_below_threshold,true,false
capture_1024,/home/mpetrick/repos/esp32-fever-dream/tools/dataset/captures/live_surveillance_20260629T1003Z/capture_1024.jpg,0859,0004,0019,28,49,0859000400192849,50,100/94/55/50/100/100/56/98/100/56/50/56/100/100/100/97,co2:50;hcho:56;tvoc:50;temperature:100;humidity:97,0833,0064,0179,28,49,co2:false;hcho:false;tvoc:false;temperature:true;humidity:true,false,confidence_below_threshold,true,false
capture_1025,/home/mpetrick/repos/esp32-fever-dream/tools/dataset/captures/live_surveillance_20260629T1003Z/capture_1025.jpg,0839,0064,0019,28,49,0839006400192849,39,100/94/39/54/100/100/80/99/100/73/64/69/100/100/100/100,co2:39;hcho:80;tvoc:64;temperature:100;humidity:100,0833,0064,0179,28,49,co2:false;hcho:true;tvoc:false;temperature:true;humidity:true,false,confidence_below_threshold,true,false
capture_1026,/home/mpetrick/repos/esp32-fever-dream/tools/dataset/captures/live_surveillance_20260629T1003Z/capture_1026.jpg,0859,0064,0019,28,49,0859006400192849,41,100/95/41/53/100/100/81/98/100/67/60/71/100/100/100/100,co2:41;hcho:81;tvoc:60;temperature:100;humidity:100,0833,0064,0179,28,49,co2:false;hcho:true;tvoc:false;temperature:true;humidity:true,false,confidence_below_threshold,true,false
capture_1027,/home/mpetrick/repos/esp32-fever-dream/tools/dataset/captures/live_surveillance_20260629T1003Z/capture_1027.jpg,0633,0064,0015,28,49,0633006400152849,49,100/85/61/67/100/94/66/100/100/95/96/49/100/100/100/97,co2:61;hcho:66;tvoc:49;temperature:100;humidity:97,0833,0064,0179,28,49,co2:false;hcho:true;tvoc:false;temperature:true;humidity:true,false,confidence_below_threshold,true,false
capture_1028,/home/mpetrick/repos/esp32-fever-dream/tools/dataset/captures/live_surveillance_20260629T1003Z/capture_1028.jpg,0839,0064,0019,28,49,0839006400192849,45,100/94/45/54/100/100/72/98/100/73/60/69/100/100/100/100,co2:45;hcho:72;tvoc:60;temperature:100;humidity:100,0833,0064,0179,28,49,co2:false;hcho:true;tvoc:false;temperature:true;humidity:true,false,confidence_below_threshold,true,false
capture_1032,/home/mpetrick/repos/esp32-fever-dream/tools/dataset/captures/live_surveillance_20260629T1003Z/capture_1032.jpg,0839,0065,0082,28,49,0839006500822849,47,100/95/47/54/100/100/75/70/100/75/92/100/100/100/100/98,co2:47;hcho:70;tvoc:75;temperature:100;humidity:98,0833,0065,0082,28,49,co2:false;hcho:true;tvoc:true;temperature:true;humidity:true,false,confidence_below_threshold,true,false
capture_1034,/home/mpetrick/repos/esp32-fever-dream/tools/dataset/captures/live_surveillance_20260629T1003Z/capture_1034.jpg,0817,0068,0084,28,49,0817006800842849,49,100/95/49/60/100/100/82/54/100/72/92/100/100/100/100/97,co2:49;hcho:54;tvoc:72;temperature:100;humidity:97,0844,0067,0084,28,49,co2:false;hcho:false;tvoc:true;temperature:true;humidity:true,false,confidence_below_threshold,true,false
capture_1035,/home/mpetrick/repos/esp32-fever-dream/tools/dataset/captures/live_surveillance_20260629T1003Z/capture_1035.jpg,0847,0005,0084,28,49,0847000500842849,50,100/94/86/75/100/100/62/92/100/50/98/99/100/100/100/97,co2:75;hcho:62;tvoc:50;temperature:100;humidity:97,0844,0065,0084,28,49,co2:false;hcho:false;tvoc:true;temperature:true;humidity:true,false,confidence_below_threshold,true,false
capture_1036,/home/mpetrick/repos/esp32-fever-dream/tools/dataset/captures/live_surveillance_20260629T1003Z/capture_1036.jpg,0839,0065,0050,28,49,0839006500502849,47,100/94/47/54/100/100/79/69/99/73/89/98/100/100/100/100,co2:47;hcho:69;tvoc:73;temperature:100;humidity:100,0855,0069,0090,28,49,co2:false;hcho:false;tvoc:false;temperature:true;humidity:true,false,confidence_below_threshold,true,false
capture_1037,/home/mpetrick/repos/esp32-fever-dream/tools/dataset/captures/live_surveillance_20260629T1003Z/capture_1037.jpg,0839,0066,0087,28,49,0839006600872849,41,100/95/41/54/100/100/75/72/100/67/87/98/100/100/100/100,co2:41;hcho:72;tvoc:67;temperature:100;humidity:100,0855,0068,0087,28,49,co2:false;hcho:false;tvoc:true;temperature:true;humidity:true,false,confidence_below_threshold,true,false
capture_1038,/home/mpetrick/repos/esp32-fever-dream/tools/dataset/captures/live_surveillance_20260629T1003Z/capture_1038.jpg,0819,0067,0050,28,49,0819006700502849,46,53/79/90/46/65/91/58/92/100/84/49/90/100/100/100/98,co2:46;hcho:58;tvoc:49;temperature:100;humidity:98,0849,0067,0090,28,49,co2:false;hcho:true;tvoc:false;temperature:true;humidity:true,false,confidence_below_threshold,true,false
capture_1039,/home/mpetrick/repos/esp32-fever-dream/tools/dataset/captures/live_surveillance_20260629T1003Z/capture_1039.jpg,0843,0006,0087,28,49,0843000600872849,43,100/95/85/43/100/100/68/93/100/60/98/81/100/100/100/98,co2:43;hcho:68;tvoc:60;temperature:100;humidity:98,0849,0066,0087,28,49,co2:false;hcho:false;tvoc:true;temperature:true;humidity:true,false,confidence_below_threshold,true,false
capture_1040,/home/mpetrick/repos/esp32-fever-dream/tools/dataset/captures/live_surveillance_20260629T1003Z/capture_1040.jpg,0619,0066,0067,28,49,0619006600672849,61,100/85/93/61/100/96/61/85/100/94/92/99/100/100/100/98,co2:61;hcho:61;tvoc:92;temperature:100;humidity:98,0849,0066,0087,28,49,co2:false;hcho:true;tvoc:false;temperature:true;humidity:true,false,confidence_below_threshold,true,false
capture_1041,/home/mpetrick/repos/esp32-fever-dream/tools/dataset/captures/live_surveillance_20260629T1003Z/capture_1041.jpg,0619,0066,0050,28,49,0619006600502849,63,100/84/92/63/100/94/77/69/100/96/97/99/100/100/100/98,co2:63;hcho:69;tvoc:96;temperature:100;humidity:98,0849,0068,0090,28,49,co2:false;hcho:false;tvoc:false;temperature:true;humidity:true,false,confidence_below_threshold,true,false
capture_1042,/home/mpetrick/repos/esp32-fever-dream/tools/dataset/captures/live_surveillance_20260629T1003Z/capture_1042.jpg,0839,0068,0087,28,49,0839006800872849,43,100/93/43/54/100/100/76/44/100/71/82/98/100/100/100/100,co2:43;hcho:44;tvoc:71;temperature:100;humidity:100,0855,0067,0087,28,49,co2:false;hcho:false;tvoc:true;temperature:true;humidity:true,false,confidence_below_threshold,true,false
capture_1043,/home/mpetrick/repos/esp32-fever-dream/tools/dataset/captures/live_surveillance_20260629T1003Z/capture_1043.jpg,0839,0066,0050,28,49,0839006600502849,39,100/95/39/53/100/100/81/70/100/73/86/98/100/100/100/100,co2:39;hcho:70;tvoc:73;temperature:100;humidity:100,0855,0068,0090,28,49,co2:false;hcho:false;tvoc:false;temperature:true;humidity:true,false,confidence_below_threshold,true,false
capture_1044,/home/mpetrick/repos/esp32-fever-dream/tools/dataset/captures/live_surveillance_20260629T1003Z/capture_1044.jpg,0826,0005,0053,28,49,0826000500532849,45,100/94/45/71/100/100/54/54/100/56/70/100/100/100/100/97,co2:45;hcho:54;tvoc:56;temperature:100;humidity:97,0860,0069,0093,28,49,co2:false;hcho:false;tvoc:false;temperature:true;humidity:true,false,confidence_below_threshold,true,false
capture_1048,/home/mpetrick/repos/esp32-fever-dream/tools/dataset/captures/live_surveillance_20260629T1003Z/capture_1048.jpg,0826,0070,0058,28,49,0826007000582849,41,100/95/41/73/100/100/97/100/100/50/61/97/100/100/100/93,co2:41;hcho:97;tvoc:50;temperature:100;humidity:93,0866,0000,0096,28,49,co2:false;hcho:false;tvoc:false;temperature:true;humidity:true,false,confidence_below_threshold,true,false
capture_1067,/home/mpetrick/repos/esp32-fever-dream/tools/dataset/captures/live_surveillance_20260629T1003Z/capture_1067.jpg,0877,0072,0020,28,49,0877007200202849,50,100/94/50/61/100/100/98/97/99/64/100/85/100/100/100/100,co2:50;hcho:97;tvoc:64;temperature:100;humidity:100,0877,0072,0020,28,49,co2:true;hcho:true;tvoc:true;temperature:true;humidity:true,false,confidence_below_threshold,true,false
capture_1069,/home/mpetrick/repos/esp32-fever-dream/tools/dataset/captures/live_surveillance_20260629T1003Z/capture_1069.jpg,0877,0072,0020,28,49,0877007200202849,50,100/94/50/61/100/100/96/97/100/75/100/77/100/100/100/98,co2:50;hcho:96;tvoc:75;temperature:100;humidity:98,0877,0072,0020,28,49,co2:true;hcho:true;tvoc:true;temperature:true;humidity:true,false,confidence_below_threshold,true,false
capture_1070,/home/mpetrick/repos/esp32-fever-dream/tools/dataset/captures/live_surveillance_20260629T1003Z/capture_1070.jpg,0817,0072,0020,28,49,0817007200202849,47,100/96/47/61/100/100/97/98/100/72/100/81/100/100/100/99,co2:47;hcho:97;tvoc:72;temperature:100;humidity:99,0877,0072,0020,28,49,co2:false;hcho:true;tvoc:true;temperature:true;humidity:true,false,confidence_below_threshold,true,false
capture_1071,/home/mpetrick/repos/esp32-fever-dream/tools/dataset/captures/live_surveillance_20260629T1003Z/capture_1071.jpg,0877,0072,0020,28,49,0877007200202849,52,100/94/52/63/100/100/97/98/100/77/100/77/100/100/100/100,co2:52;hcho:97;tvoc:77;temperature:100;humidity:100,0877,0072,0020,28,49,co2:true;hcho:true;tvoc:true;temperature:true;humidity:true,false,confidence_below_threshold,true,false
capture_1075,/home/mpetrick/repos/esp32-fever-dream/tools/dataset/captures/live_surveillance_20260629T1003Z/capture_1075.jpg,0877,0071,0056,28,49,0877007100562849,50,100/94/50/61/100/100/98/100/100/72/85/87/100/100/100/99,co2:50;hcho:98;tvoc:72;temperature:100;humidity:99,0871,0071,0098,28,49,co2:false;hcho:true;tvoc:false;temperature:true;humidity:true,false,confidence_below_threshold,true,false
capture_1076,/home/mpetrick/repos/esp32-fever-dream/tools/dataset/captures/live_surveillance_20260629T1003Z/capture_1076.jpg,0877,0071,0056,28,49,0877007100562849,49,100/95/49/66/100/100/97/100/100/73/80/86/100/100/100/100,co2:49;hcho:97;tvoc:73;temperature:100;humidity:100,0871,0071,0098,28,49,co2:false;hcho:true;tvoc:false;temperature:true;humidity:true,false,confidence_below_threshold,true,false
capture_1077,/home/mpetrick/repos/esp32-fever-dream/tools/dataset/captures/live_surveillance_20260629T1003Z/capture_1077.jpg,0877,0071,0056,28,49,0877007100562849,49,100/94/49/63/100/100/98/100/100/62/86/89/100/100/100/100,co2:49;hcho:98;tvoc:62;temperature:100;humidity:100,0871,0071,0098,28,49,co2:false;hcho:true;tvoc:false;temperature:true;humidity:true,false,confidence_below_threshold,true,false
capture_1080,/home/mpetrick/repos/esp32-fever-dream/tools/dataset/captures/live_surveillance_20260629T1003Z/capture_1080.jpg,0847,0072,0020,28,49,0847007200202849,57,100/94/89/77/100/100/98/100/100/57/100/96/100/100/100/97,co2:77;hcho:98;tvoc:57;temperature:100;humidity:97,0877,0072,0020,28,49,co2:false;hcho:true;tvoc:true;temperature:true;humidity:true,false,confidence_below_threshold,true,false
capture_1081,/home/mpetrick/repos/esp32-fever-dream/tools/dataset/captures/live_surveillance_20260629T1003Z/capture_1081.jpg,0817,0072,0020,28,49,0817007200202849,47,100/93/47/62/100/100/98/98/100/69/100/74/100/100/100/99,co2:47;hcho:98;tvoc:69;temperature:100;humidity:99,0877,0072,0020,28,49,co2:false;hcho:true;tvoc:true;temperature:true;humidity:true,false,confidence_below_threshold,true,false
capture_1082,/home/mpetrick/repos/esp32-fever-dream/tools/dataset/captures/live_surveillance_20260629T1003Z/capture_1082.jpg,0817,0072,0020,28,49,0817007200202849,47,100/94/47/63/100/100/98/98/100/70/100/78/100/100/100/100,co2:47;hcho:98;tvoc:70;temperature:100;humidity:100,0877,0072,0020,28,49,co2:false;hcho:true;tvoc:true;temperature:true;humidity:true,false,confidence_below_threshold,true,false
capture_1083,/home/mpetrick/repos/esp32-fever-dream/tools/dataset/captures/live_surveillance_20260629T1003Z/capture_1083.jpg,0817,0072,0020,28,49,0817007200202849,47,100/95/47/63/100/100/97/98/100/73/100/89/100/100/100/99,co2:47;hcho:97;tvoc:73;temperature:100;humidity:99,0877,0072,0020,28,49,co2:false;hcho:true;tvoc:true;temperature:true;humidity:true,false,confidence_below_threshold,true,false
capture_1084,/home/mpetrick/repos/esp32-fever-dream/tools/dataset/captures/live_surveillance_20260629T1003Z/capture_1084.jpg,0847,0072,0020,28,49,0847007200202849,52,100/96/89/74/100/100/98/100/100/52/100/97/100/100/100/94,co2:74;hcho:98;tvoc:52;temperature:100;humidity:94,0871,0072,0020,28,49,co2:false;hcho:true;tvoc:true;temperature:true;humidity:true,false,confidence_below_threshold,true,false
capture_1085,/home/mpetrick/repos/esp32-fever-dream/tools/dataset/captures/live_surveillance_20260629T1003Z/capture_1085.jpg,0847,0072,0020,28,49,0847007200202849,54,100/94/89/73/100/100/98/100/100/54/100/95/100/100/100/96,co2:73;hcho:98;tvoc:54;temperature:100;humidity:96,0877,0072,0020,28,49,co2:false;hcho:true;tvoc:true;temperature:true;humidity:true,false,confidence_below_threshold,true,false
capture_1086,/home/mpetrick/repos/esp32-fever-dream/tools/dataset/captures/live_surveillance_20260629T1003Z/capture_1086.jpg,0817,0072,0020,28,49,0817007200202849,47,100/94/47/61/100/100/98/97/100/71/100/82/100/100/100/98,co2:47;hcho:97;tvoc:71;temperature:100;humidity:98,0877,0072,0020,28,49,co2:false;hcho:true;tvoc:true;temperature:true;humidity:true,false,confidence_below_threshold,true,false
capture_1087,/home/mpetrick/repos/esp32-fever-dream/tools/dataset/captures/live_surveillance_20260629T1003Z/capture_1087.jpg,0847,0072,0220,28,49,0847007202202849,54,100/95/89/74/100/100/98/100/100/54/100/96/100/100/100/90,co2:74;hcho:98;tvoc:54;temperature:100;humidity:90,0877,0072,0020,28,49,co2:false;hcho:true;tvoc:false;temperature:true;humidity:true,false,confidence_below_threshold,true,false
capture_1088,/home/mpetrick/repos/esp32-fever-dream/tools/dataset/captures/live_surveillance_20260629T1003Z/capture_1088.jpg,0877,0072,0020,28,49,0877007200202849,55,100/94/55/61/100/100/98/99/100/71/100/79/100/100/100/99,co2:55;hcho:98;tvoc:71;temperature:100;humidity:99,0877,0072,0020,28,49,co2:true;hcho:true;tvoc:true;temperature:true;humidity:true,false,confidence_below_threshold,true,false
capture_1089,/home/mpetrick/repos/esp32-fever-dream/tools/dataset/captures/live_surveillance_20260629T1003Z/capture_1089.jpg,0847,0072,0220,28,49,0847007202202849,58,100/94/88/82/100/100/100/100/100/58/100/99/100/100/100/93,co2:82;hcho:100;tvoc:58;temperature:100;humidity:93,0877,0072,0020,28,49,co2:false;hcho:true;tvoc:false;temperature:true;humidity:true,false,confidence_below_threshold,true,false
capture_1090,/home/mpetrick/repos/esp32-fever-dream/tools/dataset/captures/live_surveillance_20260629T1003Z/capture_1090.jpg,0877,0072,0020,28,49,0877007200202849,50,100/95/50/63/100/100/98/98/100/74/100/80/100/100/100/98,co2:50;hcho:98;tvoc:74;temperature:100;humidity:98,0877,0072,0020,28,49,co2:true;hcho:true;tvoc:true;temperature:true;humidity:true,false,confidence_below_threshold,true,false
capture_1091,/home/mpetrick/repos/esp32-fever-dream/tools/dataset/captures/live_surveillance_20260629T1003Z/capture_1091.jpg,0847,0072,0220,28,49,0847007202202849,62,100/96/90/75/100/100/96/100/100/62/100/98/100/100/100/97,co2:75;hcho:96;tvoc:62;temperature:100;humidity:97,0877,0072,0020,28,49,co2:false;hcho:true;tvoc:false;temperature:true;humidity:true,false,confidence_below_threshold,true,false
capture_1092,/home/mpetrick/repos/esp32-fever-dream/tools/dataset/captures/live_surveillance_20260629T1003Z/capture_1092.jpg,0847,0072,0220,28,49,0847007202202849,52,100/96/91/74/100/100/97/100/100/52/100/96/100/100/100/94,co2:74;hcho:97;tvoc:52;temperature:100;humidity:94,0877,0072,0020,28,49,co2:false;hcho:true;tvoc:false;temperature:true;humidity:true,false,confidence_below_threshold,true,false
capture_1093,/home/mpetrick/repos/esp32-fever-dream/tools/dataset/captures/live_surveillance_20260629T1003Z/capture_1093.jpg,0847,0072,0020,28,49,0847007200202849,47,100/96/89/76/100/100/98/100/100/47/100/97/100/100/100/91,co2:76;hcho:98;tvoc:47;temperature:100;humidity:91,0877,0072,0020,28,49,co2:false;hcho:true;tvoc:true;temperature:true;humidity:true,false,confidence_below_threshold,true,false
capture_1094,/home/mpetrick/repos/esp32-fever-dream/tools/dataset/captures/live_surveillance_20260629T1003Z/capture_1094.jpg,0817,0072,0020,28,49,0817007200202849,47,100/94/47/61/100/100/98/98/100/70/100/89/100/100/100/98,co2:47;hcho:98;tvoc:70;temperature:100;humidity:98,0877,0072,0020,28,49,co2:false;hcho:true;tvoc:true;temperature:true;humidity:true,false,confidence_below_threshold,true,false
capture_1095,/home/mpetrick/repos/esp32-fever-dream/tools/dataset/captures/live_surveillance_20260629T1003Z/capture_1095.jpg,0877,0072,0020,28,49,0877007200202849,51,100/95/51/63/100/100/98/98/100/73/100/75/100/100/100/97,co2:51;hcho:98;tvoc:73;temperature:100;humidity:97,0877,0072,0020,28,49,co2:true;hcho:true;tvoc:true;temperature:true;humidity:true,false,confidence_below_threshold,true,false
capture_1096,/home/mpetrick/repos/esp32-fever-dream/tools/dataset/captures/live_surveillance_20260629T1003Z/capture_1096.jpg,0877,0072,0020,28,49,0877007200202849,49,100/95/49/61/100/100/97/98/100/73/100/91/100/100/100/97,co2:49;hcho:97;tvoc:73;temperature:100;humidity:97,0877,0072,0020,28,49,co2:true;hcho:true;tvoc:true;temperature:true;humidity:true,false,confidence_below_threshold,true,false
capture_1098,/home/mpetrick/repos/esp32-fever-dream/tools/dataset/captures/live_surveillance_20260629T1003Z/capture_1098.jpg,0877,0072,0020,28,49,0877007200202849,49,100/92/49/64/100/100/98/97/100/78/100/78/100/100/100/100,co2:49;hcho:97;tvoc:78;temperature:100;humidity:100,0877,0072,0020,28,49,co2:true;hcho:true;tvoc:true;temperature:true;humidity:true,false,confidence_below_threshold,true,false
capture_1099,/home/mpetrick/repos/esp32-fever-dream/tools/dataset/captures/live_surveillance_20260629T1003Z/capture_1099.jpg,0847,0072,0020,28,49,0847007200202849,50,100/95/92/76/100/100/97/100/100/50/100/97/100/100/100/94,co2:76;hcho:97;tvoc:50;temperature:100;humidity:94,0877,0072,0020,28,49,co2:false;hcho:true;tvoc:true;temperature:true;humidity:true,false,confidence_below_threshold,true,false
capture_1100,/home/mpetrick/repos/esp32-fever-dream/tools/dataset/captures/live_surveillance_20260629T1003Z/capture_1100.jpg,0877,0072,0020,28,49,0877007200202849,49,100/95/49/61/100/100/97/98/100/68/100/83/100/100/100/99,co2:49;hcho:97;tvoc:68;temperature:100;humidity:99,0877,0072,0020,28,49,co2:true;hcho:true;tvoc:true;temperature:true;humidity:true,false,confidence_below_threshold,true,false
capture_1101,/home/mpetrick/repos/esp32-fever-dream/tools/dataset/captures/live_surveillance_20260629T1003Z/capture_1101.jpg,0847,0072,0220,28,49,0847007202202849,57,100/97/89/78/100/100/98/100/100/57/100/97/100/100/100/95,co2:78;hcho:98;tvoc:57;temperature:100;humidity:95,0877,0072,0020,28,49,co2:false;hcho:true;tvoc:false;temperature:true;humidity:true,false,confidence_below_threshold,true,false
capture_1102,/home/mpetrick/repos/esp32-fever-dream/tools/dataset/captures/live_surveillance_20260629T1003Z/capture_1102.jpg,0847,0072,0220,28,49,0847007202202849,51,100/93/85/77/100/100/100/100/100/51/100/98/100/100/100/98,co2:77;hcho:100;tvoc:51;temperature:100;humidity:98,0877,0072,0020,28,49,co2:false;hcho:true;tvoc:false;temperature:true;humidity:true,false,confidence_below_threshold,true,false
capture_1106,/home/mpetrick/repos/esp32-fever-dream/tools/dataset/captures/live_surveillance_20260629T1003Z/capture_1106.jpg,0839,0079,0020,28,49,0839007900202849,38,100/94/38/60/100/100/98/81/100/75/98/100/100/100/100/93,co2:38;hcho:81;tvoc:75;temperature:100;humidity:93,0893,0075,0020,28,49,co2:false;hcho:false;tvoc:true;temperature:true;humidity:true,false,confidence_below_threshold,true,false
capture_1111,/home/mpetrick/repos/esp32-fever-dream/tools/dataset/captures/live_surveillance_20260629T1003Z/capture_1111.jpg,0943,0075,0027,28,49,0943007500272849,38,100/100/91/38/100/100/98/66/100/52/100/71/100/100/100/91,co2:38;hcho:66;tvoc:52;temperature:100;humidity:91,0915,0079,0022,28,49,co2:false;hcho:false;tvoc:false;temperature:true;humidity:true,false,confidence_below_threshold,true,false
capture_1112,/home/mpetrick/repos/esp32-fever-dream/tools/dataset/captures/live_surveillance_20260629T1003Z/capture_1112.jpg,0859,0078,0229,28,49,0859007802292849,50,100/94/61/50/100/100/97/67/100/50/99/51/100/100/100/74,co2:50;hcho:67;tvoc:50;temperature:100;humidity:74,0899,0077,0025,28,49,co2:false;hcho:false;tvoc:false;temperature:true;humidity:true,false,confidence_below_threshold,true,false
capture_1113,/home/mpetrick/repos/esp32-fever-dream/tools/dataset/captures/live_surveillance_20260629T1003Z/capture_1113.jpg,0979,0079,0022,28,49,0979007900222849,39,100/95/49/39/100/100/98/81/100/72/100/53/100/100/100/97,co2:39;hcho:81;tvoc:53;temperature:100;humidity:97,0915,0079,0022,28,49,co2:false;hcho:true;tvoc:true;temperature:true;humidity:true,false,confidence_below_threshold,true,false
capture_1120,/home/mpetrick/repos/esp32-fever-dream/tools/dataset/captures/live_surveillance_20260629T1003Z/capture_1120.jpg,0921,0079,0022,28,49,0921007900222849,49,100/94/77/76/100/100/98/82/100/72/100/49/100/100/100/96,co2:76;hcho:82;tvoc:49;temperature:100;humidity:96,0921,0079,0021,28,48,co2:true;hcho:true;tvoc:false;temperature:true;humidity:false,false,confidence_below_threshold,true,false
capture_1124,/home/mpetrick/repos/esp32-fever-dream/tools/dataset/captures/live_surveillance_20260629T1003Z/capture_1124.jpg,0926,0068,0026,28,49,0926006800262849,60,100/94/81/96/100/100/60/84/100/70/100/98/100/100/100/94,co2:81;hcho:60;tvoc:70;temperature:100;humidity:94,0926,0008,0026,28,49,co2:true;hcho:false;tvoc:true;temperature:true;humidity:true,false,confidence_below_threshold,true,false
capture_1125,/home/mpetrick/repos/esp32-fever-dream/tools/dataset/captures/live_surveillance_20260629T1003Z/capture_1125.jpg,0926,0068,0026,28,49,0926006800262849,61,100/95/80/97/100/100/61/85/100/74/100/98/100/100/100/96,co2:80;hcho:61;tvoc:74;temperature:100;humidity:96,0926,0008,0026,28,48,co2:true;hcho:false;tvoc:true;temperature:true;humidity:false,false,confidence_below_threshold,true,false
capture_1126,/home/mpetrick/repos/esp32-fever-dream/tools/dataset/captures/live_surveillance_20260629T1003Z/capture_1126.jpg,0926,0068,0026,28,49,0926006800262849,62,100/94/80/97/100/100/62/85/100/69/100/98/100/100/100/92,co2:80;hcho:62;tvoc:69;temperature:100;humidity:92,0926,0008,0026,28,49,co2:true;hcho:false;tvoc:true;temperature:true;humidity:true,false,confidence_below_threshold,true,false
capture_1128,/home/mpetrick/repos/esp32-fever-dream/tools/dataset/captures/live_surveillance_20260629T1003Z/capture_1128.jpg,0966,0008,0026,28,49,0966000800262849,43,100/100/43/100/100/100/54/98/100/48/100/100/100/100/100/90,co2:43;hcho:54;tvoc:48;temperature:100;humidity:90,0926,0008,0026,28,49,co2:false;hcho:true;tvoc:true;temperature:true;humidity:true,false,confidence_below_threshold,true,false
capture_1129,/home/mpetrick/repos/esp32-fever-dream/tools/dataset/captures/live_surveillance_20260629T1003Z/capture_1129.jpg,0926,0008,0226,28,49,0926000802262849,48,100/100/66/100/100/100/73/96/100/48/100/100/100/100/100/94,co2:66;hcho:73;tvoc:48;temperature:100;humidity:94,0926,0008,0026,28,49,co2:true;hcho:true;tvoc:false;temperature:true;humidity:true,false,confidence_below_threshold,true,false
capture_1130,/home/mpetrick/repos/esp32-fever-dream/tools/dataset/captures/live_surveillance_20260629T1003Z/capture_1130.jpg,0966,0088,0226,28,49,0966008802262849,46,100/100/46/100/100/100/54/99/100/49/100/100/100/100/100/85,co2:46;hcho:54;tvoc:49;temperature:100;humidity:85,0926,0008,0026,28,48,co2:false;hcho:false;tvoc:false;temperature:true;humidity:false,false,confidence_below_threshold,true,false
capture_1131,/home/mpetrick/repos/esp32-fever-dream/tools/dataset/captures/live_surveillance_20260629T1003Z/capture_1131.jpg,0926,0008,0226,28,49,0926000802262849,49,100/100/64/100/100/100/70/97/100/49/100/100/100/100/100/96,co2:64;hcho:70;tvoc:49;temperature:100;humidity:96,0926,0008,0026,28,49,co2:true;hcho:true;tvoc:false;temperature:true;humidity:true,false,confidence_below_threshold,true,false
capture_1132,/home/mpetrick/repos/esp32-fever-dream/tools/dataset/captures/live_surveillance_20260629T1003Z/capture_1132.jpg,0966,0008,0226,28,49,0966000802262849,45,100/100/45/100/100/100/45/99/100/60/100/100/100/100/100/72,co2:45;hcho:45;tvoc:60;temperature:100;humidity:72,0926,0008,0026,28,48,co2:false;hcho:true;tvoc:false;temperature:true;humidity:false,false,confidence_below_threshold,true,false
capture_1133,/home/mpetrick/repos/esp32-fever-dream/tools/dataset/captures/live_surveillance_20260629T1003Z/capture_1133.jpg,0966,0008,0226,28,49,0966000802262849,45,100/100/45/100/100/100/51/99/100/58/100/100/100/100/100/66,co2:45;hcho:51;tvoc:58;temperature:100;humidity:66,0926,0008,0026,28,48,co2:false;hcho:true;tvoc:false;temperature:true;humidity:false,false,confidence_below_threshold,true,false
capture_1134,/home/mpetrick/repos/esp32-fever-dream/tools/dataset/captures/live_surveillance_20260629T1003Z/capture_1134.jpg,0926,0068,0026,28,49,0926006800262849,72,100/94/79/97/100/100/72/83/100/72/100/98/100/100/100/97,co2:79;hcho:72;tvoc:72;temperature:100;humidity:97,0926,0008,0026,28,48,co2:true;hcho:false;tvoc:true;temperature:true;humidity:false,false,confidence_below_threshold,true,false
capture_1135,/home/mpetrick/repos/esp32-fever-dream/tools/dataset/captures/live_surveillance_20260629T1003Z/capture_1135.jpg,0926,0008,0226,28,49,0926000802262849,45,100/100/64/100/100/100/68/98/100/45/100/99/100/100/100/94,co2:64;hcho:68;tvoc:45;temperature:100;humidity:94,0926,0008,0026,28,48,co2:true;hcho:true;tvoc:false;temperature:true;humidity:false,false,confidence_below_threshold,true,false
capture_1136,/home/mpetrick/repos/esp32-fever-dream/tools/dataset/captures/live_surveillance_20260629T1003Z/capture_1136.jpg,0966,0008,0226,28,49,0966000802262849,46,100/100/48/100/100/100/46/98/100/55/100/100/100/100/100/85,co2:48;hcho:46;tvoc:55;temperature:100;humidity:85,0926,0008,0026,28,48,co2:false;hcho:true;tvoc:false;temperature:true;humidity:false,false,confidence_below_threshold,true,false
capture_1138,/home/mpetrick/repos/esp32-fever-dream/tools/dataset/captures/live_surveillance_20260629T1003Z/capture_1138.jpg,0966,0008,0226,28,49,0966000802262849,46,100/100/46/100/100/100/49/98/100/50/100/100/100/100/100/54,co2:46;hcho:49;tvoc:50;temperature:100;humidity:54,0926,0008,0026,28,48,co2:false;hcho:true;tvoc:false;temperature:true;humidity:false,false,confidence_below_threshold,true,false
capture_1139,/home/mpetrick/repos/esp32-fever-dream/tools/dataset/captures/live_surveillance_20260629T1003Z/capture_1139.jpg,0504,0067,0026,28,49,0504006700262849,48,100/82/48/88/100/74/54/94/100/96/100/56/100/100/100/78,co2:48;hcho:54;tvoc:56;temperature:100;humidity:78,0921,0008,0026,28,48,co2:false;hcho:false;tvoc:true;temperature:true;humidity:false,false,confidence_below_threshold,true,false
capture_1140,/home/mpetrick/repos/esp32-fever-dream/tools/dataset/captures/live_surveillance_20260629T1003Z/capture_1140.jpg,0926,0088,0226,28,48,0926008802262848,41,100/100/41/100/100/100/53/98/100/52/100/100/100/100/100/72,co2:41;hcho:53;tvoc:52;temperature:100;humidity:72,0926,0008,0026,28,48,co2:true;hcho:false;tvoc:false;temperature:true;humidity:true,false,confidence_below_threshold,true,false
capture_1141,/home/mpetrick/repos/esp32-fever-dream/tools/dataset/captures/live_surveillance_20260629T1003Z/capture_1141.jpg,0966,0088,0226,28,48,0966008802262848,46,100/100/47/100/100/100/46/98/100/50/100/100/100/100/100/52,co2:47;hcho:46;tvoc:50;temperature:100;humidity:52,0926,0008,0026,28,48,co2:false;hcho:false;tvoc:false;temperature:true;humidity:true,false,confidence_below_threshold,true,false
capture_1142,/home/mpetrick/repos/esp32-fever-dream/tools/dataset/captures/live_surveillance_20260629T1003Z/capture_1142.jpg,0926,0008,0226,28,49,0926000802262849,41,100/100/41/100/100/100/45/97/100/62/100/100/100/100/100/52,co2:41;hcho:45;tvoc:62;temperature:100;humidity:52,0926,0008,0026,28,48,co2:true;hcho:true;tvoc:false;temperature:true;humidity:false,false,confidence_below_threshold,true,false
capture_1143,/home/mpetrick/repos/esp32-fever-dream/tools/dataset/captures/live_surveillance_20260629T1003Z/capture_1143.jpg,0926,0068,0026,28,49,0926006800262849,56,100/96/80/96/100/100/56/83/100/73/100/98/100/100/100/71,co2:80;hcho:56;tvoc:73;temperature:100;humidity:71,0926,0008,0026,28,48,co2:true;hcho:false;tvoc:true;temperature:true;humidity:false,false,confidence_below_threshold,true,false
capture_1144,/home/mpetrick/repos/esp32-fever-dream/tools/dataset/captures/live_surveillance_20260629T1003Z/capture_1144.jpg,0966,0088,0226,28,48,0966008802262848,43,100/100/43/100/100/100/52/98/100/52/100/100/100/100/100/54,co2:43;hcho:52;tvoc:52;temperature:100;humidity:54,0926,0008,0026,28,48,co2:false;hcho:false;tvoc:false;temperature:true;humidity:true,false,confidence_below_threshold,true,false
capture_1145,/home/mpetrick/repos/esp32-fever-dream/tools/dataset/captures/live_surveillance_20260629T1003Z/capture_1145.jpg,0966,0088,0026,28,48,0966008800262848,49,100/100/50/100/100/100/50/98/100/49/100/100/100/100/100/52,co2:50;hcho:50;tvoc:49;temperature:100;humidity:52,0926,0008,0026,28,48,co2:false;hcho:false;tvoc:true;temperature:true;humidity:true,false,confidence_below_threshold,true,false
capture_1146,/home/mpetrick/repos/esp32-fever-dream/tools/dataset/captures/live_surveillance_20260629T1003Z/capture_1146.jpg,0926,0008,0226,28,49,0926000802262849,51,100/100/69/100/100/100/62/97/100/51/100/100/100/100/100/96,co2:69;hcho:62;tvoc:51;temperature:100;humidity:96,0926,0008,0026,28,48,co2:true;hcho:true;tvoc:false;temperature:true;humidity:false,false,confidence_below_threshold,true,false
capture_1147,/home/mpetrick/repos/esp32-fever-dream/tools/dataset/captures/live_surveillance_20260629T1003Z/capture_1147.jpg,0926,0068,0026,28,49,0926006800262849,61,100/95/79/97/100/100/62/83/100/72/100/99/100/100/100/61,co2:79;hcho:62;tvoc:72;temperature:100;humidity:61,0926,0008,0026,28,48,co2:true;hcho:false;tvoc:true;temperature:true;humidity:false,false,confidence_below_threshold,true,false
capture_1148,/home/mpetrick/repos/esp32-fever-dream/tools/dataset/captures/live_surveillance_20260629T1003Z/capture_1148.jpg,0966,0088,0226,28,49,0966008802262849,48,100/100/49/100/100/100/48/99/100/57/100/100/100/100/100/81,co2:49;hcho:48;tvoc:57;temperature:100;humidity:81,0926,0008,0026,28,48,co2:false;hcho:false;tvoc:false;temperature:true;humidity:false,false,confidence_below_threshold,true,false
capture_1149,/home/mpetrick/repos/esp32-fever-dream/tools/dataset/captures/live_surveillance_20260629T1003Z/capture_1149.jpg,0966,0088,0226,28,48,0966008802262848,50,100/100/52/100/100/100/56/98/100/50/100/100/100/100/100/54,co2:52;hcho:56;tvoc:50;temperature:100;humidity:54,0926,0008,0026,28,48,co2:false;hcho:false;tvoc:false;temperature:true;humidity:true,false,confidence_below_threshold,true,false
capture_1150,/home/mpetrick/repos/esp32-fever-dream/tools/dataset/captures/live_surveillance_20260629T1003Z/capture_1150.jpg,0966,0008,0226,28,49,0966000802262849,49,100/100/49/100/100/100/53/98/100/52/100/100/100/100/100/73,co2:49;hcho:53;tvoc:52;temperature:100;humidity:73,0926,0008,0026,28,48,co2:false;hcho:true;tvoc:false;temperature:true;humidity:false,false,confidence_below_threshold,true,false
capture_1151,/home/mpetrick/repos/esp32-fever-dream/tools/dataset/captures/live_surveillance_20260629T1003Z/capture_1151.jpg,0966,0008,0226,28,49,0966000802262849,48,100/100/51/100/100/100/48/96/100/60/100/100/100/100/100/59,co2:51;hcho:48;tvoc:60;temperature:100;humidity:59,0926,0008,0026,28,48,co2:false;hcho:true;tvoc:false;temperature:true;humidity:false,false,confidence_below_threshold,true,false
capture_1152,/home/mpetrick/repos/esp32-fever-dream/tools/dataset/captures/live_surveillance_20260629T1003Z/capture_1152.jpg,0926,0008,0226,28,49,0926000802262849,47,100/100/68/100/100/100/61/98/100/47/100/100/100/100/100/94,co2:68;hcho:61;tvoc:47;temperature:100;humidity:94,0926,0008,0026,28,49,co2:true;hcho:true;tvoc:false;temperature:true;humidity:true,false,confidence_below_threshold,true,false
capture_1153,/home/mpetrick/repos/esp32-fever-dream/tools/dataset/captures/live_surveillance_20260629T1003Z/capture_1153.jpg,0966,0008,0226,28,49,0966000802262849,45,100/100/45/100/100/100/46/97/100/54/100/100/100/100/100/52,co2:45;hcho:46;tvoc:54;temperature:100;humidity:52,0926,0008,0026,28,48,co2:false;hcho:true;tvoc:false;temperature:true;humidity:false,false,confidence_below_threshold,true,false
capture_1154,/home/mpetrick/repos/esp32-fever-dream/tools/dataset/captures/live_surveillance_20260629T1003Z/capture_1154.jpg,0926,0068,0026,28,48,0926006800262848,52,100/94/81/96/100/100/61/82/100/70/100/98/100/100/100/52,co2:81;hcho:61;tvoc:70;temperature:100;humidity:52,0926,0008,0026,28,48,co2:true;hcho:false;tvoc:true;temperature:true;humidity:true,false,confidence_below_threshold,true,false
capture_1155,/home/mpetrick/repos/esp32-fever-dream/tools/dataset/captures/live_surveillance_20260629T1003Z/capture_1155.jpg,0926,0008,0226,28,49,0926000802262849,39,100/100/63/100/100/100/56/97/100/39/100/100/100/100/100/88,co2:63;hcho:56;tvoc:39;temperature:100;humidity:88,0926,0008,0026,28,48,co2:true;hcho:true;tvoc:false;temperature:true;humidity:false,false,confidence_below_threshold,true,false
capture_1156,/home/mpetrick/repos/esp32-fever-dream/tools/dataset/captures/live_surveillance_20260629T1003Z/capture_1156.jpg,0926,0008,0226,28,49,0926000802262849,54,100/100/68/100/100/100/60/97/100/54/100/100/100/100/100/79,co2:68;hcho:60;tvoc:54;temperature:100;humidity:79,0926,0008,0026,28,48,co2:true;hcho:true;tvoc:false;temperature:true;humidity:false,false,confidence_below_threshold,true,false
capture_1157,/home/mpetrick/repos/esp32-fever-dream/tools/dataset/captures/live_surveillance_20260629T1003Z/capture_1157.jpg,0926,0008,0226,28,49,0926000802262849,52,100/100/63/100/100/100/57/98/100/52/100/100/100/100/100/90,co2:63;hcho:57;tvoc:52;temperature:100;humidity:90,0926,0008,0026,28,48,co2:true;hcho:true;tvoc:false;temperature:true;humidity:false,false,confidence_below_threshold,true,false
capture_1158,/home/mpetrick/repos/esp32-fever-dream/tools/dataset/captures/live_surveillance_20260629T1003Z/capture_1158.jpg,0966,0088,0226,28,49,0966008802262849,49,100/100/60/100/100/100/49/98/100/59/100/100/100/100/100/62,co2:60;hcho:49;tvoc:59;temperature:100;humidity:62,0926,0008,0026,28,48,co2:false;hcho:false;tvoc:false;temperature:true;humidity:false,false,confidence_below_threshold,true,false
capture_1159,/home/mpetrick/repos/esp32-fever-dream/tools/dataset/captures/live_surveillance_20260629T1003Z/capture_1159.jpg,0966,0008,0226,28,48,0966000802262848,46,100/100/49/100/100/100/46/99/100/60/100/100/100/100/100/66,co2:49;hcho:46;tvoc:60;temperature:100;humidity:66,0926,0008,0026,28,48,co2:false;hcho:true;tvoc:false;temperature:true;humidity:true,false,confidence_below_threshold,true,false
capture_1160,/home/mpetrick/repos/esp32-fever-dream/tools/dataset/captures/live_surveillance_20260629T1003Z/capture_1160.jpg,0966,0088,0226,28,49,0966008802262849,49,100/100/54/100/100/100/49/99/100/59/100/100/100/100/100/70,co2:54;hcho:49;tvoc:59;temperature:100;humidity:70,0926,0008,0026,28,48,co2:false;hcho:false;tvoc:false;temperature:true;humidity:false,false,confidence_below_threshold,true,false
capture_1161,/home/mpetrick/repos/esp32-fever-dream/tools/dataset/captures/live_surveillance_20260629T1003Z/capture_1161.jpg,0926,0068,0026,28,48,0926006800262848,54,100/95/81/97/100/100/54/86/100/70/100/98/100/100/100/54,co2:81;hcho:54;tvoc:70;temperature:100;humidity:54,0926,0008,0026,28,48,co2:true;hcho:false;tvoc:true;temperature:true;humidity:true,false,confidence_below_threshold,true,false
capture_1163,/home/mpetrick/repos/esp32-fever-dream/tools/dataset/captures/live_surveillance_20260629T1003Z/capture_1163.jpg,0926,0008,0226,28,49,0926000802262849,56,100/100/63/100/100/100/59/98/100/56/100/100/100/100/100/70,co2:63;hcho:59;tvoc:56;temperature:100;humidity:70,0926,0008,0026,28,48,co2:true;hcho:true;tvoc:false;temperature:true;humidity:false,false,confidence_below_threshold,true,false
capture_1164,/home/mpetrick/repos/esp32-fever-dream/tools/dataset/captures/live_surveillance_20260629T1003Z/capture_1164.jpg,0926,0068,0026,28,49,0926006800262849,53,100/96/79/97/100/100/53/85/100/71/100/98/100/100/100/91,co2:79;hcho:53;tvoc:71;temperature:100;humidity:91,0926,0008,0026,28,48,co2:true;hcho:false;tvoc:true;temperature:true;humidity:false,false,confidence_below_threshold,true,false
capture_1165,/home/mpetrick/repos/esp32-fever-dream/tools/dataset/captures/live_surveillance_20260629T1003Z/capture_1165.jpg,0966,0088,0226,28,48,0966008802262848,47,100/100/47/100/100/100/51/97/100/49/100/100/100/100/100/70,co2:47;hcho:51;tvoc:49;temperature:100;humidity:70,0926,0008,0026,28,48,co2:false;hcho:false;tvoc:false;temperature:true;humidity:true,false,confidence_below_threshold,true,false
capture_1166,/home/mpetrick/repos/esp32-fever-dream/tools/dataset/captures/live_surveillance_20260629T1003Z/capture_1166.jpg,0966,0088,0226,28,49,0966008802262849,54,100/100/54/100/100/100/56/98/100/57/100/100/100/100/100/60,co2:54;hcho:56;tvoc:57;temperature:100;humidity:60,0926,0008,0026,28,48,co2:false;hcho:false;tvoc:false;temperature:true;humidity:false,false,confidence_below_threshold,true,false
capture_1167,/home/mpetrick/repos/esp32-fever-dream/tools/dataset/captures/live_surveillance_20260629T1003Z/capture_1167.jpg,0926,0008,0226,28,49,0926000802262849,49,100/100/63/100/100/100/56/97/100/49/100/100/100/100/100/70,co2:63;hcho:56;tvoc:49;temperature:100;humidity:70,0926,0008,0026,28,48,co2:true;hcho:true;tvoc:false;temperature:true;humidity:false,false,confidence_below_threshold,true,false
capture_1168,/home/mpetrick/repos/esp32-fever-dream/tools/dataset/captures/live_surveillance_20260629T1003Z/capture_1168.jpg,0966,0088,0226,28,49,0966008802262849,52,100/100/52/100/100/100/52/98/100/61/100/100/100/100/100/78,co2:52;hcho:52;tvoc:61;temperature:100;humidity:78,0926,0008,0026,28,48,co2:false;hcho:false;tvoc:false;temperature:true;humidity:false,false,confidence_below_threshold,true,false
capture_1169,/home/mpetrick/repos/esp32-fever-dream/tools/dataset/captures/live_surveillance_20260629T1003Z/capture_1169.jpg,0966,0088,0226,28,49,0966008802262849,52,100/100/52/100/100/100/58/98/100/61/100/100/100/100/100/70,co2:52;hcho:58;tvoc:61;temperature:100;humidity:70,0926,0008,0026,28,48,co2:false;hcho:false;tvoc:false;temperature:true;humidity:false,false,confidence_below_threshold,true,false
capture_1170,/home/mpetrick/repos/esp32-fever-dream/tools/dataset/captures/live_surveillance_20260629T1003Z/capture_1170.jpg,0966,0088,0226,28,48,0966008802262848,47,100/100/52/100/100/100/47/96/100/59/100/100/100/100/100/83,co2:52;hcho:47;tvoc:59;temperature:100;humidity:83,0926,0008,0026,28,48,co2:false;hcho:false;tvoc:false;temperature:true;humidity:true,false,confidence_below_threshold,true,false
capture_1171,/home/mpetrick/repos/esp32-fever-dream/tools/dataset/captures/live_surveillance_20260629T1003Z/capture_1171.jpg,0966,0088,0226,28,48,0966008802262848,52,100/100/52/100/100/100/55/97/100/68/100/100/100/100/100/86,co2:52;hcho:55;tvoc:68;temperature:100;humidity:86,0926,0008,0026,28,48,co2:false;hcho:false;tvoc:false;temperature:true;humidity:true,false,confidence_below_threshold,true,false
capture_1178,/home/mpetrick/repos/esp32-fever-dream/tools/dataset/captures/live_surveillance_20260629T1003Z/capture_1178.jpg,0966,0088,0226,28,48,0966008802262848,53,100/100/55/100/100/100/53/98/100/69/100/100/100/100/100/68,co2:55;hcho:53;tvoc:69;temperature:100;humidity:68,0926,0008,0026,28,48,co2:false;hcho:false;tvoc:false;temperature:true;humidity:true,false,confidence_below_threshold,true,false
capture_1179,/home/mpetrick/repos/esp32-fever-dream/tools/dataset/captures/live_surveillance_20260629T1003Z/capture_1179.jpg,0966,0088,0226,28,48,0966008802262848,50,100/100/50/100/100/100/63/98/100/59/100/100/100/100/100/66,co2:50;hcho:63;tvoc:59;temperature:100;humidity:66,0926,0008,0026,28,48,co2:false;hcho:false;tvoc:false;temperature:true;humidity:true,false,confidence_below_threshold,true,false
capture_1180,/home/mpetrick/repos/esp32-fever-dream/tools/dataset/captures/live_surveillance_20260629T1003Z/capture_1180.jpg,0966,0088,0226,28,48,0966008802262848,48,100/100/48/100/100/100/63/96/100/54/100/100/100/100/100/77,co2:48;hcho:63;tvoc:54;temperature:100;humidity:77,0926,0008,0026,28,48,co2:false;hcho:false;tvoc:false;temperature:true;humidity:true,false,confidence_below_threshold,true,false
capture_1181,/home/mpetrick/repos/esp32-fever-dream/tools/dataset/captures/live_surveillance_20260629T1003Z/capture_1181.jpg,0926,0068,0026,28,49,0926006800262849,52,100/95/80/96/100/100/52/85/100/72/100/98/100/100/100/52,co2:80;hcho:52;tvoc:72;temperature:100;humidity:52,0926,0008,0026,28,48,co2:true;hcho:false;tvoc:true;temperature:true;humidity:false,false,confidence_below_threshold,true,false
capture_1182,/home/mpetrick/repos/esp32-fever-dream/tools/dataset/captures/live_surveillance_20260629T1003Z/capture_1182.jpg,0926,0068,0026,28,49,0926006800262849,52,100/95/83/97/100/100/52/83/100/70/100/98/100/100/100/72,co2:83;hcho:52;tvoc:70;temperature:100;humidity:72,0926,0008,0026,28,48,co2:true;hcho:false;tvoc:true;temperature:true;humidity:false,false,confidence_below_threshold,true,false
capture_1183,/home/mpetrick/repos/esp32-fever-dream/tools/dataset/captures/live_surveillance_20260629T1003Z/capture_1183.jpg,0966,0088,0226,28,49,0966008802262849,52,100/100/58/100/100/100/72/97/100/57/100/100/100/100/100/52,co2:58;hcho:72;tvoc:57;temperature:100;humidity:52,0926,0008,0026,28,48,co2:false;hcho:false;tvoc:false;temperature:true;humidity:false,false,confidence_below_threshold,true,false
capture_1184,/home/mpetrick/repos/esp32-fever-dream/tools/dataset/captures/live_surveillance_20260629T1003Z/capture_1184.jpg,0966,0088,0226,28,48,0966008802262848,43,100/100/43/100/100/100/71/97/100/57/100/100/100/100/100/85,co2:43;hcho:71;tvoc:57;temperature:100;humidity:85,0926,0008,0026,28,48,co2:false;hcho:false;tvoc:false;temperature:true;humidity:true,false,confidence_below_threshold,true,false
capture_1185,/home/mpetrick/repos/esp32-fever-dream/tools/dataset/captures/live_surveillance_20260629T1003Z/capture_1185.jpg,0926,0068,0026,28,49,0926006800262849,52,100/96/81/97/100/100/52/85/100/67/100/99/100/100/100/69,co2:81;hcho:52;tvoc:67;temperature:100;humidity:69,0926,0008,0026,28,48,co2:true;hcho:false;tvoc:true;temperature:true;humidity:false,false,confidence_below_threshold,true,false
capture_1187,/home/mpetrick/repos/esp32-fever-dream/tools/dataset/captures/live_surveillance_20260629T1003Z/capture_1187.jpg,0966,0088,0226,28,48,0966008802262848,54,100/100/58/100/100/100/61/99/100/57/100/100/100/100/100/54,co2:58;hcho:61;tvoc:57;temperature:100;humidity:54,0926,0008,0026,28,48,co2:false;hcho:false;tvoc:false;temperature:true;humidity:true,false,confidence_below_threshold,true,false
capture_1188,/home/mpetrick/repos/esp32-fever-dream/tools/dataset/captures/live_surveillance_20260629T1003Z/capture_1188.jpg,0966,0088,0226,28,48,0966008802262848,61,100/100/61/100/100/100/69/97/100/69/100/100/100/100/100/83,co2:61;hcho:69;tvoc:69;temperature:100;humidity:83,0926,0008,0026,28,48,co2:false;hcho:false;tvoc:false;temperature:true;humidity:true,false,confidence_below_threshold,true,false
capture_1189,/home/mpetrick/repos/esp32-fever-dream/tools/dataset/captures/live_surveillance_20260629T1003Z/capture_1189.jpg,0926,0068,0026,28,48,0926006800262848,51,100/94/78/96/100/100/51/83/100/72/100/97/100/100/100/64,co2:78;hcho:51;tvoc:72;temperature:100;humidity:64,0926,0008,0026,28,48,co2:true;hcho:false;tvoc:true;temperature:true;humidity:true,false,confidence_below_threshold,true,false
capture_1190,/home/mpetrick/repos/esp32-fever-dream/tools/dataset/captures/live_surveillance_20260629T1003Z/capture_1190.jpg,0966,0088,0226,28,49,0966008802262849,60,100/100/60/100/100/100/69/97/100/62/100/100/100/100/100/64,co2:60;hcho:69;tvoc:62;temperature:100;humidity:64,0926,0008,0026,28,48,co2:false;hcho:false;tvoc:false;temperature:true;humidity:false,false,confidence_below_threshold,true,false
capture_1191,/home/mpetrick/repos/esp32-fever-dream/tools/dataset/captures/live_surveillance_20260629T1003Z/capture_1191.jpg,0966,0088,0226,28,48,0966008802262848,54,100/100/60/100/100/100/54/99/100/62/100/100/100/100/100/74,co2:60;hcho:54;tvoc:62;temperature:100;humidity:74,0926,0008,0026,28,48,co2:false;hcho:false;tvoc:false;temperature:true;humidity:true,false,confidence_below_threshold,true,false
capture_1192,/home/mpetrick/repos/esp32-fever-dream/tools/dataset/captures/live_surveillance_20260629T1003Z/capture_1192.jpg,0966,0088,0226,28,49,0966008802262849,54,100/100/58/100/100/100/62/97/100/64/100/100/100/100/100/54,co2:58;hcho:62;tvoc:64;temperature:100;humidity:54,0926,0008,0026,28,48,co2:false;hcho:false;tvoc:false;temperature:true;humidity:false,false,confidence_below_threshold,true,false
capture_1193,/home/mpetrick/repos/esp32-fever-dream/tools/dataset/captures/live_surveillance_20260629T1003Z/capture_1193.jpg,0966,0088,0226,28,48,0966008802262848,49,100/100/53/100/100/100/69/99/100/57/100/100/100/100/100/49,co2:53;hcho:69;tvoc:57;temperature:100;humidity:49,0926,0008,0026,28,48,co2:false;hcho:false;tvoc:false;temperature:true;humidity:true,false,confidence_below_threshold,true,false
capture_1194,/home/mpetrick/repos/esp32-fever-dream/tools/dataset/captures/live_surveillance_20260629T1003Z/capture_1194.jpg,0966,0088,0226,28,48,0966008802262848,55,100/100/55/100/100/100/66/95/100/66/100/100/100/100/100/85,co2:55;hcho:66;tvoc:66;temperature:100;humidity:85,0926,0008,0026,28,48,co2:false;hcho:false;tvoc:false;temperature:true;humidity:true,false,confidence_below_threshold,true,false
capture_1195,/home/mpetrick/repos/esp32-fever-dream/tools/dataset/captures/live_surveillance_20260629T1003Z/capture_1195.jpg,0926,0068,0026,28,49,0926006800262849,52,100/94/80/97/100/100/52/87/100/76/100/98/100/100/100/60,co2:80;hcho:52;tvoc:76;temperature:100;humidity:60,0926,0008,0026,28,48,co2:true;hcho:false;tvoc:true;temperature:true;humidity:false,false,confidence_below_threshold,true,false
capture_1196,/home/mpetrick/repos/esp32-fever-dream/tools/dataset/captures/live_surveillance_20260629T1003Z/capture_1196.jpg,0926,0008,0226,28,49,0926000802262849,53,100/100/70/100/100/100/70/97/100/53/100/100/100/100/100/56,co2:70;hcho:70;tvoc:53;temperature:100;humidity:56,0926,0008,0026,28,48,co2:true;hcho:true;tvoc:false;temperature:true;humidity:false,false,confidence_below_threshold,true,false
capture_1211,/home/mpetrick/repos/esp32-fever-dream/tools/dataset/captures/live_surveillance_20260629T1003Z/capture_1211.jpg,0926,0008,0226,28,49,0926000802262849,45,100/100/65/100/100/100/71/97/100/45/100/100/100/100/100/74,co2:65;hcho:71;tvoc:45;temperature:100;humidity:74,0926,0008,0026,28,48,co2:true;hcho:true;tvoc:false;temperature:true;humidity:false,false,confidence_below_threshold,true,false
capture_1212,/home/mpetrick/repos/esp32-fever-dream/tools/dataset/captures/live_surveillance_20260629T1003Z/capture_1212.jpg,0966,0088,0226,28,48,0966008802262848,60,100/100/60/100/100/100/70/96/100/68/100/99/100/100/100/73,co2:60;hcho:70;tvoc:68;temperature:100;humidity:73,0926,0008,0026,28,48,co2:false;hcho:false;tvoc:false;temperature:true;humidity:true,false,confidence_below_threshold,true,false
capture_1216,/home/mpetrick/repos/esp32-fever-dream/tools/dataset/captures/live_surveillance_20260629T1003Z/capture_1216.jpg,0956,0082,0229,28,49,0956008202292849,52,100/100/68/70/100/100/57/100/100/61/100/100/100/100/100/52,co2:68;hcho:57;tvoc:61;temperature:100;humidity:52,0932,0082,0029,28,48,co2:false;hcho:true;tvoc:false;temperature:true;humidity:false,false,confidence_below_threshold,true,false
capture_1218,/home/mpetrick/repos/esp32-fever-dream/tools/dataset/captures/live_surveillance_20260629T1003Z/capture_1218.jpg,0506,0082,0026,28,48,0506008200262848,46,100/75/46/97/100/83/49/100/100/95/100/60/100/100/100/52,co2:46;hcho:49;tvoc:60;temperature:100;humidity:52,0926,0082,0026,28,48,co2:false;hcho:true;tvoc:true;temperature:true;humidity:true,false,confidence_below_threshold,true,false
capture_1219,/home/mpetrick/repos/esp32-fever-dream/tools/dataset/captures/live_surveillance_20260629T1003Z/capture_1219.jpg,0956,0082,0229,28,49,0956008202292849,54,100/100/68/72/100/100/63/100/100/59/100/100/100/100/100/54,co2:68;hcho:63;tvoc:59;temperature:100;humidity:54,0932,0082,0029,28,48,co2:false;hcho:true;tvoc:false;temperature:true;humidity:false,false,confidence_below_threshold,true,false
capture_1220,/home/mpetrick/repos/esp32-fever-dream/tools/dataset/captures/live_surveillance_20260629T1003Z/capture_1220.jpg,0956,0082,0229,28,48,0956008202292848,67,100/100/70/71/100/100/67/100/100/70/100/100/100/100/100/68,co2:70;hcho:67;tvoc:70;temperature:100;humidity:68,0932,0082,0029,28,48,co2:false;hcho:true;tvoc:false;temperature:true;humidity:true,false,confidence_below_threshold,true,false
capture_1221,/home/mpetrick/repos/esp32-fever-dream/tools/dataset/captures/live_surveillance_20260629T1003Z/capture_1221.jpg,0956,0082,0229,28,48,0956008202292848,64,100/100/68/75/100/100/74/100/100/64/100/100/100/100/100/83,co2:68;hcho:74;tvoc:64;temperature:100;humidity:83,0932,0082,0029,28,48,co2:false;hcho:true;tvoc:false;temperature:true;humidity:true,false,confidence_below_threshold,true,false
capture_1222,/home/mpetrick/repos/esp32-fever-dream/tools/dataset/captures/live_surveillance_20260629T1003Z/capture_1222.jpg,0930,0062,0029,28,48,0930006200292848,47,100/96/56/70/100/100/47/89/100/69/100/94/100/100/100/49,co2:56;hcho:47;tvoc:69;temperature:100;humidity:49,0932,0082,0029,28,48,co2:false;hcho:false;tvoc:true;temperature:true;humidity:true,false,confidence_below_threshold,true,false
capture_1228,/home/mpetrick/repos/esp32-fever-dream/tools/dataset/captures/live_surveillance_20260629T1003Z/capture_1228.jpg,0957,0084,0235,28,48,0957008402352848,41,100/100/67/41/100/100/77/100/100/69/100/89/100/100/100/68,co2:41;hcho:77;tvoc:69;temperature:100;humidity:68,0937,0084,0235,28,48,co2:false;hcho:true;tvoc:true;temperature:true;humidity:true,false,confidence_below_threshold,true,false
capture_1229,/home/mpetrick/repos/esp32-fever-dream/tools/dataset/captures/live_surveillance_20260629T1003Z/capture_1229.jpg,0956,0083,0232,28,48,0956008302322848,68,100/100/68/75/100/100/79/100/100/75/100/100/100/100/100/90,co2:68;hcho:79;tvoc:75;temperature:100;humidity:90,0932,0083,0232,28,48,co2:false;hcho:true;tvoc:true;temperature:true;humidity:true,false,confidence_below_threshold,true,false
capture_1230,/home/mpetrick/repos/esp32-fever-dream/tools/dataset/captures/live_surveillance_20260629T1003Z/capture_1230.jpg,0931,0003,0032,28,48,0931000300322848,47,100/95/60/78/100/100/47/99/100/71/100/100/100/100/100/80,co2:60;hcho:47;tvoc:71;temperature:100;humidity:80,0937,0083,0232,28,48,co2:false;hcho:false;tvoc:false;temperature:true;humidity:true,false,confidence_below_threshold,true,false
capture_1231,/home/mpetrick/repos/esp32-fever-dream/tools/dataset/captures/live_surveillance_20260629T1003Z/capture_1231.jpg,0951,0083,0232,28,48,0951008302322848,38,100/100/69/38/100/100/76/100/100/70/100/99/100/100/100/84,co2:38;hcho:76;tvoc:70;temperature:100;humidity:84,0937,0083,0232,28,48,co2:false;hcho:true;tvoc:true;temperature:true;humidity:true,false,confidence_below_threshold,true,false
capture_1232,/home/mpetrick/repos/esp32-fever-dream/tools/dataset/captures/live_surveillance_20260629T1003Z/capture_1232.jpg,0945,0084,0232,28,48,0945008402322848,40,100/100/95/40/100/100/78/100/100/79/100/100/100/100/100/89,co2:40;hcho:78;tvoc:79;temperature:100;humidity:89,0943,0084,0232,28,48,co2:false;hcho:true;tvoc:true;temperature:true;humidity:true,false,confidence_below_threshold,true,false
capture_1233,/home/mpetrick/repos/esp32-fever-dream/tools/dataset/captures/live_surveillance_20260629T1003Z/capture_1233.jpg,0948,0084,0235,28,48,0948008402352848,76,100/100/96/95/100/100/79/100/100/76/100/83/100/100/100/81,co2:95;hcho:79;tvoc:76;temperature:100;humidity:81,0948,0084,0235,28,48,co2:true;hcho:true;tvoc:true;temperature:true;humidity:true,false,confidence_below_threshold,true,false
capture_1234,/home/mpetrick/repos/esp32-fever-dream/tools/dataset/captures/live_surveillance_20260629T1003Z/capture_1234.jpg,0943,0084,0235,28,48,0943008402352848,37,100/100/96/37/100/100/67/100/100/61/100/92/100/100/100/88,co2:37;hcho:67;tvoc:61;temperature:100;humidity:88,0943,0084,0235,28,48,co2:true;hcho:true;tvoc:true;temperature:true;humidity:true,false,confidence_below_threshold,true,false
capture_1235,/home/mpetrick/repos/esp32-fever-dream/tools/dataset/captures/live_surveillance_20260629T1003Z/capture_1235.jpg,0948,0085,0238,28,48,0948008502382848,68,100/100/96/94/100/100/79/100/100/68/100/99/100/100/100/84,co2:94;hcho:79;tvoc:68;temperature:100;humidity:84,0948,0085,0238,28,48,co2:true;hcho:true;tvoc:true;temperature:true;humidity:true,false,confidence_below_threshold,true,false
capture_1236,/home/mpetrick/repos/esp32-fever-dream/tools/dataset/captures/live_surveillance_20260629T1003Z/capture_1236.jpg,0948,0084,0235,28,48,0948008402352848,70,100/100/95/94/100/100/73/100/100/70/100/84/100/100/100/84,co2:94;hcho:73;tvoc:70;temperature:100;humidity:84,0948,0084,0235,28,48,co2:true;hcho:true;tvoc:true;temperature:true;humidity:true,false,confidence_below_threshold,true,false
capture_1237,/home/mpetrick/repos/esp32-fever-dream/tools/dataset/captures/live_surveillance_20260629T1003Z/capture_1237.jpg,0948,0085,0238,28,48,0948008502382848,70,100/100/96/95/100/100/81/100/100/70/100/99/100/100/100/83,co2:95;hcho:81;tvoc:70;temperature:100;humidity:83,0948,0085,0238,28,48,co2:true;hcho:true;tvoc:true;temperature:true;humidity:true,false,confidence_below_threshold,true,false
capture_1238,/home/mpetrick/repos/esp32-fever-dream/tools/dataset/captures/live_surveillance_20260629T1003Z/capture_1238.jpg,0945,0084,0235,28,48,0945008402352848,40,100/100/96/40/100/100/86/100/100/76/100/91/100/100/100/76,co2:40;hcho:86;tvoc:76;temperature:100;humidity:76,0943,0084,0235,28,48,co2:false;hcho:true;tvoc:true;temperature:true;humidity:true,false,confidence_below_threshold,true,false
capture_1239,/home/mpetrick/repos/esp32-fever-dream/tools/dataset/captures/live_surveillance_20260629T1003Z/capture_1239.jpg,0931,0064,0039,28,49,0931006400392849,50,100/95/63/80/100/100/50/98/100/72/100/99/100/100/100/72,co2:63;hcho:50;tvoc:72;temperature:100;humidity:72,0937,0084,0235,28,48,co2:false;hcho:false;tvoc:false;temperature:true;humidity:false,false,confidence_below_threshold,true,false
capture_1240,/home/mpetrick/repos/esp32-fever-dream/tools/dataset/captures/live_surveillance_20260629T1003Z/capture_1240.jpg,0957,0083,0232,28,48,0957008302322848,40,100/100/68/40/100/100/71/100/100/63/100/100/100/100/100/87,co2:40;hcho:71;tvoc:63;temperature:100;humidity:87,0937,0083,0232,28,48,co2:false;hcho:true;tvoc:true;temperature:true;humidity:true,false,confidence_below_threshold,true,false
capture_1241,/home/mpetrick/repos/esp32-fever-dream/tools/dataset/captures/live_surveillance_20260629T1003Z/capture_1241.jpg,0956,0082,0232,28,48,0956008202322848,69,100/100/69/73/100/100/71/100/100/70/100/100/100/100/100/91,co2:69;hcho:71;tvoc:70;temperature:100;humidity:91,0932,0082,0232,28,48,co2:false;hcho:true;tvoc:true;temperature:true;humidity:true,false,confidence_below_threshold,true,false
capture_1242,/home/mpetrick/repos/esp32-fever-dream/tools/dataset/captures/live_surveillance_20260629T1003Z/capture_1242.jpg,0957,0083,0232,28,48,0957008302322848,41,100/100/66/41/100/100/85/100/100/74/100/99/100/100/100/85,co2:41;hcho:85;tvoc:74;temperature:100;humidity:85,0937,0083,0232,28,48,co2:false;hcho:true;tvoc:true;temperature:true;humidity:true,false,confidence_below_threshold,true,false
capture_1246,/home/mpetrick/repos/esp32-fever-dream/tools/dataset/captures/live_surveillance_20260629T1003Z/capture_1246.jpg,0930,0062,0029,28,48,0930006200292848,49,100/95/58/70/100/100/49/90/100/74/100/95/100/100/100/52,co2:58;hcho:49;tvoc:74;temperature:100;humidity:52,0932,0082,0029,28,48,co2:false;hcho:false;tvoc:true;temperature:true;humidity:true,false,confidence_below_threshold,true,false
capture_1249,/home/mpetrick/repos/esp32-fever-dream/tools/dataset/captures/live_surveillance_20260629T1003Z/capture_1249.jpg,0956,0083,0232,28,48,0956008302322848,68,100/100/68/73/100/100/72/100/100/74/100/100/100/100/100/85,co2:68;hcho:72;tvoc:74;temperature:100;humidity:85,0932,0083,0232,28,48,co2:false;hcho:true;tvoc:true;temperature:true;humidity:true,false,confidence_below_threshold,true,false
capture_1250,/home/mpetrick/repos/esp32-fever-dream/tools/dataset/captures/live_surveillance_20260629T1003Z/capture_1250.jpg,0957,0083,0232,28,48,0957008302322848,42,100/100/70/42/100/100/80/100/100/78/100/100/100/100/100/94,co2:42;hcho:80;tvoc:78;temperature:100;humidity:94,0937,0083,0232,28,48,co2:false;hcho:true;tvoc:true;temperature:true;humidity:true,false,confidence_below_threshold,true,false
capture_1251,/home/mpetrick/repos/esp32-fever-dream/tools/dataset/captures/live_surveillance_20260629T1003Z/capture_1251.jpg,0951,0084,0232,28,48,0951008402322848,36,100/100/70/36/100/100/76/100/100/78/100/99/100/100/100/93,co2:36;hcho:76;tvoc:78;temperature:100;humidity:93,0937,0084,0232,28,48,co2:false;hcho:true;tvoc:true;temperature:true;humidity:true,false,confidence_below_threshold,true,false
capture_1252,/home/mpetrick/repos/esp32-fever-dream/tools/dataset/captures/live_surveillance_20260629T1003Z/capture_1252.jpg,0957,0083,0232,28,48,0957008302322848,44,100/100/68/44/100/100/84/100/100/66/100/99/100/100/100/93,co2:44;hcho:84;tvoc:66;temperature:100;humidity:93,0937,0083,0232,28,48,co2:false;hcho:true;tvoc:true;temperature:true;humidity:true,false,confidence_below_threshold,true,false
capture_1253,/home/mpetrick/repos/esp32-fever-dream/tools/dataset/captures/live_surveillance_20260629T1003Z/capture_1253.jpg,0957,0083,0232,28,48,0957008302322848,38,100/100/70/38/100/100/81/100/100/74/100/99/100/100/100/85,co2:38;hcho:81;tvoc:74;temperature:100;humidity:85,0937,0083,0232,28,48,co2:false;hcho:true;tvoc:true;temperature:true;humidity:true,false,confidence_below_threshold,true,false
capture_1254,/home/mpetrick/repos/esp32-fever-dream/tools/dataset/captures/live_surveillance_20260629T1003Z/capture_1254.jpg,0943,0084,0235,28,48,0943008402352848,42,100/100/95/42/100/100/91/100/100/70/100/91/100/100/100/93,co2:42;hcho:91;tvoc:70;temperature:100;humidity:93,0943,0084,0235,28,48,co2:true;hcho:true;tvoc:true;temperature:true;humidity:true,false,confidence_below_threshold,true,false
capture_1255,/home/mpetrick/repos/esp32-fever-dream/tools/dataset/captures/live_surveillance_20260629T1003Z/capture_1255.jpg,0957,0084,0239,28,48,0957008402392848,50,100/100/88/58/100/100/56/100/100/50/100/62/100/100/100/54,co2:58;hcho:56;tvoc:50;temperature:100;humidity:54,0937,0084,0235,28,48,co2:false;hcho:true;tvoc:false;temperature:true;humidity:true,false,confidence_below_threshold,true,false
capture_1256,/home/mpetrick/repos/esp32-fever-dream/tools/dataset/captures/live_surveillance_20260629T1003Z/capture_1256.jpg,0945,0084,0232,28,48,0945008402322848,41,100/100/97/41/100/100/79/100/100/74/100/100/100/100/100/93,co2:41;hcho:79;tvoc:74;temperature:100;humidity:93,0943,0084,0232,28,48,co2:false;hcho:true;tvoc:true;temperature:true;humidity:true,false,confidence_below_threshold,true,false
capture_1257,/home/mpetrick/repos/esp32-fever-dream/tools/dataset/captures/live_surveillance_20260629T1003Z/capture_1257.jpg,0957,0083,0232,28,48,0957008302322848,41,100/100/70/41/100/100/85/100/100/70/100/99/100/100/100/90,co2:41;hcho:85;tvoc:70;temperature:100;humidity:90,0937,0083,0232,28,48,co2:false;hcho:true;tvoc:true;temperature:true;humidity:true,false,confidence_below_threshold,true,false
capture_1258,/home/mpetrick/repos/esp32-fever-dream/tools/dataset/captures/live_surveillance_20260629T1003Z/capture_1258.jpg,0957,0083,0232,28,48,0957008302322848,39,100/100/68/39/100/100/80/100/100/70/100/99/100/100/100/89,co2:39;hcho:80;tvoc:70;temperature:100;humidity:89,0937,0083,0232,28,48,co2:false;hcho:true;tvoc:true;temperature:true;humidity:true,false,confidence_below_threshold,true,false
capture_1259,/home/mpetrick/repos/esp32-fever-dream/tools/dataset/captures/live_surveillance_20260629T1003Z/capture_1259.jpg,0957,0083,0232,28,48,0957008302322848,36,100/100/70/36/100/100/81/100/100/71/100/99/100/100/100/90,co2:36;hcho:81;tvoc:71;temperature:100;humidity:90,0937,0083,0232,28,48,co2:false;hcho:true;tvoc:true;temperature:true;humidity:true,false,confidence_below_threshold,true,false
capture_1260,/home/mpetrick/repos/esp32-fever-dream/tools/dataset/captures/live_surveillance_20260629T1003Z/capture_1260.jpg,0931,0003,0032,28,48,0931000300322848,49,100/93/63/79/100/99/49/98/100/69/99/100/100/100/100/76,co2:63;hcho:49;tvoc:69;temperature:100;humidity:76,0937,0083,0232,28,48,co2:false;hcho:false;tvoc:false;temperature:true;humidity:true,false,confidence_below_threshold,true,false
capture_1261,/home/mpetrick/repos/esp32-fever-dream/tools/dataset/captures/live_surveillance_20260629T1003Z/capture_1261.jpg,0957,0084,0232,28,48,0957008402322848,38,100/100/68/38/100/100/86/100/100/72/100/100/100/100/100/92,co2:38;hcho:86;tvoc:72;temperature:100;humidity:92,0937,0084,0232,28,48,co2:false;hcho:true;tvoc:true;temperature:true;humidity:true,false,confidence_below_threshold,true,false
capture_1262,/home/mpetrick/repos/esp32-fever-dream/tools/dataset/captures/live_surveillance_20260629T1003Z/capture_1262.jpg,0943,0084,0235,28,48,0943008402352848,43,100/100/95/43/100/100/86/100/100/78/100/88/100/100/100/85,co2:43;hcho:86;tvoc:78;temperature:100;humidity:85,0943,0084,0235,28,48,co2:true;hcho:true;tvoc:true;temperature:true;humidity:true,false,confidence_below_threshold,true,false
capture_1263,/home/mpetrick/repos/esp32-fever-dream/tools/dataset/captures/live_surveillance_20260629T1003Z/capture_1263.jpg,0943,0084,0235,28,48,0943008402352848,42,100/100/97/42/100/100/84/100/100/78/100/81/100/100/100/97,co2:42;hcho:84;tvoc:78;temperature:100;humidity:97,0943,0084,0235,28,48,co2:true;hcho:true;tvoc:true;temperature:true;humidity:true,false,confidence_below_threshold,true,false
capture_1264,/home/mpetrick/repos/esp32-fever-dream/tools/dataset/captures/live_surveillance_20260629T1003Z/capture_1264.jpg,0943,0084,0235,28,48,0943008402352848,41,100/100/96/41/100/100/85/100/100/78/100/92/100/100/100/78,co2:41;hcho:85;tvoc:78;temperature:100;humidity:78,0943,0084,0235,28,48,co2:true;hcho:true;tvoc:true;temperature:true;humidity:true,false,confidence_below_threshold,true,false
capture_1265,/home/mpetrick/repos/esp32-fever-dream/tools/dataset/captures/live_surveillance_20260629T1003Z/capture_1265.jpg,0948,0085,0238,28,48,0948008502382848,74,100/100/96/95/100/100/76/99/100/74/100/98/100/100/100/94,co2:95;hcho:76;tvoc:74;temperature:100;humidity:94,0948,0085,0238,28,48,co2:true;hcho:true;tvoc:true;temperature:true;humidity:true,false,confidence_below_threshold,true,false
capture_1266,/home/mpetrick/repos/esp32-fever-dream/tools/dataset/captures/live_surveillance_20260629T1003Z/capture_1266.jpg,0948,0085,0238,28,48,0948008502382848,42,100/100/89/63/100/100/61/100/100/42/100/87/100/100/100/61,co2:63;hcho:61;tvoc:42;temperature:100;humidity:61,0948,0085,0238,28,48,co2:true;hcho:true;tvoc:true;temperature:true;humidity:true,false,confidence_below_threshold,true,false
capture_1267,/home/mpetrick/repos/esp32-fever-dream/tools/dataset/captures/live_surveillance_20260629T1003Z/capture_1267.jpg,0948,0085,0235,28,48,0948008502352848,76,100/100/96/94/100/100/89/99/100/76/100/88/100/100/100/91,co2:94;hcho:89;tvoc:76;temperature:100;humidity:91,0948,0085,0235,28,48,co2:true;hcho:true;tvoc:true;temperature:true;humidity:true,false,confidence_below_threshold,true,false
capture_1268,/home/mpetrick/repos/esp32-fever-dream/tools/dataset/captures/live_surveillance_20260629T1003Z/capture_1268.jpg,0948,0085,0235,28,48,0948008502352848,76,100/100/96/95/100/100/81/99/100/76/100/87/100/100/100/95,co2:95;hcho:81;tvoc:76;temperature:100;humidity:95,0948,0085,0235,28,48,co2:true;hcho:true;tvoc:true;temperature:true;humidity:true,false,confidence_below_threshold,true,false
capture_1269,/home/mpetrick/repos/esp32-fever-dream/tools/dataset/captures/live_surveillance_20260629T1003Z/capture_1269.jpg,0948,0085,0238,28,48,0948008502382848,76,100/100/97/95/100/100/90/100/100/76/100/99/100/100/100/90,co2:95;hcho:90;tvoc:76;temperature:100;humidity:90,0948,0085,0238,28,48,co2:true;hcho:true;tvoc:true;temperature:true;humidity:true,false,confidence_below_threshold,true,false
capture_1270,/home/mpetrick/repos/esp32-fever-dream/tools/dataset/captures/live_surveillance_20260629T1003Z/capture_1270.jpg,0945,0085,0238,28,48,0945008502382848,40,100/100/96/40/100/100/89/99/100/76/100/99/100/100/100/94,co2:40;hcho:89;tvoc:76;temperature:100;humidity:94,0943,0085,0238,28,48,co2:false;hcho:true;tvoc:true;temperature:true;humidity:true,false,confidence_below_threshold,true,false
capture_1271,/home/mpetrick/repos/esp32-fever-dream/tools/dataset/captures/live_surveillance_20260629T1003Z/capture_1271.jpg,0943,0084,0235,28,48,0943008402352848,46,100/100/94/46/100/100/91/100/100/79/100/80/100/100/100/94,co2:46;hcho:91;tvoc:79;temperature:100;humidity:94,0943,0084,0235,28,48,co2:true;hcho:true;tvoc:true;temperature:true;humidity:true,false,confidence_below_threshold,true,false
capture_1272,/home/mpetrick/repos/esp32-fever-dream/tools/dataset/captures/live_surveillance_20260629T1003Z/capture_1272.jpg,0948,0084,0238,28,48,0948008402382848,75,100/100/95/95/100/100/90/100/100/75/100/98/100/100/100/97,co2:95;hcho:90;tvoc:75;temperature:100;humidity:97,0948,0084,0238,28,48,co2:true;hcho:true;tvoc:true;temperature:true;humidity:true,false,confidence_below_threshold,true,false
capture_1273,/home/mpetrick/repos/esp32-fever-dream/tools/dataset/captures/live_surveillance_20260629T1003Z/capture_1273.jpg,0948,0085,0238,28,48,0948008502382848,78,100/100/96/95/100/100/95/99/100/78/100/98/100/100/100/94,co2:95;hcho:95;tvoc:78;temperature:100;humidity:94,0948,0085,0238,28,48,co2:true;hcho:true;tvoc:true;temperature:true;humidity:true,false,confidence_below_threshold,true,false
capture_1274,/home/mpetrick/repos/esp32-fever-dream/tools/dataset/captures/live_surveillance_20260629T1003Z/capture_1274.jpg,0948,0085,0238,28,48,0948008502382848,80,100/100/95/96/100/100/96/100/100/80/100/98/100/100/100/93,co2:95;hcho:96;tvoc:80;temperature:100;humidity:93,0948,0085,0238,28,48,co2:true;hcho:true;tvoc:true;temperature:true;humidity:true,false,confidence_below_threshold,true,false
capture_1275,/home/mpetrick/repos/esp32-fever-dream/tools/dataset/captures/live_surveillance_20260629T1003Z/capture_1275.jpg,0948,0085,0238,28,48,0948008502382848,76,100/100/95/96/100/100/93/99/100/76/100/99/100/100/100/95,co2:95;hcho:93;tvoc:76;temperature:100;humidity:95,0948,0085,0238,28,48,co2:true;hcho:true;tvoc:true;temperature:true;humidity:true,false,confidence_below_threshold,true,false
capture_1276,/home/mpetrick/repos/esp32-fever-dream/tools/dataset/captures/live_surveillance_20260629T1003Z/capture_1276.jpg,0948,0085,0238,28,48,0948008502382848,79,100/100/96/96/100/100/96/99/100/79/100/98/100/100/100/98,co2:96;hcho:96;tvoc:79;temperature:100;humidity:98,0948,0085,0238,28,48,co2:true;hcho:true;tvoc:true;temperature:true;humidity:true,false,confidence_below_threshold,true,false
capture_1277,/home/mpetrick/repos/esp32-fever-dream/tools/dataset/captures/live_surveillance_20260629T1003Z/capture_1277.jpg,0948,0085,0238,28,48,0948008502382848,78,100/100/93/95/100/100/96/99/100/78/100/98/100/100/100/97,co2:93;hcho:96;tvoc:78;temperature:100;humidity:97,0948,0085,0238,28,48,co2:true;hcho:true;tvoc:true;temperature:true;humidity:true,false,confidence_below_threshold,true,false
capture_1278,/home/mpetrick/repos/esp32-fever-dream/tools/dataset/captures/live_surveillance_20260629T1003Z/capture_1278.jpg,0948,0085,0238,28,48,0948008502382848,77,100/100/94/95/100/100/96/99/100/77/100/98/100/100/100/97,co2:94;hcho:96;tvoc:77;temperature:100;humidity:97,0948,0085,0238,28,48,co2:true;hcho:true;tvoc:true;temperature:true;humidity:true,false,confidence_below_threshold,true,false
capture_1279,/home/mpetrick/repos/esp32-fever-dream/tools/dataset/captures/live_surveillance_20260629T1003Z/capture_1279.jpg,0948,0085,0238,28,48,0948008502382848,82,100/100/96/95/100/100/95/99/100/82/100/99/100/100/100/98,co2:95;hcho:95;tvoc:82;temperature:100;humidity:98,0948,0085,0238,28,48,co2:true;hcho:true;tvoc:true;temperature:true;humidity:true,false,confidence_below_threshold,true,false
capture_1280,/home/mpetrick/repos/esp32-fever-dream/tools/dataset/captures/live_surveillance_20260629T1003Z/capture_1280.jpg,0948,0085,0238,28,48,0948008502382848,80,100/100/96/96/100/100/97/99/100/80/100/98/100/100/100/96,co2:96;hcho:97;tvoc:80;temperature:100;humidity:96,0948,0085,0238,28,48,co2:true;hcho:true;tvoc:true;temperature:true;humidity:true,false,confidence_below_threshold,true,false
capture_1281,/home/mpetrick/repos/esp32-fever-dream/tools/dataset/captures/live_surveillance_20260629T1003Z/capture_1281.jpg,0948,0085,0238,28,48,0948008502382848,79,100/100/95/96/100/100/96/100/100/79/100/98/100/100/100/97,co2:95;hcho:96;tvoc:79;temperature:100;humidity:97,0948,0085,0238,28,48,co2:true;hcho:true;tvoc:true;temperature:true;humidity:true,false,confidence_below_threshold,true,false
capture_1282,/home/mpetrick/repos/esp32-fever-dream/tools/dataset/captures/live_surveillance_20260629T1003Z/capture_1282.jpg,0948,0085,0238,28,48,0948008502382848,81,100/100/96/96/100/100/97/99/100/81/100/98/100/100/100/99,co2:96;hcho:97;tvoc:81;temperature:100;humidity:99,0948,0085,0238,28,48,co2:true;hcho:true;tvoc:true;temperature:true;humidity:true,false,confidence_below_threshold,true,false
capture_1283,/home/mpetrick/repos/esp32-fever-dream/tools/dataset/captures/live_surveillance_20260629T1003Z/capture_1283.jpg,0948,0085,0238,28,48,0948008502382848,80,100/100/96/95/100/100/97/99/100/80/100/98/100/100/100/93,co2:95;hcho:97;tvoc:80;temperature:100;humidity:93,0948,0085,0238,28,48,co2:true;hcho:true;tvoc:true;temperature:true;humidity:true,false,confidence_below_threshold,true,false
capture_1284,/home/mpetrick/repos/esp32-fever-dream/tools/dataset/captures/live_surveillance_20260629T1003Z/capture_1284.jpg,0948,0085,0238,28,48,0948008502382848,80,100/100/96/96/100/100/94/99/100/80/100/98/100/100/100/95,co2:96;hcho:94;tvoc:80;temperature:100;humidity:95,0948,0085,0238,28,48,co2:true;hcho:true;tvoc:true;temperature:true;humidity:true,false,confidence_below_threshold,true,false
capture_1285,/home/mpetrick/repos/esp32-fever-dream/tools/dataset/captures/live_surveillance_20260629T1003Z/capture_1285.jpg,0948,0085,0238,28,48,0948008502382848,77,100/100/96/96/100/100/95/100/100/77/100/98/100/100/100/95,co2:96;hcho:95;tvoc:77;temperature:100;humidity:95,0948,0085,0238,28,48,co2:true;hcho:true;tvoc:true;temperature:true;humidity:true,false,confidence_below_threshold,true,false
capture_1286,/home/mpetrick/repos/esp32-fever-dream/tools/dataset/captures/live_surveillance_20260629T1003Z/capture_1286.jpg,0948,0085,0238,28,48,0948008502382848,82,100/100/93/95/100/100/95/99/100/82/100/98/100/100/100/96,co2:93;hcho:95;tvoc:82;temperature:100;humidity:96,0948,0085,0238,28,48,co2:true;hcho:true;tvoc:true;temperature:true;humidity:true,false,confidence_below_threshold,true,false
capture_1287,/home/mpetrick/repos/esp32-fever-dream/tools/dataset/captures/live_surveillance_20260629T1003Z/capture_1287.jpg,0948,0085,0238,28,48,0948008502382848,72,100/100/97/96/100/100/94/100/100/72/100/98/100/100/100/96,co2:96;hcho:94;tvoc:72;temperature:100;humidity:96,0948,0085,0238,28,48,co2:true;hcho:true;tvoc:true;temperature:true;humidity:true,false,confidence_below_threshold,true,false
capture_1288,/home/mpetrick/repos/esp32-fever-dream/tools/dataset/captures/live_surveillance_20260629T1003Z/capture_1288.jpg,0957,0085,0238,28,48,0957008502382848,40,100/100/70/40/100/100/95/100/100/81/100/99/100/100/100/95,co2:40;hcho:95;tvoc:81;temperature:100;humidity:95,0954,0085,0238,28,48,co2:false;hcho:true;tvoc:true;temperature:true;humidity:true,false,confidence_below_threshold,true,false
capture_1289,/home/mpetrick/repos/esp32-fever-dream/tools/dataset/captures/live_surveillance_20260629T1003Z/capture_1289.jpg,0948,0085,0238,28,48,0948008502382848,32,100/100/92/68/100/100/85/100/100/32/100/89/100/100/100/59,co2:68;hcho:85;tvoc:32;temperature:100;humidity:59,0948,0085,0238,28,48,co2:true;hcho:true;tvoc:true;temperature:true;humidity:true,false,confidence_below_threshold,true,false
capture_1290,/home/mpetrick/repos/esp32-fever-dream/tools/dataset/captures/live_surveillance_20260629T1003Z/capture_1290.jpg,0948,0085,0238,28,48,0948008502382848,81,100/100/94/95/100/100/96/100/100/81/100/96/100/100/100/98,co2:94;hcho:96;tvoc:81;temperature:100;humidity:98,0948,0085,0238,28,48,co2:true;hcho:true;tvoc:true;temperature:true;humidity:true,false,confidence_below_threshold,true,false
capture_1291,/home/mpetrick/repos/esp32-fever-dream/tools/dataset/captures/live_surveillance_20260629T1003Z/capture_1291.jpg,0948,0085,0238,28,48,0948008502382848,81,100/100/97/96/100/100/92/99/100/81/100/98/100/100/100/96,co2:96;hcho:92;tvoc:81;temperature:100;humidity:96,0948,0085,0238,28,48,co2:true;hcho:true;tvoc:true;temperature:true;humidity:true,false,confidence_below_threshold,true,false
capture_1292,/home/mpetrick/repos/esp32-fever-dream/tools/dataset/captures/live_surveillance_20260629T1003Z/capture_1292.jpg,0948,0085,0238,28,48,0948008502382848,77,100/100/97/95/100/100/95/99/100/77/100/97/100/100/100/97,co2:95;hcho:95;tvoc:77;temperature:100;humidity:97,0948,0085,0238,28,48,co2:true;hcho:true;tvoc:true;temperature:true;humidity:true,false,confidence_below_threshold,true,false
capture_1293,/home/mpetrick/repos/esp32-fever-dream/tools/dataset/captures/live_surveillance_20260629T1003Z/capture_1293.jpg,0948,0085,0238,28,48,0948008502382848,79,100/100/93/94/100/100/94/100/100/79/100/99/100/100/100/97,co2:93;hcho:94;tvoc:79;temperature:100;humidity:97,0948,0085,0238,28,48,co2:true;hcho:true;tvoc:true;temperature:true;humidity:true,false,confidence_below_threshold,true,false
capture_1294,/home/mpetrick/repos/esp32-fever-dream/tools/dataset/captures/live_surveillance_20260629T1003Z/capture_1294.jpg,0948,0085,0238,28,48,0948008502382848,77,100/100/97/95/100/100/94/99/100/77/100/99/100/100/100/96,co2:95;hcho:94;tvoc:77;temperature:100;humidity:96,0948,0085,0238,28,48,co2:true;hcho:true;tvoc:true;temperature:true;humidity:true,false,confidence_below_threshold,true,false
capture_1295,/home/mpetrick/repos/esp32-fever-dream/tools/dataset/captures/live_surveillance_20260629T1003Z/capture_1295.jpg,0948,0085,0238,28,48,0948008502382848,80,100/100/97/96/100/100/92/99/100/80/100/98/100/100/100/96,co2:96;hcho:92;tvoc:80;temperature:100;humidity:96,0948,0085,0238,28,48,co2:true;hcho:true;tvoc:true;temperature:true;humidity:true,false,confidence_below_threshold,true,false
capture_1296,/home/mpetrick/repos/esp32-fever-dream/tools/dataset/captures/live_surveillance_20260629T1003Z/capture_1296.jpg,0948,0085,0238,28,48,0948008502382848,78,100/100/98/96/100/100/94/100/100/78/100/98/100/100/100/96,co2:96;hcho:94;tvoc:78;temperature:100;humidity:96,0948,0085,0238,28,48,co2:true;hcho:true;tvoc:true;temperature:true;humidity:true,false,confidence_below_threshold,true,false
capture_1297,/home/mpetrick/repos/esp32-fever-dream/tools/dataset/captures/live_surveillance_20260629T1003Z/capture_1297.jpg,0948,0085,0238,28,48,0948008502382848,79,100/100/97/95/100/100/94/100/100/79/100/99/100/100/100/95,co2:95;hcho:94;tvoc:79;temperature:100;humidity:95,0948,0085,0238,28,48,co2:true;hcho:true;tvoc:true;temperature:true;humidity:true,false,confidence_below_threshold,true,false
capture_1298,/home/mpetrick/repos/esp32-fever-dream/tools/dataset/captures/live_surveillance_20260629T1003Z/capture_1298.jpg,0948,0085,0238,28,48,0948008502382848,80,100/100/97/95/100/100/90/100/100/80/100/99/100/100/100/98,co2:95;hcho:90;tvoc:80;temperature:100;humidity:98,0948,0085,0238,28,48,co2:true;hcho:true;tvoc:true;temperature:true;humidity:true,false,confidence_below_threshold,true,false
capture_1299,/home/mpetrick/repos/esp32-fever-dream/tools/dataset/captures/live_surveillance_20260629T1003Z/capture_1299.jpg,0948,0085,0238,28,48,0948008502382848,76,100/100/96/96/100/100/94/100/100/76/100/98/100/100/100/97,co2:96;hcho:94;tvoc:76;temperature:100;humidity:97,0948,0085,0238,28,48,co2:true;hcho:true;tvoc:true;temperature:true;humidity:true,false,confidence_below_threshold,true,false
capture_1300,/home/mpetrick/repos/esp32-fever-dream/tools/dataset/captures/live_surveillance_20260629T1003Z/capture_1300.jpg,0948,0085,0238,28,48,0948008502382848,79,100/100/96/94/100/100/95/100/100/79/100/99/100/100/100/97,co2:94;hcho:95;tvoc:79;temperature:100;humidity:97,0948,0085,0238,28,48,co2:true;hcho:true;tvoc:true;temperature:true;humidity:true,false,confidence_below_threshold,true,false
capture_1301,/home/mpetrick/repos/esp32-fever-dream/tools/dataset/captures/live_surveillance_20260629T1003Z/capture_1301.jpg,0948,0085,0238,28,48,0948008502382848,77,100/100/97/94/100/100/96/100/100/77/100/98/100/100/100/97,co2:94;hcho:96;tvoc:77;temperature:100;humidity:97,0948,0085,0238,28,48,co2:true;hcho:true;tvoc:true;temperature:true;humidity:true,false,confidence_below_threshold,true,false
capture_1302,/home/mpetrick/repos/esp32-fever-dream/tools/dataset/captures/live_surveillance_20260629T1003Z/capture_1302.jpg,0948,0085,0238,28,48,0948008502382848,78,100/100/95/96/100/100/96/100/100/78/100/99/100/100/100/97,co2:95;hcho:96;tvoc:78;temperature:100;humidity:97,0948,0085,0238,28,48,co2:true;hcho:true;tvoc:true;temperature:true;humidity:true,false,confidence_below_threshold,true,false
capture_1303,/home/mpetrick/repos/esp32-fever-dream/tools/dataset/captures/live_surveillance_20260629T1003Z/capture_1303.jpg,0948,0085,0238,28,48,0948008502382848,79,100/100/98/95/100/100/96/100/100/79/100/98/100/100/100/98,co2:95;hcho:96;tvoc:79;temperature:100;humidity:98,0948,0085,0238,28,48,co2:true;hcho:true;tvoc:true;temperature:true;humidity:true,false,confidence_below_threshold,true,false
capture_1304,/home/mpetrick/repos/esp32-fever-dream/tools/dataset/captures/live_surveillance_20260629T1003Z/capture_1304.jpg,0948,0085,0238,28,48,0948008502382848,80,100/100/96/95/100/100/93/100/100/80/100/98/100/100/100/98,co2:95;hcho:93;tvoc:80;temperature:100;humidity:98,0948,0085,0238,28,48,co2:true;hcho:true;tvoc:true;temperature:true;humidity:true,false,confidence_below_threshold,true,false
capture_1305,/home/mpetrick/repos/esp32-fever-dream/tools/dataset/captures/live_surveillance_20260629T1003Z/capture_1305.jpg,0948,0085,0238,28,48,0948008502382848,76,100/100/97/95/100/100/89/100/100/76/100/98/100/100/100/96,co2:95;hcho:89;tvoc:76;temperature:100;humidity:96,0948,0085,0238,28,48,co2:true;hcho:true;tvoc:true;temperature:true;humidity:true,false,confidence_below_threshold,true,false
capture_1306,/home/mpetrick/repos/esp32-fever-dream/tools/dataset/captures/live_surveillance_20260629T1003Z/capture_1306.jpg,0948,0085,0238,28,48,0948008502382848,76,100/100/97/95/100/100/96/100/100/76/100/99/100/100/100/97,co2:95;hcho:96;tvoc:76;temperature:100;humidity:97,0948,0085,0238,28,48,co2:true;hcho:true;tvoc:true;temperature:true;humidity:true,false,confidence_below_threshold,true,false
capture_1307,/home/mpetrick/repos/esp32-fever-dream/tools/dataset/captures/live_surveillance_20260629T1003Z/capture_1307.jpg,0948,0085,0238,28,48,0948008502382848,78,100/100/96/95/100/100/94/100/100/78/100/98/100/100/100/97,co2:95;hcho:94;tvoc:78;temperature:100;humidity:97,0948,0085,0238,28,48,co2:true;hcho:true;tvoc:true;temperature:true;humidity:true,false,confidence_below_threshold,true,false
capture_1308,/home/mpetrick/repos/esp32-fever-dream/tools/dataset/captures/live_surveillance_20260629T1003Z/capture_1308.jpg,0948,0085,0238,28,48,0948008502382848,80,100/100/96/95/100/100/96/100/100/80/100/98/100/100/100/97,co2:95;hcho:96;tvoc:80;temperature:100;humidity:97,0948,0085,0238,28,48,co2:true;hcho:true;tvoc:true;temperature:true;humidity:true,false,confidence_below_threshold,true,false
capture_1309,/home/mpetrick/repos/esp32-fever-dream/tools/dataset/captures/live_surveillance_20260629T1003Z/capture_1309.jpg,0948,0085,0238,28,48,0948008502382848,78,100/100/97/95/100/100/91/100/100/78/100/99/100/100/100/96,co2:95;hcho:91;tvoc:78;temperature:100;humidity:96,0948,0085,0238,28,48,co2:true;hcho:true;tvoc:true;temperature:true;humidity:true,false,confidence_below_threshold,true,false
capture_1310,/home/mpetrick/repos/esp32-fever-dream/tools/dataset/captures/live_surveillance_20260629T1003Z/capture_1310.jpg,0948,0085,0238,28,48,0948008502382848,81,100/100/96/95/100/100/96/100/100/81/100/98/100/100/100/98,co2:95;hcho:96;tvoc:81;temperature:100;humidity:98,0948,0085,0238,28,48,co2:true;hcho:true;tvoc:true;temperature:true;humidity:true,false,confidence_below_threshold,true,false
capture_1311,/home/mpetrick/repos/esp32-fever-dream/tools/dataset/captures/live_surveillance_20260629T1003Z/capture_1311.jpg,0948,0085,0238,28,48,0948008502382848,82,100/100/96/96/100/100/93/100/100/82/100/98/100/100/100/96,co2:96;hcho:93;tvoc:82;temperature:100;humidity:96,0948,0085,0238,28,48,co2:true;hcho:true;tvoc:true;temperature:true;humidity:true,false,confidence_below_threshold,true,false
capture_1312,/home/mpetrick/repos/esp32-fever-dream/tools/dataset/captures/live_surveillance_20260629T1003Z/capture_1312.jpg,0948,0085,0238,28,48,0948008502382848,83,100/100/97/95/100/100/94/100/100/83/100/99/100/100/100/97,co2:95;hcho:94;tvoc:83;temperature:100;humidity:97,0948,0085,0238,28,48,co2:true;hcho:true;tvoc:true;temperature:true;humidity:true,false,confidence_below_threshold,true,false
capture_1313,/home/mpetrick/repos/esp32-fever-dream/tools/dataset/captures/live_surveillance_20260629T1003Z/capture_1313.jpg,0948,0085,0238,28,48,0948008502382848,81,100/100/96/95/100/100/94/100/100/81/100/99/100/100/100/97,co2:95;hcho:94;tvoc:81;temperature:100;humidity:97,0948,0085,0238,28,48,co2:true;hcho:true;tvoc:true;temperature:true;humidity:true,false,confidence_below_threshold,true,false
capture_1314,/home/mpetrick/repos/esp32-fever-dream/tools/dataset/captures/live_surveillance_20260629T1003Z/capture_1314.jpg,0948,0085,0238,28,48,0948008502382848,82,100/100/97/96/100/100/95/100/100/82/100/98/100/100/100/98,co2:96;hcho:95;tvoc:82;temperature:100;humidity:98,0948,0085,0238,28,48,co2:true;hcho:true;tvoc:true;temperature:true;humidity:true,false,confidence_below_threshold,true,false
capture_1315,/home/mpetrick/repos/esp32-fever-dream/tools/dataset/captures/live_surveillance_20260629T1003Z/capture_1315.jpg,0948,0085,0238,28,48,0948008502382848,36,100/100/84/65/100/100/78/100/100/36/100/94/100/100/100/62,co2:65;hcho:78;tvoc:36;temperature:100;humidity:62,0948,0085,0238,28,48,co2:true;hcho:true;tvoc:true;temperature:true;humidity:true,false,confidence_below_threshold,true,false
capture_1316,/home/mpetrick/repos/esp32-fever-dream/tools/dataset/captures/live_surveillance_20260629T1003Z/capture_1316.jpg,0948,0085,0238,28,48,0948008502382848,75,100/100/98/94/100/100/94/100/100/75/100/99/100/100/100/98,co2:94;hcho:94;tvoc:75;temperature:100;humidity:98,0948,0085,0238,28,48,co2:true;hcho:true;tvoc:true;temperature:true;humidity:true,false,confidence_below_threshold,true,false
capture_1317,/home/mpetrick/repos/esp32-fever-dream/tools/dataset/captures/live_surveillance_20260629T1003Z/capture_1317.jpg,0948,0085,0238,28,48,0948008502382848,78,100/100/97/95/100/100/96/100/100/78/100/98/100/100/100/98,co2:95;hcho:96;tvoc:78;temperature:100;humidity:98,0948,0085,0238,28,48,co2:true;hcho:true;tvoc:true;temperature:true;humidity:true,false,confidence_below_threshold,true,false
capture_1318,/home/mpetrick/repos/esp32-fever-dream/tools/dataset/captures/live_surveillance_20260629T1003Z/capture_1318.jpg,0948,0085,0238,28,48,0948008502382848,79,100/100/97/94/100/100/94/100/100/79/100/99/100/100/100/98,co2:94;hcho:94;tvoc:79;temperature:100;humidity:98,0948,0085,0238,28,48,co2:true;hcho:true;tvoc:true;temperature:true;humidity:true,false,confidence_below_threshold,true,false
capture_1319,/home/mpetrick/repos/esp32-fever-dream/tools/dataset/captures/live_surveillance_20260629T1003Z/capture_1319.jpg,0957,0088,0238,28,48,0957008802382848,41,100/100/74/41/100/100/95/62/100/74/100/98/100/100/100/96,co2:41;hcho:62;tvoc:74;temperature:100;humidity:96,0954,0086,0238,28,48,co2:false;hcho:false;tvoc:true;temperature:true;humidity:true,false,confidence_below_threshold,true,false
capture_1321,/home/mpetrick/repos/esp32-fever-dream/tools/dataset/captures/live_surveillance_20260629T1003Z/capture_1321.jpg,0948,0085,0238,28,48,0948008502382848,81,100/100/97/95/100/100/95/100/100/81/100/98/100/100/100/94,co2:95;hcho:95;tvoc:81;temperature:100;humidity:94,0948,0085,0238,28,48,co2:true;hcho:true;tvoc:true;temperature:true;humidity:true,false,confidence_below_threshold,true,false
capture_1322,/home/mpetrick/repos/esp32-fever-dream/tools/dataset/captures/live_surveillance_20260629T1003Z/capture_1322.jpg,0948,0085,0238,28,48,0948008502382848,79,100/100/97/95/100/100/97/100/100/79/100/98/100/100/100/98,co2:95;hcho:97;tvoc:79;temperature:100;humidity:98,0948,0085,0238,28,48,co2:true;hcho:true;tvoc:true;temperature:true;humidity:true,false,confidence_below_threshold,true,false
capture_1323,/home/mpetrick/repos/esp32-fever-dream/tools/dataset/captures/live_surveillance_20260629T1003Z/capture_1323.jpg,0948,0085,0238,28,48,0948008502382848,77,100/100/98/94/100/100/93/100/100/77/100/98/100/100/100/98,co2:94;hcho:93;tvoc:77;temperature:100;humidity:98,0948,0085,0238,28,48,co2:true;hcho:true;tvoc:true;temperature:true;humidity:true,false,confidence_below_threshold,true,false
capture_1324,/home/mpetrick/repos/esp32-fever-dream/tools/dataset/captures/live_surveillance_20260629T1003Z/capture_1324.jpg,0948,0085,0238,28,48,0948008502382848,80,100/100/97/94/100/100/94/100/100/80/100/98/100/100/100/97,co2:94;hcho:94;tvoc:80;temperature:100;humidity:97,0948,0085,0238,28,48,co2:true;hcho:true;tvoc:true;temperature:true;humidity:true,false,confidence_below_threshold,true,false
capture_1325,/home/mpetrick/repos/esp32-fever-dream/tools/dataset/captures/live_surveillance_20260629T1003Z/capture_1325.jpg,0948,0085,0238,28,48,0948008502382848,77,100/100/98/95/100/100/97/100/100/77/100/99/100/100/100/98,co2:95;hcho:97;tvoc:77;temperature:100;humidity:98,0948,0085,0238,28,48,co2:true;hcho:true;tvoc:true;temperature:true;humidity:true,false,confidence_below_threshold,true,false
capture_1326,/home/mpetrick/repos/esp32-fever-dream/tools/dataset/captures/live_surveillance_20260629T1003Z/capture_1326.jpg,0948,0085,0238,28,48,0948008502382848,76,100/100/97/96/100/100/94/100/100/76/100/98/100/100/100/96,co2:96;hcho:94;tvoc:76;temperature:100;humidity:96,0948,0085,0238,28,48,co2:true;hcho:true;tvoc:true;temperature:true;humidity:true,false,confidence_below_threshold,true,false
capture_1327,/home/mpetrick/repos/esp32-fever-dream/tools/dataset/captures/live_surveillance_20260629T1003Z/capture_1327.jpg,0948,0085,0238,28,48,0948008502382848,79,100/100/97/95/100/100/94/100/100/79/100/98/100/100/100/96,co2:95;hcho:94;tvoc:79;temperature:100;humidity:96,0948,0085,0238,28,48,co2:true;hcho:true;tvoc:true;temperature:true;humidity:true,false,confidence_below_threshold,true,false
capture_1328,/home/mpetrick/repos/esp32-fever-dream/tools/dataset/captures/live_surveillance_20260629T1003Z/capture_1328.jpg,0948,0085,0238,28,48,0948008502382848,81,100/100/96/95/100/100/96/100/100/81/100/99/100/100/100/96,co2:95;hcho:96;tvoc:81;temperature:100;humidity:96,0948,0085,0238,28,48,co2:true;hcho:true;tvoc:true;temperature:true;humidity:true,false,confidence_below_threshold,true,false
capture_1329,/home/mpetrick/repos/esp32-fever-dream/tools/dataset/captures/live_surveillance_20260629T1003Z/capture_1329.jpg,0948,0085,0238,28,48,0948008502382848,80,100/100/98/96/100/100/95/100/100/80/100/99/100/100/100/96,co2:96;hcho:95;tvoc:80;temperature:100;humidity:96,0948,0085,0238,28,48,co2:true;hcho:true;tvoc:true;temperature:true;humidity:true,false,confidence_below_threshold,true,false
capture_1330,/home/mpetrick/repos/esp32-fever-dream/tools/dataset/captures/live_surveillance_20260629T1003Z/capture_1330.jpg,0948,0085,0238,28,48,0948008502382848,36,100/100/89/66/100/100/82/100/100/36/100/89/100/100/100/50,co2:66;hcho:82;tvoc:36;temperature:100;humidity:50,0948,0085,0238,28,48,co2:true;hcho:true;tvoc:true;temperature:true;humidity:true,false,confidence_below_threshold,true,false
capture_1331,/home/mpetrick/repos/esp32-fever-dream/tools/dataset/captures/live_surveillance_20260629T1003Z/capture_1331.jpg,0948,0085,0238,28,48,0948008502382848,78,100/100/97/94/100/100/94/100/100/78/100/98/100/100/100/95,co2:94;hcho:94;tvoc:78;temperature:100;humidity:95,0948,0085,0238,28,48,co2:true;hcho:true;tvoc:true;temperature:true;humidity:true,false,confidence_below_threshold,true,false
capture_1332,/home/mpetrick/repos/esp32-fever-dream/tools/dataset/captures/live_surveillance_20260629T1003Z/capture_1332.jpg,0948,0085,0238,28,48,0948008502382848,36,100/100/88/66/100/100/78/100/100/36/100/88/100/100/100/65,co2:66;hcho:78;tvoc:36;temperature:100;humidity:65,0948,0085,0238,28,48,co2:true;hcho:true;tvoc:true;temperature:true;humidity:true,false,confidence_below_threshold,true,false
capture_1333,/home/mpetrick/repos/esp32-fever-dream/tools/dataset/captures/live_surveillance_20260629T1003Z/capture_1333.jpg,0948,0085,0238,28,48,0948008502382848,41,100/100/89/64/100/100/75/100/100/41/100/78/100/100/100/61,co2:64;hcho:75;tvoc:41;temperature:100;humidity:61,0948,0085,0238,28,48,co2:true;hcho:true;tvoc:true;temperature:true;humidity:true,false,confidence_below_threshold,true,false
capture_1334,/home/mpetrick/repos/esp32-fever-dream/tools/dataset/captures/live_surveillance_20260629T1003Z/capture_1334.jpg,0948,0085,0238,28,48,0948008502382848,79,100/100/98/95/100/100/95/100/100/79/100/98/100/100/100/98,co2:95;hcho:95;tvoc:79;temperature:100;humidity:98,0948,0085,0238,28,48,co2:true;hcho:true;tvoc:true;temperature:true;humidity:true,false,confidence_below_threshold,true,false
capture_1337,/home/mpetrick/repos/esp32-fever-dream/tools/dataset/captures/live_surveillance_20260629T1003Z/capture_1337.jpg,0957,0088,0220,28,48,0957008802202848,38,100/100/76/38/100/100/96/69/100/81/82/100/100/100/100/94,co2:38;hcho:69;tvoc:81;temperature:100;humidity:94,0954,0086,0020,28,48,co2:false;hcho:false;tvoc:false;temperature:true;humidity:true,false,confidence_below_threshold,true,false
capture_1338,/home/mpetrick/repos/esp32-fever-dream/tools/dataset/captures/live_surveillance_20260629T1003Z/capture_1338.jpg,0957,0086,0240,28,48,0957008602402848,41,100/100/90/56/100/100/80/55/100/41/51/95/100/100/100/78,co2:56;hcho:55;tvoc:41;temperature:100;humidity:78,0954,0086,0020,28,48,co2:false;hcho:true;tvoc:false;temperature:true;humidity:true,false,confidence_below_threshold,true,false
capture_1339,/home/mpetrick/repos/esp32-fever-dream/tools/dataset/captures/live_surveillance_20260629T1003Z/capture_1339.jpg,0957,0088,0220,28,48,0957008802202848,43,100/100/74/43/100/100/92/62/100/80/82/100/100/100/100/96,co2:43;hcho:62;tvoc:80;temperature:100;humidity:96,0954,0087,0020,28,48,co2:false;hcho:false;tvoc:false;temperature:true;humidity:true,false,confidence_below_threshold,true,false
capture_1340,/home/mpetrick/repos/esp32-fever-dream/tools/dataset/captures/live_surveillance_20260629T1003Z/capture_1340.jpg,0957,0088,0220,28,48,0957008802202848,45,100/100/74/45/100/100/95/67/100/78/79/100/100/100/100/98,co2:45;hcho:67;tvoc:78;temperature:100;humidity:98,0954,0086,0020,28,48,co2:false;hcho:false;tvoc:false;temperature:true;humidity:true,false,confidence_below_threshold,true,false
capture_1345,/home/mpetrick/repos/esp32-fever-dream/tools/dataset/captures/live_surveillance_20260629T1003Z/capture_1345.jpg,0957,0088,0220,28,48,0957008802202848,47,100/100/74/47/100/100/90/69/100/78/80/100/100/100/100/99,co2:47;hcho:69;tvoc:78;temperature:100;humidity:99,0954,0086,0020,28,48,co2:false;hcho:false;tvoc:false;temperature:true;humidity:true,false,confidence_below_threshold,true,false
capture_1347,/home/mpetrick/repos/esp32-fever-dream/tools/dataset/captures/live_surveillance_20260629T1003Z/capture_1347.jpg,0957,0088,0220,28,48,0957008802202848,48,100/100/76/48/100/100/93/77/100/79/83/100/100/100/100/98,co2:48;hcho:77;tvoc:79;temperature:100;humidity:98,0954,0087,0020,28,48,co2:false;hcho:false;tvoc:false;temperature:true;humidity:true,false,confidence_below_threshold,true,false
capture_1348,/home/mpetrick/repos/esp32-fever-dream/tools/dataset/captures/live_surveillance_20260629T1003Z/capture_1348.jpg,0957,0088,0220,28,48,0957008802202848,38,100/100/74/38/100/100/95/86/100/81/82/100/100/100/100/99,co2:38;hcho:86;tvoc:81;temperature:100;humidity:99,0954,0087,0020,28,48,co2:false;hcho:false;tvoc:false;temperature:true;humidity:true,false,confidence_below_threshold,true,false
capture_1350,/home/mpetrick/repos/esp32-fever-dream/tools/dataset/captures/live_surveillance_20260629T1003Z/capture_1350.jpg,0957,0086,0220,28,48,0957008602202848,34,100/100/91/56/100/100/79/52/100/34/54/96/100/100/100/56,co2:56;hcho:52;tvoc:34;temperature:100;humidity:56,0954,0086,0020,28,48,co2:false;hcho:true;tvoc:false;temperature:true;humidity:true,false,confidence_below_threshold,true,false
capture_1352,/home/mpetrick/repos/esp32-fever-dream/tools/dataset/captures/live_surveillance_20260629T1003Z/capture_1352.jpg,0959,0086,0220,28,48,0959008602202848,42,100/100/90/55/100/100/74/55/100/42/54/90/100/100/100/71,co2:55;hcho:55;tvoc:42;temperature:100;humidity:71,0959,0086,0020,28,48,co2:true;hcho:true;tvoc:false;temperature:true;humidity:true,false,confidence_below_threshold,true,false
capture_1361,/home/mpetrick/repos/esp32-fever-dream/tools/dataset/captures/live_surveillance_20260629T1003Z/capture_1361.jpg,0959,0088,0223,28,48,0959008802232848,51,100/100/76/51/100/100/96/71/100/78/80/100/100/100/100/98,co2:51;hcho:71;tvoc:78;temperature:100;humidity:98,0959,0087,0243,28,48,co2:true;hcho:false;tvoc:false;temperature:true;humidity:true,false,confidence_below_threshold,true,false
capture_1362,/home/mpetrick/repos/esp32-fever-dream/tools/dataset/captures/live_surveillance_20260629T1003Z/capture_1362.jpg,0955,0087,0223,28,48,0955008702232848,49,100/100/70/49/100/100/96/67/100/79/82/100/100/100/100/99,co2:49;hcho:67;tvoc:79;temperature:100;humidity:99,0959,0087,0243,28,48,co2:false;hcho:true;tvoc:false;temperature:true;humidity:true,false,confidence_below_threshold,true,false
capture_1364,/home/mpetrick/repos/esp32-fever-dream/tools/dataset/captures/live_surveillance_20260629T1003Z/capture_1364.jpg,0959,0087,0223,28,49,0959008702232849,44,100/100/90/60/100/100/92/52/100/44/57/100/100/100/100/56,co2:60;hcho:52;tvoc:44;temperature:100;humidity:56,0959,0087,0243,28,48,co2:true;hcho:true;tvoc:false;temperature:true;humidity:false,false,confidence_below_threshold,true,false
capture_1366,/home/mpetrick/repos/esp32-fever-dream/tools/dataset/captures/live_surveillance_20260629T1003Z/capture_1366.jpg,0955,0087,0223,28,48,0955008702232848,49,100/100/72/49/100/100/96/55/100/80/83/100/100/100/100/98,co2:49;hcho:55;tvoc:80;temperature:100;humidity:98,0959,0087,0243,28,48,co2:false;hcho:true;tvoc:false;temperature:true;humidity:true,false,confidence_below_threshold,true,false
capture_1367,/home/mpetrick/repos/esp32-fever-dream/tools/dataset/captures/live_surveillance_20260629T1003Z/capture_1367.jpg,0959,0088,0223,28,48,0959008802232848,39,100/100/90/54/100/100/92/78/100/39/56/100/100/100/100/66,co2:54;hcho:78;tvoc:39;temperature:100;humidity:66,0959,0087,0243,28,48,co2:true;hcho:false;tvoc:false;temperature:true;humidity:true,false,confidence_below_threshold,true,false
capture_1368,/home/mpetrick/repos/esp32-fever-dream/tools/dataset/captures/live_surveillance_20260629T1003Z/capture_1368.jpg,0955,0088,0223,28,48,0955008802232848,49,100/100/76/49/100/100/97/52/100/82/80/100/100/100/100/98,co2:49;hcho:52;tvoc:80;temperature:100;humidity:98,0959,0087,0243,28,48,co2:false;hcho:false;tvoc:false;temperature:true;humidity:true,false,confidence_below_threshold,true,false
capture_1369,/home/mpetrick/repos/esp32-fever-dream/tools/dataset/captures/live_surveillance_20260629T1003Z/capture_1369.jpg,0959,0088,0223,28,48,0959008802232848,51,100/100/77/51/100/100/96/75/100/81/79/100/100/100/100/98,co2:51;hcho:75;tvoc:79;temperature:100;humidity:98,0959,0087,0243,28,48,co2:true;hcho:false;tvoc:false;temperature:true;humidity:true,false,confidence_below_threshold,true,false
capture_1370,/home/mpetrick/repos/esp32-fever-dream/tools/dataset/captures/live_surveillance_20260629T1003Z/capture_1370.jpg,0955,0087,0223,28,48,0955008702232848,49,100/100/74/49/100/100/98/64/100/81/80/100/100/100/100/98,co2:49;hcho:64;tvoc:80;temperature:100;humidity:98,0959,0087,0243,28,48,co2:false;hcho:true;tvoc:false;temperature:true;humidity:true,false,confidence_below_threshold,true,false
capture_1371,/home/mpetrick/repos/esp32-fever-dream/tools/dataset/captures/live_surveillance_20260629T1003Z/capture_1371.jpg,0955,0088,0223,28,48,0955008802232848,49,100/100/72/49/100/100/96/57/100/79/82/100/100/100/100/99,co2:49;hcho:57;tvoc:79;temperature:100;humidity:99,0959,0087,0243,28,48,co2:false;hcho:false;tvoc:false;temperature:true;humidity:true,false,confidence_below_threshold,true,false
capture_1372,/home/mpetrick/repos/esp32-fever-dream/tools/dataset/captures/live_surveillance_20260629T1003Z/capture_1372.jpg,0955,0088,0223,28,48,0955008802232848,49,100/100/72/49/100/100/96/52/100/81/85/100/100/100/100/98,co2:49;hcho:52;tvoc:81;temperature:100;humidity:98,0959,0087,0243,28,48,co2:false;hcho:false;tvoc:false;temperature:true;humidity:true,false,confidence_below_threshold,true,false
capture_1373,/home/mpetrick/repos/esp32-fever-dream/tools/dataset/captures/live_surveillance_20260629T1003Z/capture_1373.jpg,0955,0087,0223,28,48,0955008702232848,49,100/100/77/49/100/100/97/52/100/77/80/100/100/100/100/98,co2:49;hcho:52;tvoc:77;temperature:100;humidity:98,0959,0087,0243,28,48,co2:false;hcho:true;tvoc:false;temperature:true;humidity:true,false,confidence_below_threshold,true,false
capture_1374,/home/mpetrick/repos/esp32-fever-dream/tools/dataset/captures/live_surveillance_20260629T1003Z/capture_1374.jpg,0955,0087,0223,28,48,0955008702232848,49,100/100/76/49/100/100/97/55/100/80/80/100/100/100/100/98,co2:49;hcho:55;tvoc:80;temperature:100;humidity:98,0959,0087,0243,28,48,co2:false;hcho:true;tvoc:false;temperature:true;humidity:true,false,confidence_below_threshold,true,false
capture_1375,/home/mpetrick/repos/esp32-fever-dream/tools/dataset/captures/live_surveillance_20260629T1003Z/capture_1375.jpg,0955,0087,0223,28,48,0955008702232848,51,100/100/76/51/100/100/96/57/100/74/83/100/100/100/100/99,co2:51;hcho:57;tvoc:74;temperature:100;humidity:99,0959,0087,0243,28,48,co2:false;hcho:true;tvoc:false;temperature:true;humidity:true,false,confidence_below_threshold,true,false
capture_1376,/home/mpetrick/repos/esp32-fever-dream/tools/dataset/captures/live_surveillance_20260629T1003Z/capture_1376.jpg,0959,0087,0223,28,48,0959008702232848,50,100/100/76/51/100/100/97/50/100/83/82/100/100/100/100/98,co2:51;hcho:50;tvoc:82;temperature:100;humidity:98,0959,0087,0243,28,48,co2:true;hcho:true;tvoc:false;temperature:true;humidity:true,false,confidence_below_threshold,true,false
capture_1377,/home/mpetrick/repos/esp32-fever-dream/tools/dataset/captures/live_surveillance_20260629T1003Z/capture_1377.jpg,0959,0088,0223,28,48,0959008802232848,51,100/100/74/51/100/100/97/62/100/78/79/100/100/100/100/98,co2:51;hcho:62;tvoc:78;temperature:100;humidity:98,0959,0087,0243,28,48,co2:true;hcho:false;tvoc:false;temperature:true;humidity:true,false,confidence_below_threshold,true,false
capture_1379,/home/mpetrick/repos/esp32-fever-dream/tools/dataset/captures/live_surveillance_20260629T1003Z/capture_1379.jpg,0959,0087,0223,28,48,0959008702232848,50,100/100/76/51/100/100/97/50/100/80/82/100/100/100/100/98,co2:51;hcho:50;tvoc:80;temperature:100;humidity:98,0959,0087,0243,28,48,co2:true;hcho:true;tvoc:false;temperature:true;humidity:true,false,confidence_below_threshold,true,false
capture_1380,/home/mpetrick/repos/esp32-fever-dream/tools/dataset/captures/live_surveillance_20260629T1003Z/capture_1380.jpg,0955,0087,0223,28,48,0955008702232848,49,100/100/76/49/100/100/96/50/100/79/82/100/100/100/100/99,co2:49;hcho:50;tvoc:79;temperature:100;humidity:99,0959,0087,0243,28,48,co2:false;hcho:true;tvoc:false;temperature:true;humidity:true,false,confidence_below_threshold,true,false
capture_1381,/home/mpetrick/repos/esp32-fever-dream/tools/dataset/captures/live_surveillance_20260629T1003Z/capture_1381.jpg,0955,0088,0223,28,48,0955008802232848,49,100/100/74/49/100/100/98/52/100/82/83/100/100/100/100/97,co2:49;hcho:52;tvoc:82;temperature:100;humidity:97,0959,0087,0243,28,48,co2:false;hcho:false;tvoc:false;temperature:true;humidity:true,false,confidence_below_threshold,true,false
capture_1382,/home/mpetrick/repos/esp32-fever-dream/tools/dataset/captures/live_surveillance_20260629T1003Z/capture_1382.jpg,0959,0087,0223,28,49,0959008702232849,47,100/100/92/51/100/100/84/59/100/47/54/100/100/100/100/51,co2:51;hcho:59;tvoc:47;temperature:100;humidity:51,0959,0087,0243,28,48,co2:true;hcho:true;tvoc:false;temperature:true;humidity:false,false,confidence_below_threshold,true,false
capture_1383,/home/mpetrick/repos/esp32-fever-dream/tools/dataset/captures/live_surveillance_20260629T1003Z/capture_1383.jpg,0959,0087,0223,28,48,0959008702232848,35,100/100/90/60/100/100/91/52/100/35/58/100/100/100/100/56,co2:60;hcho:52;tvoc:35;temperature:100;humidity:56,0959,0087,0243,28,48,co2:true;hcho:true;tvoc:false;temperature:true;humidity:true,false,confidence_below_threshold,true,false
capture_1384,/home/mpetrick/repos/esp32-fever-dream/tools/dataset/captures/live_surveillance_20260629T1003Z/capture_1384.jpg,0955,0088,0223,28,48,0955008802232848,49,100/100/76/49/100/100/96/62/100/83/80/100/100/100/100/99,co2:49;hcho:62;tvoc:80;temperature:100;humidity:99,0959,0087,0243,28,48,co2:false;hcho:false;tvoc:false;temperature:true;humidity:true,false,confidence_below_threshold,true,false
capture_1385,/home/mpetrick/repos/esp32-fever-dream/tools/dataset/captures/live_surveillance_20260629T1003Z/capture_1385.jpg,0955,0087,0223,28,48,0955008702232848,48,100/100/75/48/100/100/97/50/100/80/80/100/100/100/100/97,co2:48;hcho:50;tvoc:80;temperature:100;humidity:97,0959,0087,0243,28,48,co2:false;hcho:true;tvoc:false;temperature:true;humidity:true,false,confidence_below_threshold,true,false
capture_1386,/home/mpetrick/repos/esp32-fever-dream/tools/dataset/captures/live_surveillance_20260629T1003Z/capture_1386.jpg,0955,0088,0223,28,48,0955008802232848,49,100/100/75/49/100/100/98/75/100/82/85/100/100/100/100/98,co2:49;hcho:75;tvoc:82;temperature:100;humidity:98,0959,0087,0243,28,48,co2:false;hcho:false;tvoc:false;temperature:true;humidity:true,false,confidence_below_threshold,true,false
capture_1387,/home/mpetrick/repos/esp32-fever-dream/tools/dataset/captures/live_surveillance_20260629T1003Z/capture_1387.jpg,0965,0087,0223,28,48,0965008702232848,49,100/100/82/49/100/100/96/67/100/75/77/100/100/100/100/97,co2:49;hcho:67;tvoc:75;temperature:100;humidity:97,0965,0087,0243,28,48,co2:true;hcho:true;tvoc:false;temperature:true;humidity:true,false,confidence_below_threshold,true,false
capture_1388,/home/mpetrick/repos/esp32-fever-dream/tools/dataset/captures/live_surveillance_20260629T1003Z/capture_1388.jpg,0959,0088,0223,28,48,0959008802232848,51,100/100/76/51/100/100/96/52/100/76/79/100/100/100/100/98,co2:51;hcho:52;tvoc:76;temperature:100;humidity:98,0959,0087,0243,28,48,co2:true;hcho:false;tvoc:false;temperature:true;humidity:true,false,confidence_below_threshold,true,false
capture_1389,/home/mpetrick/repos/esp32-fever-dream/tools/dataset/captures/live_surveillance_20260629T1003Z/capture_1389.jpg,0959,0087,0223,28,48,0959008702232848,52,100/100/76/52/100/100/96/67/100/81/83/100/100/100/100/99,co2:52;hcho:67;tvoc:81;temperature:100;humidity:99,0959,0087,0243,28,48,co2:true;hcho:true;tvoc:false;temperature:true;humidity:true,false,confidence_below_threshold,true,false
capture_1390,/home/mpetrick/repos/esp32-fever-dream/tools/dataset/captures/live_surveillance_20260629T1003Z/capture_1390.jpg,0955,0087,0223,28,48,0955008702232848,49,100/100/74/49/100/100/98/62/100/79/82/100/100/100/100/99,co2:49;hcho:62;tvoc:79;temperature:100;humidity:99,0959,0087,0243,28,48,co2:false;hcho:true;tvoc:false;temperature:true;humidity:true,false,confidence_below_threshold,true,false
capture_1391,/home/mpetrick/repos/esp32-fever-dream/tools/dataset/captures/live_surveillance_20260629T1003Z/capture_1391.jpg,0955,0087,0223,28,48,0955008702232848,49,100/100/78/49/100/100/97/78/100/81/79/100/100/100/100/97,co2:49;hcho:78;tvoc:79;temperature:100;humidity:97,0959,0087,0243,28,48,co2:false;hcho:true;tvoc:false;temperature:true;humidity:true,false,confidence_below_threshold,true,false
capture_1392,/home/mpetrick/repos/esp32-fever-dream/tools/dataset/captures/live_surveillance_20260629T1003Z/capture_1392.jpg,0955,0087,0223,28,48,0955008702232848,49,100/100/77/49/100/100/97/69/100/80/82/100/100/100/100/98,co2:49;hcho:69;tvoc:80;temperature:100;humidity:98,0959,0087,0243,28,48,co2:false;hcho:true;tvoc:false;temperature:true;humidity:true,false,confidence_below_threshold,true,false
capture_1394,/home/mpetrick/repos/esp32-fever-dream/tools/dataset/captures/live_surveillance_20260629T1003Z/capture_1394.jpg,0955,0087,0223,28,48,0955008702232848,49,100/100/79/49/100/100/98/52/100/81/77/100/100/100/100/98,co2:49;hcho:52;tvoc:77;temperature:100;humidity:98,0959,0087,0243,28,48,co2:false;hcho:true;tvoc:false;temperature:true;humidity:true,false,confidence_below_threshold,true,false
capture_1396,/home/mpetrick/repos/esp32-fever-dream/tools/dataset/captures/live_surveillance_20260629T1003Z/capture_1396.jpg,0955,0088,0223,28,48,0955008802232848,49,100/100/78/49/100/100/97/95/100/79/82/100/100/100/100/98,co2:49;hcho:95;tvoc:79;temperature:100;humidity:98,0959,0088,0243,28,48,co2:false;hcho:true;tvoc:false;temperature:true;humidity:true,false,confidence_below_threshold,true,false
capture_1401,/home/mpetrick/repos/esp32-fever-dream/tools/dataset/captures/live_surveillance_20260629T1003Z/capture_1401.jpg,0965,0088,0226,28,48,0965008802262848,49,100/100/75/49/100/100/98/95/100/79/82/97/100/100/100/99,co2:49;hcho:95;tvoc:79;temperature:100;humidity:99,0965,0088,0026,28,48,co2:true;hcho:true;tvoc:false;temperature:true;humidity:true,false,confidence_below_threshold,true,false
capture_1402,/home/mpetrick/repos/esp32-fever-dream/tools/dataset/captures/live_surveillance_20260629T1003Z/capture_1402.jpg,0965,0088,0226,28,48,0965008802262848,49,100/100/74/49/100/100/99/94/100/83/82/94/100/100/100/98,co2:49;hcho:94;tvoc:82;temperature:100;humidity:98,0965,0088,0026,28,48,co2:true;hcho:true;tvoc:false;temperature:true;humidity:true,false,confidence_below_threshold,true,false
capture_1403,/home/mpetrick/repos/esp32-fever-dream/tools/dataset/captures/live_surveillance_20260629T1003Z/capture_1403.jpg,0965,0088,0226,28,48,0965008802262848,51,100/100/76/51/100/100/98/96/100/82/79/96/100/100/100/98,co2:51;hcho:96;tvoc:79;temperature:100;humidity:98,0965,0088,0026,28,48,co2:true;hcho:true;tvoc:false;temperature:true;humidity:true,false,confidence_below_threshold,true,false
capture_1404,/home/mpetrick/repos/esp32-fever-dream/tools/dataset/captures/live_surveillance_20260629T1003Z/capture_1404.jpg,0965,0088,0226,28,48,0965008802262848,49,100/100/76/49/100/100/98/95/100/82/85/96/100/100/100/99,co2:49;hcho:95;tvoc:82;temperature:100;humidity:99,0965,0088,0026,28,48,co2:true;hcho:true;tvoc:false;temperature:true;humidity:true,false,confidence_below_threshold,true,false
capture_1405,/home/mpetrick/repos/esp32-fever-dream/tools/dataset/captures/live_surveillance_20260629T1003Z/capture_1405.jpg,0965,0088,0226,28,48,0965008802262848,49,100/100/74/49/100/100/98/95/100/79/83/97/100/100/100/98,co2:49;hcho:95;tvoc:79;temperature:100;humidity:98,0965,0088,0026,28,48,co2:true;hcho:true;tvoc:false;temperature:true;humidity:true,false,confidence_below_threshold,true,false
capture_1406,/home/mpetrick/repos/esp32-fever-dream/tools/dataset/captures/live_surveillance_20260629T1003Z/capture_1406.jpg,0965,0088,0226,28,48,0965008802262848,49,100/100/77/49/100/100/96/96/100/82/82/96/100/100/100/98,co2:49;hcho:96;tvoc:82;temperature:100;humidity:98,0965,0088,0026,28,48,co2:true;hcho:true;tvoc:false;temperature:true;humidity:true,false,confidence_below_threshold,true,false
capture_1407,/home/mpetrick/repos/esp32-fever-dream/tools/dataset/captures/live_surveillance_20260629T1003Z/capture_1407.jpg,0965,0088,0226,28,48,0965008802262848,49,100/100/78/49/100/100/97/96/100/80/82/96/100/100/100/99,co2:49;hcho:96;tvoc:80;temperature:100;humidity:99,0965,0088,0026,28,48,co2:true;hcho:true;tvoc:false;temperature:true;humidity:true,false,confidence_below_threshold,true,false
capture_1408,/home/mpetrick/repos/esp32-fever-dream/tools/dataset/captures/live_surveillance_20260629T1003Z/capture_1408.jpg,0965,0088,0226,28,48,0965008802262848,49,100/100/81/49/100/100/98/96/100/84/83/96/100/100/100/96,co2:49;hcho:96;tvoc:83;temperature:100;humidity:96,0965,0088,0026,28,48,co2:true;hcho:true;tvoc:false;temperature:true;humidity:true,false,confidence_below_threshold,true,false
capture_1409,/home/mpetrick/repos/esp32-fever-dream/tools/dataset/captures/live_surveillance_20260629T1003Z/capture_1409.jpg,0929,0088,0226,28,48,0929008802262848,28,100/100/74/54/100/100/96/92/100/28/53/99/100/100/100/60,co2:54;hcho:92;tvoc:28;temperature:100;humidity:60,0965,0088,0026,28,48,co2:false;hcho:true;tvoc:false;temperature:true;humidity:true,false,confidence_below_threshold,true,false
capture_1410,/home/mpetrick/repos/esp32-fever-dream/tools/dataset/captures/live_surveillance_20260629T1003Z/capture_1410.jpg,0965,0088,0226,28,48,0965008802262848,49,100/100/75/49/100/100/98/96/100/80/82/97/100/100/100/98,co2:49;hcho:96;tvoc:80;temperature:100;humidity:98,0965,0088,0026,28,48,co2:true;hcho:true;tvoc:false;temperature:true;humidity:true,false,confidence_below_threshold,true,false
capture_1411,/home/mpetrick/repos/esp32-fever-dream/tools/dataset/captures/live_surveillance_20260629T1003Z/capture_1411.jpg,0965,0088,0226,28,48,0965008802262848,49,100/100/79/49/100/100/98/96/100/81/82/97/100/100/100/99,co2:49;hcho:96;tvoc:81;temperature:100;humidity:99,0965,0088,0026,28,48,co2:true;hcho:true;tvoc:false;temperature:true;humidity:true,false,confidence_below_threshold,true,false
capture_1412,/home/mpetrick/repos/esp32-fever-dream/tools/dataset/captures/live_surveillance_20260629T1003Z/capture_1412.jpg,0965,0088,0226,28,48,0965008802262848,49,100/100/81/49/100/100/96/97/100/80/82/97/100/100/100/99,co2:49;hcho:96;tvoc:80;temperature:100;humidity:99,0965,0088,0026,28,48,co2:true;hcho:true;tvoc:false;temperature:true;humidity:true,false,confidence_below_threshold,true,false
capture_1413,/home/mpetrick/repos/esp32-fever-dream/tools/dataset/captures/live_surveillance_20260629T1003Z/capture_1413.jpg,0965,0088,0226,28,48,0965008802262848,49,100/100/79/49/100/100/98/96/100/79/83/97/100/100/100/98,co2:49;hcho:96;tvoc:79;temperature:100;humidity:98,0965,0088,0026,28,48,co2:true;hcho:true;tvoc:false;temperature:true;humidity:true,false,confidence_below_threshold,true,false
capture_1414,/home/mpetrick/repos/esp32-fever-dream/tools/dataset/captures/live_surveillance_20260629T1003Z/capture_1414.jpg,0965,0088,0226,28,48,0965008802262848,51,100/100/78/51/100/100/98/97/100/80/83/97/100/100/100/99,co2:51;hcho:97;tvoc:80;temperature:100;humidity:99,0965,0088,0026,28,48,co2:true;hcho:true;tvoc:false;temperature:true;humidity:true,false,confidence_below_threshold,true,false
capture_1415,/home/mpetrick/repos/esp32-fever-dream/tools/dataset/captures/live_surveillance_20260629T1003Z/capture_1415.jpg,0965,0088,0226,28,48,0965008802262848,50,100/100/78/50/100/100/98/93/100/82/82/94/100/100/100/98,co2:50;hcho:93;tvoc:82;temperature:100;humidity:98,0965,0088,0026,28,48,co2:true;hcho:true;tvoc:false;temperature:true;humidity:true,false,confidence_below_threshold,true,false
capture_1416,/home/mpetrick/repos/esp32-fever-dream/tools/dataset/captures/live_surveillance_20260629T1003Z/capture_1416.jpg,0965,0088,0226,28,48,0965008802262848,49,100/100/78/49/100/100/98/95/100/83/83/96/100/100/100/99,co2:49;hcho:95;tvoc:83;temperature:100;humidity:99,0965,0088,0026,28,48,co2:true;hcho:true;tvoc:false;temperature:true;humidity:true,false,confidence_below_threshold,true,false
capture_1417,/home/mpetrick/repos/esp32-fever-dream/tools/dataset/captures/live_surveillance_20260629T1003Z/capture_1417.jpg,0965,0088,0226,28,48,0965008802262848,49,100/100/77/49/100/100/98/95/100/81/85/96/100/100/100/99,co2:49;hcho:95;tvoc:81;temperature:100;humidity:99,0965,0088,0026,28,48,co2:true;hcho:true;tvoc:false;temperature:true;humidity:true,false,confidence_below_threshold,true,false
capture_1418,/home/mpetrick/repos/esp32-fever-dream/tools/dataset/captures/live_surveillance_20260629T1003Z/capture_1418.jpg,0965,0087,0226,28,48,0965008702262848,51,100/100/80/51/100/100/98/73/100/79/79/96/100/100/100/99,co2:51;hcho:73;tvoc:79;temperature:100;humidity:99,0965,0087,0026,28,48,co2:true;hcho:true;tvoc:false;temperature:true;humidity:true,false,confidence_below_threshold,true,false
capture_1419,/home/mpetrick/repos/esp32-fever-dream/tools/dataset/captures/live_surveillance_20260629T1003Z/capture_1419.jpg,0959,0088,0226,28,48,0959008802262848,36,100/100/90/52/100/100/88/92/100/36/49/99/100/100/100/69,co2:52;hcho:88;tvoc:36;temperature:100;humidity:69,0959,0088,0026,28,48,co2:true;hcho:true;tvoc:false;temperature:true;humidity:true,false,confidence_below_threshold,true,false
capture_1420,/home/mpetrick/repos/esp32-fever-dream/tools/dataset/captures/live_surveillance_20260629T1003Z/capture_1420.jpg,0965,0088,0226,28,48,0965008802262848,49,100/100/80/49/100/100/98/95/100/84/82/96/100/100/100/99,co2:49;hcho:95;tvoc:82;temperature:100;humidity:99,0965,0088,0026,28,48,co2:true;hcho:true;tvoc:false;temperature:true;humidity:true,false,confidence_below_threshold,true,false
capture_1421,/home/mpetrick/repos/esp32-fever-dream/tools/dataset/captures/live_surveillance_20260629T1003Z/capture_1421.jpg,0965,0088,0226,28,48,0965008802262848,51,100/100/72/51/100/100/98/96/100/78/80/97/100/100/100/98,co2:51;hcho:96;tvoc:78;temperature:100;humidity:98,0965,0088,0026,28,48,co2:true;hcho:true;tvoc:false;temperature:true;humidity:true,false,confidence_below_threshold,true,false
capture_1424,/home/mpetrick/repos/esp32-fever-dream/tools/dataset/captures/live_surveillance_20260629T1003Z/capture_1424.jpg,0959,0087,0043,28,48,0959008700432848,30,100/100/93/49/100/100/88/69/100/30/56/100/100/100/100/64,co2:49;hcho:69;tvoc:30;temperature:100;humidity:64,0959,0087,0243,28,48,co2:true;hcho:true;tvoc:false;temperature:true;humidity:true,false,confidence_below_threshold,true,false
capture_1425,/home/mpetrick/repos/esp32-fever-dream/tools/dataset/captures/live_surveillance_20260629T1003Z/capture_1425.jpg,0955,0087,0223,28,48,0955008702232848,51,100/100/77/51/100/100/98/64/100/81/83/100/100/100/100/98,co2:51;hcho:64;tvoc:81;temperature:100;humidity:98,0959,0087,0243,28,48,co2:false;hcho:true;tvoc:false;temperature:true;humidity:true,false,confidence_below_threshold,true,false
capture_1426,/home/mpetrick/repos/esp32-fever-dream/tools/dataset/captures/live_surveillance_20260629T1003Z/capture_1426.jpg,0959,0088,0223,28,48,0959008802232848,51,100/100/77/51/100/100/96/60/100/81/82/100/100/100/100/99,co2:51;hcho:60;tvoc:81;temperature:100;humidity:99,0959,0087,0243,28,48,co2:true;hcho:false;tvoc:false;temperature:true;humidity:true,false,confidence_below_threshold,true,false
capture_1434,/home/mpetrick/repos/esp32-fever-dream/tools/dataset/captures/live_surveillance_20260629T1003Z/capture_1434.jpg,0955,0088,0223,28,48,0955008802232848,51,100/100/79/51/100/100/96/96/100/81/80/100/100/100/100/99,co2:51;hcho:96;tvoc:80;temperature:100;humidity:99,0959,0088,0043,28,48,co2:false;hcho:true;tvoc:false;temperature:true;humidity:true,false,confidence_below_threshold,true,false
capture_1435,/home/mpetrick/repos/esp32-fever-dream/tools/dataset/captures/live_surveillance_20260629T1003Z/capture_1435.jpg,0965,0088,0226,28,48,0965008802262848,49,100/100/83/49/100/100/98/97/100/82/82/96/100/100/100/98,co2:49;hcho:97;tvoc:82;temperature:100;humidity:98,0965,0088,0026,28,48,co2:true;hcho:true;tvoc:false;temperature:true;humidity:true,false,confidence_below_threshold,true,false
capture_1436,/home/mpetrick/repos/esp32-fever-dream/tools/dataset/captures/live_surveillance_20260629T1003Z/capture_1436.jpg,0955,0087,0226,28,48,0955008702262848,50,100/100/74/51/100/100/98/50/100/82/80/98/100/100/100/98,co2:51;hcho:50;tvoc:80;temperature:100;humidity:98,0959,0087,0026,28,48,co2:false;hcho:true;tvoc:false;temperature:true;humidity:true,false,confidence_below_threshold,true,false
capture_1437,/home/mpetrick/repos/esp32-fever-dream/tools/dataset/captures/live_surveillance_20260629T1003Z/capture_1437.jpg,0955,0088,0226,28,48,0955008802262848,49,100/100/76/49/100/100/99/96/100/80/82/96/100/100/100/99,co2:49;hcho:96;tvoc:80;temperature:100;humidity:99,0959,0088,0026,28,48,co2:false;hcho:true;tvoc:false;temperature:true;humidity:true,false,confidence_below_threshold,true,false
capture_1447,/home/mpetrick/repos/esp32-fever-dream/tools/dataset/captures/live_surveillance_20260629T1003Z/capture_1447.jpg,0965,0088,0226,28,48,0965008802262848,51,100/100/82/51/100/100/98/97/100/77/80/97/100/100/100/100,co2:51;hcho:97;tvoc:77;temperature:100;humidity:100,0965,0088,0026,28,48,co2:true;hcho:true;tvoc:false;temperature:true;humidity:true,false,confidence_below_threshold,true,false
capture_1448,/home/mpetrick/repos/esp32-fever-dream/tools/dataset/captures/live_surveillance_20260629T1003Z/capture_1448.jpg,0965,0088,0226,28,48,0965008802262848,49,100/100/79/49/100/100/98/98/100/81/80/97/100/100/100/99,co2:49;hcho:98;tvoc:80;temperature:100;humidity:99,0965,0088,0026,28,48,co2:true;hcho:true;tvoc:false;temperature:true;humidity:true,false,confidence_below_threshold,true,false
capture_1449,/home/mpetrick/repos/esp32-fever-dream/tools/dataset/captures/live_surveillance_20260629T1003Z/capture_1449.jpg,0965,0088,0226,28,48,0965008802262848,49,100/100/79/49/100/100/99/95/100/81/79/96/100/100/100/98,co2:49;hcho:95;tvoc:79;temperature:100;humidity:98,0965,0088,0026,28,48,co2:true;hcho:true;tvoc:false;temperature:true;humidity:true,false,confidence_below_threshold,true,false
capture_1450,/home/mpetrick/repos/esp32-fever-dream/tools/dataset/captures/live_surveillance_20260629T1003Z/capture_1450.jpg,0965,0088,0226,28,48,0965008802262848,49,100/100/71/49/100/100/99/97/100/78/82/96/100/100/100/99,co2:49;hcho:97;tvoc:78;temperature:100;humidity:99,0965,0088,0026,28,48,co2:true;hcho:true;tvoc:false;temperature:true;humidity:true,false,confidence_below_threshold,true,false
capture_1451,/home/mpetrick/repos/esp32-fever-dream/tools/dataset/captures/live_surveillance_20260629T1003Z/capture_1451.jpg,0965,0088,0226,28,48,0965008802262848,51,100/100/78/51/100/100/98/97/100/80/80/97/100/100/100/99,co2:51;hcho:97;tvoc:80;temperature:100;humidity:99,0965,0088,0026,28,48,co2:true;hcho:true;tvoc:false;temperature:true;humidity:true,false,confidence_below_threshold,true,false
capture_1452,/home/mpetrick/repos/esp32-fever-dream/tools/dataset/captures/live_surveillance_20260629T1003Z/capture_1452.jpg,0965,0088,0226,28,48,0965008802262848,51,100/100/78/51/100/100/99/97/100/79/82/97/100/100/100/98,co2:51;hcho:97;tvoc:79;temperature:100;humidity:98,0965,0088,0026,28,48,co2:true;hcho:true;tvoc:false;temperature:true;humidity:true,false,confidence_below_threshold,true,false
capture_1453,/home/mpetrick/repos/esp32-fever-dream/tools/dataset/captures/live_surveillance_20260629T1003Z/capture_1453.jpg,0965,0087,0226,28,48,0965008702262848,49,100/100/83/49/100/100/99/67/100/80/82/97/100/100/100/99,co2:49;hcho:67;tvoc:80;temperature:100;humidity:99,0965,0087,0026,28,48,co2:true;hcho:true;tvoc:false;temperature:true;humidity:true,false,confidence_below_threshold,true,false
capture_1455,/home/mpetrick/repos/esp32-fever-dream/tools/dataset/captures/live_surveillance_20260629T1003Z/capture_1455.jpg,0965,0088,0226,28,48,0965008802262848,51,100/100/83/51/100/100/99/97/100/80/80/96/100/100/100/99,co2:51;hcho:97;tvoc:80;temperature:100;humidity:99,0965,0088,0026,28,48,co2:true;hcho:true;tvoc:false;temperature:true;humidity:true,false,confidence_below_threshold,true,false
capture_1456,/home/mpetrick/repos/esp32-fever-dream/tools/dataset/captures/live_surveillance_20260629T1003Z/capture_1456.jpg,0965,0088,0226,28,48,0965008802262848,49,100/100/78/49/100/100/99/97/100/81/83/96/100/100/100/98,co2:49;hcho:97;tvoc:81;temperature:100;humidity:98,0965,0088,0026,28,48,co2:true;hcho:true;tvoc:false;temperature:true;humidity:true,false,confidence_below_threshold,true,false
capture_1457,/home/mpetrick/repos/esp32-fever-dream/tools/dataset/captures/live_surveillance_20260629T1003Z/capture_1457.jpg,0965,0088,0226,28,48,0965008802262848,49,100/100/81/49/100/100/98/95/100/80/80/96/100/100/100/98,co2:49;hcho:95;tvoc:80;temperature:100;humidity:98,0965,0088,0026,28,48,co2:true;hcho:true;tvoc:false;temperature:true;humidity:true,false,confidence_below_threshold,true,false
capture_1458,/home/mpetrick/repos/esp32-fever-dream/tools/dataset/captures/live_surveillance_20260629T1003Z/capture_1458.jpg,0965,0088,0226,28,48,0965008802262848,49,100/100/78/49/100/100/99/97/100/81/82/97/100/100/100/98,co2:49;hcho:97;tvoc:81;temperature:100;humidity:98,0965,0088,0026,28,48,co2:true;hcho:true;tvoc:false;temperature:true;humidity:true,false,confidence_below_threshold,true,false
capture_1523,/home/mpetrick/repos/esp32-fever-dream/tools/dataset/captures/live_surveillance_20260629T1003Z/capture_1523.jpg,0400,0013,0036,23,45,0400001300362345,33,64/80/78/33/94/98/98/92/47/73/94/83/100/96/94/100,co2:33;hcho:92;tvoc:47;temperature:96;humidity:94,0400,0013,0036,23,45,co2:true;hcho:true;tvoc:true;temperature:true;humidity:true,false,confidence_below_threshold,true,false
capture_1524,/home/mpetrick/repos/esp32-fever-dream/tools/dataset/captures/live_surveillance_20260629T1003Z/capture_1524.jpg,0400,0013,0036,23,45,0400001300362345,38,55/58/71/38/96/90/100/97/94/82/98/88/100/99/99/99,co2:38;hcho:90;tvoc:82;temperature:99;humidity:99,0400,0013,0036,23,45,co2:true;hcho:true;tvoc:true;temperature:true;humidity:true,false,confidence_below_threshold,true,false
capture_1525,/home/mpetrick/repos/esp32-fever-dream/tools/dataset/captures/live_surveillance_20260629T1003Z/capture_1525.jpg,0404,3313,0005,23,45,0404331300052345,28,100/68/76/42/28/38/99/99/95/98/67/58/100/97/99/95,co2:42;hcho:28;tvoc:58;temperature:97;humidity:95,0400,0013,0036,23,45,co2:false;hcho:false;tvoc:false;temperature:true;humidity:true,false,confidence_below_threshold,true,false
capture_1526,/home/mpetrick/repos/esp32-fever-dream/tools/dataset/captures/live_surveillance_20260629T1003Z/capture_1526.jpg,0400,0013,0036,23,45,0400001300362345,44,60/90/91/56/65/44/99/93/90/60/85/100/100/100/82/67,co2:56;hcho:44;tvoc:60;temperature:100;humidity:67,0400,0013,0036,23,45,co2:true;hcho:true;tvoc:true;temperature:true;humidity:true,false,confidence_below_threshold,true,false
capture_1527,/home/mpetrick/repos/esp32-fever-dream/tools/dataset/captures/live_surveillance_20260629T1003Z/capture_1527.jpg,0450,0013,0636,23,45,0450001306362345,59,98/79/91/70/100/92/98/99/99/59/98/94/100/99/99/99,co2:70;hcho:92;tvoc:59;temperature:99;humidity:99,0456,0013,0036,23,45,co2:false;hcho:true;tvoc:false;temperature:true;humidity:true,false,confidence_below_threshold,true,false
capture_1528,/home/mpetrick/repos/esp32-fever-dream/tools/dataset/captures/live_surveillance_20260629T1003Z/capture_1528.jpg,1506,5613,3003,23,45,1506561330032345,44,44/60/89/82/47/71/97/67/67/84/59/60/100/98/99/100,co2:44;hcho:47;tvoc:59;temperature:98;humidity:99,0400,0013,0036,23,45,co2:false;hcho:false;tvoc:false;temperature:true;humidity:true,false,confidence_below_threshold,true,false
capture_1531,/home/mpetrick/repos/esp32-fever-dream/tools/dataset/captures/live_surveillance_20260629T1003Z/capture_1531.jpg,0450,0313,0030,23,45,0450031300302345,48,70/89/76/54/81/48/99/90/78/65/97/50/100/98/99/98,co2:54;hcho:48;tvoc:50;temperature:98;humidity:98,0456,0013,0036,23,45,co2:false;hcho:false;tvoc:false;temperature:true;humidity:true,false,confidence_below_threshold,true,false
capture_1532,/home/mpetrick/repos/esp32-fever-dream/tools/dataset/captures/live_surveillance_20260629T1003Z/capture_1532.jpg,0456,0013,0036,23,45,0456001300362345,49,91/49/80/87/78/78/98/98/98/98/98/70/100/99/98/96,co2:49;hcho:78;tvoc:70;temperature:99;humidity:96,0456,0013,0036,23,45,co2:true;hcho:true;tvoc:true;temperature:true;humidity:true,false,confidence_below_threshold,true,false
capture_1533,/home/mpetrick/repos/esp32-fever-dream/tools/dataset/captures/live_surveillance_20260629T1003Z/capture_1533.jpg,0400,0013,0036,23,45,0400001300362345,80,96/97/95/89/96/100/100/91/87/94/87/90/100/99/100/80,co2:89;hcho:91;tvoc:87;temperature:99;humidity:80,0400,0013,0036,23,45,co2:true;hcho:true;tvoc:true;temperature:true;humidity:true,false,confidence_below_threshold,true,false
capture_1534,/home/mpetrick/repos/esp32-fever-dream/tools/dataset/captures/live_surveillance_20260629T1003Z/capture_1534.jpg,0450,1033,0036,23,45,0450103300362345,38,38/89/94/70/86/100/95/67/94/92/100/67/100/98/94/40,co2:38;hcho:67;tvoc:67;temperature:98;humidity:40,0400,0013,0036,23,45,co2:false;hcho:false;tvoc:true;temperature:true;humidity:true,false,confidence_below_threshold,true,false
capture_1535,/home/mpetrick/repos/esp32-fever-dream/tools/dataset/captures/live_surveillance_20260629T1003Z/capture_1535.jpg,0456,0013,0036,23,45,0456001300362345,41,54/41/57/65/67/97/99/98/95/96/100/94/100/98/99/97,co2:41;hcho:67;tvoc:94;temperature:98;humidity:97,0456,0013,0036,23,45,co2:true;hcho:true;tvoc:true;temperature:true;humidity:true,false,confidence_below_threshold,true,false
capture_1536,/home/mpetrick/repos/esp32-fever-dream/tools/dataset/captures/live_surveillance_20260629T1003Z/capture_1536.jpg,0041,2015,3100,13,43,0041201531001343,40,54/72/45/96/77/67/99/45/53/80/89/60/96/40/97/42,co2:45;hcho:45;tvoc:53;temperature:40;humidity:42,0400,0013,0036,23,45,co2:false;hcho:false;tvoc:false;temperature:false;humidity:false,false,confidence_below_threshold,true,false
capture_1537,/home/mpetrick/repos/esp32-fever-dream/tools/dataset/captures/live_surveillance_20260629T1003Z/capture_1537.jpg,0500,0013,0036,23,45,0500001300362345,50,71/50/84/83/56/94/98/98/97/93/99/94/100/97/99/97,co2:50;hcho:56;tvoc:93;temperature:97;humidity:97,0400,0013,0036,23,45,co2:false;hcho:true;tvoc:true;temperature:true;humidity:true,false,confidence_below_threshold,true,false
capture_1538,/home/mpetrick/repos/esp32-fever-dream/tools/dataset/captures/live_surveillance_20260629T1003Z/capture_1538.jpg,0400,0013,0036,23,45,0400001300362345,47,83/87/80/89/75/95/99/93/100/85/91/47/100/96/98/100,co2:80;hcho:75;tvoc:47;temperature:96;humidity:98,0400,0013,0036,23,45,co2:true;hcho:true;tvoc:true;temperature:true;humidity:true,false,confidence_below_threshold,true,false
capture_1539,/home/mpetrick/repos/esp32-fever-dream/tools/dataset/captures/live_surveillance_20260629T1003Z/capture_1539.jpg,0400,0013,1036,23,45,0400001310362345,33,65/90/33/91/93/97/100/97/69/98/100/99/100/99/98/98,co2:33;hcho:93;tvoc:69;temperature:99;humidity:98,0400,0013,0036,23,45,co2:true;hcho:true;tvoc:false;temperature:true;humidity:true,false,confidence_below_threshold,true,false
capture_1540,/home/mpetrick/repos/esp32-fever-dream/tools/dataset/captures/live_surveillance_20260629T1003Z/capture_1540.jpg,0456,0313,0036,23,45,0456031300362345,49,77/88/79/60/99/85/98/97/87/98/49/65/100/97/99/97,co2:60;hcho:85;tvoc:49;temperature:97;humidity:97,0456,0013,0036,23,45,co2:true;hcho:false;tvoc:true;temperature:true;humidity:true,false,confidence_below_threshold,true,false
capture_1541,/home/mpetrick/repos/esp32-fever-dream/tools/dataset/captures/live_surveillance_20260629T1003Z/capture_1541.jpg,4000,1313,1030,23,45,4000131310302345,44,57/94/44/64/77/93/100/97/72/94/99/73/100/99/98/100,co2:44;hcho:77;tvoc:72;temperature:99;humidity:98,0400,0013,0036,23,45,co2:false;hcho:false;tvoc:false;temperature:true;humidity:true,false,confidence_below_threshold,true,false
capture_1542,/home/mpetrick/repos/esp32-fever-dream/tools/dataset/captures/live_surveillance_20260629T1003Z/capture_1542.jpg,0401,0015,0036,23,45,0401001500362345,47,83/90/87/83/99/91/98/47/87/48/72/50/88/57/99/94,co2:83;hcho:47;tvoc:48;temperature:57;humidity:94,0400,0013,0036,23,45,co2:false;hcho:false;tvoc:true;temperature:true;humidity:true,false,confidence_below_threshold,true,false
capture_1543,/home/mpetrick/repos/esp32-fever-dream/tools/dataset/captures/live_surveillance_20260629T1003Z/capture_1543.jpg,0400,0013,0010,23,45,0400001300102345,38,48/38/96/96/52/61/99/80/85/89/74/76/100/97/92/86,co2:38;hcho:52;tvoc:74;temperature:97;humidity:86,0400,0013,0036,23,45,co2:true;hcho:true;tvoc:false;temperature:true;humidity:true,false,confidence_below_threshold,true,false
capture_1544,/home/mpetrick/repos/esp32-fever-dream/tools/dataset/captures/live_surveillance_20260629T1003Z/capture_1544.jpg,0405,0013,3036,23,45,0405001330362345,32,72/99/72/32/70/98/98/90/81/94/64/98/100/98/99/82,co2:32;hcho:70;tvoc:64;temperature:98;humidity:82,0400,0013,0036,23,45,co2:false;hcho:true;tvoc:false;temperature:true;humidity:true,false,confidence_below_threshold,true,false
capture_1549,/home/mpetrick/repos/esp32-fever-dream/tools/dataset/captures/live_surveillance_20260629T1003Z/capture_1549.jpg,0500,0013,0036,23,45,0500001300362345,41,94/41/96/54/66/97/99/95/99/80/100/100/100/98/91/98,co2:41;hcho:66;tvoc:80;temperature:98;humidity:91,0400,0013,0036,23,45,co2:false;hcho:true;tvoc:true;temperature:true;humidity:true,false,confidence_below_threshold,true,false
capture_1554,/home/mpetrick/repos/esp32-fever-dream/tools/dataset/captures/live_surveillance_20260629T1003Z/capture_1554.jpg,5400,0313,0036,23,45,5400031300362345,46,46/78/59/60/64/74/100/96/96/94/90/94/100/96/97/99,co2:46;hcho:64;tvoc:90;temperature:96;humidity:97,0400,0013,0036,23,45,co2:false;hcho:false;tvoc:true;temperature:true;humidity:true,false,confidence_below_threshold,true,false
capture_1555,/home/mpetrick/repos/esp32-fever-dream/tools/dataset/captures/live_surveillance_20260629T1003Z/capture_1555.jpg,1500,1033,0016,23,45,1500103300162345,32,56/42/74/38/96/49/57/32/45/95/49/99/100/97/99/97,co2:38;hcho:32;tvoc:45;temperature:97;humidity:97,0400,0013,0036,23,45,co2:false;hcho:false;tvoc:false;temperature:true;humidity:true,false,confidence_below_threshold,true,false
capture_1556,/home/mpetrick/repos/esp32-fever-dream/tools/dataset/captures/live_surveillance_20260629T1003Z/capture_1556.jpg,0400,1013,0036,23,45,0400101300362345,36,82/36/76/57/88/100/100/97/78/91/95/86/100/98/99/96,co2:36;hcho:88;tvoc:78;temperature:98;humidity:96,0400,0013,0036,23,45,co2:true;hcho:false;tvoc:true;temperature:true;humidity:true,false,confidence_below_threshold,true,false
capture_1558,/home/mpetrick/repos/esp32-fever-dream/tools/dataset/captures/live_surveillance_20260629T1003Z/capture_1558.jpg,4401,0013,0036,23,45,4401001300362345,49,58/60/92/49/96/90/99/100/91/91/77/99/100/94/97/100,co2:49;hcho:90;tvoc:77;temperature:94;humidity:97,0400,0013,0036,23,45,co2:false;hcho:true;tvoc:true;temperature:true;humidity:true,false,confidence_below_threshold,true,false
capture_1562,/home/mpetrick/repos/esp32-fever-dream/tools/dataset/captures/live_surveillance_20260629T1003Z/capture_1562.jpg,0505,0310,6035,23,45,0505031060352345,35,43/35/96/61/86/80/90/63/65/90/50/42/100/99/73/83,co2:35;hcho:63;tvoc:42;temperature:99;humidity:73,0456,0013,0036,23,45,co2:false;hcho:false;tvoc:false;temperature:true;humidity:true,false,confidence_below_threshold,true,false
capture_1565,/home/mpetrick/repos/esp32-fever-dream/tools/dataset/captures/live_surveillance_20260629T1003Z/capture_1565.jpg,0400,0013,6036,23,45,0400001360362345,57,96/80/66/85/95/98/100/98/57/98/100/84/100/98/99/100,co2:66;hcho:95;tvoc:57;temperature:98;humidity:99,0400,0013,0036,23,45,co2:true;hcho:true;tvoc:false;temperature:true;humidity:true,false,confidence_below_threshold,true,false
capture_1567,/home/mpetrick/repos/esp32-fever-dream/tools/dataset/captures/live_surveillance_20260629T1003Z/capture_1567.jpg,0456,0313,0036,23,45,0456031300362345,42,42/46/73/76/97/60/100/96/42/95/76/100/100/92/73/99,co2:42;hcho:60;tvoc:42;temperature:92;humidity:73,0456,0013,0036,23,45,co2:true;hcho:false;tvoc:true;temperature:true;humidity:true,false,confidence_below_threshold,true,false
capture_1569,/home/mpetrick/repos/esp32-fever-dream/tools/dataset/captures/live_surveillance_20260629T1003Z/capture_1569.jpg,0410,0013,0036,23,45,0410001300362345,42,81/87/64/83/81/77/99/97/89/70/89/58/68/56/42/59,co2:64;hcho:77;tvoc:58;temperature:56;humidity:42,0400,0013,0036,23,45,co2:false;hcho:true;tvoc:true;temperature:true;humidity:true,false,confidence_below_threshold,true,false
capture_1582,/home/mpetrick/repos/esp32-fever-dream/tools/dataset/captures/live_surveillance_20260629T1003Z/capture_1582.jpg,0601,8010,3006,23,45,0601801030062345,35,67/39/35/56/53/78/89/88/36/54/54/59/100/97/94/92,co2:35;hcho:53;tvoc:36;temperature:97;humidity:92,0400,0013,0036,23,45,co2:false;hcho:false;tvoc:false;temperature:true;humidity:true,false,confidence_below_threshold,true,false
capture_1583,/home/mpetrick/repos/esp32-fever-dream/tools/dataset/captures/live_surveillance_20260629T1003Z/capture_1583.jpg,0400,0015,0036,23,45,0400001500362345,67,95/93/76/99/99/88/90/67/68/76/95/96/100/98/91/98,co2:76;hcho:67;tvoc:68;temperature:98;humidity:91,0400,0013,0036,23,45,co2:true;hcho:false;tvoc:true;temperature:true;humidity:true,false,confidence_below_threshold,true,false
capture_1584,/home/mpetrick/repos/esp32-fever-dream/tools/dataset/captures/live_surveillance_20260629T1003Z/capture_1584.jpg,1305,0013,0056,23,45,1305001300562345,33,56/33/92/42/89/100/87/71/70/97/46/55/100/98/96/99,co2:33;hcho:71;tvoc:46;temperature:98;humidity:96,0456,0013,0036,23,45,co2:false;hcho:true;tvoc:false;temperature:true;humidity:true,false,confidence_below_threshold,true,false
capture_1585,/home/mpetrick/repos/esp32-fever-dream/tools/dataset/captures/live_surveillance_20260629T1003Z/capture_1585.jpg,0400,0013,0036,23,45,0400001300362345,45,69/85/83/52/91/56/94/88/81/45/83/94/91/92/89/94,co2:52;hcho:56;tvoc:45;temperature:91;humidity:89,0400,0013,0036,23,45,co2:true;hcho:true;tvoc:true;temperature:true;humidity:true,false,confidence_below_threshold,true,false
capture_1588,/home/mpetrick/repos/esp32-fever-dream/tools/dataset/captures/live_surveillance_20260629T1003Z/capture_1588.jpg,0400,0013,0136,23,45,0400001301362345,32,74/70/98/41/76/41/88/52/88/32/77/92/86/95/97/85,co2:41;hcho:41;tvoc:32;temperature:86;humidity:85,0400,0013,0036,23,45,co2:true;hcho:true;tvoc:false;temperature:true;humidity:true,false,confidence_below_threshold,true,false
capture_1589,/home/mpetrick/repos/esp32-fever-dream/tools/dataset/captures/live_surveillance_20260629T1003Z/capture_1589.jpg,0500,0313,0636,23,45,0500031306362345,52,89/52/90/89/70/94/100/63/78/57/100/93/100/99/69/100,co2:52;hcho:63;tvoc:57;temperature:99;humidity:69,0400,0013,0036,23,45,co2:false;hcho:false;tvoc:false;temperature:true;humidity:true,false,confidence_below_threshold,true,false
capture_1590,/home/mpetrick/repos/esp32-fever-dream/tools/dataset/captures/live_surveillance_20260629T1003Z/capture_1590.jpg,0400,0013,3036,23,45,0400001330362345,51,75/99/51/88/93/99/100/100/66/69/81/92/100/99/98/97,co2:51;hcho:93;tvoc:66;temperature:99;humidity:97,0400,0013,0036,23,45,co2:true;hcho:true;tvoc:false;temperature:true;humidity:true,false,confidence_below_threshold,true,false
capture_1596,/home/mpetrick/repos/esp32-fever-dream/tools/dataset/captures/live_surveillance_20260629T1003Z/capture_1596.jpg,3000,4050,0036,23,45,3000405000362345,45,97/47/100/49/45/61/57/57/85/85/67/82/85/94/94/48,co2:47;hcho:45;tvoc:67;temperature:85;humidity:48,0400,0013,0036,23,45,co2:false;hcho:false;tvoc:true;temperature:true;humidity:true,false,confidence_below_threshold,true,false
capture_1597,/home/mpetrick/repos/esp32-fever-dream/tools/dataset/captures/live_surveillance_20260629T1003Z/capture_1597.jpg,0400,0013,0036,23,45,0400001300362345,57,94/100/80/71/83/76/98/95/96/57/90/76/100/97/98/85,co2:71;hcho:76;tvoc:57;temperature:97;humidity:85,0400,0013,0036,23,45,co2:true;hcho:true;tvoc:true;temperature:true;humidity:true,false,confidence_below_threshold,true,false
capture_1598,/home/mpetrick/repos/esp32-fever-dream/tools/dataset/captures/live_surveillance_20260629T1003Z/capture_1598.jpg,1500,0013,2036,23,45,1500001320362345,34,80/96/85/61/34/71/100/97/41/91/83/61/100/96/92/95,co2:61;hcho:34;tvoc:41;temperature:96;humidity:92,0400,0013,0036,23,45,co2:false;hcho:true;tvoc:false;temperature:true;humidity:true,false,confidence_below_threshold,true,false
capture_1599,/home/mpetrick/repos/esp32-fever-dream/tools/dataset/captures/live_surveillance_20260629T1003Z/capture_1599.jpg,0436,0013,0636,23,45,0436001306362345,45,98/61/60/63/45/61/88/53/99/74/100/91/100/98/96/99,co2:60;hcho:45;tvoc:74;temperature:98;humidity:96,0456,0013,0036,23,45,co2:false;hcho:true;tvoc:false;temperature:true;humidity:true,false,confidence_below_threshold,true,false
capture_1600,/home/mpetrick/repos/esp32-fever-dream/tools/dataset/captures/live_surveillance_20260629T1003Z/capture_1600.jpg,3530,0013,0036,23,45,3530001300362345,28,43/28/30/91/55/83/96/47/89/87/79/98/74/75/71/89,co2:28;hcho:47;tvoc:79;temperature:74;humidity:71,0400,0013,0036,23,45,co2:false;hcho:true;tvoc:true;temperature:true;humidity:true,false,confidence_below_threshold,true,false
capture_1601,/home/mpetrick/repos/esp32-fever-dream/tools/dataset/captures/live_surveillance_20260629T1003Z/capture_1601.jpg,5400,4310,0036,23,45,5400431000362345,47,67/97/72/87/52/63/100/47/84/84/100/78/100/98/97/96,co2:67;hcho:47;tvoc:78;temperature:98;humidity:96,0400,0013,0036,23,45,co2:false;hcho:false;tvoc:true;temperature:true;humidity:true,false,confidence_below_threshold,true,false
capture_1602,/home/mpetrick/repos/esp32-fever-dream/tools/dataset/captures/live_surveillance_20260629T1003Z/capture_1602.jpg,0402,0563,0131,23,43,0402056301312343,27,59/52/100/67/78/48/32/33/65/100/51/62/81/94/96/27,co2:52;hcho:32;tvoc:51;temperature:81;humidity:27,0400,0013,0036,23,45,co2:false;hcho:false;tvoc:false;temperature:true;humidity:false,false,confidence_below_threshold,true,false
capture_1603,/home/mpetrick/repos/esp32-fever-dream/tools/dataset/captures/live_surveillance_20260629T1003Z/capture_1603.jpg,0456,0111,0136,23,45,0456011101362345,50,56/98/94/74/50/61/72/76/90/66/91/97/77/81/95/91,co2:56;hcho:50;tvoc:66;temperature:77;humidity:91,0456,0013,0036,23,45,co2:true;hcho:false;tvoc:false;temperature:true;humidity:true,false,confidence_below_threshold,true,false
capture_1604,/home/mpetrick/repos/esp32-fever-dream/tools/dataset/captures/live_surveillance_20260629T1003Z/capture_1604.jpg,0400,0313,0036,23,45,0400031300362345,38,56/84/38/91/83/70/98/96/85/85/94/89/100/99/57/95,co2:38;hcho:70;tvoc:85;temperature:99;humidity:57,0400,0013,0036,23,45,co2:true;hcho:false;tvoc:true;temperature:true;humidity:true,false,confidence_below_threshold,true,false
capture_1606,/home/mpetrick/repos/esp32-fever-dream/tools/dataset/captures/live_surveillance_20260629T1003Z/capture_1606.jpg,5410,4618,0664,23,45,5410461806642345,38,95/76/94/52/38/94/100/56/94/75/92/55/100/99/74/85,co2:52;hcho:38;tvoc:55;temperature:99;humidity:74,0400,0013,0036,23,45,co2:false;hcho:false;tvoc:false;temperature:true;humidity:true,false,confidence_below_threshold,true,false
capture_1607,/home/mpetrick/repos/esp32-fever-dream/tools/dataset/captures/live_surveillance_20260629T1003Z/capture_1607.jpg,0406,0013,0036,23,45,0406001300362345,54,67/88/54/65/98/100/96/91/100/89/92/85/100/97/97/95,co2:54;hcho:91;tvoc:85;temperature:97;humidity:95,0456,0013,0036,23,45,co2:false;hcho:true;tvoc:true;temperature:true;humidity:true,false,confidence_below_threshold,true,false
capture_1608,/home/mpetrick/repos/esp32-fever-dream/tools/dataset/captures/live_surveillance_20260629T1003Z/capture_1608.jpg,0400,0013,0030,23,45,0400001300302345,50,55/98/91/89/98/63/100/91/80/62/69/50/100/98/87/92,co2:55;hcho:63;tvoc:50;temperature:98;humidity:87,0400,0013,0036,23,45,co2:true;hcho:true;tvoc:false;temperature:true;humidity:true,false,confidence_below_threshold,true,false
capture_1609,/home/mpetrick/repos/esp32-fever-dream/tools/dataset/captures/live_surveillance_20260629T1003Z/capture_1609.jpg,0450,0013,0036,23,45,0450001300362345,34,64/87/53/78/34/88/93/53/97/81/83/83/100/98/78/97,co2:53;hcho:34;tvoc:81;temperature:98;humidity:78,0400,0013,0036,23,45,co2:false;hcho:true;tvoc:true;temperature:true;humidity:true,false,confidence_below_threshold,true,false
capture_1610,/home/mpetrick/repos/esp32-fever-dream/tools/dataset/captures/live_surveillance_20260629T1003Z/capture_1610.jpg,0600,0010,6033,23,45,0600001060332345,32,32/83/98/45/75/98/77/63/52/93/74/64/100/97/97/86,co2:32;hcho:63;tvoc:52;temperature:97;humidity:86,0400,0013,0036,23,45,co2:false;hcho:false;tvoc:false;temperature:true;humidity:true,false,confidence_below_threshold,true,false
capture_1611,/home/mpetrick/repos/esp32-fever-dream/tools/dataset/captures/live_surveillance_20260629T1003Z/capture_1611.jpg,0400,1013,0036,23,45,0400101300362345,58,76/58/97/87/65/91/100/97/100/90/95/95/100/98/96/96,co2:58;hcho:65;tvoc:90;temperature:98;humidity:96,0400,0013,0036,23,45,co2:true;hcho:false;tvoc:true;temperature:true;humidity:true,false,confidence_below_threshold,true,false
capture_1612,/home/mpetrick/repos/esp32-fever-dream/tools/dataset/captures/live_surveillance_20260629T1003Z/capture_1612.jpg,0101,0405,6130,25,56,0101040561302556,30,42/30/74/38/94/70/76/47/54/99/44/49/66/49/81/48,co2:30;hcho:47;tvoc:44;temperature:49;humidity:48,0400,0013,0036,23,45,co2:false;hcho:false;tvoc:false;temperature:false;humidity:false,false,confidence_below_threshold,true,false
capture_1613,/home/mpetrick/repos/esp32-fever-dream/tools/dataset/captures/live_surveillance_20260629T1003Z/capture_1613.jpg,5400,0011,0036,23,45,5400001100362345,35,74/67/82/88/98/97/100/35/61/70/95/87/100/99/90/98,co2:67;hcho:35;tvoc:61;temperature:99;humidity:90,0400,0013,0036,23,45,co2:false;hcho:false;tvoc:true;temperature:true;humidity:true,false,confidence_below_threshold,true,false
capture_1614,/home/mpetrick/repos/esp32-fever-dream/tools/dataset/captures/live_surveillance_20260629T1003Z/capture_1614.jpg,0400,0013,0036,23,45,0400001300362345,45,54/96/67/90/45/93/100/93/91/98/49/100/100/99/99/89,co2:54;hcho:45;tvoc:49;temperature:99;humidity:89,0400,0013,0036,23,45,co2:true;hcho:true;tvoc:true;temperature:true;humidity:true,false,confidence_below_threshold,true,false
capture_1615,/home/mpetrick/repos/esp32-fever-dream/tools/dataset/captures/live_surveillance_20260629T1003Z/capture_1615.jpg,0400,0013,1036,23,45,0400001310362345,55,86/99/71/93/78/55/100/99/74/75/96/95/100/96/99/100,co2:71;hcho:55;tvoc:74;temperature:96;humidity:99,0400,0013,0036,23,45,co2:true;hcho:true;tvoc:false;temperature:true;humidity:true,false,confidence_below_threshold,true,false
capture_1616,/home/mpetrick/repos/esp32-fever-dream/tools/dataset/captures/live_surveillance_20260629T1003Z/capture_1616.jpg,0000,1013,0016,23,45,0000101300162345,42,83/50/93/90/43/99/99/100/50/89/42/95/100/98/98/94,co2:50;hcho:43;tvoc:42;temperature:98;humidity:94,0400,0013,0036,23,45,co2:false;hcho:false;tvoc:false;temperature:true;humidity:true,false,confidence_below_threshold,true,false
capture_1617,/home/mpetrick/repos/esp32-fever-dream/tools/dataset/captures/live_surveillance_20260629T1003Z/capture_1617.jpg,0651,5050,0103,23,40,0651505001032340,32,84/57/84/96/32/78/45/67/81/90/91/88/100/84/64/63,co2:57;hcho:32;tvoc:81;temperature:84;humidity:63,0456,0013,0036,23,45,co2:false;hcho:false;tvoc:false;temperature:true;humidity:false,false,confidence_below_threshold,true,false
capture_1618,/home/mpetrick/repos/esp32-fever-dream/tools/dataset/captures/live_surveillance_20260629T1003Z/capture_1618.jpg,0456,0013,6036,22,45,0456001360362245,33,47/47/66/89/99/68/100/89/33/73/87/65/100/65/99/92,co2:47;hcho:68;tvoc:33;temperature:65;humidity:92,0456,0013,0036,23,45,co2:true;hcho:true;tvoc:false;temperature:false;humidity:true,false,confidence_below_threshold,true,false
capture_1619,/home/mpetrick/repos/esp32-fever-dream/tools/dataset/captures/live_surveillance_20260629T1003Z/capture_1619.jpg,3434,0013,3306,23,45,3434001333062345,38,53/50/72/94/56/98/82/78/76/39/69/43/100/97/79/38,co2:50;hcho:56;tvoc:39;temperature:97;humidity:38,0400,0013,0036,23,45,co2:false;hcho:true;tvoc:false;temperature:true;humidity:true,false,confidence_below_threshold,true,false
capture_1620,/home/mpetrick/repos/esp32-fever-dream/tools/dataset/captures/live_surveillance_20260629T1003Z/capture_1620.jpg,0400,6013,0030,23,45,0400601300302345,44,78/94/91/95/53/99/100/92/55/93/89/44/100/99/87/93,co2:78;hcho:53;tvoc:44;temperature:99;humidity:87,0400,0013,0036,23,45,co2:true;hcho:false;tvoc:false;temperature:true;humidity:true,false,confidence_below_threshold,true,false
capture_1621,/home/mpetrick/repos/esp32-fever-dream/tools/dataset/captures/live_surveillance_20260629T1003Z/capture_1621.jpg,0456,0013,0036,23,55,0456001300362355,49,82/97/100/49/96/89/90/95/94/71/92/83/100/83/68/100,co2:49;hcho:89;tvoc:71;temperature:83;humidity:68,0456,0013,0036,23,45,co2:true;hcho:true;tvoc:true;temperature:true;humidity:false,false,confidence_below_threshold,true,false
capture_1622,/home/mpetrick/repos/esp32-fever-dream/tools/dataset/captures/live_surveillance_20260629T1003Z/capture_1622.jpg,0400,0013,0036,23,45,0400001300362345,53,96/67/76/66/53/70/100/90/86/70/88/99/71/85/88/86,co2:66;hcho:53;tvoc:70;temperature:71;humidity:86,0400,0013,0036,23,45,co2:true;hcho:true;tvoc:true;temperature:true;humidity:true,false,confidence_below_threshold,true,false
capture_1623,/home/mpetrick/repos/esp32-fever-dream/tools/dataset/captures/live_surveillance_20260629T1003Z/capture_1623.jpg,0405,0010,3630,23,45,0405001036302345,34,86/51/43/49/78/47/99/87/56/91/40/34/100/100/93/93,co2:43;hcho:47;tvoc:34;temperature:100;humidity:93,0400,0013,0036,23,45,co2:false;hcho:false;tvoc:false;temperature:true;humidity:true,false,confidence_below_threshold,true,false
capture_1624,/home/mpetrick/repos/esp32-fever-dream/tools/dataset/captures/live_surveillance_20260629T1003Z/capture_1624.jpg,5456,0013,0036,23,45,5456001300362345,48,48/91/85/60/77/96/100/71/61/80/98/97/100/100/86/94,co2:48;hcho:71;tvoc:61;temperature:100;humidity:86,0456,0013,0036,23,45,co2:false;hcho:true;tvoc:true;temperature:true;humidity:true,false,confidence_below_threshold,true,false
capture_1625,/home/mpetrick/repos/esp32-fever-dream/tools/dataset/captures/live_surveillance_20260629T1003Z/capture_1625.jpg,6456,0013,0006,23,45,6456001300062345,58,68/86/100/98/59/72/87/92/93/79/64/94/70/58/100/98,co2:68;hcho:59;tvoc:64;temperature:58;humidity:98,0456,0013,0036,23,45,co2:false;hcho:true;tvoc:false;temperature:true;humidity:true,false,confidence_below_threshold,true,false
capture_1626,/home/mpetrick/repos/esp32-fever-dream/tools/dataset/captures/live_surveillance_20260629T1003Z/capture_1626.jpg,0651,5030,2234,35,06,0651503022343506,45,63/59/68/89/45/64/68/83/100/92/55/96/78/76/64/71,co2:59;hcho:45;tvoc:55;temperature:76;humidity:64,0400,0013,0036,23,45,co2:false;hcho:false;tvoc:false;temperature:false;humidity:false,false,confidence_below_threshold,true,false
capture_1627,/home/mpetrick/repos/esp32-fever-dream/tools/dataset/captures/live_surveillance_20260629T1003Z/capture_1627.jpg,0403,0013,0330,11,45,0403001303301145,35,78/98/95/87/77/94/100/87/96/35/47/52/71/46/51/58,co2:78;hcho:77;tvoc:35;temperature:46;humidity:51,0400,0013,0036,23,45,co2:false;hcho:true;tvoc:false;temperature:false;humidity:true,false,confidence_below_threshold,true,false
capture_1630,/home/mpetrick/repos/esp32-fever-dream/tools/dataset/captures/live_surveillance_20260629T1003Z/capture_1630.jpg,0000,0013,0136,23,45,0000001301362345,33,93/38/77/69/97/83/97/73/78/97/91/67/92/84/33/100,co2:38;hcho:73;tvoc:67;temperature:84;humidity:33,0400,0013,0036,23,45,co2:false;hcho:true;tvoc:false;temperature:true;humidity:true,false,confidence_below_threshold,true,false
capture_1632,/home/mpetrick/repos/esp32-fever-dream/tools/dataset/captures/live_surveillance_20260629T1003Z/capture_1632.jpg,0450,0013,1136,23,45,0450001311362345,35,52/56/98/61/35/96/100/78/63/57/68/64/43/92/95/56,co2:52;hcho:35;tvoc:57;temperature:43;humidity:56,0456,0013,0036,23,45,co2:false;hcho:true;tvoc:false;temperature:true;humidity:true,false,confidence_below_threshold,true,false
capture_1633,/home/mpetrick/repos/esp32-fever-dream/tools/dataset/captures/live_surveillance_20260629T1003Z/capture_1633.jpg,0113,4065,0001,20,45,0113406500012045,25,100/89/92/91/92/49/45/83/89/72/82/87/25/30/93/57,co2:89;hcho:45;tvoc:72;temperature:25;humidity:57,0456,0013,0036,23,45,co2:false;hcho:false;tvoc:false;temperature:false;humidity:true,false,confidence_below_threshold,true,false
capture_1634,/home/mpetrick/repos/esp32-fever-dream/tools/dataset/captures/live_surveillance_20260629T1003Z/capture_1634.jpg,6630,0013,0036,33,05,6630001300363305,32,43/57/49/65/32/51/54/92/79/42/87/92/59/76/37/40,co2:43;hcho:32;tvoc:42;temperature:59;humidity:37,0400,0013,0036,23,45,co2:false;hcho:true;tvoc:true;temperature:false;humidity:false,false,confidence_below_threshold,true,false
capture_1636,/home/mpetrick/repos/esp32-fever-dream/tools/dataset/captures/live_surveillance_20260629T1003Z/capture_1636.jpg,0006,6060,0000,63,00,0006606000006300,35,72/69/70/51/83/66/79/78/66/70/48/53/53/67/35/76,co2:51;hcho:66;tvoc:48;temperature:53;humidity:35,0400,0013,0036,23,45,co2:false;hcho:false;tvoc:false;temperature:false;humidity:false,false,confidence_below_threshold,true,false
capture_1637,/home/mpetrick/repos/esp32-fever-dream/tools/dataset/captures/live_surveillance_20260629T1003Z/capture_1637.jpg,0450,0013,1016,23,45,0450001310162345,52,86/92/89/78/52/98/100/78/60/85/52/94/100/81/98/67,co2:78;hcho:52;tvoc:52;temperature:81;humidity:67,0456,0013,0036,23,45,co2:false;hcho:true;tvoc:false;temperature:true;humidity:true,false,confidence_below_threshold,true,false
capture_1644,/home/mpetrick/repos/esp32-fever-dream/tools/dataset/captures/live_surveillance_20260629T1003Z/capture_1644.jpg,0450,4013,6330,23,44,0450401363302344,35,54/79/35/50/43/89/98/98/80/50/91/49/93/83/97/52,co2:35;hcho:43;tvoc:49;temperature:83;humidity:52,0400,0013,0036,23,45,co2:false;hcho:false;tvoc:false;temperature:true;humidity:false,false,confidence_below_threshold,true,false
capture_1645,/home/mpetrick/repos/esp32-fever-dream/tools/dataset/captures/live_surveillance_20260629T1003Z/capture_1645.jpg,0400,0013,3016,23,45,0400001330162345,41,74/97/48/90/68/98/100/89/41/84/87/83/80/94/97/67,co2:48;hcho:68;tvoc:41;temperature:80;humidity:67,0400,0013,0036,23,45,co2:true;hcho:true;tvoc:false;temperature:true;humidity:true,false,confidence_below_threshold,true,false
capture_1647,/home/mpetrick/repos/esp32-fever-dream/tools/dataset/captures/live_surveillance_20260629T1003Z/capture_1647.jpg,5450,4013,3036,23,44,5450401330362344,44,64/100/94/93/49/93/83/88/44/91/52/92/84/69/97/49,co2:64;hcho:49;tvoc:44;temperature:69;humidity:49,0400,0013,0036,23,45,co2:false;hcho:false;tvoc:false;temperature:true;humidity:false,false,confidence_below_threshold,true,false
