sample_id,image_path,temperature_c,humidity_percent,co2_ppm,hcho_raw,tvoc_raw,valid,split,notes,review_status,reviewer,reviewed_at_utc,proposal_model,prompt_version,source_proposals,consensus_status,consensus_reason,consensus_models,consensus_votes
capture_0001,tools/dataset/captures/live_surveillance_20260629T1003Z/capture_0001.jpg,28,53,1498,85,58,true,train,auto_consensus,automated_consensus,auto-consensus,2026-07-21T20:10:35+00:00,qwen3-vl:4b,aqs-five-field-v2,tools/dataset/captures/live_surveillance_20260629T1003Z/labels_ollama_proposals.csv,promoted,single_model_temporal_plausible,qwen3-vl:4b,1
capture_0002,tools/dataset/captures/live_surveillance_20260629T1003Z/capture_0002.jpg,28,53,1498,85,58,true,train,auto_consensus,automated_consensus,auto-consensus,2026-07-21T20:10:35+00:00,qwen3-vl:4b,aqs-five-field-v2,tools/dataset/captures/live_surveillance_20260629T1003Z/labels_ollama_proposals.csv,promoted,single_model_temporal_plausible,qwen3-vl:4b,1
capture_0003,tools/dataset/captures/live_surveillance_20260629T1003Z/capture_0003.jpg,28,53,1498,85,58,true,train,auto_consensus,automated_consensus,auto-consensus,2026-07-21T20:10:35+00:00,qwen3-vl:4b,aqs-five-field-v2,tools/dataset/captures/live_surveillance_20260629T1003Z/labels_ollama_proposals.csv,promoted,single_model_temporal_plausible,qwen3-vl:4b,1
capture_0004,tools/dataset/captures/live_surveillance_20260629T1003Z/capture_0004.jpg,,,,,,false,train,hcho_raw:178:neighbor_median=83.5,excluded,auto-consensus,2026-07-21T20:10:35+00:00,,,tools/dataset/captures/live_surveillance_20260629T1003Z/labels_ollama_proposals.csv,excluded,temporal_anomaly,qwen3-vl:4b,0
capture_0005,tools/dataset/captures/live_surveillance_20260629T1003Z/capture_0005.jpg,,,,,,false,train,hcho_raw:13:neighbor_median=83.5;tvoc_raw:498:neighbor_median=54,excluded,auto-consensus,2026-07-21T20:10:35+00:00,,,tools/dataset/captures/live_surveillance_20260629T1003Z/labels_ollama_proposals.csv,excluded,temporal_anomaly,qwen3-vl:4b,0
capture_0006,tools/dataset/captures/live_surveillance_20260629T1003Z/capture_0006.jpg,,,,,,false,train,co2_ppm:487:neighbor_median=1473.5;tvoc_raw:5:neighbor_median=276.5,excluded,auto-consensus,2026-07-21T20:10:35+00:00,,,tools/dataset/captures/live_surveillance_20260629T1003Z/labels_ollama_proposals.csv,excluded,temporal_anomaly,qwen3-vl:4b,0
capture_0007,tools/dataset/captures/live_surveillance_20260629T1003Z/capture_0007.jpg,,,,,,false,train,tvoc_raw:504:neighbor_median=276.5,excluded,auto-consensus,2026-07-21T20:10:35+00:00,,,tools/dataset/captures/live_surveillance_20260629T1003Z/labels_ollama_proposals.csv,excluded,temporal_anomaly,qwen3-vl:4b,0
capture_0008,tools/dataset/captures/live_surveillance_20260629T1003Z/capture_0008.jpg,,,,,,false,train,tvoc_raw:55:neighbor_median=279.5,excluded,auto-consensus,2026-07-21T20:10:35+00:00,,,tools/dataset/captures/live_surveillance_20260629T1003Z/labels_ollama_proposals.csv,excluded,temporal_anomaly,qwen3-vl:4b,0
capture_0009,tools/dataset/captures/live_surveillance_20260629T1003Z/capture_0009.jpg,,,,,,false,train,tvoc_raw:509:neighbor_median=55,excluded,auto-consensus,2026-07-21T20:10:35+00:00,,,tools/dataset/captures/live_surveillance_20260629T1003Z/labels_ollama_proposals.csv,excluded,temporal_anomaly,qwen3-vl:4b,0
capture_0010,tools/dataset/captures/live_surveillance_20260629T1003Z/capture_0010.jpg,,,,,,false,train,tvoc_raw:55:neighbor_median=282,excluded,auto-consensus,2026-07-21T20:10:35+00:00,,,tools/dataset/captures/live_surveillance_20260629T1003Z/labels_ollama_proposals.csv,excluded,temporal_anomaly,qwen3-vl:4b,0
capture_0011,tools/dataset/captures/live_surveillance_20260629T1003Z/capture_0011.jpg,,,,,,false,train,hcho_raw:13:neighbor_median=161;tvoc_raw:36:neighbor_median=593,excluded,auto-consensus,2026-07-21T20:10:35+00:00,,,tools/dataset/captures/live_surveillance_20260629T1003Z/labels_ollama_proposals.csv,excluded,temporal_anomaly,qwen3-vl:4b,0
capture_0012,tools/dataset/captures/live_surveillance_20260629T1003Z/capture_0012.jpg,,,,,,false,train,co2_ppm:1581:neighbor_median=1059;hcho_raw:239:neighbor_median=177;tvoc_raw:677:neighbor_median=406.5,excluded,auto-consensus,2026-07-21T20:10:35+00:00,,,tools/dataset/captures/live_surveillance_20260629T1003Z/labels_ollama_proposals.csv,excluded,temporal_anomaly,qwen3-vl:4b,0
capture_0013,tools/dataset/captures/live_surveillance_20260629T1003Z/capture_0013.jpg,,,,,,false,train,co2_ppm:630:neighbor_median=1542.5;hcho_raw:271:neighbor_median=258.5;tvoc_raw:758:neighbor_median=717.5,excluded,auto-consensus,2026-07-21T20:10:35+00:00,,,tools/dataset/captures/live_surveillance_20260629T1003Z/labels_ollama_proposals.csv,excluded,temporal_anomaly,qwen3-vl:4b,0
capture_0014,tools/dataset/captures/live_surveillance_20260629T1003Z/capture_0014.jpg,,,,,,false,train,co2_ppm:636:neighbor_median=1622;tvoc_raw:758:neighbor_median=789,excluded,auto-consensus,2026-07-21T20:10:35+00:00,,,tools/dataset/captures/live_surveillance_20260629T1003Z/labels_ollama_proposals.csv,excluded,temporal_anomaly,qwen3-vl:4b,0
capture_0015,tools/dataset/captures/live_surveillance_20260629T1003Z/capture_0015.jpg,,,,,,false,train,co2_ppm:1663:neighbor_median=721;hcho_raw:296:neighbor_median=317.5,excluded,auto-consensus,2026-07-21T20:10:35+00:00,,,tools/dataset/captures/live_surveillance_20260629T1003Z/labels_ollama_proposals.csv,excluded,temporal_anomaly,qwen3-vl:4b,0
capture_0016,tools/dataset/captures/live_surveillance_20260629T1003Z/capture_0016.jpg,,,,,,false,train,co2_ppm:1762:neighbor_median=806;hcho_raw:357:neighbor_median=341;tvoc_raw:999:neighbor_median=789,excluded,auto-consensus,2026-07-21T20:10:35+00:00,,,tools/dataset/captures/live_surveillance_20260629T1003Z/labels_ollama_proposals.csv,excluded,temporal_anomaly,qwen3-vl:4b,0
capture_0017,tools/dataset/captures/live_surveillance_20260629T1003Z/capture_0017.jpg,,,,,,false,train,co2_ppm:806:neighbor_median=1251;hcho_raw:386:neighbor_median=373.5;tvoc_raw:880:neighbor_median=481,excluded,auto-consensus,2026-07-21T20:10:35+00:00,,,tools/dataset/captures/live_surveillance_20260629T1003Z/labels_ollama_proposals.csv,excluded,temporal_anomaly,qwen3-vl:4b,0
capture_0018,tools/dataset/captures/live_surveillance_20260629T1003Z/capture_0018.jpg,,,,,,false,train,co2_ppm:806:neighbor_median=1300.5;hcho_raw:390:neighbor_median=371.5;tvoc_raw:0:neighbor_median=556,excluded,auto-consensus,2026-07-21T20:10:35+00:00,,,tools/dataset/captures/live_surveillance_20260629T1003Z/labels_ollama_proposals.csv,excluded,temporal_anomaly,qwen3-vl:4b,0
capture_0019,tools/dataset/captures/live_surveillance_20260629T1003Z/capture_0019.jpg,,,,,,false,train,co2_ppm:839:neighbor_median=1353;hcho_raw:408:neighbor_median=388;tvoc_raw:142:neighbor_median=278,excluded,auto-consensus,2026-07-21T20:10:35+00:00,,,tools/dataset/captures/live_surveillance_20260629T1003Z/labels_ollama_proposals.csv,excluded,temporal_anomaly,qwen3-vl:4b,0
capture_0020,tools/dataset/captures/live_surveillance_20260629T1003Z/capture_0020.jpg,,,,,,false,train,co2_ppm:1900:neighbor_median=1402.5;hcho_raw:140:neighbor_median=438.5,excluded,auto-consensus,2026-07-21T20:10:35+00:00,,,tools/dataset/captures/live_surveillance_20260629T1003Z/labels_ollama_proposals.csv,excluded,temporal_anomaly,qwen3-vl:4b,0
capture_0021,tools/dataset/captures/live_surveillance_20260629T1003Z/capture_0021.jpg,28,52,1966,469,324,true,train,auto_consensus,automated_consensus,auto-consensus,2026-07-21T20:10:35+00:00,qwen3-vl:4b,aqs-five-field-v2,tools/dataset/captures/live_surveillance_20260629T1003Z/labels_ollama_proposals.csv,promoted,single_model_temporal_plausible,qwen3-vl:4b,1
capture_0022,tools/dataset/captures/live_surveillance_20260629T1003Z/capture_0022.jpg,,,,,,false,train,hcho_raw:530:neighbor_median=499.5;tvoc_raw:464:neighbor_median=404,excluded,auto-consensus,2026-07-21T20:10:35+00:00,,,tools/dataset/captures/live_surveillance_20260629T1003Z/labels_ollama_proposals.csv,excluded,temporal_anomaly,qwen3-vl:4b,0
capture_0023,tools/dataset/captures/live_surveillance_20260629T1003Z/capture_0023.jpg,28,52,2026,530,484,true,train,auto_consensus,automated_consensus,auto-consensus,2026-07-21T20:10:35+00:00,qwen3-vl:4b,aqs-five-field-v2,tools/dataset/captures/live_surveillance_20260629T1003Z/labels_ollama_proposals.csv,promoted,single_model_temporal_plausible,qwen3-vl:4b,1
capture_0024,tools/dataset/captures/live_surveillance_20260629T1003Z/capture_0024.jpg,28,52,2026,530,484,true,train,auto_consensus,automated_consensus,auto-consensus,2026-07-21T20:10:35+00:00,qwen3-vl:4b,aqs-five-field-v2,tools/dataset/captures/live_surveillance_20260629T1003Z/labels_ollama_proposals.csv,promoted,single_model_temporal_plausible,qwen3-vl:4b,1
capture_0025,tools/dataset/captures/live_surveillance_20260629T1003Z/capture_0025.jpg,28,52,2026,530,484,true,train,auto_consensus,automated_consensus,auto-consensus,2026-07-21T20:10:35+00:00,qwen3-vl:4b,aqs-five-field-v2,tools/dataset/captures/live_surveillance_20260629T1003Z/labels_ollama_proposals.csv,promoted,single_model_temporal_plausible,qwen3-vl:4b,1
capture_0026,tools/dataset/captures/live_surveillance_20260629T1003Z/capture_0026.jpg,28,52,2026,530,484,true,train,auto_consensus,automated_consensus,auto-consensus,2026-07-21T20:10:35+00:00,qwen3-vl:4b,aqs-five-field-v2,tools/dataset/captures/live_surveillance_20260629T1003Z/labels_ollama_proposals.csv,promoted,single_model_temporal_plausible,qwen3-vl:4b,1
capture_0027,tools/dataset/captures/live_surveillance_20260629T1003Z/capture_0027.jpg,28,52,2026,530,484,true,train,auto_consensus,automated_consensus,auto-consensus,2026-07-21T20:10:35+00:00,qwen3-vl:4b,aqs-five-field-v2,tools/dataset/captures/live_surveillance_20260629T1003Z/labels_ollama_proposals.csv,promoted,single_model_temporal_plausible,qwen3-vl:4b,1
capture_0028,tools/dataset/captures/live_surveillance_20260629T1003Z/capture_0028.jpg,28,52,2026,530,484,true,train,auto_consensus,automated_consensus,auto-consensus,2026-07-21T20:10:35+00:00,qwen3-vl:4b,aqs-five-field-v2,tools/dataset/captures/live_surveillance_20260629T1003Z/labels_ollama_proposals.csv,promoted,single_model_temporal_plausible,qwen3-vl:4b,1
capture_0029,tools/dataset/captures/live_surveillance_20260629T1003Z/capture_0029.jpg,28,52,2026,530,484,true,train,auto_consensus,automated_consensus,auto-consensus,2026-07-21T20:10:35+00:00,qwen3-vl:4b,aqs-five-field-v2,tools/dataset/captures/live_surveillance_20260629T1003Z/labels_ollama_proposals.csv,promoted,single_model_temporal_plausible,qwen3-vl:4b,1
capture_0030,tools/dataset/captures/live_surveillance_20260629T1003Z/capture_0030.jpg,28,52,2026,530,484,true,train,auto_consensus,automated_consensus,auto-consensus,2026-07-21T20:10:35+00:00,qwen3-vl:4b,aqs-five-field-v2,tools/dataset/captures/live_surveillance_20260629T1003Z/labels_ollama_proposals.csv,promoted,single_model_temporal_plausible,qwen3-vl:4b,1
capture_0031,tools/dataset/captures/live_surveillance_20260629T1003Z/capture_0031.jpg,28,52,2026,530,484,true,train,auto_consensus,automated_consensus,auto-consensus,2026-07-21T20:10:35+00:00,qwen3-vl:4b,aqs-five-field-v2,tools/dataset/captures/live_surveillance_20260629T1003Z/labels_ollama_proposals.csv,promoted,single_model_temporal_plausible,qwen3-vl:4b,1
capture_0032,tools/dataset/captures/live_surveillance_20260629T1003Z/capture_0032.jpg,,,,,,false,train,hcho_raw:509:neighbor_median=530;tvoc_raw:14:neighbor_median=484,excluded,auto-consensus,2026-07-21T20:10:35+00:00,,,tools/dataset/captures/live_surveillance_20260629T1003Z/labels_ollama_proposals.csv,excluded,temporal_anomaly,qwen3-vl:4b,0
capture_0033,tools/dataset/captures/live_surveillance_20260629T1003Z/capture_0033.jpg,28,52,2026,530,484,true,train,auto_consensus,automated_consensus,auto-consensus,2026-07-21T20:10:35+00:00,qwen3-vl:4b,aqs-five-field-v2,tools/dataset/captures/live_surveillance_20260629T1003Z/labels_ollama_proposals.csv,promoted,single_model_temporal_plausible,qwen3-vl:4b,1
capture_0034,tools/dataset/captures/live_surveillance_20260629T1003Z/capture_0034.jpg,,,,,,false,train,hcho_raw:530:neighbor_median=550;tvoc_raw:484:neighbor_median=249,excluded,auto-consensus,2026-07-21T20:10:35+00:00,,,tools/dataset/captures/live_surveillance_20260629T1003Z/labels_ollama_proposals.csv,excluded,temporal_anomaly,qwen3-vl:4b,0
capture_0035,tools/dataset/captures/live_surveillance_20260629T1003Z/capture_0035.jpg,,,,,,false,train,hcho_raw:570:neighbor_median=559;tvoc_raw:626:neighbor_median=245,excluded,auto-consensus,2026-07-21T20:10:35+00:00,,,tools/dataset/captures/live_surveillance_20260629T1003Z/labels_ollama_proposals.csv,excluded,temporal_anomaly,qwen3-vl:4b,0
capture_0036,tools/dataset/captures/live_surveillance_20260629T1003Z/capture_0036.jpg,,,,,,false,train,tvoc_raw:6:neighbor_median=275,excluded,auto-consensus,2026-07-21T20:10:35+00:00,,,tools/dataset/captures/live_surveillance_20260629T1003Z/labels_ollama_proposals.csv,excluded,temporal_anomaly,qwen3-vl:4b,0
capture_0037,tools/dataset/captures/live_surveillance_20260629T1003Z/capture_0037.jpg,,,,,,false,train,tvoc_raw:6:neighbor_median=36,excluded,auto-consensus,2026-07-21T20:10:35+00:00,,,tools/dataset/captures/live_surveillance_20260629T1003Z/labels_ollama_proposals.csv,excluded,temporal_anomaly,qwen3-vl:4b,0
capture_0038,tools/dataset/captures/live_surveillance_20260629T1003Z/capture_0038.jpg,,,,,,false,train,tvoc_raw:66:neighbor_median=6,excluded,auto-consensus,2026-07-21T20:10:35+00:00,,,tools/dataset/captures/live_surveillance_20260629T1003Z/labels_ollama_proposals.csv,excluded,temporal_anomaly,qwen3-vl:4b,0
capture_0039,tools/dataset/captures/live_surveillance_20260629T1003Z/capture_0039.jpg,,,,,,false,train,tvoc_raw:6:neighbor_median=36,excluded,auto-consensus,2026-07-21T20:10:35+00:00,,,tools/dataset/captures/live_surveillance_20260629T1003Z/labels_ollama_proposals.csv,excluded,temporal_anomaly,qwen3-vl:4b,0
capture_0040,tools/dataset/captures/live_surveillance_20260629T1003Z/capture_0040.jpg,,,,,,false,train,tvoc_raw:646:neighbor_median=36,excluded,auto-consensus,2026-07-21T20:10:35+00:00,,,tools/dataset/captures/live_surveillance_20260629T1003Z/labels_ollama_proposals.csv,excluded,temporal_anomaly,qwen3-vl:4b,0
capture_0041,tools/dataset/captures/live_surveillance_20260629T1003Z/capture_0041.jpg,,,,,,false,train,hcho_raw:588:neighbor_median=561;tvoc_raw:6:neighbor_median=489.5,excluded,auto-consensus,2026-07-21T20:10:35+00:00,,,tools/dataset/captures/live_surveillance_20260629T1003Z/labels_ollama_proposals.csv,excluded,temporal_anomaly,qwen3-vl:4b,0
capture_0042,tools/dataset/captures/live_surveillance_20260629T1003Z/capture_0042.jpg,,,,,,false,train,hcho_raw:534:neighbor_median=562.5,excluded,auto-consensus,2026-07-21T20:10:35+00:00,,,tools/dataset/captures/live_surveillance_20260629T1003Z/labels_ollama_proposals.csv,excluded,temporal_anomaly,qwen3-vl:4b,0
capture_0043,tools/dataset/captures/live_surveillance_20260629T1003Z/capture_0043.jpg,,,,,,false,train,hcho_raw:530:neighbor_median=562.5;tvoc_raw:484:neighbor_median=280.5,excluded,auto-consensus,2026-07-21T20:10:35+00:00,,,tools/dataset/captures/live_surveillance_20260629T1003Z/labels_ollama_proposals.csv,excluded,temporal_anomaly,qwen3-vl:4b,0
capture_0044,tools/dataset/captures/live_surveillance_20260629T1003Z/capture_0044.jpg,,,,,,false,train,hcho_raw:537:neighbor_median=561;tvoc_raw:514:neighbor_median=275,excluded,auto-consensus,2026-07-21T20:10:35+00:00,,,tools/dataset/captures/live_surveillance_20260629T1003Z/labels_ollama_proposals.csv,excluded,temporal_anomaly,qwen3-vl:4b,0
capture_0045,tools/dataset/captures/live_surveillance_20260629T1003Z/capture_0045.jpg,,,,,,false,train,hcho_raw:588:neighbor_median=535.5;tvoc_raw:66:neighbor_median=489.5,excluded,auto-consensus,2026-07-21T20:10:35+00:00,,,tools/dataset/captures/live_surveillance_20260629T1003Z/labels_ollama_proposals.csv,excluded,temporal_anomaly,qwen3-vl:4b,0
capture_0046,tools/dataset/captures/live_surveillance_20260629T1003Z/capture_0046.jpg,,,,,,false,train,hcho_raw:588:neighbor_median=539;tvoc_raw:6:neighbor_median=499,excluded,auto-consensus,2026-07-21T20:10:35+00:00,,,tools/dataset/captures/live_surveillance_20260629T1003Z/labels_ollama_proposals.csv,excluded,temporal_anomaly,qwen3-vl:4b,0
capture_0047,tools/dataset/captures/live_surveillance_20260629T1003Z/capture_0047.jpg,,,,,,false,train,,excluded,auto-consensus,2026-07-21T20:10:35+00:00,,,tools/dataset/captures/live_surveillance_20260629T1003Z/labels_ollama_proposals.csv,excluded,no_valid_votes,qwen3-vl:4b,0
capture_0048,tools/dataset/captures/live_surveillance_20260629T1003Z/capture_0048.jpg,,,,,,false,train,hcho_raw:541:neighbor_median=568;tvoc_raw:526:neighbor_median=296,excluded,auto-consensus,2026-07-21T20:10:35+00:00,,,tools/dataset/captures/live_surveillance_20260629T1003Z/labels_ollama_proposals.csv,excluded,temporal_anomaly,qwen3-vl:4b,0
capture_0049,tools/dataset/captures/live_surveillance_20260629T1003Z/capture_0049.jpg,28,52,2043,545,526,true,train,auto_consensus,automated_consensus,auto-consensus,2026-07-21T20:10:35+00:00,qwen3-vl:4b,aqs-five-field-v2,tools/dataset/captures/live_surveillance_20260629T1003Z/labels_ollama_proposals.csv,promoted,single_model_temporal_plausible,qwen3-vl:4b,1
capture_0050,tools/dataset/captures/live_surveillance_20260629T1003Z/capture_0050.jpg,,,,,,false,train,hcho_raw:548:neighbor_median=537.5;tvoc_raw:534:neighbor_median=505.5,excluded,auto-consensus,2026-07-21T20:10:35+00:00,,,tools/dataset/captures/live_surveillance_20260629T1003Z/labels_ollama_proposals.csv,excluded,temporal_anomaly,qwen3-vl:4b,0
capture_0051,tools/dataset/captures/live_surveillance_20260629T1003Z/capture_0051.jpg,28,52,2037,534,485,true,train,auto_consensus,automated_consensus,auto-consensus,2026-07-21T20:10:35+00:00,qwen3-vl:4b,aqs-five-field-v2,tools/dataset/captures/live_surveillance_20260629T1003Z/labels_ollama_proposals.csv,promoted,single_model_temporal_plausible,qwen3-vl:4b,1
capture_0052,tools/dataset/captures/live_surveillance_20260629T1003Z/capture_0052.jpg,28,52,2026,530,484,true,train,auto_consensus,automated_consensus,auto-consensus,2026-07-21T20:10:35+00:00,qwen3-vl:4b,aqs-five-field-v2,tools/dataset/captures/live_surveillance_20260629T1003Z/labels_ollama_proposals.csv,promoted,single_model_temporal_plausible,qwen3-vl:4b,1
capture_0053,tools/dataset/captures/live_surveillance_20260629T1003Z/capture_0053.jpg,28,52,2026,530,484,true,train,auto_consensus,automated_consensus,auto-consensus,2026-07-21T20:10:35+00:00,qwen3-vl:4b,aqs-five-field-v2,tools/dataset/captures/live_surveillance_20260629T1003Z/labels_ollama_proposals.csv,promoted,single_model_temporal_plausible,qwen3-vl:4b,1
capture_0054,tools/dataset/captures/live_surveillance_20260629T1003Z/capture_0054.jpg,28,52,2026,530,484,true,train,auto_consensus,automated_consensus,auto-consensus,2026-07-21T20:10:35+00:00,qwen3-vl:4b,aqs-five-field-v2,tools/dataset/captures/live_surveillance_20260629T1003Z/labels_ollama_proposals.csv,promoted,single_model_temporal_plausible,qwen3-vl:4b,1
capture_0055,tools/dataset/captures/live_surveillance_20260629T1003Z/capture_0055.jpg,28,52,2026,530,484,true,train,auto_consensus,automated_consensus,auto-consensus,2026-07-21T20:10:35+00:00,qwen3-vl:4b,aqs-five-field-v2,tools/dataset/captures/live_surveillance_20260629T1003Z/labels_ollama_proposals.csv,promoted,single_model_temporal_plausible,qwen3-vl:4b,1
capture_0056,tools/dataset/captures/live_surveillance_20260629T1003Z/capture_0056.jpg,,,,,,false,train,hcho_raw:530:neighbor_median=506.5;tvoc_raw:484:neighbor_median=439,excluded,auto-consensus,2026-07-21T20:10:35+00:00,,,tools/dataset/captures/live_surveillance_20260629T1003Z/labels_ollama_proposals.csv,excluded,temporal_anomaly,qwen3-vl:4b,0
capture_0057,tools/dataset/captures/live_surveillance_20260629T1003Z/capture_0057.jpg,,,,,,false,train,co2_ppm:1966:neighbor_median=1457.5;tvoc_raw:394:neighbor_median=358,excluded,auto-consensus,2026-07-21T20:10:35+00:00,,,tools/dataset/captures/live_surveillance_20260629T1003Z/labels_ollama_proposals.csv,excluded,temporal_anomaly,qwen3-vl:4b,0
capture_0058,tools/dataset/captures/live_surveillance_20260629T1003Z/capture_0058.jpg,,,,,,false,train,co2_ppm:889:neighbor_median=1416.5;hcho_raw:140:neighbor_median=454.5,excluded,auto-consensus,2026-07-21T20:10:35+00:00,,,tools/dataset/captures/live_surveillance_20260629T1003Z/labels_ollama_proposals.csv,excluded,temporal_anomaly,qwen3-vl:4b,0
capture_0059,tools/dataset/captures/live_surveillance_20260629T1003Z/capture_0059.jpg,,,,,,false,train,hcho_raw:426:neighbor_median=281;tvoc_raw:81:neighbor_median=147,excluded,auto-consensus,2026-07-21T20:10:35+00:00,,,tools/dataset/captures/live_surveillance_20260629T1003Z/labels_ollama_proposals.csv,excluded,temporal_anomaly,qwen3-vl:4b,0
capture_0060,tools/dataset/captures/live_surveillance_20260629T1003Z/capture_0060.jpg,,,,,,false,train,hcho_raw:422:neighbor_median=77.5;tvoc_raw:18:neighbor_median=115.5,excluded,auto-consensus,2026-07-21T20:10:35+00:00,,,tools/dataset/captures/live_surveillance_20260629T1003Z/labels_ollama_proposals.csv,excluded,temporal_anomaly,qwen3-vl:4b,0
capture_0061,tools/dataset/captures/live_surveillance_20260629T1003Z/capture_0061.jpg,,,,,,false,train,hcho_raw:15:neighbor_median=218.5,excluded,auto-consensus,2026-07-21T20:10:35+00:00,,,tools/dataset/captures/live_surveillance_20260629T1003Z/labels_ollama_proposals.csv,excluded,temporal_anomaly,qwen3-vl:4b,0
capture_0062,tools/dataset/captures/live_surveillance_20260629T1003Z/capture_0062.jpg,,,,,,false,train,hcho_raw:15:neighbor_median=211.5;tvoc_raw:150:neighbor_median=56,excluded,auto-consensus,2026-07-21T20:10:35+00:00,,,tools/dataset/captures/live_surveillance_20260629T1003Z/labels_ollama_proposals.csv,excluded,temporal_anomaly,qwen3-vl:4b,0
capture_0063,tools/dataset/captures/live_surveillance_20260629T1003Z/capture_0063.jpg,,,,,,false,train,hcho_raw:11:neighbor_median=27.5;tvoc_raw:50:neighbor_median=102,excluded,auto-consensus,2026-07-21T20:10:35+00:00,,,tools/dataset/captures/live_surveillance_20260629T1003Z/labels_ollama_proposals.csv,excluded,temporal_anomaly,qwen3-vl:4b,0
capture_0064,tools/dataset/captures/live_surveillance_20260629T1003Z/capture_0064.jpg,,,,,,false,train,hcho_raw:408:neighbor_median=27.5;tvoc_raw:142:neighbor_median=36,excluded,auto-consensus,2026-07-21T20:10:35+00:00,,,tools/dataset/captures/live_surveillance_20260629T1003Z/labels_ollama_proposals.csv,excluded,temporal_anomaly,qwen3-vl:4b,0
capture_0065,tools/dataset/captures/live_surveillance_20260629T1003Z/capture_0065.jpg,,,,,,false,train,hcho_raw:40:neighbor_median=389.5,excluded,auto-consensus,2026-07-21T20:10:35+00:00,,,tools/dataset/captures/live_surveillance_20260629T1003Z/labels_ollama_proposals.csv,excluded,temporal_anomaly,qwen3-vl:4b,0
capture_0066,tools/dataset/captures/live_surveillance_20260629T1003Z/capture_0066.jpg,,,,,,false,train,tvoc_raw:0:neighbor_median=82,excluded,auto-consensus,2026-07-21T20:10:35+00:00,,,tools/dataset/captures/live_surveillance_20260629T1003Z/labels_ollama_proposals.csv,excluded,temporal_anomaly,qwen3-vl:4b,0
capture_0067,tools/dataset/captures/live_surveillance_20260629T1003Z/capture_0067.jpg,,,,,,false,train,tvoc_raw:0:neighbor_median=451,excluded,auto-consensus,2026-07-21T20:10:35+00:00,,,tools/dataset/captures/live_surveillance_20260629T1003Z/labels_ollama_proposals.csv,excluded,temporal_anomaly,qwen3-vl:4b,0
capture_0068,tools/dataset/captures/live_surveillance_20260629T1003Z/capture_0068.jpg,,,,,,false,train,tvoc_raw:880:neighbor_median=0,excluded,auto-consensus,2026-07-21T20:10:35+00:00,,,tools/dataset/captures/live_surveillance_20260629T1003Z/labels_ollama_proposals.csv,excluded,temporal_anomaly,qwen3-vl:4b,0
capture_0069,tools/dataset/captures/live_surveillance_20260629T1003Z/capture_0069.jpg,,,,,,false,train,tvoc_raw:880:neighbor_median=55.5,excluded,auto-consensus,2026-07-21T20:10:35+00:00,,,tools/dataset/captures/live_surveillance_20260629T1003Z/labels_ollama_proposals.csv,excluded,temporal_anomaly,qwen3-vl:4b,0
capture_0070,tools/dataset/captures/live_surveillance_20260629T1003Z/capture_0070.jpg,,,,,,false,train,tvoc_raw:0:neighbor_median=495.5,excluded,auto-consensus,2026-07-21T20:10:35+00:00,,,tools/dataset/captures/live_surveillance_20260629T1003Z/labels_ollama_proposals.csv,excluded,temporal_anomaly,qwen3-vl:4b,0
capture_0071,tools/dataset/captures/live_surveillance_20260629T1003Z/capture_0071.jpg,,,,,,false,train,hcho_raw:397:neighbor_median=386;tvoc_raw:111:neighbor_median=451,excluded,auto-consensus,2026-07-21T20:10:35+00:00,,,tools/dataset/captures/live_surveillance_20260629T1003Z/labels_ollama_proposals.csv,excluded,temporal_anomaly,qwen3-vl:4b,0
capture_0072,tools/dataset/captures/live_surveillance_20260629T1003Z/capture_0072.jpg,,,,,,false,train,,excluded,auto-consensus,2026-07-21T20:10:35+00:00,,,tools/dataset/captures/live_surveillance_20260629T1003Z/labels_ollama_proposals.csv,excluded,no_valid_votes,qwen3-vl:4b,0
capture_0073,tools/dataset/captures/live_surveillance_20260629T1003Z/capture_0073.jpg,,,,,,false,train,hcho_raw:40:neighbor_median=400.5;tvoc_raw:22:neighbor_median=121,excluded,auto-consensus,2026-07-21T20:10:35+00:00,,,tools/dataset/captures/live_surveillance_20260629T1003Z/labels_ollama_proposals.csv,excluded,temporal_anomaly,qwen3-vl:4b,0
capture_0074,tools/dataset/captures/live_surveillance_20260629T1003Z/capture_0074.jpg,,,,,,false,train,tvoc_raw:131:neighbor_median=80.5,excluded,auto-consensus,2026-07-21T20:10:35+00:00,,,tools/dataset/captures/live_surveillance_20260629T1003Z/labels_ollama_proposals.csv,excluded,temporal_anomaly,qwen3-vl:4b,0
capture_0075,tools/dataset/captures/live_surveillance_20260629T1003Z/capture_0075.jpg,,,,,,false,train,hcho_raw:408:neighbor_median=222;tvoc_raw:142:neighbor_median=50,excluded,auto-consensus,2026-07-21T20:10:35+00:00,,,tools/dataset/captures/live_surveillance_20260629T1003Z/labels_ollama_proposals.csv,excluded,temporal_anomaly,qwen3-vl:4b,0
capture_0076,tools/dataset/captures/live_surveillance_20260629T1003Z/capture_0076.jpg,,,,,,false,train,tvoc_raw:50:neighbor_median=136.5,excluded,auto-consensus,2026-07-21T20:10:35+00:00,,,tools/dataset/captures/live_surveillance_20260629T1003Z/labels_ollama_proposals.csv,excluded,temporal_anomaly,qwen3-vl:4b,0
capture_0077,tools/dataset/captures/live_surveillance_20260629T1003Z/capture_0077.jpg,,,,,,false,train,hcho_raw:11:neighbor_median=408;tvoc_raw:50:neighbor_median=96,excluded,auto-consensus,2026-07-21T20:10:35+00:00,,,tools/dataset/captures/live_surveillance_20260629T1003Z/labels_ollama_proposals.csv,excluded,temporal_anomaly,qwen3-vl:4b,0
capture_0078,tools/dataset/captures/live_surveillance_20260629T1003Z/capture_0078.jpg,,,,,,false,train,hcho_raw:411:neighbor_median=11;tvoc_raw:150:neighbor_median=50,excluded,auto-consensus,2026-07-21T20:10:35+00:00,,,tools/dataset/captures/live_surveillance_20260629T1003Z/labels_ollama_proposals.csv,excluded,temporal_anomaly,qwen3-vl:4b,0
capture_0079,tools/dataset/captures/live_surveillance_20260629T1003Z/capture_0079.jpg,,,,,,false,train,hcho_raw:11:neighbor_median=207.5;tvoc_raw:50:neighbor_median=96,excluded,auto-consensus,2026-07-21T20:10:35+00:00,,,tools/dataset/captures/live_surveillance_20260629T1003Z/labels_ollama_proposals.csv,excluded,temporal_anomaly,qwen3-vl:4b,0
capture_0080,tools/dataset/captures/live_surveillance_20260629T1003Z/capture_0080.jpg,,,,,,false,train,hcho_raw:11:neighbor_median=222;tvoc_raw:50:neighbor_median=96,excluded,auto-consensus,2026-07-21T20:10:35+00:00,,,tools/dataset/captures/live_surveillance_20260629T1003Z/labels_ollama_proposals.csv,excluded,temporal_anomaly,qwen3-vl:4b,0
capture_0081,tools/dataset/captures/live_surveillance_20260629T1003Z/capture_0081.jpg,,,,,,false,train,hcho_raw:404:neighbor_median=25.5;tvoc_raw:142:neighbor_median=50,excluded,auto-consensus,2026-07-21T20:10:35+00:00,,,tools/dataset/captures/live_surveillance_20260629T1003Z/labels_ollama_proposals.csv,excluded,temporal_anomaly,qwen3-vl:4b,0
capture_0082,tools/dataset/captures/live_surveillance_20260629T1003Z/capture_0082.jpg,,,,,,false,train,hcho_raw:40:neighbor_median=386;tvoc_raw:22:neighbor_median=511,excluded,auto-consensus,2026-07-21T20:10:35+00:00,,,tools/dataset/captures/live_surveillance_20260629T1003Z/labels_ollama_proposals.csv,excluded,temporal_anomaly,qwen3-vl:4b,0
capture_0083,tools/dataset/captures/live_surveillance_20260629T1003Z/capture_0083.jpg,,,,,,false,train,tvoc_raw:880:neighbor_median=511,excluded,auto-consensus,2026-07-21T20:10:35+00:00,,,tools/dataset/captures/live_surveillance_20260629T1003Z/labels_ollama_proposals.csv,excluded,temporal_anomaly,qwen3-vl:4b,0
capture_0084,tools/dataset/captures/live_surveillance_20260629T1003Z/capture_0084.jpg,28,51,806,386,880,true,train,auto_consensus,automated_consensus,auto-consensus,2026-07-21T20:10:35+00:00,qwen3-vl:4b,aqs-five-field-v2,tools/dataset/captures/live_surveillance_20260629T1003Z/labels_ollama_proposals.csv,promoted,single_model_temporal_plausible,qwen3-vl:4b,1
capture_0085,tools/dataset/captures/live_surveillance_20260629T1003Z/capture_0085.jpg,28,51,806,386,880,true,train,auto_consensus,automated_consensus,auto-consensus,2026-07-21T20:10:35+00:00,qwen3-vl:4b,aqs-five-field-v2,tools/dataset/captures/live_surveillance_20260629T1003Z/labels_ollama_proposals.csv,promoted,single_model_temporal_plausible,qwen3-vl:4b,1
capture_0086,tools/dataset/captures/live_surveillance_20260629T1003Z/capture_0086.jpg,28,51,806,386,880,true,train,auto_consensus,automated_consensus,auto-consensus,2026-07-21T20:10:35+00:00,qwen3-vl:4b,aqs-five-field-v2,tools/dataset/captures/live_surveillance_20260629T1003Z/labels_ollama_proposals.csv,promoted,single_model_temporal_plausible,qwen3-vl:4b,1
capture_0087,tools/dataset/captures/live_surveillance_20260629T1003Z/capture_0087.jpg,28,51,806,386,880,true,train,auto_consensus,automated_consensus,auto-consensus,2026-07-21T20:10:35+00:00,qwen3-vl:4b,aqs-five-field-v2,tools/dataset/captures/live_surveillance_20260629T1003Z/labels_ollama_proposals.csv,promoted,single_model_temporal_plausible,qwen3-vl:4b,1
capture_0088,tools/dataset/captures/live_surveillance_20260629T1003Z/capture_0088.jpg,,,,,,false,train,tvoc_raw:883:neighbor_median=440,excluded,auto-consensus,2026-07-21T20:10:35+00:00,,,tools/dataset/captures/live_surveillance_20260629T1003Z/labels_ollama_proposals.csv,excluded,temporal_anomaly,qwen3-vl:4b,0
capture_0089,tools/dataset/captures/live_surveillance_20260629T1003Z/capture_0089.jpg,,,,,,false,train,tvoc_raw:0:neighbor_median=880,excluded,auto-consensus,2026-07-21T20:10:35+00:00,,,tools/dataset/captures/live_surveillance_20260629T1003Z/labels_ollama_proposals.csv,excluded,temporal_anomaly,qwen3-vl:4b,0
capture_0090,tools/dataset/captures/live_surveillance_20260629T1003Z/capture_0090.jpg,,,,,,false,train,tvoc_raw:0:neighbor_median=880,excluded,auto-consensus,2026-07-21T20:10:35+00:00,,,tools/dataset/captures/live_surveillance_20260629T1003Z/labels_ollama_proposals.csv,excluded,temporal_anomaly,qwen3-vl:4b,0
capture_0091,tools/dataset/captures/live_surveillance_20260629T1003Z/capture_0091.jpg,,,,,,false,train,tvoc_raw:880:neighbor_median=0,excluded,auto-consensus,2026-07-21T20:10:35+00:00,,,tools/dataset/captures/live_surveillance_20260629T1003Z/labels_ollama_proposals.csv,excluded,temporal_anomaly,qwen3-vl:4b,0
capture_0092,tools/dataset/captures/live_surveillance_20260629T1003Z/capture_0092.jpg,,,,,,false,train,,excluded,auto-consensus,2026-07-21T20:10:35+00:00,,,tools/dataset/captures/live_surveillance_20260629T1003Z/labels_ollama_proposals.csv,excluded,no_valid_votes,qwen3-vl:4b,0
capture_0093,tools/dataset/captures/live_surveillance_20260629T1003Z/capture_0093.jpg,,,,,,false,train,tvoc_raw:0:neighbor_median=440,excluded,auto-consensus,2026-07-21T20:10:35+00:00,,,tools/dataset/captures/live_surveillance_20260629T1003Z/labels_ollama_proposals.csv,excluded,temporal_anomaly,qwen3-vl:4b,0
capture_0094,tools/dataset/captures/live_surveillance_20260629T1003Z/capture_0094.jpg,,,,,,false,train,,excluded,auto-consensus,2026-07-21T20:10:35+00:00,,,tools/dataset/captures/live_surveillance_20260629T1003Z/labels_ollama_proposals.csv,excluded,no_valid_votes,qwen3-vl:4b,0
capture_0095,tools/dataset/captures/live_surveillance_20260629T1003Z/capture_0095.jpg,,,,,,false,train,tvoc_raw:880:neighbor_median=0,excluded,auto-consensus,2026-07-21T20:10:35+00:00,,,tools/dataset/captures/live_surveillance_20260629T1003Z/labels_ollama_proposals.csv,excluded,temporal_anomaly,qwen3-vl:4b,0
capture_0096,tools/dataset/captures/live_surveillance_20260629T1003Z/capture_0096.jpg,,,,,,false,train,,excluded,auto-consensus,2026-07-21T20:10:35+00:00,,,tools/dataset/captures/live_surveillance_20260629T1003Z/labels_ollama_proposals.csv,excluded,no_valid_votes,qwen3-vl:4b,0
capture_0097,tools/dataset/captures/live_surveillance_20260629T1003Z/capture_0097.jpg,,,,,,false,train,tvoc_raw:0:neighbor_median=440,excluded,auto-consensus,2026-07-21T20:10:35+00:00,,,tools/dataset/captures/live_surveillance_20260629T1003Z/labels_ollama_proposals.csv,excluded,temporal_anomaly,qwen3-vl:4b,0
capture_0098,tools/dataset/captures/live_surveillance_20260629T1003Z/capture_0098.jpg,,,,,,false,train,tvoc_raw:0:neighbor_median=440,excluded,auto-consensus,2026-07-21T20:10:35+00:00,,,tools/dataset/captures/live_surveillance_20260629T1003Z/labels_ollama_proposals.csv,excluded,temporal_anomaly,qwen3-vl:4b,0
capture_0099,tools/dataset/captures/live_surveillance_20260629T1003Z/capture_0099.jpg,,,,,,false,train,tvoc_raw:0:neighbor_median=440,excluded,auto-consensus,2026-07-21T20:10:35+00:00,,,tools/dataset/captures/live_surveillance_20260629T1003Z/labels_ollama_proposals.csv,excluded,temporal_anomaly,qwen3-vl:4b,0
capture_0100,tools/dataset/captures/live_surveillance_20260629T1003Z/capture_0100.jpg,,,,,,false,train,tvoc_raw:883:neighbor_median=36,excluded,auto-consensus,2026-07-21T20:10:35+00:00,,,tools/dataset/captures/live_surveillance_20260629T1003Z/labels_ollama_proposals.csv,excluded,temporal_anomaly,qwen3-vl:4b,0
capture_0101,tools/dataset/captures/live_surveillance_20260629T1003Z/capture_0101.jpg,,,,,,false,train,tvoc_raw:880:neighbor_median=477.5,excluded,auto-consensus,2026-07-21T20:10:35+00:00,,,tools/dataset/captures/live_surveillance_20260629T1003Z/labels_ollama_proposals.csv,excluded,temporal_anomaly,qwen3-vl:4b,0
capture_0102,tools/dataset/captures/live_surveillance_20260629T1003Z/capture_0102.jpg,,,,,,false,train,co2_ppm:806:neighbor_median=1284;hcho_raw:383:neighbor_median=371.5;tvoc_raw:72:neighbor_median=941,excluded,auto-consensus,2026-07-21T20:10:35+00:00,,,tools/dataset/captures/live_surveillance_20260629T1003Z/labels_ollama_proposals.csv,excluded,temporal_anomaly,qwen3-vl:4b,0
capture_0103,tools/dataset/captures/live_surveillance_20260629T1003Z/capture_0103.jpg,,,,,,false,train,co2_ppm:1762:neighbor_median=1284;hcho_raw:357:neighbor_median=370;tvoc_raw:999:neighbor_median=939.5,excluded,auto-consensus,2026-07-21T20:10:35+00:00,,,tools/dataset/captures/live_surveillance_20260629T1003Z/labels_ollama_proposals.csv,excluded,temporal_anomaly,qwen3-vl:4b,0
capture_0104,tools/dataset/captures/live_surveillance_20260629T1003Z/capture_0104.jpg,28,51,1762,357,999,true,train,auto_consensus,automated_consensus,auto-consensus,2026-07-21T20:10:35+00:00,qwen3-vl:4b,aqs-five-field-v2,tools/dataset/captures/live_surveillance_20260629T1003Z/labels_ollama_proposals.csv,promoted,single_model_temporal_plausible,qwen3-vl:4b,1
capture_0105,tools/dataset/captures/live_surveillance_20260629T1003Z/capture_0105.jpg,28,51,1762,357,999,true,train,auto_consensus,automated_consensus,auto-consensus,2026-07-21T20:10:35+00:00,qwen3-vl:4b,aqs-five-field-v2,tools/dataset/captures/live_surveillance_20260629T1003Z/labels_ollama_proposals.csv,promoted,single_model_temporal_plausible,qwen3-vl:4b,1
capture_0106,tools/dataset/captures/live_surveillance_20260629T1003Z/capture_0106.jpg,,,,,,false,train,tvoc_raw:999:neighbor_median=544.5,excluded,auto-consensus,2026-07-21T20:10:35+00:00,,,tools/dataset/captures/live_surveillance_20260629T1003Z/labels_ollama_proposals.csv,excluded,temporal_anomaly,qwen3-vl:4b,0
capture_0107,tools/dataset/captures/live_surveillance_20260629T1003Z/capture_0107.jpg,,,,,,false,train,hcho_raw:343:neighbor_median=330;tvoc_raw:90:neighbor_median=829,excluded,auto-consensus,2026-07-21T20:10:35+00:00,,,tools/dataset/captures/live_surveillance_20260629T1003Z/labels_ollama_proposals.csv,excluded,temporal_anomaly,qwen3-vl:4b,0
capture_0108,tools/dataset/captures/live_surveillance_20260629T1003Z/capture_0108.jpg,,,,,,false,train,co2_ppm:691:neighbor_median=1715.5;hcho_raw:31:neighbor_median=323;tvoc_raw:87:neighbor_median=374.5,excluded,auto-consensus,2026-07-21T20:10:35+00:00,,,tools/dataset/captures/live_surveillance_20260629T1003Z/labels_ollama_proposals.csv,excluded,temporal_anomaly,qwen3-vl:4b,0
capture_0109,tools/dataset/captures/live_surveillance_20260629T1003Z/capture_0109.jpg,,,,,,false,train,co2_ppm:1685:neighbor_median=1188;tvoc_raw:659:neighbor_median=88,excluded,auto-consensus,2026-07-21T20:10:35+00:00,,,tools/dataset/captures/live_surveillance_20260629T1003Z/labels_ollama_proposals.csv,excluded,temporal_anomaly,qwen3-vl:4b,0
capture_0110,tools/dataset/captures/live_surveillance_20260629T1003Z/capture_0110.jpg,,,,,,false,train,co2_ppm:674:neighbor_median=1682.5,excluded,auto-consensus,2026-07-21T20:10:35+00:00,,,tools/dataset/captures/live_surveillance_20260629T1003Z/labels_ollama_proposals.csv,excluded,temporal_anomaly,qwen3-vl:4b,0
capture_0111,tools/dataset/captures/live_surveillance_20260629T1003Z/capture_0111.jpg,28,51,1685,303,88,true,train,auto_consensus,automated_consensus,auto-consensus,2026-07-21T20:10:35+00:00,qwen3-vl:4b,aqs-five-field-v2,tools/dataset/captures/live_surveillance_20260629T1003Z/labels_ollama_proposals.csv,promoted,single_model_temporal_plausible,qwen3-vl:4b,1
capture_0112,tools/dataset/captures/live_surveillance_20260629T1003Z/capture_0112.jpg,28,51,1680,303,88,true,train,auto_consensus,automated_consensus,auto-consensus,2026-07-21T20:10:35+00:00,qwen3-vl:4b,aqs-five-field-v2,tools/dataset/captures/live_surveillance_20260629T1003Z/labels_ollama_proposals.csv,promoted,single_model_temporal_plausible,qwen3-vl:4b,1
capture_0113,tools/dataset/captures/live_surveillance_20260629T1003Z/capture_0113.jpg,,,,,,false,train,tvoc_raw:88:neighbor_median=479,excluded,auto-consensus,2026-07-21T20:10:35+00:00,,,tools/dataset/captures/live_surveillance_20260629T1003Z/labels_ollama_proposals.csv,excluded,temporal_anomaly,qwen3-vl:4b,0
capture_0114,tools/dataset/captures/live_surveillance_20260629T1003Z/capture_0114.jpg,,,,,,false,train,tvoc_raw:870:neighbor_median=89,excluded,auto-consensus,2026-07-21T20:10:35+00:00,,,tools/dataset/captures/live_surveillance_20260629T1003Z/labels_ollama_proposals.csv,excluded,temporal_anomaly,qwen3-vl:4b,0
capture_0115,tools/dataset/captures/live_surveillance_20260629T1003Z/capture_0115.jpg,,,,,,false,train,co2_ppm:696:neighbor_median=1707;hcho_raw:13:neighbor_median=321.5;tvoc_raw:879:neighbor_median=94,excluded,auto-consensus,2026-07-21T20:10:35+00:00,,,tools/dataset/captures/live_surveillance_20260629T1003Z/labels_ollama_proposals.csv,excluded,temporal_anomaly,qwen3-vl:4b,0
capture_0116,tools/dataset/captures/live_surveillance_20260629T1003Z/capture_0116.jpg,,,,,,false,train,hcho_raw:336:neighbor_median=325;tvoc_raw:90:neighbor_median=874.5,excluded,auto-consensus,2026-07-21T20:10:35+00:00,,,tools/dataset/captures/live_surveillance_20260629T1003Z/labels_ollama_proposals.csv,excluded,temporal_anomaly,qwen3-vl:4b,0
capture_0117,tools/dataset/captures/live_surveillance_20260629T1003Z/capture_0117.jpg,,,,,,false,train,tvoc_raw:98:neighbor_median=929.5,excluded,auto-consensus,2026-07-21T20:10:35+00:00,,,tools/dataset/captures/live_surveillance_20260629T1003Z/labels_ollama_proposals.csv,excluded,temporal_anomaly,qwen3-vl:4b,0
capture_0118,tools/dataset/captures/live_surveillance_20260629T1003Z/capture_0118.jpg,,,,,,false,train,tvoc_raw:980:neighbor_median=548.5,excluded,auto-consensus,2026-07-21T20:10:35+00:00,,,tools/dataset/captures/live_surveillance_20260629T1003Z/labels_ollama_proposals.csv,excluded,temporal_anomaly,qwen3-vl:4b,0
capture_0119,tools/dataset/captures/live_surveillance_20260629T1003Z/capture_0119.jpg,28,51,1762,357,999,true,train,auto_consensus,automated_consensus,auto-consensus,2026-07-21T20:10:35+00:00,qwen3-vl:4b,aqs-five-field-v2,tools/dataset/captures/live_surveillance_20260629T1003Z/labels_ollama_proposals.csv,promoted,single_model_temporal_plausible,qwen3-vl:4b,1
capture_0120,tools/dataset/captures/live_surveillance_20260629T1003Z/capture_0120.jpg,28,51,1762,357,999,true,train,auto_consensus,automated_consensus,auto-consensus,2026-07-21T20:10:35+00:00,qwen3-vl:4b,aqs-five-field-v2,tools/dataset/captures/live_surveillance_20260629T1003Z/labels_ollama_proposals.csv,promoted,single_model_temporal_plausible,qwen3-vl:4b,1
capture_0121,tools/dataset/captures/live_surveillance_20260629T1003Z/capture_0121.jpg,28,51,1762,357,999,true,train,auto_consensus,automated_consensus,auto-consensus,2026-07-21T20:10:35+00:00,qwen3-vl:4b,aqs-five-field-v2,tools/dataset/captures/live_surveillance_20260629T1003Z/labels_ollama_proposals.csv,promoted,single_model_temporal_plausible,qwen3-vl:4b,1
capture_0122,tools/dataset/captures/live_surveillance_20260629T1003Z/capture_0122.jpg,28,51,1762,357,999,true,train,auto_consensus,automated_consensus,auto-consensus,2026-07-21T20:10:35+00:00,qwen3-vl:4b,aqs-five-field-v2,tools/dataset/captures/live_surveillance_20260629T1003Z/labels_ollama_proposals.csv,promoted,single_model_temporal_plausible,qwen3-vl:4b,1
capture_0123,tools/dataset/captures/live_surveillance_20260629T1003Z/capture_0123.jpg,28,51,1762,357,999,true,train,auto_consensus,automated_consensus,auto-consensus,2026-07-21T20:10:35+00:00,qwen3-vl:4b,aqs-five-field-v2,tools/dataset/captures/live_surveillance_20260629T1003Z/labels_ollama_proposals.csv,promoted,single_model_temporal_plausible,qwen3-vl:4b,1
capture_0124,tools/dataset/captures/live_surveillance_20260629T1003Z/capture_0124.jpg,28,51,1762,357,999,true,train,auto_consensus,automated_consensus,auto-consensus,2026-07-21T20:10:35+00:00,qwen3-vl:4b,aqs-five-field-v2,tools/dataset/captures/live_surveillance_20260629T1003Z/labels_ollama_proposals.csv,promoted,single_model_temporal_plausible,qwen3-vl:4b,1
capture_0125,tools/dataset/captures/live_surveillance_20260629T1003Z/capture_0125.jpg,28,51,1762,357,999,true,train,auto_consensus,automated_consensus,auto-consensus,2026-07-21T20:10:35+00:00,qwen3-vl:4b,aqs-five-field-v2,tools/dataset/captures/live_surveillance_20260629T1003Z/labels_ollama_proposals.csv,promoted,single_model_temporal_plausible,qwen3-vl:4b,1
capture_0126,tools/dataset/captures/live_surveillance_20260629T1003Z/capture_0126.jpg,,,,,,false,train,hcho_raw:36:neighbor_median=357;tvoc_raw:10:neighbor_median=999,excluded,auto-consensus,2026-07-21T20:10:35+00:00,,,tools/dataset/captures/live_surveillance_20260629T1003Z/labels_ollama_proposals.csv,excluded,temporal_anomaly,qwen3-vl:4b,0
capture_0127,tools/dataset/captures/live_surveillance_20260629T1003Z/capture_0127.jpg,,,,,,false,train,,excluded,auto-consensus,2026-07-21T20:10:35+00:00,,,tools/dataset/captures/live_surveillance_20260629T1003Z/labels_ollama_proposals.csv,excluded,no_valid_votes,qwen3-vl:4b,0
capture_0128,tools/dataset/captures/live_surveillance_20260629T1003Z/capture_0128.jpg,,,,,,false,train,co2_ppm:806:neighbor_median=1284;hcho_raw:383:neighbor_median=371.5;tvoc_raw:880:neighbor_median=476,excluded,auto-consensus,2026-07-21T20:10:35+00:00,,,tools/dataset/captures/live_surveillance_20260629T1003Z/labels_ollama_proposals.csv,excluded,temporal_anomaly,qwen3-vl:4b,0
capture_0129,tools/dataset/captures/live_surveillance_20260629T1003Z/capture_0129.jpg,,,,,,false,train,tvoc_raw:72:neighbor_median=880,excluded,auto-consensus,2026-07-21T20:10:35+00:00,,,tools/dataset/captures/live_surveillance_20260629T1003Z/labels_ollama_proposals.csv,excluded,temporal_anomaly,qwen3-vl:4b,0
capture_0130,tools/dataset/captures/live_surveillance_20260629T1003Z/capture_0130.jpg,28,51,806,386,880,true,train,auto_consensus,automated_consensus,auto-consensus,2026-07-21T20:10:35+00:00,qwen3-vl:4b,aqs-five-field-v2,tools/dataset/captures/live_surveillance_20260629T1003Z/labels_ollama_proposals.csv,promoted,single_model_temporal_plausible,qwen3-vl:4b,1
capture_0131,tools/dataset/captures/live_surveillance_20260629T1003Z/capture_0131.jpg,28,51,806,386,880,true,train,auto_consensus,automated_consensus,auto-consensus,2026-07-21T20:10:35+00:00,qwen3-vl:4b,aqs-five-field-v2,tools/dataset/captures/live_surveillance_20260629T1003Z/labels_ollama_proposals.csv,promoted,single_model_temporal_plausible,qwen3-vl:4b,1
capture_0132,tools/dataset/captures/live_surveillance_20260629T1003Z/capture_0132.jpg,28,51,806,386,880,true,train,auto_consensus,automated_consensus,auto-consensus,2026-07-21T20:10:35+00:00,qwen3-vl:4b,aqs-five-field-v2,tools/dataset/captures/live_surveillance_20260629T1003Z/labels_ollama_proposals.csv,promoted,single_model_temporal_plausible,qwen3-vl:4b,1
capture_0133,tools/dataset/captures/live_surveillance_20260629T1003Z/capture_0133.jpg,28,51,806,386,880,true,train,auto_consensus,automated_consensus,auto-consensus,2026-07-21T20:10:35+00:00,qwen3-vl:4b,aqs-five-field-v2,tools/dataset/captures/live_surveillance_20260629T1003Z/labels_ollama_proposals.csv,promoted,single_model_temporal_plausible,qwen3-vl:4b,1
capture_0134,tools/dataset/captures/live_surveillance_20260629T1003Z/capture_0134.jpg,28,51,806,386,880,true,train,auto_consensus,automated_consensus,auto-consensus,2026-07-21T20:10:35+00:00,qwen3-vl:4b,aqs-five-field-v2,tools/dataset/captures/live_surveillance_20260629T1003Z/labels_ollama_proposals.csv,promoted,single_model_temporal_plausible,qwen3-vl:4b,1
capture_0135,tools/dataset/captures/live_surveillance_20260629T1003Z/capture_0135.jpg,28,51,806,386,880,true,train,auto_consensus,automated_consensus,auto-consensus,2026-07-21T20:10:35+00:00,qwen3-vl:4b,aqs-five-field-v2,tools/dataset/captures/live_surveillance_20260629T1003Z/labels_ollama_proposals.csv,promoted,single_model_temporal_plausible,qwen3-vl:4b,1
capture_0136,tools/dataset/captures/live_surveillance_20260629T1003Z/capture_0136.jpg,28,51,806,386,880,true,train,auto_consensus,automated_consensus,auto-consensus,2026-07-21T20:10:35+00:00,qwen3-vl:4b,aqs-five-field-v2,tools/dataset/captures/live_surveillance_20260629T1003Z/labels_ollama_proposals.csv,promoted,single_model_temporal_plausible,qwen3-vl:4b,1
capture_0137,tools/dataset/captures/live_surveillance_20260629T1003Z/capture_0137.jpg,28,51,806,386,880,true,train,auto_consensus,automated_consensus,auto-consensus,2026-07-21T20:10:35+00:00,qwen3-vl:4b,aqs-five-field-v2,tools/dataset/captures/live_surveillance_20260629T1003Z/labels_ollama_proposals.csv,promoted,single_model_temporal_plausible,qwen3-vl:4b,1
capture_0138,tools/dataset/captures/live_surveillance_20260629T1003Z/capture_0138.jpg,28,51,806,386,880,true,train,auto_consensus,automated_consensus,auto-consensus,2026-07-21T20:10:35+00:00,qwen3-vl:4b,aqs-five-field-v2,tools/dataset/captures/live_surveillance_20260629T1003Z/labels_ollama_proposals.csv,promoted,single_model_temporal_plausible,qwen3-vl:4b,1
capture_0139,tools/dataset/captures/live_surveillance_20260629T1003Z/capture_0139.jpg,28,51,806,386,880,true,train,auto_consensus,automated_consensus,auto-consensus,2026-07-21T20:10:35+00:00,qwen3-vl:4b,aqs-five-field-v2,tools/dataset/captures/live_surveillance_20260629T1003Z/labels_ollama_proposals.csv,promoted,single_model_temporal_plausible,qwen3-vl:4b,1
capture_0140,tools/dataset/captures/live_surveillance_20260629T1003Z/capture_0140.jpg,28,52,806,386,880,true,train,auto_consensus,automated_consensus,auto-consensus,2026-07-21T20:10:35+00:00,qwen3-vl:4b,aqs-five-field-v2,tools/dataset/captures/live_surveillance_20260629T1003Z/labels_ollama_proposals.csv,promoted,single_model_temporal_plausible,qwen3-vl:4b,1
capture_0141,tools/dataset/captures/live_surveillance_20260629T1003Z/capture_0141.jpg,28,52,806,386,880,true,train,auto_consensus,automated_consensus,auto-consensus,2026-07-21T20:10:35+00:00,qwen3-vl:4b,aqs-five-field-v2,tools/dataset/captures/live_surveillance_20260629T1003Z/labels_ollama_proposals.csv,promoted,single_model_temporal_plausible,qwen3-vl:4b,1
capture_0142,tools/dataset/captures/live_surveillance_20260629T1003Z/capture_0142.jpg,,,,,,false,train,tvoc_raw:0:neighbor_median=880,excluded,auto-consensus,2026-07-21T20:10:35+00:00,,,tools/dataset/captures/live_surveillance_20260629T1003Z/labels_ollama_proposals.csv,excluded,temporal_anomaly,qwen3-vl:4b,0
capture_0143,tools/dataset/captures/live_surveillance_20260629T1003Z/capture_0143.jpg,28,52,806,386,880,true,train,auto_consensus,automated_consensus,auto-consensus,2026-07-21T20:10:35+00:00,qwen3-vl:4b,aqs-five-field-v2,tools/dataset/captures/live_surveillance_20260629T1003Z/labels_ollama_proposals.csv,promoted,single_model_temporal_plausible,qwen3-vl:4b,1
capture_0144,tools/dataset/captures/live_surveillance_20260629T1003Z/capture_0144.jpg,28,52,806,386,880,true,train,auto_consensus,automated_consensus,auto-consensus,2026-07-21T20:10:35+00:00,qwen3-vl:4b,aqs-five-field-v2,tools/dataset/captures/live_surveillance_20260629T1003Z/labels_ollama_proposals.csv,promoted,single_model_temporal_plausible,qwen3-vl:4b,1
capture_0145,tools/dataset/captures/live_surveillance_20260629T1003Z/capture_0145.jpg,28,52,806,386,880,true,train,auto_consensus,automated_consensus,auto-consensus,2026-07-21T20:10:35+00:00,qwen3-vl:4b,aqs-five-field-v2,tools/dataset/captures/live_surveillance_20260629T1003Z/labels_ollama_proposals.csv,promoted,single_model_temporal_plausible,qwen3-vl:4b,1
capture_0146,tools/dataset/captures/live_surveillance_20260629T1003Z/capture_0146.jpg,,,,,,false,train,co2_ppm:806:neighbor_median=1284;tvoc_raw:880:neighbor_median=445,excluded,auto-consensus,2026-07-21T20:10:35+00:00,,,tools/dataset/captures/live_surveillance_20260629T1003Z/labels_ollama_proposals.csv,excluded,temporal_anomaly,qwen3-vl:4b,0
capture_0147,tools/dataset/captures/live_surveillance_20260629T1003Z/capture_0147.jpg,,,,,,false,train,co2_ppm:1795:neighbor_median=1284;tvoc_raw:0:neighbor_median=880,excluded,auto-consensus,2026-07-21T20:10:35+00:00,,,tools/dataset/captures/live_surveillance_20260629T1003Z/labels_ollama_proposals.csv,excluded,temporal_anomaly,qwen3-vl:4b,0
capture_0148,tools/dataset/captures/live_surveillance_20260629T1003Z/capture_0148.jpg,,,,,,false,train,hcho_raw:36:neighbor_median=366;tvoc_raw:10:neighbor_median=939.5,excluded,auto-consensus,2026-07-21T20:10:35+00:00,,,tools/dataset/captures/live_surveillance_20260629T1003Z/labels_ollama_proposals.csv,excluded,temporal_anomaly,qwen3-vl:4b,0
capture_0149,tools/dataset/captures/live_surveillance_20260629T1003Z/capture_0149.jpg,,,,,,false,train,tvoc_raw:999:neighbor_median=504.5,excluded,auto-consensus,2026-07-21T20:10:35+00:00,,,tools/dataset/captures/live_surveillance_20260629T1003Z/labels_ollama_proposals.csv,excluded,temporal_anomaly,qwen3-vl:4b,0
capture_0150,tools/dataset/captures/live_surveillance_20260629T1003Z/capture_0150.jpg,28,52,1762,357,999,true,train,auto_consensus,automated_consensus,auto-consensus,2026-07-21T20:10:35+00:00,qwen3-vl:4b,aqs-five-field-v2,tools/dataset/captures/live_surveillance_20260629T1003Z/labels_ollama_proposals.csv,promoted,single_model_temporal_plausible,qwen3-vl:4b,1
capture_0151,tools/dataset/captures/live_surveillance_20260629T1003Z/capture_0151.jpg,28,52,1762,357,999,true,train,auto_consensus,automated_consensus,auto-consensus,2026-07-21T20:10:35+00:00,qwen3-vl:4b,aqs-five-field-v2,tools/dataset/captures/live_surveillance_20260629T1003Z/labels_ollama_proposals.csv,promoted,single_model_temporal_plausible,qwen3-vl:4b,1
capture_0152,tools/dataset/captures/live_surveillance_20260629T1003Z/capture_0152.jpg,28,52,1762,357,999,true,train,auto_consensus,automated_consensus,auto-consensus,2026-07-21T20:10:35+00:00,qwen3-vl:4b,aqs-five-field-v2,tools/dataset/captures/live_surveillance_20260629T1003Z/labels_ollama_proposals.csv,promoted,single_model_temporal_plausible,qwen3-vl:4b,1
capture_0153,tools/dataset/captures/live_surveillance_20260629T1003Z/capture_0153.jpg,28,52,1762,357,999,true,train,auto_consensus,automated_consensus,auto-consensus,2026-07-21T20:10:35+00:00,qwen3-vl:4b,aqs-five-field-v2,tools/dataset/captures/live_surveillance_20260629T1003Z/labels_ollama_proposals.csv,promoted,single_model_temporal_plausible,qwen3-vl:4b,1
capture_0154,tools/dataset/captures/live_surveillance_20260629T1003Z/capture_0154.jpg,28,52,1762,357,999,true,train,auto_consensus,automated_consensus,auto-consensus,2026-07-21T20:10:35+00:00,qwen3-vl:4b,aqs-five-field-v2,tools/dataset/captures/live_surveillance_20260629T1003Z/labels_ollama_proposals.csv,promoted,single_model_temporal_plausible,qwen3-vl:4b,1
capture_0155,tools/dataset/captures/live_surveillance_20260629T1003Z/capture_0155.jpg,28,52,1762,357,999,true,train,auto_consensus,automated_consensus,auto-consensus,2026-07-21T20:10:35+00:00,qwen3-vl:4b,aqs-five-field-v2,tools/dataset/captures/live_surveillance_20260629T1003Z/labels_ollama_proposals.csv,promoted,single_model_temporal_plausible,qwen3-vl:4b,1
capture_0156,tools/dataset/captures/live_surveillance_20260629T1003Z/capture_0156.jpg,28,52,1762,357,999,true,train,auto_consensus,automated_consensus,auto-consensus,2026-07-21T20:10:35+00:00,qwen3-vl:4b,aqs-five-field-v2,tools/dataset/captures/live_surveillance_20260629T1003Z/labels_ollama_proposals.csv,promoted,single_model_temporal_plausible,qwen3-vl:4b,1
capture_0157,tools/dataset/captures/live_surveillance_20260629T1003Z/capture_0157.jpg,28,52,1762,357,999,true,train,auto_consensus,automated_consensus,auto-consensus,2026-07-21T20:10:35+00:00,qwen3-vl:4b,aqs-five-field-v2,tools/dataset/captures/live_surveillance_20260629T1003Z/labels_ollama_proposals.csv,promoted,single_model_temporal_plausible,qwen3-vl:4b,1
capture_0158,tools/dataset/captures/live_surveillance_20260629T1003Z/capture_0158.jpg,28,52,1762,357,999,true,train,auto_consensus,automated_consensus,auto-consensus,2026-07-21T20:10:35+00:00,qwen3-vl:4b,aqs-five-field-v2,tools/dataset/captures/live_surveillance_20260629T1003Z/labels_ollama_proposals.csv,promoted,single_model_temporal_plausible,qwen3-vl:4b,1
capture_0159,tools/dataset/captures/live_surveillance_20260629T1003Z/capture_0159.jpg,28,52,1762,357,999,true,train,auto_consensus,automated_consensus,auto-consensus,2026-07-21T20:10:35+00:00,qwen3-vl:4b,aqs-five-field-v2,tools/dataset/captures/live_surveillance_20260629T1003Z/labels_ollama_proposals.csv,promoted,single_model_temporal_plausible,qwen3-vl:4b,1
capture_0160,tools/dataset/captures/live_surveillance_20260629T1003Z/capture_0160.jpg,28,52,1762,357,999,true,train,auto_consensus,automated_consensus,auto-consensus,2026-07-21T20:10:35+00:00,qwen3-vl:4b,aqs-five-field-v2,tools/dataset/captures/live_surveillance_20260629T1003Z/labels_ollama_proposals.csv,promoted,single_model_temporal_plausible,qwen3-vl:4b,1
capture_0161,tools/dataset/captures/live_surveillance_20260629T1003Z/capture_0161.jpg,28,52,1762,357,999,true,train,auto_consensus,automated_consensus,auto-consensus,2026-07-21T20:10:35+00:00,qwen3-vl:4b,aqs-five-field-v2,tools/dataset/captures/live_surveillance_20260629T1003Z/labels_ollama_proposals.csv,promoted,single_model_temporal_plausible,qwen3-vl:4b,1
capture_0162,tools/dataset/captures/live_surveillance_20260629T1003Z/capture_0162.jpg,28,52,1762,357,999,true,train,auto_consensus,automated_consensus,auto-consensus,2026-07-21T20:10:35+00:00,qwen3-vl:4b,aqs-five-field-v2,tools/dataset/captures/live_surveillance_20260629T1003Z/labels_ollama_proposals.csv,promoted,single_model_temporal_plausible,qwen3-vl:4b,1
capture_0163,tools/dataset/captures/live_surveillance_20260629T1003Z/capture_0163.jpg,,,,,,false,train,tvoc_raw:999:neighbor_median=549,excluded,auto-consensus,2026-07-21T20:10:35+00:00,,,tools/dataset/captures/live_surveillance_20260629T1003Z/labels_ollama_proposals.csv,excluded,temporal_anomaly,qwen3-vl:4b,0
capture_0164,tools/dataset/captures/live_surveillance_20260629T1003Z/capture_0164.jpg,,,,,,false,train,tvoc_raw:99:neighbor_median=979.5,excluded,auto-consensus,2026-07-21T20:10:35+00:00,,,tools/dataset/captures/live_surveillance_20260629T1003Z/labels_ollama_proposals.csv,excluded,temporal_anomaly,qwen3-vl:4b,0
capture_0165,tools/dataset/captures/live_surveillance_20260629T1003Z/capture_0165.jpg,,,,,,false,train,tvoc_raw:97:neighbor_median=944.5,excluded,auto-consensus,2026-07-21T20:10:35+00:00,,,tools/dataset/captures/live_surveillance_20260629T1003Z/labels_ollama_proposals.csv,excluded,temporal_anomaly,qwen3-vl:4b,0
capture_0166,tools/dataset/captures/live_surveillance_20260629T1003Z/capture_0166.jpg,,,,,,false,train,tvoc_raw:960:neighbor_median=514,excluded,auto-consensus,2026-07-21T20:10:35+00:00,,,tools/dataset/captures/live_surveillance_20260629T1003Z/labels_ollama_proposals.csv,excluded,temporal_anomaly,qwen3-vl:4b,0
capture_0167,tools/dataset/captures/live_surveillance_20260629T1003Z/capture_0167.jpg,,,,,,false,train,tvoc_raw:929:neighbor_median=528.5,excluded,auto-consensus,2026-07-21T20:10:35+00:00,,,tools/dataset/captures/live_surveillance_20260629T1003Z/labels_ollama_proposals.csv,excluded,temporal_anomaly,qwen3-vl:4b,0
capture_0168,tools/dataset/captures/live_surveillance_20260629T1003Z/capture_0168.jpg,,,,,,false,train,tvoc_raw:960:neighbor_median=913.5,excluded,auto-consensus,2026-07-21T20:10:35+00:00,,,tools/dataset/captures/live_surveillance_20260629T1003Z/labels_ollama_proposals.csv,excluded,temporal_anomaly,qwen3-vl:4b,0
capture_0169,tools/dataset/captures/live_surveillance_20260629T1003Z/capture_0169.jpg,,,,,,false,train,hcho_raw:325:neighbor_median=339;tvoc_raw:90:neighbor_median=913.5,excluded,auto-consensus,2026-07-21T20:10:35+00:00,,,tools/dataset/captures/live_surveillance_20260629T1003Z/labels_ollama_proposals.csv,excluded,temporal_anomaly,qwen3-vl:4b,0
capture_0170,tools/dataset/captures/live_surveillance_20260629T1003Z/capture_0170.jpg,,,,,,false,train,hcho_raw:32:neighbor_median=332;tvoc_raw:898:neighbor_median=484.5,excluded,auto-consensus,2026-07-21T20:10:35+00:00,,,tools/dataset/captures/live_surveillance_20260629T1003Z/labels_ollama_proposals.csv,excluded,temporal_anomaly,qwen3-vl:4b,0
capture_0171,tools/dataset/captures/live_surveillance_20260629T1003Z/capture_0171.jpg,,,,,,false,train,hcho_raw:347:neighbor_median=32;tvoc_raw:90:neighbor_median=879,excluded,auto-consensus,2026-07-21T20:10:35+00:00,,,tools/dataset/captures/live_surveillance_20260629T1003Z/labels_ollama_proposals.csv,excluded,temporal_anomaly,qwen3-vl:4b,0
capture_0172,tools/dataset/captures/live_surveillance_20260629T1003Z/capture_0172.jpg,,,,,,false,train,co2_ppm:1702:neighbor_median=1199;hcho_raw:32:neighbor_median=21.5;tvoc_raw:879:neighbor_median=484.5,excluded,auto-consensus,2026-07-21T20:10:35+00:00,,,tools/dataset/captures/live_surveillance_20260629T1003Z/labels_ollama_proposals.csv,excluded,temporal_anomaly,qwen3-vl:4b,0
capture_0173,tools/dataset/captures/live_surveillance_20260629T1003Z/capture_0173.jpg,,,,,,false,train,co2_ppm:696:neighbor_median=1199;hcho_raw:3:neighbor_median=171.5;tvoc_raw:879:neighbor_median=484.5,excluded,auto-consensus,2026-07-21T20:10:35+00:00,,,tools/dataset/captures/live_surveillance_20260629T1003Z/labels_ollama_proposals.csv,excluded,temporal_anomaly,qwen3-vl:4b,0
capture_0174,tools/dataset/captures/live_surveillance_20260629T1003Z/capture_0174.jpg,,,,,,false,train,hcho_raw:11:neighbor_median=33;tvoc_raw:80:neighbor_median=879,excluded,auto-consensus,2026-07-21T20:10:35+00:00,,,tools/dataset/captures/live_surveillance_20260629T1003Z/labels_ollama_proposals.csv,excluded,temporal_anomaly,qwen3-vl:4b,0
capture_0175,tools/dataset/captures/live_surveillance_20260629T1003Z/capture_0175.jpg,,,,,,false,train,hcho_raw:311:neighbor_median=22.5,excluded,auto-consensus,2026-07-21T20:10:35+00:00,,,tools/dataset/captures/live_surveillance_20260629T1003Z/labels_ollama_proposals.csv,excluded,temporal_anomaly,qwen3-vl:4b,0
capture_0176,tools/dataset/captures/live_surveillance_20260629T1003Z/capture_0176.jpg,28,51,691,34,879,true,train,auto_consensus,automated_consensus,auto-consensus,2026-07-21T20:10:35+00:00,qwen3-vl:4b,aqs-five-field-v2,tools/dataset/captures/live_surveillance_20260629T1003Z/labels_ollama_proposals.csv,promoted,single_model_temporal_plausible,qwen3-vl:4b,1
capture_0177,tools/dataset/captures/live_surveillance_20260629T1003Z/capture_0177.jpg,,,,,,false,train,hcho_raw:38:neighbor_median=172.5;tvoc_raw:890:neighbor_median=788.5,excluded,auto-consensus,2026-07-21T20:10:35+00:00,,,tools/dataset/captures/live_surveillance_20260629T1003Z/labels_ollama_proposals.csv,excluded,temporal_anomaly,qwen3-vl:4b,0
capture_0178,tools/dataset/captures/live_surveillance_20260629T1003Z/capture_0178.jpg,,,,,,false,train,,excluded,auto-consensus,2026-07-21T20:10:35+00:00,,,tools/dataset/captures/live_surveillance_20260629T1003Z/labels_ollama_proposals.csv,excluded,no_valid_votes,qwen3-vl:4b,0
capture_0179,tools/dataset/captures/live_surveillance_20260629T1003Z/capture_0179.jpg,,,,,,false,train,co2_ppm:1702:neighbor_median=1199;hcho_raw:321:neighbor_median=38;tvoc_raw:698:neighbor_median=890,excluded,auto-consensus,2026-07-21T20:10:35+00:00,,,tools/dataset/captures/live_surveillance_20260629T1003Z/labels_ollama_proposals.csv,excluded,temporal_anomaly,qwen3-vl:4b,0
capture_0180,tools/dataset/captures/live_surveillance_20260629T1003Z/capture_0180.jpg,,,,,,false,train,,excluded,auto-consensus,2026-07-21T20:10:35+00:00,,,tools/dataset/captures/live_surveillance_20260629T1003Z/labels_ollama_proposals.csv,excluded,no_valid_votes,qwen3-vl:4b,0
capture_0181,tools/dataset/captures/live_surveillance_20260629T1003Z/capture_0181.jpg,28,51,1702,38,890,true,train,auto_consensus,automated_consensus,auto-consensus,2026-07-21T20:10:35+00:00,qwen3-vl:4b,aqs-five-field-v2,tools/dataset/captures/live_surveillance_20260629T1003Z/labels_ollama_proposals.csv,promoted,single_model_temporal_plausible,qwen3-vl:4b,1
capture_0182,tools/dataset/captures/live_surveillance_20260629T1003Z/capture_0182.jpg,28,51,1702,38,898,true,train,auto_consensus,automated_consensus,auto-consensus,2026-07-21T20:10:35+00:00,qwen3-vl:4b,aqs-five-field-v2,tools/dataset/captures/live_surveillance_20260629T1003Z/labels_ollama_proposals.csv,promoted,single_model_temporal_plausible,qwen3-vl:4b,1
capture_0183,tools/dataset/captures/live_surveillance_20260629T1003Z/capture_0183.jpg,28,51,1702,38,890,true,train,auto_consensus,automated_consensus,auto-consensus,2026-07-21T20:10:35+00:00,qwen3-vl:4b,aqs-five-field-v2,tools/dataset/captures/live_surveillance_20260629T1003Z/labels_ollama_proposals.csv,promoted,single_model_temporal_plausible,qwen3-vl:4b,1
capture_0184,tools/dataset/captures/live_surveillance_20260629T1003Z/capture_0184.jpg,,,,,,false,train,,excluded,auto-consensus,2026-07-21T20:10:35+00:00,,,tools/dataset/captures/live_surveillance_20260629T1003Z/labels_ollama_proposals.csv,excluded,no_valid_votes,qwen3-vl:4b,0
capture_0185,tools/dataset/captures/live_surveillance_20260629T1003Z/capture_0185.jpg,,,,,,false,train,,excluded,auto-consensus,2026-07-21T20:10:35+00:00,,,tools/dataset/captures/live_surveillance_20260629T1003Z/labels_ollama_proposals.csv,excluded,no_valid_votes,qwen3-vl:4b,0
capture_0186,tools/dataset/captures/live_surveillance_20260629T1003Z/capture_0186.jpg,28,51,1707,32,890,true,train,auto_consensus,automated_consensus,auto-consensus,2026-07-21T20:10:35+00:00,qwen3-vl:4b,aqs-five-field-v2,tools/dataset/captures/live_surveillance_20260629T1003Z/labels_ollama_proposals.csv,promoted,single_model_temporal_plausible,qwen3-vl:4b,1
capture_0187,tools/dataset/captures/live_surveillance_20260629T1003Z/capture_0187.jpg,,,,,,false,train,hcho_raw:329:neighbor_median=38;tvoc_raw:92:neighbor_median=890,excluded,auto-consensus,2026-07-21T20:10:35+00:00,,,tools/dataset/captures/live_surveillance_20260629T1003Z/labels_ollama_proposals.csv,excluded,temporal_anomaly,qwen3-vl:4b,0
capture_0188,tools/dataset/captures/live_surveillance_20260629T1003Z/capture_0188.jpg,,,,,,false,train,,excluded,auto-consensus,2026-07-21T20:10:35+00:00,,,tools/dataset/captures/live_surveillance_20260629T1003Z/labels_ollama_proposals.csv,excluded,no_valid_votes,qwen3-vl:4b,0
capture_0189,tools/dataset/captures/live_surveillance_20260629T1003Z/capture_0189.jpg,,,,,,false,train,,excluded,auto-consensus,2026-07-21T20:10:35+00:00,,,tools/dataset/captures/live_surveillance_20260629T1003Z/labels_ollama_proposals.csv,excluded,no_valid_votes,qwen3-vl:4b,0
capture_0190,tools/dataset/captures/live_surveillance_20260629T1003Z/capture_0190.jpg,,,,,,false,train,,excluded,auto-consensus,2026-07-21T20:10:35+00:00,,,tools/dataset/captures/live_surveillance_20260629T1003Z/labels_ollama_proposals.csv,excluded,no_valid_votes,qwen3-vl:4b,0
capture_0191,tools/dataset/captures/live_surveillance_20260629T1003Z/capture_0191.jpg,,,,,,false,train,tvoc_raw:90:neighbor_median=495,excluded,auto-consensus,2026-07-21T20:10:35+00:00,,,tools/dataset/captures/live_surveillance_20260629T1003Z/labels_ollama_proposals.csv,excluded,temporal_anomaly,qwen3-vl:4b,0
capture_0192,tools/dataset/captures/live_surveillance_20260629T1003Z/capture_0192.jpg,,,,,,false,train,hcho_raw:336:neighbor_median=178.5;tvoc_raw:92:neighbor_median=894,excluded,auto-consensus,2026-07-21T20:10:35+00:00,,,tools/dataset/captures/live_surveillance_20260629T1003Z/labels_ollama_proposals.csv,excluded,temporal_anomaly,qwen3-vl:4b,0
capture_0193,tools/dataset/captures/live_surveillance_20260629T1003Z/capture_0193.jpg,,,,,,false,train,hcho_raw:32:neighbor_median=328.5;tvoc_raw:898:neighbor_median=491,excluded,auto-consensus,2026-07-21T20:10:35+00:00,,,tools/dataset/captures/live_surveillance_20260629T1003Z/labels_ollama_proposals.csv,excluded,temporal_anomaly,qwen3-vl:4b,0
capture_0194,tools/dataset/captures/live_surveillance_20260629T1003Z/capture_0194.jpg,,,,,,false,train,hcho_raw:325:neighbor_median=182;tvoc_raw:898:neighbor_median=491,excluded,auto-consensus,2026-07-21T20:10:35+00:00,,,tools/dataset/captures/live_surveillance_20260629T1003Z/labels_ollama_proposals.csv,excluded,temporal_anomaly,qwen3-vl:4b,0
capture_0195,tools/dataset/captures/live_surveillance_20260629T1003Z/capture_0195.jpg,,,,,,false,train,hcho_raw:32:neighbor_median=330.5;tvoc_raw:890:neighbor_median=498.5,excluded,auto-consensus,2026-07-21T20:10:35+00:00,,,tools/dataset/captures/live_surveillance_20260629T1003Z/labels_ollama_proposals.csv,excluded,temporal_anomaly,qwen3-vl:4b,0
capture_0196,tools/dataset/captures/live_surveillance_20260629T1003Z/capture_0196.jpg,,,,,,false,train,,excluded,auto-consensus,2026-07-21T20:10:35+00:00,,,tools/dataset/captures/live_surveillance_20260629T1003Z/labels_ollama_proposals.csv,excluded,no_valid_votes,qwen3-vl:4b,0
capture_0197,tools/dataset/captures/live_surveillance_20260629T1003Z/capture_0197.jpg,,,,,,false,train,,excluded,auto-consensus,2026-07-21T20:10:35+00:00,,,tools/dataset/captures/live_surveillance_20260629T1003Z/labels_ollama_proposals.csv,excluded,no_valid_votes,qwen3-vl:4b,0
capture_0198,tools/dataset/captures/live_surveillance_20260629T1003Z/capture_0198.jpg,,,,,,false,train,hcho_raw:343:neighbor_median=178.5;tvoc_raw:99:neighbor_median=898,excluded,auto-consensus,2026-07-21T20:10:35+00:00,,,tools/dataset/captures/live_surveillance_20260629T1003Z/labels_ollama_proposals.csv,excluded,temporal_anomaly,qwen3-vl:4b,0
capture_0199,tools/dataset/captures/live_surveillance_20260629T1003Z/capture_0199.jpg,,,,,,false,train,,excluded,auto-consensus,2026-07-21T20:10:35+00:00,,,tools/dataset/captures/live_surveillance_20260629T1003Z/labels_ollama_proposals.csv,excluded,no_valid_votes,qwen3-vl:4b,0
capture_0200,tools/dataset/captures/live_surveillance_20260629T1003Z/capture_0200.jpg,,,,,,false,train,hcho_raw:32:neighbor_median=325,excluded,auto-consensus,2026-07-21T20:10:35+00:00,,,tools/dataset/captures/live_surveillance_20260629T1003Z/labels_ollama_proposals.csv,excluded,temporal_anomaly,qwen3-vl:4b,0
capture_0201,tools/dataset/captures/live_surveillance_20260629T1003Z/capture_0201.jpg,,,,,,false,train,hcho_raw:325:neighbor_median=181.5,excluded,auto-consensus,2026-07-21T20:10:35+00:00,,,tools/dataset/captures/live_surveillance_20260629T1003Z/labels_ollama_proposals.csv,excluded,temporal_anomaly,qwen3-vl:4b,0
capture_0202,tools/dataset/captures/live_surveillance_20260629T1003Z/capture_0202.jpg,,,,,,false,train,hcho_raw:38:neighbor_median=325,excluded,auto-consensus,2026-07-21T20:10:35+00:00,,,tools/dataset/captures/live_surveillance_20260629T1003Z/labels_ollama_proposals.csv,excluded,temporal_anomaly,qwen3-vl:4b,0
capture_0203,tools/dataset/captures/live_surveillance_20260629T1003Z/capture_0203.jpg,,,,,,false,train,hcho_raw:325:neighbor_median=181.5,excluded,auto-consensus,2026-07-21T20:10:35+00:00,,,tools/dataset/captures/live_surveillance_20260629T1003Z/labels_ollama_proposals.csv,excluded,temporal_anomaly,qwen3-vl:4b,0
capture_0204,tools/dataset/captures/live_surveillance_20260629T1003Z/capture_0204.jpg,,,,,,false,train,,excluded,auto-consensus,2026-07-21T20:10:35+00:00,,,tools/dataset/captures/live_surveillance_20260629T1003Z/labels_ollama_proposals.csv,excluded,no_valid_votes,qwen3-vl:4b,0
capture_0205,tools/dataset/captures/live_surveillance_20260629T1003Z/capture_0205.jpg,,,,,,false,train,,excluded,auto-consensus,2026-07-21T20:10:35+00:00,,,tools/dataset/captures/live_surveillance_20260629T1003Z/labels_ollama_proposals.csv,excluded,no_valid_votes,qwen3-vl:4b,0
capture_0206,tools/dataset/captures/live_surveillance_20260629T1003Z/capture_0206.jpg,,,,,,false,train,hcho_raw:325:neighbor_median=181.5;tvoc_raw:90:neighbor_median=890,excluded,auto-consensus,2026-07-21T20:10:35+00:00,,,tools/dataset/captures/live_surveillance_20260629T1003Z/labels_ollama_proposals.csv,excluded,temporal_anomaly,qwen3-vl:4b,0
capture_0207,tools/dataset/captures/live_surveillance_20260629T1003Z/capture_0207.jpg,,,,,,false,train,,excluded,auto-consensus,2026-07-21T20:10:35+00:00,,,tools/dataset/captures/live_surveillance_20260629T1003Z/labels_ollama_proposals.csv,excluded,no_valid_votes,qwen3-vl:4b,0
capture_0208,tools/dataset/captures/live_surveillance_20260629T1003Z/capture_0208.jpg,,,,,,false,train,hcho_raw:336:neighbor_median=181.5;tvoc_raw:90:neighbor_median=494.5,excluded,auto-consensus,2026-07-21T20:10:35+00:00,,,tools/dataset/captures/live_surveillance_20260629T1003Z/labels_ollama_proposals.csv,excluded,temporal_anomaly,qwen3-vl:4b,0
capture_0209,tools/dataset/captures/live_surveillance_20260629T1003Z/capture_0209.jpg,,,,,,false,train,,excluded,auto-consensus,2026-07-21T20:10:35+00:00,,,tools/dataset/captures/live_surveillance_20260629T1003Z/labels_ollama_proposals.csv,excluded,no_valid_votes,qwen3-vl:4b,0
capture_0210,tools/dataset/captures/live_surveillance_20260629T1003Z/capture_0210.jpg,,,,,,false,train,hcho_raw:32:neighbor_median=325;tvoc_raw:898:neighbor_median=90,excluded,auto-consensus,2026-07-21T20:10:35+00:00,,,tools/dataset/captures/live_surveillance_20260629T1003Z/labels_ollama_proposals.csv,excluded,temporal_anomaly,qwen3-vl:4b,0
capture_0211,tools/dataset/captures/live_surveillance_20260629T1003Z/capture_0211.jpg,,,,,,false,train,,excluded,auto-consensus,2026-07-21T20:10:35+00:00,,,tools/dataset/captures/live_surveillance_20260629T1003Z/labels_ollama_proposals.csv,excluded,no_valid_votes,qwen3-vl:4b,0
capture_0212,tools/dataset/captures/live_surveillance_20260629T1003Z/capture_0212.jpg,,,,,,false,train,hcho_raw:38:neighbor_median=178.5;tvoc_raw:99:neighbor_median=494,excluded,auto-consensus,2026-07-21T20:10:35+00:00,,,tools/dataset/captures/live_surveillance_20260629T1003Z/labels_ollama_proposals.csv,excluded,temporal_anomaly,qwen3-vl:4b,0
capture_0213,tools/dataset/captures/live_surveillance_20260629T1003Z/capture_0213.jpg,,,,,,false,train,hcho_raw:325:neighbor_median=32;tvoc_raw:90:neighbor_median=898,excluded,auto-consensus,2026-07-21T20:10:35+00:00,,,tools/dataset/captures/live_surveillance_20260629T1003Z/labels_ollama_proposals.csv,excluded,temporal_anomaly,qwen3-vl:4b,0
capture_0214,tools/dataset/captures/live_surveillance_20260629T1003Z/capture_0214.jpg,,,,,,false,train,tvoc_raw:898:neighbor_median=498.5,excluded,auto-consensus,2026-07-21T20:10:35+00:00,,,tools/dataset/captures/live_surveillance_20260629T1003Z/labels_ollama_proposals.csv,excluded,temporal_anomaly,qwen3-vl:4b,0
capture_0215,tools/dataset/captures/live_surveillance_20260629T1003Z/capture_0215.jpg,,,,,,false,train,,excluded,auto-consensus,2026-07-21T20:10:35+00:00,,,tools/dataset/captures/live_surveillance_20260629T1003Z/labels_ollama_proposals.csv,excluded,no_valid_votes,qwen3-vl:4b,0
capture_0216,tools/dataset/captures/live_surveillance_20260629T1003Z/capture_0216.jpg,,,,,,false,train,hcho_raw:32:neighbor_median=181.5;tvoc_raw:898:neighbor_median=498.5,excluded,auto-consensus,2026-07-21T20:10:35+00:00,,,tools/dataset/captures/live_surveillance_20260629T1003Z/labels_ollama_proposals.csv,excluded,temporal_anomaly,qwen3-vl:4b,0
capture_0217,tools/dataset/captures/live_surveillance_20260629T1003Z/capture_0217.jpg,,,,,,false,train,,excluded,auto-consensus,2026-07-21T20:10:35+00:00,,,tools/dataset/captures/live_surveillance_20260629T1003Z/labels_ollama_proposals.csv,excluded,no_valid_votes,qwen3-vl:4b,0
capture_0218,tools/dataset/captures/live_surveillance_20260629T1003Z/capture_0218.jpg,,,,,,false,train,,excluded,auto-consensus,2026-07-21T20:10:35+00:00,,,tools/dataset/captures/live_surveillance_20260629T1003Z/labels_ollama_proposals.csv,excluded,no_valid_votes,qwen3-vl:4b,0
capture_0219,tools/dataset/captures/live_surveillance_20260629T1003Z/capture_0219.jpg,,,,,,false,train,,excluded,auto-consensus,2026-07-21T20:10:35+00:00,,,tools/dataset/captures/live_surveillance_20260629T1003Z/labels_ollama_proposals.csv,excluded,no_valid_votes,qwen3-vl:4b,0
capture_0220,tools/dataset/captures/live_surveillance_20260629T1003Z/capture_0220.jpg,,,,,,false,train,hcho_raw:329:neighbor_median=32,excluded,auto-consensus,2026-07-21T20:10:35+00:00,,,tools/dataset/captures/live_surveillance_20260629T1003Z/labels_ollama_proposals.csv,excluded,temporal_anomaly,qwen3-vl:4b,0
capture_0221,tools/dataset/captures/live_surveillance_20260629T1003Z/capture_0221.jpg,,,,,,false,train,hcho_raw:329:neighbor_median=180.5;tvoc_raw:90:neighbor_median=898,excluded,auto-consensus,2026-07-21T20:10:35+00:00,,,tools/dataset/captures/live_surveillance_20260629T1003Z/labels_ollama_proposals.csv,excluded,temporal_anomaly,qwen3-vl:4b,0
capture_0222,tools/dataset/captures/live_surveillance_20260629T1003Z/capture_0222.jpg,,,,,,false,train,,excluded,auto-consensus,2026-07-21T20:10:35+00:00,,,tools/dataset/captures/live_surveillance_20260629T1003Z/labels_ollama_proposals.csv,excluded,no_valid_votes,qwen3-vl:4b,0
capture_0223,tools/dataset/captures/live_surveillance_20260629T1003Z/capture_0223.jpg,,,,,,false,train,hcho_raw:32:neighbor_median=329;tvoc_raw:898:neighbor_median=92,excluded,auto-consensus,2026-07-21T20:10:35+00:00,,,tools/dataset/captures/live_surveillance_20260629T1003Z/labels_ollama_proposals.csv,excluded,temporal_anomaly,qwen3-vl:4b,0
capture_0224,tools/dataset/captures/live_surveillance_20260629T1003Z/capture_0224.jpg,,,,,,false,train,,excluded,auto-consensus,2026-07-21T20:10:35+00:00,,,tools/dataset/captures/live_surveillance_20260629T1003Z/labels_ollama_proposals.csv,excluded,no_valid_votes,qwen3-vl:4b,0
capture_0225,tools/dataset/captures/live_surveillance_20260629T1003Z/capture_0225.jpg,,,,,,false,train,,excluded,auto-consensus,2026-07-21T20:10:35+00:00,,,tools/dataset/captures/live_surveillance_20260629T1003Z/labels_ollama_proposals.csv,excluded,no_valid_votes,qwen3-vl:4b,0
capture_0226,tools/dataset/captures/live_surveillance_20260629T1003Z/capture_0226.jpg,,,,,,false,train,,excluded,auto-consensus,2026-07-21T20:10:35+00:00,,,tools/dataset/captures/live_surveillance_20260629T1003Z/labels_ollama_proposals.csv,excluded,no_valid_votes,qwen3-vl:4b,0
capture_0227,tools/dataset/captures/live_surveillance_20260629T1003Z/capture_0227.jpg,28,51,1713,329,92,true,train,auto_consensus,automated_consensus,auto-consensus,2026-07-21T20:10:35+00:00,qwen3-vl:4b,aqs-five-field-v2,tools/dataset/captures/live_surveillance_20260629T1003Z/labels_ollama_proposals.csv,promoted,single_model_temporal_plausible,qwen3-vl:4b,1
capture_0228,tools/dataset/captures/live_surveillance_20260629T1003Z/capture_0228.jpg,28,51,1729,329,92,true,train,auto_consensus,automated_consensus,auto-consensus,2026-07-21T20:10:35+00:00,qwen3-vl:4b,aqs-five-field-v2,tools/dataset/captures/live_surveillance_20260629T1003Z/labels_ollama_proposals.csv,promoted,single_model_temporal_plausible,qwen3-vl:4b,1
capture_0229,tools/dataset/captures/live_surveillance_20260629T1003Z/capture_0229.jpg,28,51,1724,332,92,true,train,auto_consensus,automated_consensus,auto-consensus,2026-07-21T20:10:35+00:00,qwen3-vl:4b,aqs-five-field-v2,tools/dataset/captures/live_surveillance_20260629T1003Z/labels_ollama_proposals.csv,promoted,single_model_temporal_plausible,qwen3-vl:4b,1
capture_0230,tools/dataset/captures/live_surveillance_20260629T1003Z/capture_0230.jpg,,,,,,false,train,,excluded,auto-consensus,2026-07-21T20:10:35+00:00,,,tools/dataset/captures/live_surveillance_20260629T1003Z/labels_ollama_proposals.csv,excluded,no_valid_votes,qwen3-vl:4b,0
capture_0231,tools/dataset/captures/live_surveillance_20260629T1003Z/capture_0231.jpg,28,51,1713,325,90,true,train,auto_consensus,automated_consensus,auto-consensus,2026-07-21T20:10:35+00:00,qwen3-vl:4b,aqs-five-field-v2,tools/dataset/captures/live_surveillance_20260629T1003Z/labels_ollama_proposals.csv,promoted,single_model_temporal_plausible,qwen3-vl:4b,1
capture_0232,tools/dataset/captures/live_surveillance_20260629T1003Z/capture_0232.jpg,28,51,1724,332,90,true,train,auto_consensus,automated_consensus,auto-consensus,2026-07-21T20:10:35+00:00,qwen3-vl:4b,aqs-five-field-v2,tools/dataset/captures/live_surveillance_20260629T1003Z/labels_ollama_proposals.csv,promoted,single_model_temporal_plausible,qwen3-vl:4b,1
capture_0233,tools/dataset/captures/live_surveillance_20260629T1003Z/capture_0233.jpg,28,51,1729,332,90,true,train,auto_consensus,automated_consensus,auto-consensus,2026-07-21T20:10:35+00:00,qwen3-vl:4b,aqs-five-field-v2,tools/dataset/captures/live_surveillance_20260629T1003Z/labels_ollama_proposals.csv,promoted,single_model_temporal_plausible,qwen3-vl:4b,1
capture_0234,tools/dataset/captures/live_surveillance_20260629T1003Z/capture_0234.jpg,28,51,1735,339,99,true,train,auto_consensus,automated_consensus,auto-consensus,2026-07-21T20:10:35+00:00,qwen3-vl:4b,aqs-five-field-v2,tools/dataset/captures/live_surveillance_20260629T1003Z/labels_ollama_proposals.csv,promoted,single_model_temporal_plausible,qwen3-vl:4b,1
capture_0235,tools/dataset/captures/live_surveillance_20260629T1003Z/capture_0235.jpg,,,,,,false,train,tvoc_raw:980:neighbor_median=99,excluded,auto-consensus,2026-07-21T20:10:35+00:00,,,tools/dataset/captures/live_surveillance_20260629T1003Z/labels_ollama_proposals.csv,excluded,temporal_anomaly,qwen3-vl:4b,0
capture_0236,tools/dataset/captures/live_surveillance_20260629T1003Z/capture_0236.jpg,,,,,,false,train,tvoc_raw:99:neighbor_median=939.5,excluded,auto-consensus,2026-07-21T20:10:35+00:00,,,tools/dataset/captures/live_surveillance_20260629T1003Z/labels_ollama_proposals.csv,excluded,temporal_anomaly,qwen3-vl:4b,0
capture_0237,tools/dataset/captures/live_surveillance_20260629T1003Z/capture_0237.jpg,,,,,,false,train,tvoc_raw:960:neighbor_median=908.5,excluded,auto-consensus,2026-07-21T20:10:35+00:00,,,tools/dataset/captures/live_surveillance_20260629T1003Z/labels_ollama_proposals.csv,excluded,temporal_anomaly,qwen3-vl:4b,0
capture_0238,tools/dataset/captures/live_surveillance_20260629T1003Z/capture_0238.jpg,,,,,,false,train,tvoc_raw:919:neighbor_median=498.5,excluded,auto-consensus,2026-07-21T20:10:35+00:00,,,tools/dataset/captures/live_surveillance_20260629T1003Z/labels_ollama_proposals.csv,excluded,temporal_anomaly,qwen3-vl:4b,0
capture_0239,tools/dataset/captures/live_surveillance_20260629T1003Z/capture_0239.jpg,,,,,,false,train,hcho_raw:325:neighbor_median=347;tvoc_raw:898:neighbor_median=509,excluded,auto-consensus,2026-07-21T20:10:35+00:00,,,tools/dataset/captures/live_surveillance_20260629T1003Z/labels_ollama_proposals.csv,excluded,temporal_anomaly,qwen3-vl:4b,0
capture_0240,tools/dataset/captures/live_surveillance_20260629T1003Z/capture_0240.jpg,,,,,,false,train,hcho_raw:347:neighbor_median=336;tvoc_raw:99:neighbor_median=908.5,excluded,auto-consensus,2026-07-21T20:10:35+00:00,,,tools/dataset/captures/live_surveillance_20260629T1003Z/labels_ollama_proposals.csv,excluded,temporal_anomaly,qwen3-vl:4b,0
capture_0241,tools/dataset/captures/live_surveillance_20260629T1003Z/capture_0241.jpg,,,,,,false,train,,excluded,auto-consensus,2026-07-21T20:10:35+00:00,,,tools/dataset/captures/live_surveillance_20260629T1003Z/labels_ollama_proposals.csv,excluded,no_valid_votes,qwen3-vl:4b,0
capture_0242,tools/dataset/captures/live_surveillance_20260629T1003Z/capture_0242.jpg,,,,,,false,train,hcho_raw:32:neighbor_median=181.5;tvoc_raw:90:neighbor_median=898,excluded,auto-consensus,2026-07-21T20:10:35+00:00,,,tools/dataset/captures/live_surveillance_20260629T1003Z/labels_ollama_proposals.csv,excluded,temporal_anomaly,qwen3-vl:4b,0
capture_0243,tools/dataset/captures/live_surveillance_20260629T1003Z/capture_0243.jpg,,,,,,false,train,co2_ppm:1702:neighbor_median=1201.5;tvoc_raw:898:neighbor_median=489,excluded,auto-consensus,2026-07-21T20:10:35+00:00,,,tools/dataset/captures/live_surveillance_20260629T1003Z/labels_ollama_proposals.csv,excluded,temporal_anomaly,qwen3-vl:4b,0
capture_0244,tools/dataset/captures/live_surveillance_20260629T1003Z/capture_0244.jpg,,,,,,false,train,co2_ppm:696:neighbor_median=1199;hcho_raw:38:neighbor_median=23,excluded,auto-consensus,2026-07-21T20:10:35+00:00,,,tools/dataset/captures/live_surveillance_20260629T1003Z/labels_ollama_proposals.csv,excluded,temporal_anomaly,qwen3-vl:4b,0
capture_0245,tools/dataset/captures/live_surveillance_20260629T1003Z/capture_0245.jpg,,,,,,false,train,,excluded,auto-consensus,2026-07-21T20:10:35+00:00,,,tools/dataset/captures/live_surveillance_20260629T1003Z/labels_ollama_proposals.csv,excluded,no_valid_votes,qwen3-vl:4b,0
capture_0246,tools/dataset/captures/live_surveillance_20260629T1003Z/capture_0246.jpg,,,,,,false,train,co2_ppm:691:neighbor_median=1199;hcho_raw:11:neighbor_median=35,excluded,auto-consensus,2026-07-21T20:10:35+00:00,,,tools/dataset/captures/live_surveillance_20260629T1003Z/labels_ollama_proposals.csv,excluded,temporal_anomaly,qwen3-vl:4b,0
capture_0247,tools/dataset/captures/live_surveillance_20260629T1003Z/capture_0247.jpg,,,,,,false,train,hcho_raw:14:neighbor_median=24.5,excluded,auto-consensus,2026-07-21T20:10:35+00:00,,,tools/dataset/captures/live_surveillance_20260629T1003Z/labels_ollama_proposals.csv,excluded,temporal_anomaly,qwen3-vl:4b,0
capture_0248,tools/dataset/captures/live_surveillance_20260629T1003Z/capture_0248.jpg,,,,,,false,train,,excluded,auto-consensus,2026-07-21T20:10:35+00:00,,,tools/dataset/captures/live_surveillance_20260629T1003Z/labels_ollama_proposals.csv,excluded,no_valid_votes,qwen3-vl:4b,0
capture_0249,tools/dataset/captures/live_surveillance_20260629T1003Z/capture_0249.jpg,,,,,,false,train,,excluded,auto-consensus,2026-07-21T20:10:35+00:00,,,tools/dataset/captures/live_surveillance_20260629T1003Z/labels_ollama_proposals.csv,excluded,no_valid_votes,qwen3-vl:4b,0
capture_0250,tools/dataset/captures/live_surveillance_20260629T1003Z/capture_0250.jpg,,,,,,false,train,,excluded,auto-consensus,2026-07-21T20:10:35+00:00,,,tools/dataset/captures/live_surveillance_20260629T1003Z/labels_ollama_proposals.csv,excluded,no_valid_votes,qwen3-vl:4b,0
capture_0251,tools/dataset/captures/live_surveillance_20260629T1003Z/capture_0251.jpg,,,,,,false,train,tvoc_raw:90:neighbor_median=874.5,excluded,auto-consensus,2026-07-21T20:10:35+00:00,,,tools/dataset/captures/live_surveillance_20260629T1003Z/labels_ollama_proposals.csv,excluded,temporal_anomaly,qwen3-vl:4b,0
capture_0252,tools/dataset/captures/live_surveillance_20260629T1003Z/capture_0252.jpg,,,,,,false,train,tvoc_raw:870:neighbor_median=85,excluded,auto-consensus,2026-07-21T20:10:35+00:00,,,tools/dataset/captures/live_surveillance_20260629T1003Z/labels_ollama_proposals.csv,excluded,temporal_anomaly,qwen3-vl:4b,0
capture_0253,tools/dataset/captures/live_surveillance_20260629T1003Z/capture_0253.jpg,,,,,,false,train,hcho_raw:34:neighbor_median=11;tvoc_raw:879:neighbor_median=85,excluded,auto-consensus,2026-07-21T20:10:35+00:00,,,tools/dataset/captures/live_surveillance_20260629T1003Z/labels_ollama_proposals.csv,excluded,temporal_anomaly,qwen3-vl:4b,0
capture_0254,tools/dataset/captures/live_surveillance_20260629T1003Z/capture_0254.jpg,,,,,,false,train,tvoc_raw:80:neighbor_median=475,excluded,auto-consensus,2026-07-21T20:10:35+00:00,,,tools/dataset/captures/live_surveillance_20260629T1003Z/labels_ollama_proposals.csv,excluded,temporal_anomaly,qwen3-vl:4b,0
capture_0255,tools/dataset/captures/live_surveillance_20260629T1003Z/capture_0255.jpg,,,,,,false,train,tvoc_raw:80:neighbor_median=475,excluded,auto-consensus,2026-07-21T20:10:35+00:00,,,tools/dataset/captures/live_surveillance_20260629T1003Z/labels_ollama_proposals.csv,excluded,temporal_anomaly,qwen3-vl:4b,0
capture_0256,tools/dataset/captures/live_surveillance_20260629T1003Z/capture_0256.jpg,,,,,,false,train,hcho_raw:11:neighbor_median=22.5;tvoc_raw:80:neighbor_median=475,excluded,auto-consensus,2026-07-21T20:10:35+00:00,,,tools/dataset/captures/live_surveillance_20260629T1003Z/labels_ollama_proposals.csv,excluded,temporal_anomaly,qwen3-vl:4b,0
capture_0257,tools/dataset/captures/live_surveillance_20260629T1003Z/capture_0257.jpg,,,,,,false,train,,excluded,auto-consensus,2026-07-21T20:10:35+00:00,,,tools/dataset/captures/live_surveillance_20260629T1003Z/labels_ollama_proposals.csv,excluded,no_valid_votes,qwen3-vl:4b,0
capture_0258,tools/dataset/captures/live_surveillance_20260629T1003Z/capture_0258.jpg,,,,,,false,train,,excluded,auto-consensus,2026-07-21T20:10:35+00:00,,,tools/dataset/captures/live_surveillance_20260629T1003Z/labels_ollama_proposals.csv,excluded,no_valid_votes,qwen3-vl:4b,0
capture_0259,tools/dataset/captures/live_surveillance_20260629T1003Z/capture_0259.jpg,,,,,,false,train,co2_ppm:691:neighbor_median=1685,excluded,auto-consensus,2026-07-21T20:10:35+00:00,,,tools/dataset/captures/live_surveillance_20260629T1003Z/labels_ollama_proposals.csv,excluded,temporal_anomaly,qwen3-vl:4b,0
capture_0260,tools/dataset/captures/live_surveillance_20260629T1003Z/capture_0260.jpg,28,51,1685,307,859,true,train,auto_consensus,automated_consensus,auto-consensus,2026-07-21T20:10:35+00:00,qwen3-vl:4b,aqs-five-field-v2,tools/dataset/captures/live_surveillance_20260629T1003Z/labels_ollama_proposals.csv,promoted,single_model_temporal_plausible,qwen3-vl:4b,1
capture_0261,tools/dataset/captures/live_surveillance_20260629T1003Z/capture_0261.jpg,28,51,1685,307,859,true,train,auto_consensus,automated_consensus,auto-consensus,2026-07-21T20:10:35+00:00,qwen3-vl:4b,aqs-five-field-v2,tools/dataset/captures/live_surveillance_20260629T1003Z/labels_ollama_proposals.csv,promoted,single_model_temporal_plausible,qwen3-vl:4b,1
capture_0262,tools/dataset/captures/live_surveillance_20260629T1003Z/capture_0262.jpg,28,51,1685,307,859,true,train,auto_consensus,automated_consensus,auto-consensus,2026-07-21T20:10:35+00:00,qwen3-vl:4b,aqs-five-field-v2,tools/dataset/captures/live_surveillance_20260629T1003Z/labels_ollama_proposals.csv,promoted,single_model_temporal_plausible,qwen3-vl:4b,1
capture_0263,tools/dataset/captures/live_surveillance_20260629T1003Z/capture_0263.jpg,28,51,1685,307,859,true,train,auto_consensus,automated_consensus,auto-consensus,2026-07-21T20:10:35+00:00,qwen3-vl:4b,aqs-five-field-v2,tools/dataset/captures/live_surveillance_20260629T1003Z/labels_ollama_proposals.csv,promoted,single_model_temporal_plausible,qwen3-vl:4b,1
capture_0264,tools/dataset/captures/live_surveillance_20260629T1003Z/capture_0264.jpg,,,,,,false,train,co2_ppm:691:neighbor_median=1685;hcho_raw:307:neighbor_median=172.5,excluded,auto-consensus,2026-07-21T20:10:35+00:00,,,tools/dataset/captures/live_surveillance_20260629T1003Z/labels_ollama_proposals.csv,excluded,temporal_anomaly,qwen3-vl:4b,0
capture_0265,tools/dataset/captures/live_surveillance_20260629T1003Z/capture_0265.jpg,,,,,,false,train,co2_ppm:1702:neighbor_median=1188;hcho_raw:32:neighbor_median=307,excluded,auto-consensus,2026-07-21T20:10:35+00:00,,,tools/dataset/captures/live_surveillance_20260629T1003Z/labels_ollama_proposals.csv,excluded,temporal_anomaly,qwen3-vl:4b,0
capture_0266,tools/dataset/captures/live_surveillance_20260629T1003Z/capture_0266.jpg,,,,,,false,train,co2_ppm:685:neighbor_median=1704.5;hcho_raw:38:neighbor_median=309,excluded,auto-consensus,2026-07-21T20:10:35+00:00,,,tools/dataset/captures/live_surveillance_20260629T1003Z/labels_ollama_proposals.csv,excluded,temporal_anomaly,qwen3-vl:4b,0
capture_0267,tools/dataset/captures/live_surveillance_20260629T1003Z/capture_0267.jpg,,,,,,false,train,co2_ppm:1713:neighbor_median=1196.5;hcho_raw:329:neighbor_median=172.5;tvoc_raw:92:neighbor_median=864.5,excluded,auto-consensus,2026-07-21T20:10:35+00:00,,,tools/dataset/captures/live_surveillance_20260629T1003Z/labels_ollama_proposals.csv,excluded,temporal_anomaly,qwen3-vl:4b,0
capture_0268,tools/dataset/captures/live_surveillance_20260629T1003Z/capture_0268.jpg,,,,,,false,train,hcho_raw:311:neighbor_median=183.5,excluded,auto-consensus,2026-07-21T20:10:35+00:00,,,tools/dataset/captures/live_surveillance_20260629T1003Z/labels_ollama_proposals.csv,excluded,temporal_anomaly,qwen3-vl:4b,0
capture_0269,tools/dataset/captures/live_surveillance_20260629T1003Z/capture_0269.jpg,,,,,,false,train,,excluded,auto-consensus,2026-07-21T20:10:35+00:00,,,tools/dataset/captures/live_surveillance_20260629T1003Z/labels_ollama_proposals.csv,excluded,no_valid_votes,qwen3-vl:4b,0
capture_0270,tools/dataset/captures/live_surveillance_20260629T1003Z/capture_0270.jpg,,,,,,false,train,hcho_raw:357:neighbor_median=309;tvoc_raw:960:neighbor_median=859,excluded,auto-consensus,2026-07-21T20:10:35+00:00,,,tools/dataset/captures/live_surveillance_20260629T1003Z/labels_ollama_proposals.csv,excluded,temporal_anomaly,qwen3-vl:4b,0
capture_0271,tools/dataset/captures/live_surveillance_20260629T1003Z/capture_0271.jpg,28,51,1685,307,859,true,train,auto_consensus,automated_consensus,auto-consensus,2026-07-21T20:10:35+00:00,qwen3-vl:4b,aqs-five-field-v2,tools/dataset/captures/live_surveillance_20260629T1003Z/labels_ollama_proposals.csv,promoted,single_model_temporal_plausible,qwen3-vl:4b,1
capture_0272,tools/dataset/captures/live_surveillance_20260629T1003Z/capture_0272.jpg,,,,,,false,train,tvoc_raw:859:neighbor_median=473.5,excluded,auto-consensus,2026-07-21T20:10:35+00:00,,,tools/dataset/captures/live_surveillance_20260629T1003Z/labels_ollama_proposals.csv,excluded,temporal_anomaly,qwen3-vl:4b,0
capture_0273,tools/dataset/captures/live_surveillance_20260629T1003Z/capture_0273.jpg,,,,,,false,train,tvoc_raw:88:neighbor_median=859,excluded,auto-consensus,2026-07-21T20:10:35+00:00,,,tools/dataset/captures/live_surveillance_20260629T1003Z/labels_ollama_proposals.csv,excluded,temporal_anomaly,qwen3-vl:4b,0
capture_0274,tools/dataset/captures/live_surveillance_20260629T1003Z/capture_0274.jpg,,,,,,false,train,,excluded,auto-consensus,2026-07-21T20:10:35+00:00,,,tools/dataset/captures/live_surveillance_20260629T1003Z/labels_ollama_proposals.csv,excluded,no_valid_votes,qwen3-vl:4b,0
capture_0275,tools/dataset/captures/live_surveillance_20260629T1003Z/capture_0275.jpg,28,51,1680,303,88,true,train,auto_consensus,automated_consensus,auto-consensus,2026-07-21T20:10:35+00:00,qwen3-vl:4b,aqs-five-field-v2,tools/dataset/captures/live_surveillance_20260629T1003Z/labels_ollama_proposals.csv,promoted,single_model_temporal_plausible,qwen3-vl:4b,1
capture_0276,tools/dataset/captures/live_surveillance_20260629T1003Z/capture_0276.jpg,28,51,1680,303,88,true,train,auto_consensus,automated_consensus,auto-consensus,2026-07-21T20:10:35+00:00,qwen3-vl:4b,aqs-five-field-v2,tools/dataset/captures/live_surveillance_20260629T1003Z/labels_ollama_proposals.csv,promoted,single_model_temporal_plausible,qwen3-vl:4b,1
capture_0277,tools/dataset/captures/live_surveillance_20260629T1003Z/capture_0277.jpg,,,,,,false,train,co2_ppm:680:neighbor_median=1674.5,excluded,auto-consensus,2026-07-21T20:10:35+00:00,,,tools/dataset/captures/live_surveillance_20260629T1003Z/labels_ollama_proposals.csv,excluded,temporal_anomaly,qwen3-vl:4b,0
capture_0278,tools/dataset/captures/live_surveillance_20260629T1003Z/capture_0278.jpg,,,,,,false,train,co2_ppm:1669:neighbor_median=1180,excluded,auto-consensus,2026-07-21T20:10:35+00:00,,,tools/dataset/captures/live_surveillance_20260629T1003Z/labels_ollama_proposals.csv,excluded,temporal_anomaly,qwen3-vl:4b,0
capture_0279,tools/dataset/captures/live_surveillance_20260629T1003Z/capture_0279.jpg,,,,,,false,train,co2_ppm:680:neighbor_median=1174.5,excluded,auto-consensus,2026-07-21T20:10:35+00:00,,,tools/dataset/captures/live_surveillance_20260629T1003Z/labels_ollama_proposals.csv,excluded,temporal_anomaly,qwen3-vl:4b,0
capture_0280,tools/dataset/captures/live_surveillance_20260629T1003Z/capture_0280.jpg,,,,,,false,train,co2_ppm:1685:neighbor_median=677,excluded,auto-consensus,2026-07-21T20:10:35+00:00,,,tools/dataset/captures/live_surveillance_20260629T1003Z/labels_ollama_proposals.csv,excluded,temporal_anomaly,qwen3-vl:4b,0
capture_0281,tools/dataset/captures/live_surveillance_20260629T1003Z/capture_0281.jpg,,,,,,false,train,co2_ppm:674:neighbor_median=1180,excluded,auto-consensus,2026-07-21T20:10:35+00:00,,,tools/dataset/captures/live_surveillance_20260629T1003Z/labels_ollama_proposals.csv,excluded,temporal_anomaly,qwen3-vl:4b,0
capture_0282,tools/dataset/captures/live_surveillance_20260629T1003Z/capture_0282.jpg,,,,,,false,train,co2_ppm:674:neighbor_median=1180,excluded,auto-consensus,2026-07-21T20:10:35+00:00,,,tools/dataset/captures/live_surveillance_20260629T1003Z/labels_ollama_proposals.csv,excluded,temporal_anomaly,qwen3-vl:4b,0
capture_0283,tools/dataset/captures/live_surveillance_20260629T1003Z/capture_0283.jpg,,,,,,false,train,co2_ppm:1680:neighbor_median=677,excluded,auto-consensus,2026-07-21T20:10:35+00:00,,,tools/dataset/captures/live_surveillance_20260629T1003Z/labels_ollama_proposals.csv,excluded,temporal_anomaly,qwen3-vl:4b,0
capture_0284,tools/dataset/captures/live_surveillance_20260629T1003Z/capture_0284.jpg,,,,,,false,train,co2_ppm:680:neighbor_median=1671.5,excluded,auto-consensus,2026-07-21T20:10:35+00:00,,,tools/dataset/captures/live_surveillance_20260629T1003Z/labels_ollama_proposals.csv,excluded,temporal_anomaly,qwen3-vl:4b,0
capture_0285,tools/dataset/captures/live_surveillance_20260629T1003Z/capture_0285.jpg,,,,,,false,train,co2_ppm:1674:neighbor_median=1174.5,excluded,auto-consensus,2026-07-21T20:10:35+00:00,,,tools/dataset/captures/live_surveillance_20260629T1003Z/labels_ollama_proposals.csv,excluded,temporal_anomaly,qwen3-vl:4b,0
capture_0286,tools/dataset/captures/live_surveillance_20260629T1003Z/capture_0286.jpg,,,,,,false,train,co2_ppm:1669:neighbor_median=1177,excluded,auto-consensus,2026-07-21T20:10:35+00:00,,,tools/dataset/captures/live_surveillance_20260629T1003Z/labels_ollama_proposals.csv,excluded,temporal_anomaly,qwen3-vl:4b,0
capture_0287,tools/dataset/captures/live_surveillance_20260629T1003Z/capture_0287.jpg,,,,,,false,train,,excluded,auto-consensus,2026-07-21T20:10:35+00:00,,,tools/dataset/captures/live_surveillance_20260629T1003Z/labels_ollama_proposals.csv,excluded,no_valid_votes,qwen3-vl:4b,0
capture_0288,tools/dataset/captures/live_surveillance_20260629T1003Z/capture_0288.jpg,,,,,,false,train,,excluded,auto-consensus,2026-07-21T20:10:35+00:00,,,tools/dataset/captures/live_surveillance_20260629T1003Z/labels_ollama_proposals.csv,excluded,no_valid_votes,qwen3-vl:4b,0
capture_0289,tools/dataset/captures/live_surveillance_20260629T1003Z/capture_0289.jpg,,,,,,false,train,,excluded,auto-consensus,2026-07-21T20:10:35+00:00,,,tools/dataset/captures/live_surveillance_20260629T1003Z/labels_ollama_proposals.csv,excluded,no_valid_votes,qwen3-vl:4b,0
capture_0290,tools/dataset/captures/live_surveillance_20260629T1003Z/capture_0290.jpg,,,,,,false,train,co2_ppm:669:neighbor_median=1669;tvoc_raw:828:neighbor_median=80,excluded,auto-consensus,2026-07-21T20:10:35+00:00,,,tools/dataset/captures/live_surveillance_20260629T1003Z/labels_ollama_proposals.csv,excluded,temporal_anomaly,qwen3-vl:4b,0
capture_0291,tools/dataset/captures/live_surveillance_20260629T1003Z/capture_0291.jpg,,,,,,false,train,,excluded,auto-consensus,2026-07-21T20:10:35+00:00,,,tools/dataset/captures/live_surveillance_20260629T1003Z/labels_ollama_proposals.csv,excluded,no_valid_votes,qwen3-vl:4b,0
capture_0292,tools/dataset/captures/live_surveillance_20260629T1003Z/capture_0292.jpg,,,,,,false,train,,excluded,auto-consensus,2026-07-21T20:10:35+00:00,,,tools/dataset/captures/live_surveillance_20260629T1003Z/labels_ollama_proposals.csv,excluded,no_valid_votes,qwen3-vl:4b,0
capture_0293,tools/dataset/captures/live_surveillance_20260629T1003Z/capture_0293.jpg,,,,,,false,train,,excluded,auto-consensus,2026-07-21T20:10:35+00:00,,,tools/dataset/captures/live_surveillance_20260629T1003Z/labels_ollama_proposals.csv,excluded,no_valid_votes,qwen3-vl:4b,0
capture_0294,tools/dataset/captures/live_surveillance_20260629T1003Z/capture_0294.jpg,,,,,,false,train,co2_ppm:1669:neighbor_median=669,excluded,auto-consensus,2026-07-21T20:10:35+00:00,,,tools/dataset/captures/live_surveillance_20260629T1003Z/labels_ollama_proposals.csv,excluded,temporal_anomaly,qwen3-vl:4b,0
capture_0295,tools/dataset/captures/live_surveillance_20260629T1003Z/capture_0295.jpg,,,,,,false,train,,excluded,auto-consensus,2026-07-21T20:10:35+00:00,,,tools/dataset/captures/live_surveillance_20260629T1003Z/labels_ollama_proposals.csv,excluded,no_valid_votes,qwen3-vl:4b,0
capture_0296,tools/dataset/captures/live_surveillance_20260629T1003Z/capture_0296.jpg,,,,,,false,train,,excluded,auto-consensus,2026-07-21T20:10:35+00:00,,,tools/dataset/captures/live_surveillance_20260629T1003Z/labels_ollama_proposals.csv,excluded,no_valid_votes,qwen3-vl:4b,0
capture_0297,tools/dataset/captures/live_surveillance_20260629T1003Z/capture_0297.jpg,,,,,,false,train,,excluded,auto-consensus,2026-07-21T20:10:35+00:00,,,tools/dataset/captures/live_surveillance_20260629T1003Z/labels_ollama_proposals.csv,excluded,no_valid_votes,qwen3-vl:4b,0
capture_0298,tools/dataset/captures/live_surveillance_20260629T1003Z/capture_0298.jpg,,,,,,false,train,,excluded,auto-consensus,2026-07-21T20:10:35+00:00,,,tools/dataset/captures/live_surveillance_20260629T1003Z/labels_ollama_proposals.csv,excluded,no_valid_votes,qwen3-vl:4b,0
capture_0299,tools/dataset/captures/live_surveillance_20260629T1003Z/capture_0299.jpg,,,,,,false,train,co2_ppm:669:neighbor_median=1169,excluded,auto-consensus,2026-07-21T20:10:35+00:00,,,tools/dataset/captures/live_surveillance_20260629T1003Z/labels_ollama_proposals.csv,excluded,temporal_anomaly,qwen3-vl:4b,0
capture_0300,tools/dataset/captures/live_surveillance_20260629T1003Z/capture_0300.jpg,,,,,,false,train,co2_ppm:669:neighbor_median=1166,excluded,auto-consensus,2026-07-21T20:10:35+00:00,,,tools/dataset/captures/live_surveillance_20260629T1003Z/labels_ollama_proposals.csv,excluded,temporal_anomaly,qwen3-vl:4b,0
capture_0301,tools/dataset/captures/live_surveillance_20260629T1003Z/capture_0301.jpg,,,,,,false,train,co2_ppm:1669:neighbor_median=669,excluded,auto-consensus,2026-07-21T20:10:35+00:00,,,tools/dataset/captures/live_surveillance_20260629T1003Z/labels_ollama_proposals.csv,excluded,temporal_anomaly,qwen3-vl:4b,0
capture_0302,tools/dataset/captures/live_surveillance_20260629T1003Z/capture_0302.jpg,,,,,,false,train,,excluded,auto-consensus,2026-07-21T20:10:35+00:00,,,tools/dataset/captures/live_surveillance_20260629T1003Z/labels_ollama_proposals.csv,excluded,no_valid_votes,qwen3-vl:4b,0
capture_0303,tools/dataset/captures/live_surveillance_20260629T1003Z/capture_0303.jpg,,,,,,false,train,,excluded,auto-consensus,2026-07-21T20:10:35+00:00,,,tools/dataset/captures/live_surveillance_20260629T1003Z/labels_ollama_proposals.csv,excluded,no_valid_votes,qwen3-vl:4b,0
capture_0304,tools/dataset/captures/live_surveillance_20260629T1003Z/capture_0304.jpg,,,,,,false,train,co2_ppm:669:neighbor_median=1166,excluded,auto-consensus,2026-07-21T20:10:35+00:00,,,tools/dataset/captures/live_surveillance_20260629T1003Z/labels_ollama_proposals.csv,excluded,temporal_anomaly,qwen3-vl:4b,0
capture_0305,tools/dataset/captures/live_surveillance_20260629T1003Z/capture_0305.jpg,,,,,,false,train,co2_ppm:1663:neighbor_median=669,excluded,auto-consensus,2026-07-21T20:10:35+00:00,,,tools/dataset/captures/live_surveillance_20260629T1003Z/labels_ollama_proposals.csv,excluded,temporal_anomaly,qwen3-vl:4b,0
capture_0306,tools/dataset/captures/live_surveillance_20260629T1003Z/capture_0306.jpg,,,,,,false,train,co2_ppm:663:neighbor_median=1166,excluded,auto-consensus,2026-07-21T20:10:35+00:00,,,tools/dataset/captures/live_surveillance_20260629T1003Z/labels_ollama_proposals.csv,excluded,temporal_anomaly,qwen3-vl:4b,0
capture_0307,tools/dataset/captures/live_surveillance_20260629T1003Z/capture_0307.jpg,,,,,,false,train,,excluded,auto-consensus,2026-07-21T20:10:35+00:00,,,tools/dataset/captures/live_surveillance_20260629T1003Z/labels_ollama_proposals.csv,excluded,no_valid_votes,qwen3-vl:4b,0
capture_0308,tools/dataset/captures/live_surveillance_20260629T1003Z/capture_0308.jpg,,,,,,false,train,,excluded,auto-consensus,2026-07-21T20:10:35+00:00,,,tools/dataset/captures/live_surveillance_20260629T1003Z/labels_ollama_proposals.csv,excluded,no_valid_votes,qwen3-vl:4b,0
capture_0309,tools/dataset/captures/live_surveillance_20260629T1003Z/capture_0309.jpg,,,,,,false,train,,excluded,auto-consensus,2026-07-21T20:10:35+00:00,,,tools/dataset/captures/live_surveillance_20260629T1003Z/labels_ollama_proposals.csv,excluded,no_valid_votes,qwen3-vl:4b,0
capture_0310,tools/dataset/captures/live_surveillance_20260629T1003Z/capture_0310.jpg,,,,,,false,train,co2_ppm:658:neighbor_median=1163.5,excluded,auto-consensus,2026-07-21T20:10:35+00:00,,,tools/dataset/captures/live_surveillance_20260629T1003Z/labels_ollama_proposals.csv,excluded,temporal_anomaly,qwen3-vl:4b,0
capture_0311,tools/dataset/captures/live_surveillance_20260629T1003Z/capture_0311.jpg,,,,,,false,train,,excluded,auto-consensus,2026-07-21T20:10:35+00:00,,,tools/dataset/captures/live_surveillance_20260629T1003Z/labels_ollama_proposals.csv,excluded,no_valid_votes,qwen3-vl:4b,0
capture_0312,tools/dataset/captures/live_surveillance_20260629T1003Z/capture_0312.jpg,,,,,,false,train,,excluded,auto-consensus,2026-07-21T20:10:35+00:00,,,tools/dataset/captures/live_surveillance_20260629T1003Z/labels_ollama_proposals.csv,excluded,no_valid_votes,qwen3-vl:4b,0
capture_0313,tools/dataset/captures/live_surveillance_20260629T1003Z/capture_0313.jpg,,,,,,false,train,,excluded,auto-consensus,2026-07-21T20:10:35+00:00,,,tools/dataset/captures/live_surveillance_20260629T1003Z/labels_ollama_proposals.csv,excluded,no_valid_votes,qwen3-vl:4b,0
capture_0314,tools/dataset/captures/live_surveillance_20260629T1003Z/capture_0314.jpg,,,,,,false,train,,excluded,auto-consensus,2026-07-21T20:10:35+00:00,,,tools/dataset/captures/live_surveillance_20260629T1003Z/labels_ollama_proposals.csv,excluded,no_valid_votes,qwen3-vl:4b,0
capture_0315,tools/dataset/captures/live_surveillance_20260629T1003Z/capture_0315.jpg,,,,,,false,train,,excluded,auto-consensus,2026-07-21T20:10:35+00:00,,,tools/dataset/captures/live_surveillance_20260629T1003Z/labels_ollama_proposals.csv,excluded,no_valid_votes,qwen3-vl:4b,0
capture_0316,tools/dataset/captures/live_surveillance_20260629T1003Z/capture_0316.jpg,,,,,,false,train,co2_ppm:1658:neighbor_median=660.5,excluded,auto-consensus,2026-07-21T20:10:35+00:00,,,tools/dataset/captures/live_surveillance_20260629T1003Z/labels_ollama_proposals.csv,excluded,temporal_anomaly,qwen3-vl:4b,0
capture_0317,tools/dataset/captures/live_surveillance_20260629T1003Z/capture_0317.jpg,,,,,,false,train,,excluded,auto-consensus,2026-07-21T20:10:35+00:00,,,tools/dataset/captures/live_surveillance_20260629T1003Z/labels_ollama_proposals.csv,excluded,no_valid_votes,qwen3-vl:4b,0
capture_0318,tools/dataset/captures/live_surveillance_20260629T1003Z/capture_0318.jpg,,,,,,false,train,,excluded,auto-consensus,2026-07-21T20:10:35+00:00,,,tools/dataset/captures/live_surveillance_20260629T1003Z/labels_ollama_proposals.csv,excluded,no_valid_votes,qwen3-vl:4b,0
capture_0319,tools/dataset/captures/live_surveillance_20260629T1003Z/capture_0319.jpg,,,,,,false,train,co2_ppm:663:neighbor_median=1152;tvoc_raw:820:neighbor_median=793,excluded,auto-consensus,2026-07-21T20:10:35+00:00,,,tools/dataset/captures/live_surveillance_20260629T1003Z/labels_ollama_proposals.csv,excluded,temporal_anomaly,qwen3-vl:4b,0
capture_0320,tools/dataset/captures/live_surveillance_20260629T1003Z/capture_0320.jpg,,,,,,false,train,co2_ppm:652:neighbor_median=1157.5,excluded,auto-consensus,2026-07-21T20:10:35+00:00,,,tools/dataset/captures/live_surveillance_20260629T1003Z/labels_ollama_proposals.csv,excluded,temporal_anomaly,qwen3-vl:4b,0
capture_0321,tools/dataset/captures/live_surveillance_20260629T1003Z/capture_0321.jpg,,,,,,false,train,co2_ppm:1652:neighbor_median=657.5,excluded,auto-consensus,2026-07-21T20:10:35+00:00,,,tools/dataset/captures/live_surveillance_20260629T1003Z/labels_ollama_proposals.csv,excluded,temporal_anomaly,qwen3-vl:4b,0
capture_0322,tools/dataset/captures/live_surveillance_20260629T1003Z/capture_0322.jpg,,,,,,false,train,,excluded,auto-consensus,2026-07-21T20:10:35+00:00,,,tools/dataset/captures/live_surveillance_20260629T1003Z/labels_ollama_proposals.csv,excluded,no_valid_votes,qwen3-vl:4b,0
capture_0323,tools/dataset/captures/live_surveillance_20260629T1003Z/capture_0323.jpg,,,,,,false,train,,excluded,auto-consensus,2026-07-21T20:10:35+00:00,,,tools/dataset/captures/live_surveillance_20260629T1003Z/labels_ollama_proposals.csv,excluded,no_valid_votes,qwen3-vl:4b,0
capture_0324,tools/dataset/captures/live_surveillance_20260629T1003Z/capture_0324.jpg,,,,,,false,train,,excluded,auto-consensus,2026-07-21T20:10:35+00:00,,,tools/dataset/captures/live_surveillance_20260629T1003Z/labels_ollama_proposals.csv,excluded,no_valid_votes,qwen3-vl:4b,0
capture_0325,tools/dataset/captures/live_surveillance_20260629T1003Z/capture_0325.jpg,,,,,,false,train,co2_ppm:652:neighbor_median=1155,excluded,auto-consensus,2026-07-21T20:10:35+00:00,,,tools/dataset/captures/live_surveillance_20260629T1003Z/labels_ollama_proposals.csv,excluded,temporal_anomaly,qwen3-vl:4b,0
capture_0326,tools/dataset/captures/live_surveillance_20260629T1003Z/capture_0326.jpg,,,,,,false,train,co2_ppm:1652:neighbor_median=655,excluded,auto-consensus,2026-07-21T20:10:35+00:00,,,tools/dataset/captures/live_surveillance_20260629T1003Z/labels_ollama_proposals.csv,excluded,temporal_anomaly,qwen3-vl:4b,0
capture_0327,tools/dataset/captures/live_surveillance_20260629T1003Z/capture_0327.jpg,,,,,,false,train,,excluded,auto-consensus,2026-07-21T20:10:35+00:00,,,tools/dataset/captures/live_surveillance_20260629T1003Z/labels_ollama_proposals.csv,excluded,no_valid_votes,qwen3-vl:4b,0
capture_0328,tools/dataset/captures/live_surveillance_20260629T1003Z/capture_0328.jpg,,,,,,false,train,,excluded,auto-consensus,2026-07-21T20:10:35+00:00,,,tools/dataset/captures/live_surveillance_20260629T1003Z/labels_ollama_proposals.csv,excluded,no_valid_votes,qwen3-vl:4b,0
capture_0329,tools/dataset/captures/live_surveillance_20260629T1003Z/capture_0329.jpg,,,,,,false,train,co2_ppm:658:neighbor_median=1155,excluded,auto-consensus,2026-07-21T20:10:35+00:00,,,tools/dataset/captures/live_surveillance_20260629T1003Z/labels_ollama_proposals.csv,excluded,temporal_anomaly,qwen3-vl:4b,0
capture_0330,tools/dataset/captures/live_surveillance_20260629T1003Z/capture_0330.jpg,,,,,,false,train,,excluded,auto-consensus,2026-07-21T20:10:35+00:00,,,tools/dataset/captures/live_surveillance_20260629T1003Z/labels_ollama_proposals.csv,excluded,no_valid_votes,qwen3-vl:4b,0
capture_0331,tools/dataset/captures/live_surveillance_20260629T1003Z/capture_0331.jpg,,,,,,false,train,,excluded,auto-consensus,2026-07-21T20:10:35+00:00,,,tools/dataset/captures/live_surveillance_20260629T1003Z/labels_ollama_proposals.csv,excluded,no_valid_votes,qwen3-vl:4b,0
capture_0332,tools/dataset/captures/live_surveillance_20260629T1003Z/capture_0332.jpg,,,,,,false,train,,excluded,auto-consensus,2026-07-21T20:10:35+00:00,,,tools/dataset/captures/live_surveillance_20260629T1003Z/labels_ollama_proposals.csv,excluded,no_valid_votes,qwen3-vl:4b,0
capture_0333,tools/dataset/captures/live_surveillance_20260629T1003Z/capture_0333.jpg,,,,,,false,train,co2_ppm:1652:neighbor_median=658,excluded,auto-consensus,2026-07-21T20:10:35+00:00,,,tools/dataset/captures/live_surveillance_20260629T1003Z/labels_ollama_proposals.csv,excluded,temporal_anomaly,qwen3-vl:4b,0
capture_0334,tools/dataset/captures/live_surveillance_20260629T1003Z/capture_0334.jpg,,,,,,false,train,co2_ppm:658:neighbor_median=1155,excluded,auto-consensus,2026-07-21T20:10:35+00:00,,,tools/dataset/captures/live_surveillance_20260629T1003Z/labels_ollama_proposals.csv,excluded,temporal_anomaly,qwen3-vl:4b,0
capture_0335,tools/dataset/captures/live_surveillance_20260629T1003Z/capture_0335.jpg,,,,,,false,train,,excluded,auto-consensus,2026-07-21T20:10:35+00:00,,,tools/dataset/captures/live_surveillance_20260629T1003Z/labels_ollama_proposals.csv,excluded,no_valid_votes,qwen3-vl:4b,0
capture_0336,tools/dataset/captures/live_surveillance_20260629T1003Z/capture_0336.jpg,,,,,,false,train,,excluded,auto-consensus,2026-07-21T20:10:35+00:00,,,tools/dataset/captures/live_surveillance_20260629T1003Z/labels_ollama_proposals.csv,excluded,no_valid_votes,qwen3-vl:4b,0
capture_0337,tools/dataset/captures/live_surveillance_20260629T1003Z/capture_0337.jpg,,,,,,false,train,co2_ppm:652:neighbor_median=1155,excluded,auto-consensus,2026-07-21T20:10:35+00:00,,,tools/dataset/captures/live_surveillance_20260629T1003Z/labels_ollama_proposals.csv,excluded,temporal_anomaly,qwen3-vl:4b,0
capture_0338,tools/dataset/captures/live_surveillance_20260629T1003Z/capture_0338.jpg,,,,,,false,train,,excluded,auto-consensus,2026-07-21T20:10:35+00:00,,,tools/dataset/captures/live_surveillance_20260629T1003Z/labels_ollama_proposals.csv,excluded,no_valid_votes,qwen3-vl:4b,0
capture_0339,tools/dataset/captures/live_surveillance_20260629T1003Z/capture_0339.jpg,,,,,,false,train,co2_ppm:1652:neighbor_median=652,excluded,auto-consensus,2026-07-21T20:10:35+00:00,,,tools/dataset/captures/live_surveillance_20260629T1003Z/labels_ollama_proposals.csv,excluded,temporal_anomaly,qwen3-vl:4b,0
capture_0340,tools/dataset/captures/live_surveillance_20260629T1003Z/capture_0340.jpg,28,50,652,285,798,true,train,auto_consensus,automated_consensus,auto-consensus,2026-07-21T20:10:35+00:00,qwen3-vl:4b,aqs-five-field-v2,tools/dataset/captures/live_surveillance_20260629T1003Z/labels_ollama_proposals.csv,promoted,single_model_temporal_plausible,qwen3-vl:4b,1
capture_0341,tools/dataset/captures/live_surveillance_20260629T1003Z/capture_0341.jpg,28,50,652,285,798,true,train,auto_consensus,automated_consensus,auto-consensus,2026-07-21T20:10:35+00:00,qwen3-vl:4b,aqs-five-field-v2,tools/dataset/captures/live_surveillance_20260629T1003Z/labels_ollama_proposals.csv,promoted,single_model_temporal_plausible,qwen3-vl:4b,1
capture_0342,tools/dataset/captures/live_surveillance_20260629T1003Z/capture_0342.jpg,28,50,652,285,798,true,train,auto_consensus,automated_consensus,auto-consensus,2026-07-21T20:10:35+00:00,qwen3-vl:4b,aqs-five-field-v2,tools/dataset/captures/live_surveillance_20260629T1003Z/labels_ollama_proposals.csv,promoted,single_model_temporal_plausible,qwen3-vl:4b,1
capture_0343,tools/dataset/captures/live_surveillance_20260629T1003Z/capture_0343.jpg,28,50,652,282,789,true,train,auto_consensus,automated_consensus,auto-consensus,2026-07-21T20:10:35+00:00,qwen3-vl:4b,aqs-five-field-v2,tools/dataset/captures/live_surveillance_20260629T1003Z/labels_ollama_proposals.csv,promoted,single_model_temporal_plausible,qwen3-vl:4b,1
capture_0344,tools/dataset/captures/live_surveillance_20260629T1003Z/capture_0344.jpg,28,50,652,285,798,true,train,auto_consensus,automated_consensus,auto-consensus,2026-07-21T20:10:35+00:00,qwen3-vl:4b,aqs-five-field-v2,tools/dataset/captures/live_surveillance_20260629T1003Z/labels_ollama_proposals.csv,promoted,single_model_temporal_plausible,qwen3-vl:4b,1
capture_0345,tools/dataset/captures/live_surveillance_20260629T1003Z/capture_0345.jpg,28,50,647,282,789,true,train,auto_consensus,automated_consensus,auto-consensus,2026-07-21T20:10:35+00:00,qwen3-vl:4b,aqs-five-field-v2,tools/dataset/captures/live_surveillance_20260629T1003Z/labels_ollama_proposals.csv,promoted,single_model_temporal_plausible,qwen3-vl:4b,1
capture_0346,tools/dataset/captures/live_surveillance_20260629T1003Z/capture_0346.jpg,28,50,647,278,789,true,train,auto_consensus,automated_consensus,auto-consensus,2026-07-21T20:10:35+00:00,qwen3-vl:4b,aqs-five-field-v2,tools/dataset/captures/live_surveillance_20260629T1003Z/labels_ollama_proposals.csv,promoted,single_model_temporal_plausible,qwen3-vl:4b,1
capture_0347,tools/dataset/captures/live_surveillance_20260629T1003Z/capture_0347.jpg,,,,,,false,train,co2_ppm:652:neighbor_median=1149.5,excluded,auto-consensus,2026-07-21T20:10:35+00:00,,,tools/dataset/captures/live_surveillance_20260629T1003Z/labels_ollama_proposals.csv,excluded,temporal_anomaly,qwen3-vl:4b,0
capture_0348,tools/dataset/captures/live_surveillance_20260629T1003Z/capture_0348.jpg,,,,,,false,train,co2_ppm:1652:neighbor_median=649.5,excluded,auto-consensus,2026-07-21T20:10:35+00:00,,,tools/dataset/captures/live_surveillance_20260629T1003Z/labels_ollama_proposals.csv,excluded,temporal_anomaly,qwen3-vl:4b,0
capture_0349,tools/dataset/captures/live_surveillance_20260629T1003Z/capture_0349.jpg,,,,,,false,train,co2_ppm:1652:neighbor_median=649.5,excluded,auto-consensus,2026-07-21T20:10:35+00:00,,,tools/dataset/captures/live_surveillance_20260629T1003Z/labels_ollama_proposals.csv,excluded,temporal_anomaly,qwen3-vl:4b,0
capture_0350,tools/dataset/captures/live_surveillance_20260629T1003Z/capture_0350.jpg,,,,,,false,train,co2_ppm:641:neighbor_median=1149.5,excluded,auto-consensus,2026-07-21T20:10:35+00:00,,,tools/dataset/captures/live_surveillance_20260629T1003Z/labels_ollama_proposals.csv,excluded,temporal_anomaly,qwen3-vl:4b,0
capture_0351,tools/dataset/captures/live_surveillance_20260629T1003Z/capture_0351.jpg,,,,,,false,train,tvoc_raw:770:neighbor_median=483.5,excluded,auto-consensus,2026-07-21T20:10:35+00:00,,,tools/dataset/captures/live_surveillance_20260629T1003Z/labels_ollama_proposals.csv,excluded,temporal_anomaly,qwen3-vl:4b,0
capture_0352,tools/dataset/captures/live_surveillance_20260629T1003Z/capture_0352.jpg,,,,,,false,train,tvoc_raw:170:neighbor_median=779.5,excluded,auto-consensus,2026-07-21T20:10:35+00:00,,,tools/dataset/captures/live_surveillance_20260629T1003Z/labels_ollama_proposals.csv,excluded,temporal_anomaly,qwen3-vl:4b,0
capture_0353,tools/dataset/captures/live_surveillance_20260629T1003Z/capture_0353.jpg,,,,,,false,train,tvoc_raw:178:neighbor_median=779.5,excluded,auto-consensus,2026-07-21T20:10:35+00:00,,,tools/dataset/captures/live_surveillance_20260629T1003Z/labels_ollama_proposals.csv,excluded,temporal_anomaly,qwen3-vl:4b,0
capture_0354,tools/dataset/captures/live_surveillance_20260629T1003Z/capture_0354.jpg,,,,,,false,train,co2_ppm:647:neighbor_median=1144;tvoc_raw:789:neighbor_median=483.5,excluded,auto-consensus,2026-07-21T20:10:35+00:00,,,tools/dataset/captures/live_surveillance_20260629T1003Z/labels_ollama_proposals.csv,excluded,temporal_anomaly,qwen3-vl:4b,0
capture_0355,tools/dataset/captures/live_surveillance_20260629T1003Z/capture_0355.jpg,,,,,,false,train,co2_ppm:1647:neighbor_median=1144,excluded,auto-consensus,2026-07-21T20:10:35+00:00,,,tools/dataset/captures/live_surveillance_20260629T1003Z/labels_ollama_proposals.csv,excluded,temporal_anomaly,qwen3-vl:4b,0
capture_0356,tools/dataset/captures/live_surveillance_20260629T1003Z/capture_0356.jpg,,,,,,false,train,co2_ppm:1641:neighbor_median=1147,excluded,auto-consensus,2026-07-21T20:10:35+00:00,,,tools/dataset/captures/live_surveillance_20260629T1003Z/labels_ollama_proposals.csv,excluded,temporal_anomaly,qwen3-vl:4b,0
capture_0357,tools/dataset/captures/live_surveillance_20260629T1003Z/capture_0357.jpg,28,50,1647,285,789,true,train,auto_consensus,automated_consensus,auto-consensus,2026-07-21T20:10:35+00:00,qwen3-vl:4b,aqs-five-field-v2,tools/dataset/captures/live_surveillance_20260629T1003Z/labels_ollama_proposals.csv,promoted,single_model_temporal_plausible,qwen3-vl:4b,1
capture_0358,tools/dataset/captures/live_surveillance_20260629T1003Z/capture_0358.jpg,,,,,,false,train,co2_ppm:647:neighbor_median=1647,excluded,auto-consensus,2026-07-21T20:10:35+00:00,,,tools/dataset/captures/live_surveillance_20260629T1003Z/labels_ollama_proposals.csv,excluded,temporal_anomaly,qwen3-vl:4b,0
capture_0359,tools/dataset/captures/live_surveillance_20260629T1003Z/capture_0359.jpg,,,,,,false,train,co2_ppm:1647:neighbor_median=1147,excluded,auto-consensus,2026-07-21T20:10:35+00:00,,,tools/dataset/captures/live_surveillance_20260629T1003Z/labels_ollama_proposals.csv,excluded,temporal_anomaly,qwen3-vl:4b,0
capture_0360,tools/dataset/captures/live_surveillance_20260629T1003Z/capture_0360.jpg,,,,,,false,train,co2_ppm:1647:neighbor_median=647,excluded,auto-consensus,2026-07-21T20:10:35+00:00,,,tools/dataset/captures/live_surveillance_20260629T1003Z/labels_ollama_proposals.csv,excluded,temporal_anomaly,qwen3-vl:4b,0
capture_0361,tools/dataset/captures/live_surveillance_20260629T1003Z/capture_0361.jpg,,,,,,false,train,co2_ppm:647:neighbor_median=1647,excluded,auto-consensus,2026-07-21T20:10:35+00:00,,,tools/dataset/captures/live_surveillance_20260629T1003Z/labels_ollama_proposals.csv,excluded,temporal_anomaly,qwen3-vl:4b,0
capture_0362,tools/dataset/captures/live_surveillance_20260629T1003Z/capture_0362.jpg,,,,,,false,train,co2_ppm:636:neighbor_median=1147;tvoc_raw:758:neighbor_median=789,excluded,auto-consensus,2026-07-21T20:10:35+00:00,,,tools/dataset/captures/live_surveillance_20260629T1003Z/labels_ollama_proposals.csv,excluded,temporal_anomaly,qwen3-vl:4b,0
capture_0363,tools/dataset/captures/live_surveillance_20260629T1003Z/capture_0363.jpg,,,,,,false,train,co2_ppm:1647:neighbor_median=636;tvoc_raw:789:neighbor_median=468,excluded,auto-consensus,2026-07-21T20:10:35+00:00,,,tools/dataset/captures/live_surveillance_20260629T1003Z/labels_ollama_proposals.csv,excluded,temporal_anomaly,qwen3-vl:4b,0
capture_0364,tools/dataset/captures/live_surveillance_20260629T1003Z/capture_0364.jpg,,,,,,false,train,tvoc_raw:178:neighbor_median=773.5,excluded,auto-consensus,2026-07-21T20:10:35+00:00,,,tools/dataset/captures/live_surveillance_20260629T1003Z/labels_ollama_proposals.csv,excluded,temporal_anomaly,qwen3-vl:4b,0
capture_0365,tools/dataset/captures/live_surveillance_20260629T1003Z/capture_0365.jpg,,,,,,false,train,tvoc_raw:170:neighbor_median=483.5,excluded,auto-consensus,2026-07-21T20:10:35+00:00,,,tools/dataset/captures/live_surveillance_20260629T1003Z/labels_ollama_proposals.csv,excluded,temporal_anomaly,qwen3-vl:4b,0
capture_0366,tools/dataset/captures/live_surveillance_20260629T1003Z/capture_0366.jpg,,,,,,false,train,tvoc_raw:789:neighbor_median=174,excluded,auto-consensus,2026-07-21T20:10:35+00:00,,,tools/dataset/captures/live_surveillance_20260629T1003Z/labels_ollama_proposals.csv,excluded,temporal_anomaly,qwen3-vl:4b,0
capture_0367,tools/dataset/captures/live_surveillance_20260629T1003Z/capture_0367.jpg,,,,,,false,train,tvoc_raw:170:neighbor_median=758,excluded,auto-consensus,2026-07-21T20:10:35+00:00,,,tools/dataset/captures/live_surveillance_20260629T1003Z/labels_ollama_proposals.csv,excluded,temporal_anomaly,qwen3-vl:4b,0
capture_0368,tools/dataset/captures/live_surveillance_20260629T1003Z/capture_0368.jpg,28,50,630,271,758,true,train,auto_consensus,automated_consensus,auto-consensus,2026-07-21T20:10:35+00:00,qwen3-vl:4b,aqs-five-field-v2,tools/dataset/captures/live_surveillance_20260629T1003Z/labels_ollama_proposals.csv,promoted,single_model_temporal_plausible,qwen3-vl:4b,1
capture_0369,tools/dataset/captures/live_surveillance_20260629T1003Z/capture_0369.jpg,28,50,630,271,758,true,train,auto_consensus,automated_consensus,auto-consensus,2026-07-21T20:10:35+00:00,qwen3-vl:4b,aqs-five-field-v2,tools/dataset/captures/live_surveillance_20260629T1003Z/labels_ollama_proposals.csv,promoted,single_model_temporal_plausible,qwen3-vl:4b,1
capture_0370,tools/dataset/captures/live_surveillance_20260629T1003Z/capture_0370.jpg,28,50,630,271,758,true,train,auto_consensus,automated_consensus,auto-consensus,2026-07-21T20:10:35+00:00,qwen3-vl:4b,aqs-five-field-v2,tools/dataset/captures/live_surveillance_20260629T1003Z/labels_ollama_proposals.csv,promoted,single_model_temporal_plausible,qwen3-vl:4b,1
capture_0371,tools/dataset/captures/live_surveillance_20260629T1003Z/capture_0371.jpg,28,50,630,271,758,true,train,auto_consensus,automated_consensus,auto-consensus,2026-07-21T20:10:35+00:00,qwen3-vl:4b,aqs-five-field-v2,tools/dataset/captures/live_surveillance_20260629T1003Z/labels_ollama_proposals.csv,promoted,single_model_temporal_plausible,qwen3-vl:4b,1
capture_0372,tools/dataset/captures/live_surveillance_20260629T1003Z/capture_0372.jpg,28,50,630,271,758,true,train,auto_consensus,automated_consensus,auto-consensus,2026-07-21T20:10:35+00:00,qwen3-vl:4b,aqs-five-field-v2,tools/dataset/captures/live_surveillance_20260629T1003Z/labels_ollama_proposals.csv,promoted,single_model_temporal_plausible,qwen3-vl:4b,1
capture_0373,tools/dataset/captures/live_surveillance_20260629T1003Z/capture_0373.jpg,28,50,630,271,758,true,train,auto_consensus,automated_consensus,auto-consensus,2026-07-21T20:10:35+00:00,qwen3-vl:4b,aqs-five-field-v2,tools/dataset/captures/live_surveillance_20260629T1003Z/labels_ollama_proposals.csv,promoted,single_model_temporal_plausible,qwen3-vl:4b,1
capture_0374,tools/dataset/captures/live_surveillance_20260629T1003Z/capture_0374.jpg,28,50,630,271,758,true,train,auto_consensus,automated_consensus,auto-consensus,2026-07-21T20:10:35+00:00,qwen3-vl:4b,aqs-five-field-v2,tools/dataset/captures/live_surveillance_20260629T1003Z/labels_ollama_proposals.csv,promoted,single_model_temporal_plausible,qwen3-vl:4b,1
capture_0375,tools/dataset/captures/live_surveillance_20260629T1003Z/capture_0375.jpg,28,50,630,271,758,true,train,auto_consensus,automated_consensus,auto-consensus,2026-07-21T20:10:35+00:00,qwen3-vl:4b,aqs-five-field-v2,tools/dataset/captures/live_surveillance_20260629T1003Z/labels_ollama_proposals.csv,promoted,single_model_temporal_plausible,qwen3-vl:4b,1
capture_0376,tools/dataset/captures/live_surveillance_20260629T1003Z/capture_0376.jpg,28,50,630,271,758,true,train,auto_consensus,automated_consensus,auto-consensus,2026-07-21T20:10:35+00:00,qwen3-vl:4b,aqs-five-field-v2,tools/dataset/captures/live_surveillance_20260629T1003Z/labels_ollama_proposals.csv,promoted,single_model_temporal_plausible,qwen3-vl:4b,1
capture_0377,tools/dataset/captures/live_surveillance_20260629T1003Z/capture_0377.jpg,28,50,630,271,758,true,train,auto_consensus,automated_consensus,auto-consensus,2026-07-21T20:10:35+00:00,qwen3-vl:4b,aqs-five-field-v2,tools/dataset/captures/live_surveillance_20260629T1003Z/labels_ollama_proposals.csv,promoted,single_model_temporal_plausible,qwen3-vl:4b,1
capture_0378,tools/dataset/captures/live_surveillance_20260629T1003Z/capture_0378.jpg,28,50,630,271,758,true,train,auto_consensus,automated_consensus,auto-consensus,2026-07-21T20:10:35+00:00,qwen3-vl:4b,aqs-five-field-v2,tools/dataset/captures/live_surveillance_20260629T1003Z/labels_ollama_proposals.csv,promoted,single_model_temporal_plausible,qwen3-vl:4b,1
capture_0379,tools/dataset/captures/live_surveillance_20260629T1003Z/capture_0379.jpg,28,50,636,271,758,true,train,auto_consensus,automated_consensus,auto-consensus,2026-07-21T20:10:35+00:00,qwen3-vl:4b,aqs-five-field-v2,tools/dataset/captures/live_surveillance_20260629T1003Z/labels_ollama_proposals.csv,promoted,single_model_temporal_plausible,qwen3-vl:4b,1
capture_0380,tools/dataset/captures/live_surveillance_20260629T1003Z/capture_0380.jpg,28,50,630,271,758,true,train,auto_consensus,automated_consensus,auto-consensus,2026-07-21T20:10:35+00:00,qwen3-vl:4b,aqs-five-field-v2,tools/dataset/captures/live_surveillance_20260629T1003Z/labels_ollama_proposals.csv,promoted,single_model_temporal_plausible,qwen3-vl:4b,1
capture_0381,tools/dataset/captures/live_surveillance_20260629T1003Z/capture_0381.jpg,28,50,630,271,758,true,train,auto_consensus,automated_consensus,auto-consensus,2026-07-21T20:10:35+00:00,qwen3-vl:4b,aqs-five-field-v2,tools/dataset/captures/live_surveillance_20260629T1003Z/labels_ollama_proposals.csv,promoted,single_model_temporal_plausible,qwen3-vl:4b,1
capture_0382,tools/dataset/captures/live_surveillance_20260629T1003Z/capture_0382.jpg,28,50,630,271,758,true,train,auto_consensus,automated_consensus,auto-consensus,2026-07-21T20:10:35+00:00,qwen3-vl:4b,aqs-five-field-v2,tools/dataset/captures/live_surveillance_20260629T1003Z/labels_ollama_proposals.csv,promoted,single_model_temporal_plausible,qwen3-vl:4b,1
capture_0383,tools/dataset/captures/live_surveillance_20260629T1003Z/capture_0383.jpg,28,50,630,271,758,true,train,auto_consensus,automated_consensus,auto-consensus,2026-07-21T20:10:35+00:00,qwen3-vl:4b,aqs-five-field-v2,tools/dataset/captures/live_surveillance_20260629T1003Z/labels_ollama_proposals.csv,promoted,single_model_temporal_plausible,qwen3-vl:4b,1
capture_0384,tools/dataset/captures/live_surveillance_20260629T1003Z/capture_0384.jpg,28,50,630,271,758,true,train,auto_consensus,automated_consensus,auto-consensus,2026-07-21T20:10:35+00:00,qwen3-vl:4b,aqs-five-field-v2,tools/dataset/captures/live_surveillance_20260629T1003Z/labels_ollama_proposals.csv,promoted,single_model_temporal_plausible,qwen3-vl:4b,1
capture_0385,tools/dataset/captures/live_surveillance_20260629T1003Z/capture_0385.jpg,28,50,630,271,758,true,train,auto_consensus,automated_consensus,auto-consensus,2026-07-21T20:10:35+00:00,qwen3-vl:4b,aqs-five-field-v2,tools/dataset/captures/live_surveillance_20260629T1003Z/labels_ollama_proposals.csv,promoted,single_model_temporal_plausible,qwen3-vl:4b,1
capture_0386,tools/dataset/captures/live_surveillance_20260629T1003Z/capture_0386.jpg,28,50,630,271,758,true,train,auto_consensus,automated_consensus,auto-consensus,2026-07-21T20:10:35+00:00,qwen3-vl:4b,aqs-five-field-v2,tools/dataset/captures/live_surveillance_20260629T1003Z/labels_ollama_proposals.csv,promoted,single_model_temporal_plausible,qwen3-vl:4b,1
capture_0387,tools/dataset/captures/live_surveillance_20260629T1003Z/capture_0387.jpg,28,50,630,271,758,true,train,auto_consensus,automated_consensus,auto-consensus,2026-07-21T20:10:35+00:00,qwen3-vl:4b,aqs-five-field-v2,tools/dataset/captures/live_surveillance_20260629T1003Z/labels_ollama_proposals.csv,promoted,single_model_temporal_plausible,qwen3-vl:4b,1
capture_0388,tools/dataset/captures/live_surveillance_20260629T1003Z/capture_0388.jpg,28,50,630,271,758,true,train,auto_consensus,automated_consensus,auto-consensus,2026-07-21T20:10:35+00:00,qwen3-vl:4b,aqs-five-field-v2,tools/dataset/captures/live_surveillance_20260629T1003Z/labels_ollama_proposals.csv,promoted,single_model_temporal_plausible,qwen3-vl:4b,1
capture_0389,tools/dataset/captures/live_surveillance_20260629T1003Z/capture_0389.jpg,28,50,630,271,758,true,train,auto_consensus,automated_consensus,auto-consensus,2026-07-21T20:10:35+00:00,qwen3-vl:4b,aqs-five-field-v2,tools/dataset/captures/live_surveillance_20260629T1003Z/labels_ollama_proposals.csv,promoted,single_model_temporal_plausible,qwen3-vl:4b,1
capture_0390,tools/dataset/captures/live_surveillance_20260629T1003Z/capture_0390.jpg,28,50,630,271,758,true,train,auto_consensus,automated_consensus,auto-consensus,2026-07-21T20:10:35+00:00,qwen3-vl:4b,aqs-five-field-v2,tools/dataset/captures/live_surveillance_20260629T1003Z/labels_ollama_proposals.csv,promoted,single_model_temporal_plausible,qwen3-vl:4b,1
capture_0391,tools/dataset/captures/live_surveillance_20260629T1003Z/capture_0391.jpg,28,50,630,271,758,true,train,auto_consensus,automated_consensus,auto-consensus,2026-07-21T20:10:35+00:00,qwen3-vl:4b,aqs-five-field-v2,tools/dataset/captures/live_surveillance_20260629T1003Z/labels_ollama_proposals.csv,promoted,single_model_temporal_plausible,qwen3-vl:4b,1
capture_0392,tools/dataset/captures/live_surveillance_20260629T1003Z/capture_0392.jpg,,,,,,false,train,tvoc_raw:758:neighbor_median=414.5,excluded,auto-consensus,2026-07-21T20:10:35+00:00,,,tools/dataset/captures/live_surveillance_20260629T1003Z/labels_ollama_proposals.csv,excluded,temporal_anomaly,qwen3-vl:4b,0
capture_0393,tools/dataset/captures/live_surveillance_20260629T1003Z/capture_0393.jpg,,,,,,false,train,tvoc_raw:71:neighbor_median=414.5,excluded,auto-consensus,2026-07-21T20:10:35+00:00,,,tools/dataset/captures/live_surveillance_20260629T1003Z/labels_ollama_proposals.csv,excluded,temporal_anomaly,qwen3-vl:4b,0
capture_0394,tools/dataset/captures/live_surveillance_20260629T1003Z/capture_0394.jpg,,,,,,false,train,tvoc_raw:71:neighbor_median=414.5,excluded,auto-consensus,2026-07-21T20:10:35+00:00,,,tools/dataset/captures/live_surveillance_20260629T1003Z/labels_ollama_proposals.csv,excluded,temporal_anomaly,qwen3-vl:4b,0
capture_0395,tools/dataset/captures/live_surveillance_20260629T1003Z/capture_0395.jpg,28,50,619,267,71,true,train,auto_consensus,automated_consensus,auto-consensus,2026-07-21T20:10:35+00:00,qwen3-vl:4b,aqs-five-field-v2,tools/dataset/captures/live_surveillance_20260629T1003Z/labels_ollama_proposals.csv,promoted,single_model_temporal_plausible,qwen3-vl:4b,1
capture_0396,tools/dataset/captures/live_surveillance_20260629T1003Z/capture_0396.jpg,,,,,,false,train,tvoc_raw:758:neighbor_median=71,excluded,auto-consensus,2026-07-21T20:10:35+00:00,,,tools/dataset/captures/live_surveillance_20260629T1003Z/labels_ollama_proposals.csv,excluded,temporal_anomaly,qwen3-vl:4b,0
capture_0397,tools/dataset/captures/live_surveillance_20260629T1003Z/capture_0397.jpg,,,,,,false,train,co2_ppm:1625:neighbor_median=619;tvoc_raw:71:neighbor_median=405,excluded,auto-consensus,2026-07-21T20:10:35+00:00,,,tools/dataset/captures/live_surveillance_20260629T1003Z/labels_ollama_proposals.csv,excluded,temporal_anomaly,qwen3-vl:4b,0
capture_0398,tools/dataset/captures/live_surveillance_20260629T1003Z/capture_0398.jpg,,,,,,false,train,co2_ppm:608:neighbor_median=1111;tvoc_raw:19:neighbor_median=723.5,excluded,auto-consensus,2026-07-21T20:10:35+00:00,,,tools/dataset/captures/live_surveillance_20260629T1003Z/labels_ollama_proposals.csv,excluded,temporal_anomaly,qwen3-vl:4b,0
capture_0399,tools/dataset/captures/live_surveillance_20260629T1003Z/capture_0399.jpg,,,,,,false,train,co2_ppm:619:neighbor_median=1592;tvoc_raw:739:neighbor_median=379.5,excluded,auto-consensus,2026-07-21T20:10:35+00:00,,,tools/dataset/captures/live_surveillance_20260629T1003Z/labels_ollama_proposals.csv,excluded,temporal_anomaly,qwen3-vl:4b,0
capture_0400,tools/dataset/captures/live_surveillance_20260629T1003Z/capture_0400.jpg,,,,,,false,train,co2_ppm:1592:neighbor_median=1105.5,excluded,auto-consensus,2026-07-21T20:10:35+00:00,,,tools/dataset/captures/live_surveillance_20260629T1003Z/labels_ollama_proposals.csv,excluded,temporal_anomaly,qwen3-vl:4b,0
capture_0401,tools/dataset/captures/live_surveillance_20260629T1003Z/capture_0401.jpg,28,50,1592,246,688,true,train,auto_consensus,automated_consensus,auto-consensus,2026-07-21T20:10:35+00:00,qwen3-vl:4b,aqs-five-field-v2,tools/dataset/captures/live_surveillance_20260629T1003Z/labels_ollama_proposals.csv,promoted,single_model_temporal_plausible,qwen3-vl:4b,1
capture_0402,tools/dataset/captures/live_surveillance_20260629T1003Z/capture_0402.jpg,28,50,1603,253,708,true,train,auto_consensus,automated_consensus,auto-consensus,2026-07-21T20:10:35+00:00,qwen3-vl:4b,aqs-five-field-v2,tools/dataset/captures/live_surveillance_20260629T1003Z/labels_ollama_proposals.csv,promoted,single_model_temporal_plausible,qwen3-vl:4b,1
capture_0403,tools/dataset/captures/live_surveillance_20260629T1003Z/capture_0403.jpg,28,50,1597,246,688,true,train,auto_consensus,automated_consensus,auto-consensus,2026-07-21T20:10:35+00:00,qwen3-vl:4b,aqs-five-field-v2,tools/dataset/captures/live_surveillance_20260629T1003Z/labels_ollama_proposals.csv,promoted,single_model_temporal_plausible,qwen3-vl:4b,1
capture_0404,tools/dataset/captures/live_surveillance_20260629T1003Z/capture_0404.jpg,28,50,1586,242,677,true,train,auto_consensus,automated_consensus,auto-consensus,2026-07-21T20:10:35+00:00,qwen3-vl:4b,aqs-five-field-v2,tools/dataset/captures/live_surveillance_20260629T1003Z/labels_ollama_proposals.csv,promoted,single_model_temporal_plausible,qwen3-vl:4b,1
capture_0405,tools/dataset/captures/live_surveillance_20260629T1003Z/capture_0405.jpg,,,,,,false,train,co2_ppm:586:neighbor_median=1586,excluded,auto-consensus,2026-07-21T20:10:35+00:00,,,tools/dataset/captures/live_surveillance_20260629T1003Z/labels_ollama_proposals.csv,excluded,temporal_anomaly,qwen3-vl:4b,0
capture_0406,tools/dataset/captures/live_surveillance_20260629T1003Z/capture_0406.jpg,28,50,1586,242,677,true,train,auto_consensus,automated_consensus,auto-consensus,2026-07-21T20:10:35+00:00,qwen3-vl:4b,aqs-five-field-v2,tools/dataset/captures/live_surveillance_20260629T1003Z/labels_ollama_proposals.csv,promoted,single_model_temporal_plausible,qwen3-vl:4b,1
capture_0407,tools/dataset/captures/live_surveillance_20260629T1003Z/capture_0407.jpg,,,,,,false,train,hcho_raw:42:neighbor_median=240.5,excluded,auto-consensus,2026-07-21T20:10:35+00:00,,,tools/dataset/captures/live_surveillance_20260629T1003Z/labels_ollama_proposals.csv,excluded,temporal_anomaly,qwen3-vl:4b,0
capture_0408,tools/dataset/captures/live_surveillance_20260629T1003Z/capture_0408.jpg,28,50,1581,239,669,true,train,auto_consensus,automated_consensus,auto-consensus,2026-07-21T20:10:35+00:00,qwen3-vl:4b,aqs-five-field-v2,tools/dataset/captures/live_surveillance_20260629T1003Z/labels_ollama_proposals.csv,promoted,single_model_temporal_plausible,qwen3-vl:4b,1
capture_0409,tools/dataset/captures/live_surveillance_20260629T1003Z/capture_0409.jpg,28,50,1581,239,669,true,train,auto_consensus,automated_consensus,auto-consensus,2026-07-21T20:10:35+00:00,qwen3-vl:4b,aqs-five-field-v2,tools/dataset/captures/live_surveillance_20260629T1003Z/labels_ollama_proposals.csv,promoted,single_model_temporal_plausible,qwen3-vl:4b,1
capture_0410,tools/dataset/captures/live_surveillance_20260629T1003Z/capture_0410.jpg,28,50,1581,239,669,true,train,auto_consensus,automated_consensus,auto-consensus,2026-07-21T20:10:35+00:00,qwen3-vl:4b,aqs-five-field-v2,tools/dataset/captures/live_surveillance_20260629T1003Z/labels_ollama_proposals.csv,promoted,single_model_temporal_plausible,qwen3-vl:4b,1
capture_0411,tools/dataset/captures/live_surveillance_20260629T1003Z/capture_0411.jpg,28,50,1581,239,669,true,train,auto_consensus,automated_consensus,auto-consensus,2026-07-21T20:10:35+00:00,qwen3-vl:4b,aqs-five-field-v2,tools/dataset/captures/live_surveillance_20260629T1003Z/labels_ollama_proposals.csv,promoted,single_model_temporal_plausible,qwen3-vl:4b,1
capture_0412,tools/dataset/captures/live_surveillance_20260629T1003Z/capture_0412.jpg,28,50,1581,239,669,true,train,auto_consensus,automated_consensus,auto-consensus,2026-07-21T20:10:35+00:00,qwen3-vl:4b,aqs-five-field-v2,tools/dataset/captures/live_surveillance_20260629T1003Z/labels_ollama_proposals.csv,promoted,single_model_temporal_plausible,qwen3-vl:4b,1
capture_0413,tools/dataset/captures/live_surveillance_20260629T1003Z/capture_0413.jpg,28,50,1581,239,669,true,train,auto_consensus,automated_consensus,auto-consensus,2026-07-21T20:10:35+00:00,qwen3-vl:4b,aqs-five-field-v2,tools/dataset/captures/live_surveillance_20260629T1003Z/labels_ollama_proposals.csv,promoted,single_model_temporal_plausible,qwen3-vl:4b,1
capture_0414,tools/dataset/captures/live_surveillance_20260629T1003Z/capture_0414.jpg,28,50,1581,239,669,true,train,auto_consensus,automated_consensus,auto-consensus,2026-07-21T20:10:35+00:00,qwen3-vl:4b,aqs-five-field-v2,tools/dataset/captures/live_surveillance_20260629T1003Z/labels_ollama_proposals.csv,promoted,single_model_temporal_plausible,qwen3-vl:4b,1
capture_0415,tools/dataset/captures/live_surveillance_20260629T1003Z/capture_0415.jpg,28,50,1575,235,658,true,train,auto_consensus,automated_consensus,auto-consensus,2026-07-21T20:10:35+00:00,qwen3-vl:4b,aqs-five-field-v2,tools/dataset/captures/live_surveillance_20260629T1003Z/labels_ollama_proposals.csv,promoted,single_model_temporal_plausible,qwen3-vl:4b,1
capture_0416,tools/dataset/captures/live_surveillance_20260629T1003Z/capture_0416.jpg,28,50,1575,235,658,true,train,auto_consensus,automated_consensus,auto-consensus,2026-07-21T20:10:35+00:00,qwen3-vl:4b,aqs-five-field-v2,tools/dataset/captures/live_surveillance_20260629T1003Z/labels_ollama_proposals.csv,promoted,single_model_temporal_plausible,qwen3-vl:4b,1
capture_0417,tools/dataset/captures/live_surveillance_20260629T1003Z/capture_0417.jpg,28,50,1575,235,658,true,train,auto_consensus,automated_consensus,auto-consensus,2026-07-21T20:10:35+00:00,qwen3-vl:4b,aqs-five-field-v2,tools/dataset/captures/live_surveillance_20260629T1003Z/labels_ollama_proposals.csv,promoted,single_model_temporal_plausible,qwen3-vl:4b,1
capture_0418,tools/dataset/captures/live_surveillance_20260629T1003Z/capture_0418.jpg,,,,,,false,train,hcho_raw:235:neighbor_median=219;tvoc_raw:658:neighbor_median=607.5,excluded,auto-consensus,2026-07-21T20:10:35+00:00,,,tools/dataset/captures/live_surveillance_20260629T1003Z/labels_ollama_proposals.csv,excluded,temporal_anomaly,qwen3-vl:4b,0
capture_0419,tools/dataset/captures/live_surveillance_20260629T1003Z/capture_0419.jpg,,,,,,false,train,hcho_raw:23:neighbor_median=219;tvoc_raw:6:neighbor_median=607.5,excluded,auto-consensus,2026-07-21T20:10:35+00:00,,,tools/dataset/captures/live_surveillance_20260629T1003Z/labels_ollama_proposals.csv,excluded,temporal_anomaly,qwen3-vl:4b,0
capture_0420,tools/dataset/captures/live_surveillance_20260629T1003Z/capture_0420.jpg,,,,,,false,train,hcho_raw:203:neighbor_median=185;tvoc_raw:557:neighbor_median=58,excluded,auto-consensus,2026-07-21T20:10:35+00:00,,,tools/dataset/captures/live_surveillance_20260629T1003Z/labels_ollama_proposals.csv,excluded,temporal_anomaly,qwen3-vl:4b,0
capture_0421,tools/dataset/captures/live_surveillance_20260629T1003Z/capture_0421.jpg,28,50,1498,185,58,true,train,auto_consensus,automated_consensus,auto-consensus,2026-07-21T20:10:35+00:00,qwen3-vl:4b,aqs-five-field-v2,tools/dataset/captures/live_surveillance_20260629T1003Z/labels_ollama_proposals.csv,promoted,single_model_temporal_plausible,qwen3-vl:4b,1
capture_0422,tools/dataset/captures/live_surveillance_20260629T1003Z/capture_0422.jpg,28,50,1498,185,58,true,train,auto_consensus,automated_consensus,auto-consensus,2026-07-21T20:10:35+00:00,qwen3-vl:4b,aqs-five-field-v2,tools/dataset/captures/live_surveillance_20260629T1003Z/labels_ollama_proposals.csv,promoted,single_model_temporal_plausible,qwen3-vl:4b,1
capture_0423,tools/dataset/captures/live_surveillance_20260629T1003Z/capture_0423.jpg,28,50,1498,185,58,true,train,auto_consensus,automated_consensus,auto-consensus,2026-07-21T20:10:35+00:00,qwen3-vl:4b,aqs-five-field-v2,tools/dataset/captures/live_surveillance_20260629T1003Z/labels_ollama_proposals.csv,promoted,single_model_temporal_plausible,qwen3-vl:4b,1
capture_0424,tools/dataset/captures/live_surveillance_20260629T1003Z/capture_0424.jpg,28,50,1498,185,58,true,train,auto_consensus,automated_consensus,auto-consensus,2026-07-21T20:10:35+00:00,qwen3-vl:4b,aqs-five-field-v2,tools/dataset/captures/live_surveillance_20260629T1003Z/labels_ollama_proposals.csv,promoted,single_model_temporal_plausible,qwen3-vl:4b,1
capture_0425,tools/dataset/captures/live_surveillance_20260629T1003Z/capture_0425.jpg,,,,,,false,train,co2_ppm:498:neighbor_median=1498,excluded,auto-consensus,2026-07-21T20:10:35+00:00,,,tools/dataset/captures/live_surveillance_20260629T1003Z/labels_ollama_proposals.csv,excluded,temporal_anomaly,qwen3-vl:4b,0
capture_0426,tools/dataset/captures/live_surveillance_20260629T1003Z/capture_0426.jpg,,,,,,false,train,co2_ppm:1498:neighbor_median=976;tvoc_raw:58:neighbor_median=271.5,excluded,auto-consensus,2026-07-21T20:10:35+00:00,,,tools/dataset/captures/live_surveillance_20260629T1003Z/labels_ollama_proposals.csv,excluded,temporal_anomaly,qwen3-vl:4b,0
capture_0427,tools/dataset/captures/live_surveillance_20260629T1003Z/capture_0427.jpg,,,,,,false,train,co2_ppm:493:neighbor_median=1443;tvoc_raw:506:neighbor_median=271,excluded,auto-consensus,2026-07-21T20:10:35+00:00,,,tools/dataset/captures/live_surveillance_20260629T1003Z/labels_ollama_proposals.csv,excluded,temporal_anomaly,qwen3-vl:4b,0
capture_0428,tools/dataset/captures/live_surveillance_20260629T1003Z/capture_0428.jpg,,,,,,false,train,co2_ppm:1454:neighbor_median=962.5,excluded,auto-consensus,2026-07-21T20:10:35+00:00,,,tools/dataset/captures/live_surveillance_20260629T1003Z/labels_ollama_proposals.csv,excluded,temporal_anomaly,qwen3-vl:4b,0
capture_0429,tools/dataset/captures/live_surveillance_20260629T1003Z/capture_0429.jpg,,,,,,false,train,co2_ppm:1432:neighbor_median=973.5,excluded,auto-consensus,2026-07-21T20:10:35+00:00,,,tools/dataset/captures/live_surveillance_20260629T1003Z/labels_ollama_proposals.csv,excluded,temporal_anomaly,qwen3-vl:4b,0
capture_0430,tools/dataset/captures/live_surveillance_20260629T1003Z/capture_0430.jpg,,,,,,false,train,co2_ppm:410:neighbor_median=962.5;hcho_raw:69:neighbor_median=174,excluded,auto-consensus,2026-07-21T20:10:35+00:00,,,tools/dataset/captures/live_surveillance_20260629T1003Z/labels_ollama_proposals.csv,excluded,temporal_anomaly,qwen3-vl:4b,0
capture_0431,tools/dataset/captures/live_surveillance_20260629T1003Z/capture_0431.jpg,,,,,,false,train,,excluded,auto-consensus,2026-07-21T20:10:35+00:00,,,tools/dataset/captures/live_surveillance_20260629T1003Z/labels_ollama_proposals.csv,excluded,no_valid_votes,qwen3-vl:4b,0
capture_0432,tools/dataset/captures/live_surveillance_20260629T1003Z/capture_0432.jpg,,,,,,false,train,,excluded,auto-consensus,2026-07-21T20:10:35+00:00,,,tools/dataset/captures/live_surveillance_20260629T1003Z/labels_ollama_proposals.csv,excluded,no_valid_votes,qwen3-vl:4b,0
capture_0433,tools/dataset/captures/live_surveillance_20260629T1003Z/capture_0433.jpg,,,,,,false,train,hcho_raw:69:neighbor_median=111.5,excluded,auto-consensus,2026-07-21T20:10:35+00:00,,,tools/dataset/captures/live_surveillance_20260629T1003Z/labels_ollama_proposals.csv,excluded,temporal_anomaly,qwen3-vl:4b,0
capture_0434,tools/dataset/captures/live_surveillance_20260629T1003Z/capture_0434.jpg,,,,,,false,train,co2_ppm:410:neighbor_median=866;hcho_raw:69:neighbor_median=111.5;tvoc_raw:473:neighbor_median=238.5,excluded,auto-consensus,2026-07-21T20:10:35+00:00,,,tools/dataset/captures/live_surveillance_20260629T1003Z/labels_ollama_proposals.csv,excluded,temporal_anomaly,qwen3-vl:4b,0
capture_0435,tools/dataset/captures/live_surveillance_20260629T1003Z/capture_0435.jpg,,,,,,false,train,co2_ppm:355:neighbor_median=866;hcho_raw:155:neighbor_median=69;tvoc_raw:434:neighbor_median=258,excluded,auto-consensus,2026-07-21T20:10:35+00:00,,,tools/dataset/captures/live_surveillance_20260629T1003Z/labels_ollama_proposals.csv,excluded,temporal_anomaly,qwen3-vl:4b,0
capture_0436,tools/dataset/captures/live_surveillance_20260629T1003Z/capture_0436.jpg,,,,,,false,train,co2_ppm:1344:neighbor_median=382.5;hcho_raw:154:neighbor_median=61.5;tvoc_raw:42:neighbor_median=431,excluded,auto-consensus,2026-07-21T20:10:35+00:00,,,tools/dataset/captures/live_surveillance_20260629T1003Z/labels_ollama_proposals.csv,excluded,temporal_anomaly,qwen3-vl:4b,0
capture_0437,tools/dataset/captures/live_surveillance_20260629T1003Z/capture_0437.jpg,,,,,,false,train,co2_ppm:1322:neighbor_median=338.5;hcho_raw:54:neighbor_median=103.5;tvoc_raw:43:neighbor_median=428,excluded,auto-consensus,2026-07-21T20:10:35+00:00,,,tools/dataset/captures/live_surveillance_20260629T1003Z/labels_ollama_proposals.csv,excluded,temporal_anomaly,qwen3-vl:4b,0
capture_0438,tools/dataset/captures/live_surveillance_20260629T1003Z/capture_0438.jpg,,,,,,false,train,co2_ppm:322:neighbor_median=822;tvoc_raw:428:neighbor_median=235.5,excluded,auto-consensus,2026-07-21T20:10:35+00:00,,,tools/dataset/captures/live_surveillance_20260629T1003Z/labels_ollama_proposals.csv,excluded,temporal_anomaly,qwen3-vl:4b,0
capture_0439,tools/dataset/captures/live_surveillance_20260629T1003Z/capture_0439.jpg,28,50,322,53,428,true,train,auto_consensus,automated_consensus,auto-consensus,2026-07-21T20:10:35+00:00,qwen3-vl:4b,aqs-five-field-v2,tools/dataset/captures/live_surveillance_20260629T1003Z/labels_ollama_proposals.csv,promoted,single_model_temporal_plausible,qwen3-vl:4b,1
capture_0440,tools/dataset/captures/live_surveillance_20260629T1003Z/capture_0440.jpg,28,50,322,53,428,true,train,auto_consensus,automated_consensus,auto-consensus,2026-07-21T20:10:35+00:00,qwen3-vl:4b,aqs-five-field-v2,tools/dataset/captures/live_surveillance_20260629T1003Z/labels_ollama_proposals.csv,promoted,single_model_temporal_plausible,qwen3-vl:4b,1
capture_0441,tools/dataset/captures/live_surveillance_20260629T1003Z/capture_0441.jpg,28,50,322,53,428,true,train,auto_consensus,automated_consensus,auto-consensus,2026-07-21T20:10:35+00:00,qwen3-vl:4b,aqs-five-field-v2,tools/dataset/captures/live_surveillance_20260629T1003Z/labels_ollama_proposals.csv,promoted,single_model_temporal_plausible,qwen3-vl:4b,1
capture_0442,tools/dataset/captures/live_surveillance_20260629T1003Z/capture_0442.jpg,28,49,322,53,428,true,train,auto_consensus,automated_consensus,auto-consensus,2026-07-21T20:10:35+00:00,qwen3-vl:4b,aqs-five-field-v2,tools/dataset/captures/live_surveillance_20260629T1003Z/labels_ollama_proposals.csv,promoted,single_model_temporal_plausible,qwen3-vl:4b,1
capture_0443,tools/dataset/captures/live_surveillance_20260629T1003Z/capture_0443.jpg,,,,,,false,train,hcho_raw:53:neighbor_median=102.5,excluded,auto-consensus,2026-07-21T20:10:35+00:00,,,tools/dataset/captures/live_surveillance_20260629T1003Z/labels_ollama_proposals.csv,excluded,temporal_anomaly,qwen3-vl:4b,0
capture_0444,tools/dataset/captures/live_surveillance_20260629T1003Z/capture_0444.jpg,,,,,,false,train,hcho_raw:152:neighbor_median=53,excluded,auto-consensus,2026-07-21T20:10:35+00:00,,,tools/dataset/captures/live_surveillance_20260629T1003Z/labels_ollama_proposals.csv,excluded,temporal_anomaly,qwen3-vl:4b,0
capture_0445,tools/dataset/captures/live_surveillance_20260629T1003Z/capture_0445.jpg,,,,,,false,train,co2_ppm:322:neighbor_median=800;hcho_raw:153:neighbor_median=50,excluded,auto-consensus,2026-07-21T20:10:35+00:00,,,tools/dataset/captures/live_surveillance_20260629T1003Z/labels_ollama_proposals.csv,excluded,temporal_anomaly,qwen3-vl:4b,0
capture_0446,tools/dataset/captures/live_surveillance_20260629T1003Z/capture_0446.jpg,,,,,,false,train,co2_ppm:1278:neighbor_median=800;hcho_raw:47:neighbor_median=83.5;tvoc_raw:44:neighbor_median=415.5,excluded,auto-consensus,2026-07-21T20:10:35+00:00,,,tools/dataset/captures/live_surveillance_20260629T1003Z/labels_ollama_proposals.csv,excluded,temporal_anomaly,qwen3-vl:4b,0
capture_0447,tools/dataset/captures/live_surveillance_20260629T1003Z/capture_0447.jpg,,,,,,false,train,hcho_raw:15:neighbor_median=95.5,excluded,auto-consensus,2026-07-21T20:10:35+00:00,,,tools/dataset/captures/live_surveillance_20260629T1003Z/labels_ollama_proposals.csv,excluded,temporal_anomaly,qwen3-vl:4b,0
capture_0448,tools/dataset/captures/live_surveillance_20260629T1003Z/capture_0448.jpg,,,,,,false,train,hcho_raw:15:neighbor_median=32.5;tvoc_raw:406:neighbor_median=223.5,excluded,auto-consensus,2026-07-21T20:10:35+00:00,,,tools/dataset/captures/live_surveillance_20260629T1003Z/labels_ollama_proposals.csv,excluded,temporal_anomaly,qwen3-vl:4b,0
capture_0449,tools/dataset/captures/live_surveillance_20260629T1003Z/capture_0449.jpg,,,,,,false,train,hcho_raw:144:neighbor_median=16.5;tvoc_raw:403:neighbor_median=210,excluded,auto-consensus,2026-07-21T20:10:35+00:00,,,tools/dataset/captures/live_surveillance_20260629T1003Z/labels_ollama_proposals.csv,excluded,temporal_anomaly,qwen3-vl:4b,0
capture_0450,tools/dataset/captures/live_surveillance_20260629T1003Z/capture_0450.jpg,,,,,,false,train,tvoc_raw:14:neighbor_median=208.5,excluded,auto-consensus,2026-07-21T20:10:35+00:00,,,tools/dataset/captures/live_surveillance_20260629T1003Z/labels_ollama_proposals.csv,excluded,temporal_anomaly,qwen3-vl:4b,0
capture_0451,tools/dataset/captures/live_surveillance_20260629T1003Z/capture_0451.jpg,,,,,,false,train,co2_ppm:311:neighbor_median=1284;hcho_raw:18:neighbor_median=81;tvoc_raw:14:neighbor_median=208.5,excluded,auto-consensus,2026-07-21T20:10:35+00:00,,,tools/dataset/captures/live_surveillance_20260629T1003Z/labels_ollama_proposals.csv,excluded,temporal_anomaly,qwen3-vl:4b,0
capture_0452,tools/dataset/captures/live_surveillance_20260629T1003Z/capture_0452.jpg,,,,,,false,train,hcho_raw:15:neighbor_median=81;tvoc_raw:14:neighbor_median=208.5,excluded,auto-consensus,2026-07-21T20:10:35+00:00,,,tools/dataset/captures/live_surveillance_20260629T1003Z/labels_ollama_proposals.csv,excluded,temporal_anomaly,qwen3-vl:4b,0
capture_0453,tools/dataset/captures/live_surveillance_20260629T1003Z/capture_0453.jpg,,,,,,false,train,hcho_raw:147:neighbor_median=18;tvoc_raw:406:neighbor_median=14,excluded,auto-consensus,2026-07-21T20:10:35+00:00,,,tools/dataset/captures/live_surveillance_20260629T1003Z/labels_ollama_proposals.csv,excluded,temporal_anomaly,qwen3-vl:4b,0
capture_0454,tools/dataset/captures/live_surveillance_20260629T1003Z/capture_0454.jpg,,,,,,false,train,,excluded,auto-consensus,2026-07-21T20:10:35+00:00,,,tools/dataset/captures/live_surveillance_20260629T1003Z/labels_ollama_proposals.csv,excluded,no_valid_votes,qwen3-vl:4b,0
capture_0455,tools/dataset/captures/live_surveillance_20260629T1003Z/capture_0455.jpg,,,,,,false,train,hcho_raw:146:neighbor_median=30;tvoc_raw:408:neighbor_median=210,excluded,auto-consensus,2026-07-21T20:10:35+00:00,,,tools/dataset/captures/live_surveillance_20260629T1003Z/labels_ollama_proposals.csv,excluded,temporal_anomaly,qwen3-vl:4b,0
capture_0456,tools/dataset/captures/live_surveillance_20260629T1003Z/capture_0456.jpg,,,,,,false,train,hcho_raw:45:neighbor_median=96.5;tvoc_raw:406:neighbor_median=208.5,excluded,auto-consensus,2026-07-21T20:10:35+00:00,,,tools/dataset/captures/live_surveillance_20260629T1003Z/labels_ollama_proposals.csv,excluded,temporal_anomaly,qwen3-vl:4b,0
capture_0457,tools/dataset/captures/live_surveillance_20260629T1003Z/capture_0457.jpg,,,,,,false,train,hcho_raw:13:neighbor_median=95.5;tvoc_raw:11:neighbor_median=406,excluded,auto-consensus,2026-07-21T20:10:35+00:00,,,tools/dataset/captures/live_surveillance_20260629T1003Z/labels_ollama_proposals.csv,excluded,temporal_anomaly,qwen3-vl:4b,0
capture_0458,tools/dataset/captures/live_surveillance_20260629T1003Z/capture_0458.jpg,,,,,,false,train,hcho_raw:47:neighbor_median=94.5;tvoc_raw:11:neighbor_median=406,excluded,auto-consensus,2026-07-21T20:10:35+00:00,,,tools/dataset/captures/live_surveillance_20260629T1003Z/labels_ollama_proposals.csv,excluded,temporal_anomaly,qwen3-vl:4b,0
capture_0459,tools/dataset/captures/live_surveillance_20260629T1003Z/capture_0459.jpg,,,,,,false,train,hcho_raw:144:neighbor_median=29;tvoc_raw:406:neighbor_median=198.5,excluded,auto-consensus,2026-07-21T20:10:35+00:00,,,tools/dataset/captures/live_surveillance_20260629T1003Z/labels_ollama_proposals.csv,excluded,temporal_anomaly,qwen3-vl:4b,0
capture_0460,tools/dataset/captures/live_surveillance_20260629T1003Z/capture_0460.jpg,,,,,,false,train,,excluded,auto-consensus,2026-07-21T20:10:35+00:00,,,tools/dataset/captures/live_surveillance_20260629T1003Z/labels_ollama_proposals.csv,excluded,no_valid_votes,qwen3-vl:4b,0
capture_0461,tools/dataset/captures/live_surveillance_20260629T1003Z/capture_0461.jpg,,,,,,false,train,hcho_raw:13:neighbor_median=91.5;tvoc_raw:386:neighbor_median=195.5,excluded,auto-consensus,2026-07-21T20:10:35+00:00,,,tools/dataset/captures/live_surveillance_20260629T1003Z/labels_ollama_proposals.csv,excluded,temporal_anomaly,qwen3-vl:4b,0
capture_0462,tools/dataset/captures/live_surveillance_20260629T1003Z/capture_0462.jpg,,,,,,false,train,hcho_raw:136:neighbor_median=91.5,excluded,auto-consensus,2026-07-21T20:10:35+00:00,,,tools/dataset/captures/live_surveillance_20260629T1003Z/labels_ollama_proposals.csv,excluded,temporal_anomaly,qwen3-vl:4b,0
capture_0463,tools/dataset/captures/live_surveillance_20260629T1003Z/capture_0463.jpg,,,,,,false,train,,excluded,auto-consensus,2026-07-21T20:10:35+00:00,,,tools/dataset/captures/live_surveillance_20260629T1003Z/labels_ollama_proposals.csv,excluded,no_valid_votes,qwen3-vl:4b,0
capture_0464,tools/dataset/captures/live_surveillance_20260629T1003Z/capture_0464.jpg,,,,,,false,train,,excluded,auto-consensus,2026-07-21T20:10:35+00:00,,,tools/dataset/captures/live_surveillance_20260629T1003Z/labels_ollama_proposals.csv,excluded,no_valid_votes,qwen3-vl:4b,0
capture_0465,tools/dataset/captures/live_surveillance_20260629T1003Z/capture_0465.jpg,28,49,1229,136,380,true,train,auto_consensus,automated_consensus,auto-consensus,2026-07-21T20:10:35+00:00,qwen3-vl:4b,aqs-five-field-v2,tools/dataset/captures/live_surveillance_20260629T1003Z/labels_ollama_proposals.csv,promoted,single_model_temporal_plausible,qwen3-vl:4b,1
capture_0466,tools/dataset/captures/live_surveillance_20260629T1003Z/capture_0466.jpg,28,49,1229,136,380,true,train,auto_consensus,automated_consensus,auto-consensus,2026-07-21T20:10:35+00:00,qwen3-vl:4b,aqs-five-field-v2,tools/dataset/captures/live_surveillance_20260629T1003Z/labels_ollama_proposals.csv,promoted,single_model_temporal_plausible,qwen3-vl:4b,1
capture_0467,tools/dataset/captures/live_surveillance_20260629T1003Z/capture_0467.jpg,28,49,1229,136,380,true,train,auto_consensus,automated_consensus,auto-consensus,2026-07-21T20:10:35+00:00,qwen3-vl:4b,aqs-five-field-v2,tools/dataset/captures/live_surveillance_20260629T1003Z/labels_ollama_proposals.csv,promoted,single_model_temporal_plausible,qwen3-vl:4b,1
capture_0468,tools/dataset/captures/live_surveillance_20260629T1003Z/capture_0468.jpg,28,49,1229,136,380,true,train,auto_consensus,automated_consensus,auto-consensus,2026-07-21T20:10:35+00:00,qwen3-vl:4b,aqs-five-field-v2,tools/dataset/captures/live_surveillance_20260629T1003Z/labels_ollama_proposals.csv,promoted,single_model_temporal_plausible,qwen3-vl:4b,1
capture_0469,tools/dataset/captures/live_surveillance_20260629T1003Z/capture_0469.jpg,,,,,,false,train,hcho_raw:13:neighbor_median=136,excluded,auto-consensus,2026-07-21T20:10:35+00:00,,,tools/dataset/captures/live_surveillance_20260629T1003Z/labels_ollama_proposals.csv,excluded,temporal_anomaly,qwen3-vl:4b,0
capture_0470,tools/dataset/captures/live_surveillance_20260629T1003Z/capture_0470.jpg,,,,,,false,train,,excluded,auto-consensus,2026-07-21T20:10:35+00:00,,,tools/dataset/captures/live_surveillance_20260629T1003Z/labels_ollama_proposals.csv,excluded,no_valid_votes,qwen3-vl:4b,0
capture_0471,tools/dataset/captures/live_surveillance_20260629T1003Z/capture_0471.jpg,28,49,1229,136,380,true,train,auto_consensus,automated_consensus,auto-consensus,2026-07-21T20:10:35+00:00,qwen3-vl:4b,aqs-five-field-v2,tools/dataset/captures/live_surveillance_20260629T1003Z/labels_ollama_proposals.csv,promoted,single_model_temporal_plausible,qwen3-vl:4b,1
capture_0472,tools/dataset/captures/live_surveillance_20260629T1003Z/capture_0472.jpg,,,,,,false,train,,excluded,auto-consensus,2026-07-21T20:10:35+00:00,,,tools/dataset/captures/live_surveillance_20260629T1003Z/labels_ollama_proposals.csv,excluded,no_valid_votes,qwen3-vl:4b,0
capture_0473,tools/dataset/captures/live_surveillance_20260629T1003Z/capture_0473.jpg,28,49,1229,136,380,true,train,auto_consensus,automated_consensus,auto-consensus,2026-07-21T20:10:35+00:00,qwen3-vl:4b,aqs-five-field-v2,tools/dataset/captures/live_surveillance_20260629T1003Z/labels_ollama_proposals.csv,promoted,single_model_temporal_plausible,qwen3-vl:4b,1
capture_0474,tools/dataset/captures/live_surveillance_20260629T1003Z/capture_0474.jpg,28,49,1229,136,380,true,train,auto_consensus,automated_consensus,auto-consensus,2026-07-21T20:10:35+00:00,qwen3-vl:4b,aqs-five-field-v2,tools/dataset/captures/live_surveillance_20260629T1003Z/labels_ollama_proposals.csv,promoted,single_model_temporal_plausible,qwen3-vl:4b,1
capture_0475,tools/dataset/captures/live_surveillance_20260629T1003Z/capture_0475.jpg,,,,,,false,train,,excluded,auto-consensus,2026-07-21T20:10:35+00:00,,,tools/dataset/captures/live_surveillance_20260629T1003Z/labels_ollama_proposals.csv,excluded,no_valid_votes,qwen3-vl:4b,0
capture_0476,tools/dataset/captures/live_surveillance_20260629T1003Z/capture_0476.jpg,,,,,,false,train,,excluded,auto-consensus,2026-07-21T20:10:35+00:00,,,tools/dataset/captures/live_surveillance_20260629T1003Z/labels_ollama_proposals.csv,excluded,no_valid_votes,qwen3-vl:4b,0
capture_0477,tools/dataset/captures/live_surveillance_20260629T1003Z/capture_0477.jpg,28,49,1218,135,375,true,train,auto_consensus,automated_consensus,auto-consensus,2026-07-21T20:10:35+00:00,qwen3-vl:4b,aqs-five-field-v2,tools/dataset/captures/live_surveillance_20260629T1003Z/labels_ollama_proposals.csv,promoted,single_model_temporal_plausible,qwen3-vl:4b,1
capture_0478,tools/dataset/captures/live_surveillance_20260629T1003Z/capture_0478.jpg,,,,,,false,train,,excluded,auto-consensus,2026-07-21T20:10:35+00:00,,,tools/dataset/captures/live_surveillance_20260629T1003Z/labels_ollama_proposals.csv,excluded,no_valid_votes,qwen3-vl:4b,0
capture_0479,tools/dataset/captures/live_surveillance_20260629T1003Z/capture_0479.jpg,,,,,,false,train,,excluded,auto-consensus,2026-07-21T20:10:35+00:00,,,tools/dataset/captures/live_surveillance_20260629T1003Z/labels_ollama_proposals.csv,excluded,no_valid_votes,qwen3-vl:4b,0
capture_0480,tools/dataset/captures/live_surveillance_20260629T1003Z/capture_0480.jpg,,,,,,false,train,,excluded,auto-consensus,2026-07-21T20:10:35+00:00,,,tools/dataset/captures/live_surveillance_20260629T1003Z/labels_ollama_proposals.csv,excluded,no_valid_votes,qwen3-vl:4b,0
capture_0481,tools/dataset/captures/live_surveillance_20260629T1003Z/capture_0481.jpg,,,,,,false,train,,excluded,auto-consensus,2026-07-21T20:10:35+00:00,,,tools/dataset/captures/live_surveillance_20260629T1003Z/labels_ollama_proposals.csv,excluded,no_valid_votes,qwen3-vl:4b,0
capture_0482,tools/dataset/captures/live_surveillance_20260629T1003Z/capture_0482.jpg,,,,,,false,train,,excluded,auto-consensus,2026-07-21T20:10:35+00:00,,,tools/dataset/captures/live_surveillance_20260629T1003Z/labels_ollama_proposals.csv,excluded,no_valid_votes,qwen3-vl:4b,0
capture_0483,tools/dataset/captures/live_surveillance_20260629T1003Z/capture_0483.jpg,,,,,,false,train,,excluded,auto-consensus,2026-07-21T20:10:35+00:00,,,tools/dataset/captures/live_surveillance_20260629T1003Z/labels_ollama_proposals.csv,excluded,no_valid_votes,qwen3-vl:4b,0
capture_0484,tools/dataset/captures/live_surveillance_20260629T1003Z/capture_0484.jpg,,,,,,false,train,,excluded,auto-consensus,2026-07-21T20:10:35+00:00,,,tools/dataset/captures/live_surveillance_20260629T1003Z/labels_ollama_proposals.csv,excluded,no_valid_votes,qwen3-vl:4b,0
capture_0485,tools/dataset/captures/live_surveillance_20260629T1003Z/capture_0485.jpg,,,,,,false,train,,excluded,auto-consensus,2026-07-21T20:10:35+00:00,,,tools/dataset/captures/live_surveillance_20260629T1003Z/labels_ollama_proposals.csv,excluded,no_valid_votes,qwen3-vl:4b,0
capture_0486,tools/dataset/captures/live_surveillance_20260629T1003Z/capture_0486.jpg,,,,,,false,train,,excluded,auto-consensus,2026-07-21T20:10:35+00:00,,,tools/dataset/captures/live_surveillance_20260629T1003Z/labels_ollama_proposals.csv,excluded,no_valid_votes,qwen3-vl:4b,0
capture_0487,tools/dataset/captures/live_surveillance_20260629T1003Z/capture_0487.jpg,,,,,,false,train,,excluded,auto-consensus,2026-07-21T20:10:35+00:00,,,tools/dataset/captures/live_surveillance_20260629T1003Z/labels_ollama_proposals.csv,excluded,no_valid_votes,qwen3-vl:4b,0
capture_0488,tools/dataset/captures/live_surveillance_20260629T1003Z/capture_0488.jpg,,,,,,false,train,hcho_raw:13:neighbor_median=51.5,excluded,auto-consensus,2026-07-21T20:10:35+00:00,,,tools/dataset/captures/live_surveillance_20260629T1003Z/labels_ollama_proposals.csv,excluded,temporal_anomaly,qwen3-vl:4b,0
capture_0489,tools/dataset/captures/live_surveillance_20260629T1003Z/capture_0489.jpg,,,,,,false,train,,excluded,auto-consensus,2026-07-21T20:10:35+00:00,,,tools/dataset/captures/live_surveillance_20260629T1003Z/labels_ollama_proposals.csv,excluded,no_valid_votes,qwen3-vl:4b,0
capture_0490,tools/dataset/captures/live_surveillance_20260629T1003Z/capture_0490.jpg,,,,,,false,train,,excluded,auto-consensus,2026-07-21T20:10:35+00:00,,,tools/dataset/captures/live_surveillance_20260629T1003Z/labels_ollama_proposals.csv,excluded,no_valid_votes,qwen3-vl:4b,0
capture_0491,tools/dataset/captures/live_surveillance_20260629T1003Z/capture_0491.jpg,,,,,,false,train,,excluded,auto-consensus,2026-07-21T20:10:35+00:00,,,tools/dataset/captures/live_surveillance_20260629T1003Z/labels_ollama_proposals.csv,excluded,no_valid_votes,qwen3-vl:4b,0
capture_0492,tools/dataset/captures/live_surveillance_20260629T1003Z/capture_0492.jpg,,,,,,false,train,,excluded,auto-consensus,2026-07-21T20:10:35+00:00,,,tools/dataset/captures/live_surveillance_20260629T1003Z/labels_ollama_proposals.csv,excluded,no_valid_votes,qwen3-vl:4b,0
capture_0493,tools/dataset/captures/live_surveillance_20260629T1003Z/capture_0493.jpg,,,,,,false,train,,excluded,auto-consensus,2026-07-21T20:10:35+00:00,,,tools/dataset/captures/live_surveillance_20260629T1003Z/labels_ollama_proposals.csv,excluded,no_valid_votes,qwen3-vl:4b,0
capture_0494,tools/dataset/captures/live_surveillance_20260629T1003Z/capture_0494.jpg,,,,,,false,train,,excluded,auto-consensus,2026-07-21T20:10:35+00:00,,,tools/dataset/captures/live_surveillance_20260629T1003Z/labels_ollama_proposals.csv,excluded,no_valid_votes,qwen3-vl:4b,0
capture_0495,tools/dataset/captures/live_surveillance_20260629T1003Z/capture_0495.jpg,,,,,,false,train,,excluded,auto-consensus,2026-07-21T20:10:35+00:00,,,tools/dataset/captures/live_surveillance_20260629T1003Z/labels_ollama_proposals.csv,excluded,no_valid_votes,qwen3-vl:4b,0
capture_0496,tools/dataset/captures/live_surveillance_20260629T1003Z/capture_0496.jpg,,,,,,false,train,co2_ppm:1119:neighbor_median=965;hcho_raw:15:neighbor_median=87.5,excluded,auto-consensus,2026-07-21T20:10:35+00:00,,,tools/dataset/captures/live_surveillance_20260629T1003Z/labels_ollama_proposals.csv,excluded,temporal_anomaly,qwen3-vl:4b,0
capture_0497,tools/dataset/captures/live_surveillance_20260629T1003Z/capture_0497.jpg,,,,,,false,train,,excluded,auto-consensus,2026-07-21T20:10:35+00:00,,,tools/dataset/captures/live_surveillance_20260629T1003Z/labels_ollama_proposals.csv,excluded,no_valid_votes,qwen3-vl:4b,0
capture_0498,tools/dataset/captures/live_surveillance_20260629T1003Z/capture_0498.jpg,,,,,,false,train,,excluded,auto-consensus,2026-07-21T20:10:35+00:00,,,tools/dataset/captures/live_surveillance_20260629T1003Z/labels_ollama_proposals.csv,excluded,no_valid_votes,qwen3-vl:4b,0
capture_0499,tools/dataset/captures/live_surveillance_20260629T1003Z/capture_0499.jpg,,,,,,false,train,hcho_raw:9:neighbor_median=87.5;tvoc_raw:57:neighbor_median=31,excluded,auto-consensus,2026-07-21T20:10:35+00:00,,,tools/dataset/captures/live_surveillance_20260629T1003Z/labels_ollama_proposals.csv,excluded,temporal_anomaly,qwen3-vl:4b,0
capture_0500,tools/dataset/captures/live_surveillance_20260629T1003Z/capture_0500.jpg,28,49,965,88,26,true,train,auto_consensus,automated_consensus,auto-consensus,2026-07-21T20:10:35+00:00,qwen3-vl:4b,aqs-five-field-v2,tools/dataset/captures/live_surveillance_20260629T1003Z/labels_ollama_proposals.csv,promoted,single_model_temporal_plausible,qwen3-vl:4b,1
capture_0501,tools/dataset/captures/live_surveillance_20260629T1003Z/capture_0501.jpg,28,49,965,88,26,true,train,auto_consensus,automated_consensus,auto-consensus,2026-07-21T20:10:35+00:00,qwen3-vl:4b,aqs-five-field-v2,tools/dataset/captures/live_surveillance_20260629T1003Z/labels_ollama_proposals.csv,promoted,single_model_temporal_plausible,qwen3-vl:4b,1
capture_0502,tools/dataset/captures/live_surveillance_20260629T1003Z/capture_0502.jpg,,,,,,false,train,tvoc_raw:243:neighbor_median=26,excluded,auto-consensus,2026-07-21T20:10:35+00:00,,,tools/dataset/captures/live_surveillance_20260629T1003Z/labels_ollama_proposals.csv,excluded,temporal_anomaly,qwen3-vl:4b,0
capture_0503,tools/dataset/captures/live_surveillance_20260629T1003Z/capture_0503.jpg,,,,,,false,train,tvoc_raw:20:neighbor_median=132,excluded,auto-consensus,2026-07-21T20:10:35+00:00,,,tools/dataset/captures/live_surveillance_20260629T1003Z/labels_ollama_proposals.csv,excluded,temporal_anomaly,qwen3-vl:4b,0
capture_0504,tools/dataset/captures/live_surveillance_20260629T1003Z/capture_0504.jpg,,,,,,false,train,tvoc_raw:238:neighbor_median=26,excluded,auto-consensus,2026-07-21T20:10:35+00:00,,,tools/dataset/captures/live_surveillance_20260629T1003Z/labels_ollama_proposals.csv,excluded,temporal_anomaly,qwen3-vl:4b,0
capture_0505,tools/dataset/captures/live_surveillance_20260629T1003Z/capture_0505.jpg,,,,,,false,train,tvoc_raw:26:neighbor_median=115,excluded,auto-consensus,2026-07-21T20:10:35+00:00,,,tools/dataset/captures/live_surveillance_20260629T1003Z/labels_ollama_proposals.csv,excluded,temporal_anomaly,qwen3-vl:4b,0
capture_0506,tools/dataset/captures/live_surveillance_20260629T1003Z/capture_0506.jpg,,,,,,false,train,hcho_raw:8:neighbor_median=77.5;tvoc_raw:26:neighbor_median=115,excluded,auto-consensus,2026-07-21T20:10:35+00:00,,,tools/dataset/captures/live_surveillance_20260629T1003Z/labels_ollama_proposals.csv,excluded,temporal_anomaly,qwen3-vl:4b,0
capture_0507,tools/dataset/captures/live_surveillance_20260629T1003Z/capture_0507.jpg,,,,,,false,train,tvoc_raw:204:neighbor_median=26,excluded,auto-consensus,2026-07-21T20:10:35+00:00,,,tools/dataset/captures/live_surveillance_20260629T1003Z/labels_ollama_proposals.csv,excluded,temporal_anomaly,qwen3-vl:4b,0
capture_0508,tools/dataset/captures/live_surveillance_20260629T1003Z/capture_0508.jpg,,,,,,false,train,hcho_raw:73:neighbor_median=42.5;tvoc_raw:22:neighbor_median=205.5,excluded,auto-consensus,2026-07-21T20:10:35+00:00,,,tools/dataset/captures/live_surveillance_20260629T1003Z/labels_ollama_proposals.csv,excluded,temporal_anomaly,qwen3-vl:4b,0
capture_0509,tools/dataset/captures/live_surveillance_20260629T1003Z/capture_0509.jpg,,,,,,false,train,hcho_raw:74:neighbor_median=42.5,excluded,auto-consensus,2026-07-21T20:10:35+00:00,,,tools/dataset/captures/live_surveillance_20260629T1003Z/labels_ollama_proposals.csv,excluded,temporal_anomaly,qwen3-vl:4b,0
capture_0510,tools/dataset/captures/live_surveillance_20260629T1003Z/capture_0510.jpg,,,,,,false,train,hcho_raw:13:neighbor_median=72;tvoc_raw:207:neighbor_median=151,excluded,auto-consensus,2026-07-21T20:10:35+00:00,,,tools/dataset/captures/live_surveillance_20260629T1003Z/labels_ollama_proposals.csv,excluded,temporal_anomaly,qwen3-vl:4b,0
capture_0511,tools/dataset/captures/live_surveillance_20260629T1003Z/capture_0511.jpg,,,,,,false,train,co2_ppm:8882:neighbor_median=876.5;hcho_raw:13:neighbor_median=70;tvoc_raw:204:neighbor_median=152.5,excluded,auto-consensus,2026-07-21T20:10:35+00:00,,,tools/dataset/captures/live_surveillance_20260629T1003Z/labels_ollama_proposals.csv,excluded,temporal_anomaly,qwen3-vl:4b,0
capture_0512,tools/dataset/captures/live_surveillance_20260629T1003Z/capture_0512.jpg,,,,,,false,train,hcho_raw:71:neighbor_median=38.5;tvoc_raw:98:neighbor_median=191.5,excluded,auto-consensus,2026-07-21T20:10:35+00:00,,,tools/dataset/captures/live_surveillance_20260629T1003Z/labels_ollama_proposals.csv,excluded,temporal_anomaly,qwen3-vl:4b,0
capture_0513,tools/dataset/captures/live_surveillance_20260629T1003Z/capture_0513.jpg,,,,,,false,train,tvoc_raw:83:neighbor_median=138.5,excluded,auto-consensus,2026-07-21T20:10:35+00:00,,,tools/dataset/captures/live_surveillance_20260629T1003Z/labels_ollama_proposals.csv,excluded,temporal_anomaly,qwen3-vl:4b,0
capture_0514,tools/dataset/captures/live_surveillance_20260629T1003Z/capture_0514.jpg,,,,,,false,train,tvoc_raw:179:neighbor_median=75.5,excluded,auto-consensus,2026-07-21T20:10:35+00:00,,,tools/dataset/captures/live_surveillance_20260629T1003Z/labels_ollama_proposals.csv,excluded,temporal_anomaly,qwen3-vl:4b,0
capture_0515,tools/dataset/captures/live_surveillance_20260629T1003Z/capture_0515.jpg,28,49,811,60,68,true,train,auto_consensus,automated_consensus,auto-consensus,2026-07-21T20:10:35+00:00,qwen3-vl:4b,aqs-five-field-v2,tools/dataset/captures/live_surveillance_20260629T1003Z/labels_ollama_proposals.csv,promoted,single_model_temporal_plausible,qwen3-vl:4b,1
capture_0516,tools/dataset/captures/live_surveillance_20260629T1003Z/capture_0516.jpg,28,49,794,56,56,true,train,auto_consensus,automated_consensus,auto-consensus,2026-07-21T20:10:35+00:00,qwen3-vl:4b,aqs-five-field-v2,tools/dataset/captures/live_surveillance_20260629T1003Z/labels_ollama_proposals.csv,promoted,single_model_temporal_plausible,qwen3-vl:4b,1
capture_0517,tools/dataset/captures/live_surveillance_20260629T1003Z/capture_0517.jpg,28,49,789,56,56,true,train,auto_consensus,automated_consensus,auto-consensus,2026-07-21T20:10:35+00:00,qwen3-vl:4b,aqs-five-field-v2,tools/dataset/captures/live_surveillance_20260629T1003Z/labels_ollama_proposals.csv,promoted,single_model_temporal_plausible,qwen3-vl:4b,1
capture_0518,tools/dataset/captures/live_surveillance_20260629T1003Z/capture_0518.jpg,28,49,789,55,54,true,train,auto_consensus,automated_consensus,auto-consensus,2026-07-21T20:10:35+00:00,qwen3-vl:4b,aqs-five-field-v2,tools/dataset/captures/live_surveillance_20260629T1003Z/labels_ollama_proposals.csv,promoted,single_model_temporal_plausible,qwen3-vl:4b,1
capture_0519,tools/dataset/captures/live_surveillance_20260629T1003Z/capture_0519.jpg,28,49,783,55,54,true,train,auto_consensus,automated_consensus,auto-consensus,2026-07-21T20:10:35+00:00,qwen3-vl:4b,aqs-five-field-v2,tools/dataset/captures/live_surveillance_20260629T1003Z/labels_ollama_proposals.csv,promoted,single_model_temporal_plausible,qwen3-vl:4b,1
capture_0520,tools/dataset/captures/live_surveillance_20260629T1003Z/capture_0520.jpg,28,49,783,55,54,true,train,auto_consensus,automated_consensus,auto-consensus,2026-07-21T20:10:35+00:00,qwen3-vl:4b,aqs-five-field-v2,tools/dataset/captures/live_surveillance_20260629T1003Z/labels_ollama_proposals.csv,promoted,single_model_temporal_plausible,qwen3-vl:4b,1
capture_0521,tools/dataset/captures/live_surveillance_20260629T1003Z/capture_0521.jpg,28,49,783,55,54,true,train,auto_consensus,automated_consensus,auto-consensus,2026-07-21T20:10:35+00:00,qwen3-vl:4b,aqs-five-field-v2,tools/dataset/captures/live_surveillance_20260629T1003Z/labels_ollama_proposals.csv,promoted,single_model_temporal_plausible,qwen3-vl:4b,1
capture_0522,tools/dataset/captures/live_surveillance_20260629T1003Z/capture_0522.jpg,28,49,778,55,61,true,train,auto_consensus,automated_consensus,auto-consensus,2026-07-21T20:10:35+00:00,qwen3-vl:4b,aqs-five-field-v2,tools/dataset/captures/live_surveillance_20260629T1003Z/labels_ollama_proposals.csv,promoted,single_model_temporal_plausible,qwen3-vl:4b,1
capture_0523,tools/dataset/captures/live_surveillance_20260629T1003Z/capture_0523.jpg,28,49,783,55,54,true,train,auto_consensus,automated_consensus,auto-consensus,2026-07-21T20:10:35+00:00,qwen3-vl:4b,aqs-five-field-v2,tools/dataset/captures/live_surveillance_20260629T1003Z/labels_ollama_proposals.csv,promoted,single_model_temporal_plausible,qwen3-vl:4b,1
capture_0524,tools/dataset/captures/live_surveillance_20260629T1003Z/capture_0524.jpg,28,49,778,54,54,true,train,auto_consensus,automated_consensus,auto-consensus,2026-07-21T20:10:35+00:00,qwen3-vl:4b,aqs-five-field-v2,tools/dataset/captures/live_surveillance_20260629T1003Z/labels_ollama_proposals.csv,promoted,single_model_temporal_plausible,qwen3-vl:4b,1
capture_0525,tools/dataset/captures/live_surveillance_20260629T1003Z/capture_0525.jpg,28,49,772,52,45,true,train,auto_consensus,automated_consensus,auto-consensus,2026-07-21T20:10:35+00:00,qwen3-vl:4b,aqs-five-field-v2,tools/dataset/captures/live_surveillance_20260629T1003Z/labels_ollama_proposals.csv,promoted,single_model_temporal_plausible,qwen3-vl:4b,1
capture_0526,tools/dataset/captures/live_surveillance_20260629T1003Z/capture_0526.jpg,,,,,,false,train,hcho_raw:0:neighbor_median=51;tvoc_raw:10:neighbor_median=39.5,excluded,auto-consensus,2026-07-21T20:10:35+00:00,,,tools/dataset/captures/live_surveillance_20260629T1003Z/labels_ollama_proposals.csv,excluded,temporal_anomaly,qwen3-vl:4b,0
capture_0527,tools/dataset/captures/live_surveillance_20260629T1003Z/capture_0527.jpg,,,,,,false,train,hcho_raw:50:neighbor_median=30.5,excluded,auto-consensus,2026-07-21T20:10:35+00:00,,,tools/dataset/captures/live_surveillance_20260629T1003Z/labels_ollama_proposals.csv,excluded,temporal_anomaly,qwen3-vl:4b,0
capture_0528,tools/dataset/captures/live_surveillance_20260629T1003Z/capture_0528.jpg,,,,,,false,train,hcho_raw:13:neighbor_median=48,excluded,auto-consensus,2026-07-21T20:10:35+00:00,,,tools/dataset/captures/live_surveillance_20260629T1003Z/labels_ollama_proposals.csv,excluded,temporal_anomaly,qwen3-vl:4b,0
capture_0529,tools/dataset/captures/live_surveillance_20260629T1003Z/capture_0529.jpg,28,49,745,48,34,true,train,auto_consensus,automated_consensus,auto-consensus,2026-07-21T20:10:35+00:00,qwen3-vl:4b,aqs-five-field-v2,tools/dataset/captures/live_surveillance_20260629T1003Z/labels_ollama_proposals.csv,promoted,single_model_temporal_plausible,qwen3-vl:4b,1
capture_0530,tools/dataset/captures/live_surveillance_20260629T1003Z/capture_0530.jpg,28,49,750,48,37,true,train,auto_consensus,automated_consensus,auto-consensus,2026-07-21T20:10:35+00:00,qwen3-vl:4b,aqs-five-field-v2,tools/dataset/captures/live_surveillance_20260629T1003Z/labels_ollama_proposals.csv,promoted,single_model_temporal_plausible,qwen3-vl:4b,1
capture_0531,tools/dataset/captures/live_surveillance_20260629T1003Z/capture_0531.jpg,28,49,728,45,14,true,train,auto_consensus,automated_consensus,auto-consensus,2026-07-21T20:10:35+00:00,qwen3-vl:4b,aqs-five-field-v2,tools/dataset/captures/live_surveillance_20260629T1003Z/labels_ollama_proposals.csv,promoted,single_model_temporal_plausible,qwen3-vl:4b,1
capture_0532,tools/dataset/captures/live_surveillance_20260629T1003Z/capture_0532.jpg,28,49,728,44,20,true,train,auto_consensus,automated_consensus,auto-consensus,2026-07-21T20:10:35+00:00,qwen3-vl:4b,aqs-five-field-v2,tools/dataset/captures/live_surveillance_20260629T1003Z/labels_ollama_proposals.csv,promoted,single_model_temporal_plausible,qwen3-vl:4b,1
capture_0533,tools/dataset/captures/live_surveillance_20260629T1003Z/capture_0533.jpg,28,49,717,45,31,true,train,auto_consensus,automated_consensus,auto-consensus,2026-07-21T20:10:35+00:00,qwen3-vl:4b,aqs-five-field-v2,tools/dataset/captures/live_surveillance_20260629T1003Z/labels_ollama_proposals.csv,promoted,single_model_temporal_plausible,qwen3-vl:4b,1
capture_0534,tools/dataset/captures/live_surveillance_20260629T1003Z/capture_0534.jpg,28,49,750,48,37,true,train,auto_consensus,automated_consensus,auto-consensus,2026-07-21T20:10:35+00:00,qwen3-vl:4b,aqs-five-field-v2,tools/dataset/captures/live_surveillance_20260629T1003Z/labels_ollama_proposals.csv,promoted,single_model_temporal_plausible,qwen3-vl:4b,1
capture_0535,tools/dataset/captures/live_surveillance_20260629T1003Z/capture_0535.jpg,28,49,750,48,37,true,train,auto_consensus,automated_consensus,auto-consensus,2026-07-21T20:10:35+00:00,qwen3-vl:4b,aqs-five-field-v2,tools/dataset/captures/live_surveillance_20260629T1003Z/labels_ollama_proposals.csv,promoted,single_model_temporal_plausible,qwen3-vl:4b,1
capture_0536,tools/dataset/captures/live_surveillance_20260629T1003Z/capture_0536.jpg,28,49,750,48,37,true,train,auto_consensus,automated_consensus,auto-consensus,2026-07-21T20:10:35+00:00,qwen3-vl:4b,aqs-five-field-v2,tools/dataset/captures/live_surveillance_20260629T1003Z/labels_ollama_proposals.csv,promoted,single_model_temporal_plausible,qwen3-vl:4b,1
capture_0537,tools/dataset/captures/live_surveillance_20260629T1003Z/capture_0537.jpg,28,49,750,48,37,true,train,auto_consensus,automated_consensus,auto-consensus,2026-07-21T20:10:35+00:00,qwen3-vl:4b,aqs-five-field-v2,tools/dataset/captures/live_surveillance_20260629T1003Z/labels_ollama_proposals.csv,promoted,single_model_temporal_plausible,qwen3-vl:4b,1
capture_0538,tools/dataset/captures/live_surveillance_20260629T1003Z/capture_0538.jpg,28,49,750,48,37,true,train,auto_consensus,automated_consensus,auto-consensus,2026-07-21T20:10:35+00:00,qwen3-vl:4b,aqs-five-field-v2,tools/dataset/captures/live_surveillance_20260629T1003Z/labels_ollama_proposals.csv,promoted,single_model_temporal_plausible,qwen3-vl:4b,1
capture_0539,tools/dataset/captures/live_surveillance_20260629T1003Z/capture_0539.jpg,28,49,750,48,37,true,train,auto_consensus,automated_consensus,auto-consensus,2026-07-21T20:10:35+00:00,qwen3-vl:4b,aqs-five-field-v2,tools/dataset/captures/live_surveillance_20260629T1003Z/labels_ollama_proposals.csv,promoted,single_model_temporal_plausible,qwen3-vl:4b,1
capture_0540,tools/dataset/captures/live_surveillance_20260629T1003Z/capture_0540.jpg,28,49,756,48,37,true,train,auto_consensus,automated_consensus,auto-consensus,2026-07-21T20:10:35+00:00,qwen3-vl:4b,aqs-five-field-v2,tools/dataset/captures/live_surveillance_20260629T1003Z/labels_ollama_proposals.csv,promoted,single_model_temporal_plausible,qwen3-vl:4b,1
capture_0541,tools/dataset/captures/live_surveillance_20260629T1003Z/capture_0541.jpg,28,49,750,48,37,true,train,auto_consensus,automated_consensus,auto-consensus,2026-07-21T20:10:35+00:00,qwen3-vl:4b,aqs-five-field-v2,tools/dataset/captures/live_surveillance_20260629T1003Z/labels_ollama_proposals.csv,promoted,single_model_temporal_plausible,qwen3-vl:4b,1
capture_0542,tools/dataset/captures/live_surveillance_20260629T1003Z/capture_0542.jpg,28,49,750,48,37,true,train,auto_consensus,automated_consensus,auto-consensus,2026-07-21T20:10:35+00:00,qwen3-vl:4b,aqs-five-field-v2,tools/dataset/captures/live_surveillance_20260629T1003Z/labels_ollama_proposals.csv,promoted,single_model_temporal_plausible,qwen3-vl:4b,1
capture_0543,tools/dataset/captures/live_surveillance_20260629T1003Z/capture_0543.jpg,28,49,750,48,37,true,train,auto_consensus,automated_consensus,auto-consensus,2026-07-21T20:10:35+00:00,qwen3-vl:4b,aqs-five-field-v2,tools/dataset/captures/live_surveillance_20260629T1003Z/labels_ollama_proposals.csv,promoted,single_model_temporal_plausible,qwen3-vl:4b,1
capture_0544,tools/dataset/captures/live_surveillance_20260629T1003Z/capture_0544.jpg,28,49,750,48,37,true,train,auto_consensus,automated_consensus,auto-consensus,2026-07-21T20:10:35+00:00,qwen3-vl:4b,aqs-five-field-v2,tools/dataset/captures/live_surveillance_20260629T1003Z/labels_ollama_proposals.csv,promoted,single_model_temporal_plausible,qwen3-vl:4b,1
capture_0545,tools/dataset/captures/live_surveillance_20260629T1003Z/capture_0545.jpg,28,49,750,48,37,true,train,auto_consensus,automated_consensus,auto-consensus,2026-07-21T20:10:35+00:00,qwen3-vl:4b,aqs-five-field-v2,tools/dataset/captures/live_surveillance_20260629T1003Z/labels_ollama_proposals.csv,promoted,single_model_temporal_plausible,qwen3-vl:4b,1
capture_0546,tools/dataset/captures/live_surveillance_20260629T1003Z/capture_0546.jpg,28,49,728,45,23,true,train,auto_consensus,automated_consensus,auto-consensus,2026-07-21T20:10:35+00:00,qwen3-vl:4b,aqs-five-field-v2,tools/dataset/captures/live_surveillance_20260629T1003Z/labels_ollama_proposals.csv,promoted,single_model_temporal_plausible,qwen3-vl:4b,1
capture_0547,tools/dataset/captures/live_surveillance_20260629T1003Z/capture_0547.jpg,,,,,,false,train,hcho_raw:41:neighbor_median=29,excluded,auto-consensus,2026-07-21T20:10:35+00:00,,,tools/dataset/captures/live_surveillance_20260629T1003Z/labels_ollama_proposals.csv,excluded,temporal_anomaly,qwen3-vl:4b,0
capture_0548,tools/dataset/captures/live_surveillance_20260629T1003Z/capture_0548.jpg,,,,,,false,train,hcho_raw:0:neighbor_median=34,excluded,auto-consensus,2026-07-21T20:10:35+00:00,,,tools/dataset/captures/live_surveillance_20260629T1003Z/labels_ollama_proposals.csv,excluded,temporal_anomaly,qwen3-vl:4b,0
capture_0549,tools/dataset/captures/live_surveillance_20260629T1003Z/capture_0549.jpg,,,,,,false,train,hcho_raw:13:neighbor_median=26;tvoc_raw:12:neighbor_median=42,excluded,auto-consensus,2026-07-21T20:10:35+00:00,,,tools/dataset/captures/live_surveillance_20260629T1003Z/labels_ollama_proposals.csv,excluded,temporal_anomaly,qwen3-vl:4b,0
capture_0550,tools/dataset/captures/live_surveillance_20260629T1003Z/capture_0550.jpg,,,,,,false,train,tvoc_raw:75:neighbor_median=42,excluded,auto-consensus,2026-07-21T20:10:35+00:00,,,tools/dataset/captures/live_surveillance_20260629T1003Z/labels_ollama_proposals.csv,excluded,temporal_anomaly,qwen3-vl:4b,0
capture_0551,tools/dataset/captures/live_surveillance_20260629T1003Z/capture_0551.jpg,28,49,618,25,70,true,train,auto_consensus,automated_consensus,auto-consensus,2026-07-21T20:10:35+00:00,qwen3-vl:4b,aqs-five-field-v2,tools/dataset/captures/live_surveillance_20260629T1003Z/labels_ollama_proposals.csv,promoted,single_model_temporal_plausible,qwen3-vl:4b,1
capture_0552,tools/dataset/captures/live_surveillance_20260629T1003Z/capture_0552.jpg,28,49,618,25,70,true,train,auto_consensus,automated_consensus,auto-consensus,2026-07-21T20:10:35+00:00,qwen3-vl:4b,aqs-five-field-v2,tools/dataset/captures/live_surveillance_20260629T1003Z/labels_ollama_proposals.csv,promoted,single_model_temporal_plausible,qwen3-vl:4b,1
capture_0553,tools/dataset/captures/live_surveillance_20260629T1003Z/capture_0553.jpg,28,49,618,25,70,true,train,auto_consensus,automated_consensus,auto-consensus,2026-07-21T20:10:35+00:00,qwen3-vl:4b,aqs-five-field-v2,tools/dataset/captures/live_surveillance_20260629T1003Z/labels_ollama_proposals.csv,promoted,single_model_temporal_plausible,qwen3-vl:4b,1
capture_0554,tools/dataset/captures/live_surveillance_20260629T1003Z/capture_0554.jpg,28,49,618,25,70,true,train,auto_consensus,automated_consensus,auto-consensus,2026-07-21T20:10:35+00:00,qwen3-vl:4b,aqs-five-field-v2,tools/dataset/captures/live_surveillance_20260629T1003Z/labels_ollama_proposals.csv,promoted,single_model_temporal_plausible,qwen3-vl:4b,1
capture_0555,tools/dataset/captures/live_surveillance_20260629T1003Z/capture_0555.jpg,28,49,618,25,70,true,train,auto_consensus,automated_consensus,auto-consensus,2026-07-21T20:10:35+00:00,qwen3-vl:4b,aqs-five-field-v2,tools/dataset/captures/live_surveillance_20260629T1003Z/labels_ollama_proposals.csv,promoted,single_model_temporal_plausible,qwen3-vl:4b,1
capture_0556,tools/dataset/captures/live_surveillance_20260629T1003Z/capture_0556.jpg,28,49,618,25,70,true,train,auto_consensus,automated_consensus,auto-consensus,2026-07-21T20:10:35+00:00,qwen3-vl:4b,aqs-five-field-v2,tools/dataset/captures/live_surveillance_20260629T1003Z/labels_ollama_proposals.csv,promoted,single_model_temporal_plausible,qwen3-vl:4b,1
capture_0557,tools/dataset/captures/live_surveillance_20260629T1003Z/capture_0557.jpg,28,49,613,22,56,true,train,auto_consensus,automated_consensus,auto-consensus,2026-07-21T20:10:35+00:00,qwen3-vl:4b,aqs-five-field-v2,tools/dataset/captures/live_surveillance_20260629T1003Z/labels_ollama_proposals.csv,promoted,single_model_temporal_plausible,qwen3-vl:4b,1
capture_0558,tools/dataset/captures/live_surveillance_20260629T1003Z/capture_0558.jpg,28,49,596,18,50,true,train,auto_consensus,automated_consensus,auto-consensus,2026-07-21T20:10:35+00:00,qwen3-vl:4b,aqs-five-field-v2,tools/dataset/captures/live_surveillance_20260629T1003Z/labels_ollama_proposals.csv,promoted,single_model_temporal_plausible,qwen3-vl:4b,1
capture_0559,tools/dataset/captures/live_surveillance_20260629T1003Z/capture_0559.jpg,,,,,,false,train,hcho_raw:2:neighbor_median=20,excluded,auto-consensus,2026-07-21T20:10:35+00:00,,,tools/dataset/captures/live_surveillance_20260629T1003Z/labels_ollama_proposals.csv,excluded,temporal_anomaly,qwen3-vl:4b,0
capture_0560,tools/dataset/captures/live_surveillance_20260629T1003Z/capture_0560.jpg,,,,,,false,train,hcho_raw:24:neighbor_median=11.5,excluded,auto-consensus,2026-07-21T20:10:35+00:00,,,tools/dataset/captures/live_surveillance_20260629T1003Z/labels_ollama_proposals.csv,excluded,temporal_anomaly,qwen3-vl:4b,0
capture_0561,tools/dataset/captures/live_surveillance_20260629T1003Z/capture_0561.jpg,,,,,,false,train,hcho_raw:6:neighbor_median=17,excluded,auto-consensus,2026-07-21T20:10:35+00:00,,,tools/dataset/captures/live_surveillance_20260629T1003Z/labels_ollama_proposals.csv,excluded,temporal_anomaly,qwen3-vl:4b,0
capture_0562,tools/dataset/captures/live_surveillance_20260629T1003Z/capture_0562.jpg,28,49,574,17,47,true,train,auto_consensus,automated_consensus,auto-consensus,2026-07-21T20:10:35+00:00,qwen3-vl:4b,aqs-five-field-v2,tools/dataset/captures/live_surveillance_20260629T1003Z/labels_ollama_proposals.csv,promoted,single_model_temporal_plausible,qwen3-vl:4b,1
capture_0563,tools/dataset/captures/live_surveillance_20260629T1003Z/capture_0563.jpg,28,49,574,17,53,true,train,auto_consensus,automated_consensus,auto-consensus,2026-07-21T20:10:35+00:00,qwen3-vl:4b,aqs-five-field-v2,tools/dataset/captures/live_surveillance_20260629T1003Z/labels_ollama_proposals.csv,promoted,single_model_temporal_plausible,qwen3-vl:4b,1
capture_0564,tools/dataset/captures/live_surveillance_20260629T1003Z/capture_0564.jpg,28,49,580,17,47,true,train,auto_consensus,automated_consensus,auto-consensus,2026-07-21T20:10:35+00:00,qwen3-vl:4b,aqs-five-field-v2,tools/dataset/captures/live_surveillance_20260629T1003Z/labels_ollama_proposals.csv,promoted,single_model_temporal_plausible,qwen3-vl:4b,1
capture_0565,tools/dataset/captures/live_surveillance_20260629T1003Z/capture_0565.jpg,,,,,,false,train,tvoc_raw:17:neighbor_median=54.5,excluded,auto-consensus,2026-07-21T20:10:35+00:00,,,tools/dataset/captures/live_surveillance_20260629T1003Z/labels_ollama_proposals.csv,excluded,temporal_anomaly,qwen3-vl:4b,0
capture_0566,tools/dataset/captures/live_surveillance_20260629T1003Z/capture_0566.jpg,,,,,,false,train,hcho_raw:8:neighbor_median=21,excluded,auto-consensus,2026-07-21T20:10:35+00:00,,,tools/dataset/captures/live_surveillance_20260629T1003Z/labels_ollama_proposals.csv,excluded,temporal_anomaly,qwen3-vl:4b,0
capture_0567,tools/dataset/captures/live_surveillance_20260629T1003Z/capture_0567.jpg,28,49,618,25,70,true,train,auto_consensus,automated_consensus,auto-consensus,2026-07-21T20:10:35+00:00,qwen3-vl:4b,aqs-five-field-v2,tools/dataset/captures/live_surveillance_20260629T1003Z/labels_ollama_proposals.csv,promoted,single_model_temporal_plausible,qwen3-vl:4b,1
capture_0568,tools/dataset/captures/live_surveillance_20260629T1003Z/capture_0568.jpg,28,49,618,25,70,true,validation,auto_consensus,automated_consensus,auto-consensus,2026-07-21T20:10:35+00:00,qwen3-vl:4b,aqs-five-field-v2,tools/dataset/captures/live_surveillance_20260629T1003Z/labels_ollama_proposals.csv,promoted,single_model_temporal_plausible,qwen3-vl:4b,1
capture_0569,tools/dataset/captures/live_surveillance_20260629T1003Z/capture_0569.jpg,28,49,618,25,70,true,validation,auto_consensus,automated_consensus,auto-consensus,2026-07-21T20:10:35+00:00,qwen3-vl:4b,aqs-five-field-v2,tools/dataset/captures/live_surveillance_20260629T1003Z/labels_ollama_proposals.csv,promoted,single_model_temporal_plausible,qwen3-vl:4b,1
capture_0570,tools/dataset/captures/live_surveillance_20260629T1003Z/capture_0570.jpg,28,49,618,25,70,true,validation,auto_consensus,automated_consensus,auto-consensus,2026-07-21T20:10:35+00:00,qwen3-vl:4b,aqs-five-field-v2,tools/dataset/captures/live_surveillance_20260629T1003Z/labels_ollama_proposals.csv,promoted,single_model_temporal_plausible,qwen3-vl:4b,1
capture_0571,tools/dataset/captures/live_surveillance_20260629T1003Z/capture_0571.jpg,28,49,618,25,70,true,validation,auto_consensus,automated_consensus,auto-consensus,2026-07-21T20:10:35+00:00,qwen3-vl:4b,aqs-five-field-v2,tools/dataset/captures/live_surveillance_20260629T1003Z/labels_ollama_proposals.csv,promoted,single_model_temporal_plausible,qwen3-vl:4b,1
capture_0572,tools/dataset/captures/live_surveillance_20260629T1003Z/capture_0572.jpg,28,49,618,25,70,true,validation,auto_consensus,automated_consensus,auto-consensus,2026-07-21T20:10:35+00:00,qwen3-vl:4b,aqs-five-field-v2,tools/dataset/captures/live_surveillance_20260629T1003Z/labels_ollama_proposals.csv,promoted,single_model_temporal_plausible,qwen3-vl:4b,1
capture_0573,tools/dataset/captures/live_surveillance_20260629T1003Z/capture_0573.jpg,28,49,618,25,70,true,validation,auto_consensus,automated_consensus,auto-consensus,2026-07-21T20:10:35+00:00,qwen3-vl:4b,aqs-five-field-v2,tools/dataset/captures/live_surveillance_20260629T1003Z/labels_ollama_proposals.csv,promoted,single_model_temporal_plausible,qwen3-vl:4b,1
capture_0574,tools/dataset/captures/live_surveillance_20260629T1003Z/capture_0574.jpg,28,49,618,25,70,true,validation,auto_consensus,automated_consensus,auto-consensus,2026-07-21T20:10:35+00:00,qwen3-vl:4b,aqs-five-field-v2,tools/dataset/captures/live_surveillance_20260629T1003Z/labels_ollama_proposals.csv,promoted,single_model_temporal_plausible,qwen3-vl:4b,1
capture_0575,tools/dataset/captures/live_surveillance_20260629T1003Z/capture_0575.jpg,28,49,618,25,70,true,validation,auto_consensus,automated_consensus,auto-consensus,2026-07-21T20:10:35+00:00,qwen3-vl:4b,aqs-five-field-v2,tools/dataset/captures/live_surveillance_20260629T1003Z/labels_ollama_proposals.csv,promoted,single_model_temporal_plausible,qwen3-vl:4b,1
capture_0576,tools/dataset/captures/live_surveillance_20260629T1003Z/capture_0576.jpg,28,49,618,25,70,true,validation,auto_consensus,automated_consensus,auto-consensus,2026-07-21T20:10:35+00:00,qwen3-vl:4b,aqs-five-field-v2,tools/dataset/captures/live_surveillance_20260629T1003Z/labels_ollama_proposals.csv,promoted,single_model_temporal_plausible,qwen3-vl:4b,1
capture_0577,tools/dataset/captures/live_surveillance_20260629T1003Z/capture_0577.jpg,28,49,618,25,70,true,validation,auto_consensus,automated_consensus,auto-consensus,2026-07-21T20:10:35+00:00,qwen3-vl:4b,aqs-five-field-v2,tools/dataset/captures/live_surveillance_20260629T1003Z/labels_ollama_proposals.csv,promoted,single_model_temporal_plausible,qwen3-vl:4b,1
capture_0578,tools/dataset/captures/live_surveillance_20260629T1003Z/capture_0578.jpg,28,49,618,25,70,true,validation,auto_consensus,automated_consensus,auto-consensus,2026-07-21T20:10:35+00:00,qwen3-vl:4b,aqs-five-field-v2,tools/dataset/captures/live_surveillance_20260629T1003Z/labels_ollama_proposals.csv,promoted,single_model_temporal_plausible,qwen3-vl:4b,1
capture_0579,tools/dataset/captures/live_surveillance_20260629T1003Z/capture_0579.jpg,28,49,618,25,70,true,validation,auto_consensus,automated_consensus,auto-consensus,2026-07-21T20:10:35+00:00,qwen3-vl:4b,aqs-five-field-v2,tools/dataset/captures/live_surveillance_20260629T1003Z/labels_ollama_proposals.csv,promoted,single_model_temporal_plausible,qwen3-vl:4b,1
capture_0580,tools/dataset/captures/live_surveillance_20260629T1003Z/capture_0580.jpg,28,49,618,25,70,true,validation,auto_consensus,automated_consensus,auto-consensus,2026-07-21T20:10:35+00:00,qwen3-vl:4b,aqs-five-field-v2,tools/dataset/captures/live_surveillance_20260629T1003Z/labels_ollama_proposals.csv,promoted,single_model_temporal_plausible,qwen3-vl:4b,1
capture_0581,tools/dataset/captures/live_surveillance_20260629T1003Z/capture_0581.jpg,28,49,618,25,70,true,validation,auto_consensus,automated_consensus,auto-consensus,2026-07-21T20:10:35+00:00,qwen3-vl:4b,aqs-five-field-v2,tools/dataset/captures/live_surveillance_20260629T1003Z/labels_ollama_proposals.csv,promoted,single_model_temporal_plausible,qwen3-vl:4b,1
capture_0582,tools/dataset/captures/live_surveillance_20260629T1003Z/capture_0582.jpg,28,49,618,25,70,true,validation,auto_consensus,automated_consensus,auto-consensus,2026-07-21T20:10:35+00:00,qwen3-vl:4b,aqs-five-field-v2,tools/dataset/captures/live_surveillance_20260629T1003Z/labels_ollama_proposals.csv,promoted,single_model_temporal_plausible,qwen3-vl:4b,1
capture_0583,tools/dataset/captures/live_surveillance_20260629T1003Z/capture_0583.jpg,28,49,618,25,70,true,validation,auto_consensus,automated_consensus,auto-consensus,2026-07-21T20:10:35+00:00,qwen3-vl:4b,aqs-five-field-v2,tools/dataset/captures/live_surveillance_20260629T1003Z/labels_ollama_proposals.csv,promoted,single_model_temporal_plausible,qwen3-vl:4b,1
capture_0584,tools/dataset/captures/live_surveillance_20260629T1003Z/capture_0584.jpg,28,49,618,25,70,true,validation,auto_consensus,automated_consensus,auto-consensus,2026-07-21T20:10:35+00:00,qwen3-vl:4b,aqs-five-field-v2,tools/dataset/captures/live_surveillance_20260629T1003Z/labels_ollama_proposals.csv,promoted,single_model_temporal_plausible,qwen3-vl:4b,1
capture_0585,tools/dataset/captures/live_surveillance_20260629T1003Z/capture_0585.jpg,28,49,618,25,70,true,validation,auto_consensus,automated_consensus,auto-consensus,2026-07-21T20:10:35+00:00,qwen3-vl:4b,aqs-five-field-v2,tools/dataset/captures/live_surveillance_20260629T1003Z/labels_ollama_proposals.csv,promoted,single_model_temporal_plausible,qwen3-vl:4b,1
capture_0586,tools/dataset/captures/live_surveillance_20260629T1003Z/capture_0586.jpg,,,,,,false,validation,tvoc_raw:75:neighbor_median=42,excluded,auto-consensus,2026-07-21T20:10:35+00:00,,,tools/dataset/captures/live_surveillance_20260629T1003Z/labels_ollama_proposals.csv,excluded,temporal_anomaly,qwen3-vl:4b,0
capture_0587,tools/dataset/captures/live_surveillance_20260629T1003Z/capture_0587.jpg,,,,,,false,validation,tvoc_raw:0:neighbor_median=42,excluded,auto-consensus,2026-07-21T20:10:35+00:00,,,tools/dataset/captures/live_surveillance_20260629T1003Z/labels_ollama_proposals.csv,excluded,temporal_anomaly,qwen3-vl:4b,0
capture_0588,tools/dataset/captures/live_surveillance_20260629T1003Z/capture_0588.jpg,,,,,,false,validation,hcho_raw:0:neighbor_median=38,excluded,auto-consensus,2026-07-21T20:10:35+00:00,,,tools/dataset/captures/live_surveillance_20260629T1003Z/labels_ollama_proposals.csv,excluded,temporal_anomaly,qwen3-vl:4b,0
capture_0589,tools/dataset/captures/live_surveillance_20260629T1003Z/capture_0589.jpg,28,49,706,41,14,true,validation,auto_consensus,automated_consensus,auto-consensus,2026-07-21T20:10:35+00:00,qwen3-vl:4b,aqs-five-field-v2,tools/dataset/captures/live_surveillance_20260629T1003Z/labels_ollama_proposals.csv,promoted,single_model_temporal_plausible,qwen3-vl:4b,1
capture_0590,tools/dataset/captures/live_surveillance_20260629T1003Z/capture_0590.jpg,,,,,,false,validation,hcho_raw:41:neighbor_median=28,excluded,auto-consensus,2026-07-21T20:10:35+00:00,,,tools/dataset/captures/live_surveillance_20260629T1003Z/labels_ollama_proposals.csv,excluded,temporal_anomaly,qwen3-vl:4b,0
capture_0591,tools/dataset/captures/live_surveillance_20260629T1003Z/capture_0591.jpg,,,,,,false,validation,tvoc_raw:3:neighbor_median=43,excluded,auto-consensus,2026-07-21T20:10:35+00:00,,,tools/dataset/captures/live_surveillance_20260629T1003Z/labels_ollama_proposals.csv,excluded,temporal_anomaly,qwen3-vl:4b,0
capture_0592,tools/dataset/captures/live_surveillance_20260629T1003Z/capture_0592.jpg,,,,,,false,validation,tvoc_raw:86:neighbor_median=42,excluded,auto-consensus,2026-07-21T20:10:35+00:00,,,tools/dataset/captures/live_surveillance_20260629T1003Z/labels_ollama_proposals.csv,excluded,temporal_anomaly,qwen3-vl:4b,0
capture_0593,tools/dataset/captures/live_surveillance_20260629T1003Z/capture_0593.jpg,28,49,629,27,72,true,validation,auto_consensus,automated_consensus,auto-consensus,2026-07-21T20:10:35+00:00,qwen3-vl:4b,aqs-five-field-v2,tools/dataset/captures/live_surveillance_20260629T1003Z/labels_ollama_proposals.csv,promoted,single_model_temporal_plausible,qwen3-vl:4b,1
capture_0594,tools/dataset/captures/live_surveillance_20260629T1003Z/capture_0594.jpg,28,49,618,25,70,true,validation,auto_consensus,automated_consensus,auto-consensus,2026-07-21T20:10:35+00:00,qwen3-vl:4b,aqs-five-field-v2,tools/dataset/captures/live_surveillance_20260629T1003Z/labels_ollama_proposals.csv,promoted,single_model_temporal_plausible,qwen3-vl:4b,1
capture_0595,tools/dataset/captures/live_surveillance_20260629T1003Z/capture_0595.jpg,28,49,618,25,70,true,validation,auto_consensus,automated_consensus,auto-consensus,2026-07-21T20:10:35+00:00,qwen3-vl:4b,aqs-five-field-v2,tools/dataset/captures/live_surveillance_20260629T1003Z/labels_ollama_proposals.csv,promoted,single_model_temporal_plausible,qwen3-vl:4b,1
capture_0596,tools/dataset/captures/live_surveillance_20260629T1003Z/capture_0596.jpg,28,49,618,25,70,true,validation,auto_consensus,automated_consensus,auto-consensus,2026-07-21T20:10:35+00:00,qwen3-vl:4b,aqs-five-field-v2,tools/dataset/captures/live_surveillance_20260629T1003Z/labels_ollama_proposals.csv,promoted,single_model_temporal_plausible,qwen3-vl:4b,1
capture_0597,tools/dataset/captures/live_surveillance_20260629T1003Z/capture_0597.jpg,28,49,618,25,70,true,validation,auto_consensus,automated_consensus,auto-consensus,2026-07-21T20:10:35+00:00,qwen3-vl:4b,aqs-five-field-v2,tools/dataset/captures/live_surveillance_20260629T1003Z/labels_ollama_proposals.csv,promoted,single_model_temporal_plausible,qwen3-vl:4b,1
capture_0598,tools/dataset/captures/live_surveillance_20260629T1003Z/capture_0598.jpg,28,49,618,25,70,true,validation,auto_consensus,automated_consensus,auto-consensus,2026-07-21T20:10:35+00:00,qwen3-vl:4b,aqs-five-field-v2,tools/dataset/captures/live_surveillance_20260629T1003Z/labels_ollama_proposals.csv,promoted,single_model_temporal_plausible,qwen3-vl:4b,1
capture_0599,tools/dataset/captures/live_surveillance_20260629T1003Z/capture_0599.jpg,28,49,618,25,70,true,validation,auto_consensus,automated_consensus,auto-consensus,2026-07-21T20:10:35+00:00,qwen3-vl:4b,aqs-five-field-v2,tools/dataset/captures/live_surveillance_20260629T1003Z/labels_ollama_proposals.csv,promoted,single_model_temporal_plausible,qwen3-vl:4b,1
capture_0600,tools/dataset/captures/live_surveillance_20260629T1003Z/capture_0600.jpg,28,49,618,25,70,true,validation,auto_consensus,automated_consensus,auto-consensus,2026-07-21T20:10:35+00:00,qwen3-vl:4b,aqs-five-field-v2,tools/dataset/captures/live_surveillance_20260629T1003Z/labels_ollama_proposals.csv,promoted,single_model_temporal_plausible,qwen3-vl:4b,1
capture_0601,tools/dataset/captures/live_surveillance_20260629T1003Z/capture_0601.jpg,28,49,618,25,70,true,validation,auto_consensus,automated_consensus,auto-consensus,2026-07-21T20:10:35+00:00,qwen3-vl:4b,aqs-five-field-v2,tools/dataset/captures/live_surveillance_20260629T1003Z/labels_ollama_proposals.csv,promoted,single_model_temporal_plausible,qwen3-vl:4b,1
capture_0602,tools/dataset/captures/live_surveillance_20260629T1003Z/capture_0602.jpg,28,49,618,25,70,true,validation,auto_consensus,automated_consensus,auto-consensus,2026-07-21T20:10:35+00:00,qwen3-vl:4b,aqs-five-field-v2,tools/dataset/captures/live_surveillance_20260629T1003Z/labels_ollama_proposals.csv,promoted,single_model_temporal_plausible,qwen3-vl:4b,1
capture_0603,tools/dataset/captures/live_surveillance_20260629T1003Z/capture_0603.jpg,28,49,618,25,70,true,validation,auto_consensus,automated_consensus,auto-consensus,2026-07-21T20:10:35+00:00,qwen3-vl:4b,aqs-five-field-v2,tools/dataset/captures/live_surveillance_20260629T1003Z/labels_ollama_proposals.csv,promoted,single_model_temporal_plausible,qwen3-vl:4b,1
capture_0604,tools/dataset/captures/live_surveillance_20260629T1003Z/capture_0604.jpg,28,49,613,25,70,true,validation,auto_consensus,automated_consensus,auto-consensus,2026-07-21T20:10:35+00:00,qwen3-vl:4b,aqs-five-field-v2,tools/dataset/captures/live_surveillance_20260629T1003Z/labels_ollama_proposals.csv,promoted,single_model_temporal_plausible,qwen3-vl:4b,1
capture_0605,tools/dataset/captures/live_surveillance_20260629T1003Z/capture_0605.jpg,28,49,618,24,67,true,validation,auto_consensus,automated_consensus,auto-consensus,2026-07-21T20:10:35+00:00,qwen3-vl:4b,aqs-five-field-v2,tools/dataset/captures/live_surveillance_20260629T1003Z/labels_ollama_proposals.csv,promoted,single_model_temporal_plausible,qwen3-vl:4b,1
capture_0606,tools/dataset/captures/live_surveillance_20260629T1003Z/capture_0606.jpg,28,49,618,25,70,true,validation,auto_consensus,automated_consensus,auto-consensus,2026-07-21T20:10:35+00:00,qwen3-vl:4b,aqs-five-field-v2,tools/dataset/captures/live_surveillance_20260629T1003Z/labels_ollama_proposals.csv,promoted,single_model_temporal_plausible,qwen3-vl:4b,1
capture_0607,tools/dataset/captures/live_surveillance_20260629T1003Z/capture_0607.jpg,28,49,618,25,70,true,validation,auto_consensus,automated_consensus,auto-consensus,2026-07-21T20:10:35+00:00,qwen3-vl:4b,aqs-five-field-v2,tools/dataset/captures/live_surveillance_20260629T1003Z/labels_ollama_proposals.csv,promoted,single_model_temporal_plausible,qwen3-vl:4b,1
capture_0608,tools/dataset/captures/live_surveillance_20260629T1003Z/capture_0608.jpg,28,49,618,25,70,true,validation,auto_consensus,automated_consensus,auto-consensus,2026-07-21T20:10:35+00:00,qwen3-vl:4b,aqs-five-field-v2,tools/dataset/captures/live_surveillance_20260629T1003Z/labels_ollama_proposals.csv,promoted,single_model_temporal_plausible,qwen3-vl:4b,1
capture_0609,tools/dataset/captures/live_surveillance_20260629T1003Z/capture_0609.jpg,28,49,618,25,70,true,validation,auto_consensus,automated_consensus,auto-consensus,2026-07-21T20:10:35+00:00,qwen3-vl:4b,aqs-five-field-v2,tools/dataset/captures/live_surveillance_20260629T1003Z/labels_ollama_proposals.csv,promoted,single_model_temporal_plausible,qwen3-vl:4b,1
capture_0610,tools/dataset/captures/live_surveillance_20260629T1003Z/capture_0610.jpg,28,49,618,25,70,true,validation,auto_consensus,automated_consensus,auto-consensus,2026-07-21T20:10:35+00:00,qwen3-vl:4b,aqs-five-field-v2,tools/dataset/captures/live_surveillance_20260629T1003Z/labels_ollama_proposals.csv,promoted,single_model_temporal_plausible,qwen3-vl:4b,1
capture_0611,tools/dataset/captures/live_surveillance_20260629T1003Z/capture_0611.jpg,28,49,618,25,70,true,validation,auto_consensus,automated_consensus,auto-consensus,2026-07-21T20:10:35+00:00,qwen3-vl:4b,aqs-five-field-v2,tools/dataset/captures/live_surveillance_20260629T1003Z/labels_ollama_proposals.csv,promoted,single_model_temporal_plausible,qwen3-vl:4b,1
capture_0612,tools/dataset/captures/live_surveillance_20260629T1003Z/capture_0612.jpg,28,49,618,25,70,true,validation,auto_consensus,automated_consensus,auto-consensus,2026-07-21T20:10:35+00:00,qwen3-vl:4b,aqs-five-field-v2,tools/dataset/captures/live_surveillance_20260629T1003Z/labels_ollama_proposals.csv,promoted,single_model_temporal_plausible,qwen3-vl:4b,1
capture_0613,tools/dataset/captures/live_surveillance_20260629T1003Z/capture_0613.jpg,28,49,618,25,70,true,validation,auto_consensus,automated_consensus,auto-consensus,2026-07-21T20:10:35+00:00,qwen3-vl:4b,aqs-five-field-v2,tools/dataset/captures/live_surveillance_20260629T1003Z/labels_ollama_proposals.csv,promoted,single_model_temporal_plausible,qwen3-vl:4b,1
capture_0614,tools/dataset/captures/live_surveillance_20260629T1003Z/capture_0614.jpg,28,49,618,25,70,true,validation,auto_consensus,automated_consensus,auto-consensus,2026-07-21T20:10:35+00:00,qwen3-vl:4b,aqs-five-field-v2,tools/dataset/captures/live_surveillance_20260629T1003Z/labels_ollama_proposals.csv,promoted,single_model_temporal_plausible,qwen3-vl:4b,1
capture_0615,tools/dataset/captures/live_surveillance_20260629T1003Z/capture_0615.jpg,28,49,618,25,70,true,validation,auto_consensus,automated_consensus,auto-consensus,2026-07-21T20:10:35+00:00,qwen3-vl:4b,aqs-five-field-v2,tools/dataset/captures/live_surveillance_20260629T1003Z/labels_ollama_proposals.csv,promoted,single_model_temporal_plausible,qwen3-vl:4b,1
capture_0616,tools/dataset/captures/live_surveillance_20260629T1003Z/capture_0616.jpg,28,49,618,25,70,true,validation,auto_consensus,automated_consensus,auto-consensus,2026-07-21T20:10:35+00:00,qwen3-vl:4b,aqs-five-field-v2,tools/dataset/captures/live_surveillance_20260629T1003Z/labels_ollama_proposals.csv,promoted,single_model_temporal_plausible,qwen3-vl:4b,1
capture_0617,tools/dataset/captures/live_surveillance_20260629T1003Z/capture_0617.jpg,28,49,618,25,70,true,validation,auto_consensus,automated_consensus,auto-consensus,2026-07-21T20:10:35+00:00,qwen3-vl:4b,aqs-five-field-v2,tools/dataset/captures/live_surveillance_20260629T1003Z/labels_ollama_proposals.csv,promoted,single_model_temporal_plausible,qwen3-vl:4b,1
capture_0618,tools/dataset/captures/live_surveillance_20260629T1003Z/capture_0618.jpg,28,49,580,13,58,true,validation,auto_consensus,automated_consensus,auto-consensus,2026-07-21T20:10:35+00:00,qwen3-vl:4b,aqs-five-field-v2,tools/dataset/captures/live_surveillance_20260629T1003Z/labels_ollama_proposals.csv,promoted,single_model_temporal_plausible,qwen3-vl:4b,1
capture_0619,tools/dataset/captures/live_surveillance_20260629T1003Z/capture_0619.jpg,28,49,574,17,47,true,validation,auto_consensus,automated_consensus,auto-consensus,2026-07-21T20:10:35+00:00,qwen3-vl:4b,aqs-five-field-v2,tools/dataset/captures/live_surveillance_20260629T1003Z/labels_ollama_proposals.csv,promoted,single_model_temporal_plausible,qwen3-vl:4b,1
capture_0620,tools/dataset/captures/live_surveillance_20260629T1003Z/capture_0620.jpg,28,49,574,17,47,true,validation,auto_consensus,automated_consensus,auto-consensus,2026-07-21T20:10:35+00:00,qwen3-vl:4b,aqs-five-field-v2,tools/dataset/captures/live_surveillance_20260629T1003Z/labels_ollama_proposals.csv,promoted,single_model_temporal_plausible,qwen3-vl:4b,1
capture_0621,tools/dataset/captures/live_surveillance_20260629T1003Z/capture_0621.jpg,28,49,574,17,47,true,validation,auto_consensus,automated_consensus,auto-consensus,2026-07-21T20:10:35+00:00,qwen3-vl:4b,aqs-five-field-v2,tools/dataset/captures/live_surveillance_20260629T1003Z/labels_ollama_proposals.csv,promoted,single_model_temporal_plausible,qwen3-vl:4b,1
capture_0622,tools/dataset/captures/live_surveillance_20260629T1003Z/capture_0622.jpg,28,49,574,17,17,true,validation,auto_consensus,automated_consensus,auto-consensus,2026-07-21T20:10:35+00:00,qwen3-vl:4b,aqs-five-field-v2,tools/dataset/captures/live_surveillance_20260629T1003Z/labels_ollama_proposals.csv,promoted,single_model_temporal_plausible,qwen3-vl:4b,1
capture_0623,tools/dataset/captures/live_surveillance_20260629T1003Z/capture_0623.jpg,28,49,558,12,30,true,validation,auto_consensus,automated_consensus,auto-consensus,2026-07-21T20:10:35+00:00,qwen3-vl:4b,aqs-five-field-v2,tools/dataset/captures/live_surveillance_20260629T1003Z/labels_ollama_proposals.csv,promoted,single_model_temporal_plausible,qwen3-vl:4b,1
capture_0624,tools/dataset/captures/live_surveillance_20260629T1003Z/capture_0624.jpg,,,,,,false,validation,hcho_raw:2:neighbor_median=12.5,excluded,auto-consensus,2026-07-21T20:10:35+00:00,,,tools/dataset/captures/live_surveillance_20260629T1003Z/labels_ollama_proposals.csv,excluded,temporal_anomaly,qwen3-vl:4b,0
capture_0625,tools/dataset/captures/live_surveillance_20260629T1003Z/capture_0625.jpg,28,49,464,13,36,true,validation,auto_consensus,automated_consensus,auto-consensus,2026-07-21T20:10:35+00:00,qwen3-vl:4b,aqs-five-field-v2,tools/dataset/captures/live_surveillance_20260629T1003Z/labels_ollama_proposals.csv,promoted,single_model_temporal_plausible,qwen3-vl:4b,1
capture_0626,tools/dataset/captures/live_surveillance_20260629T1003Z/capture_0626.jpg,28,49,445,6,39,true,validation,auto_consensus,automated_consensus,auto-consensus,2026-07-21T20:10:35+00:00,qwen3-vl:4b,aqs-five-field-v2,tools/dataset/captures/live_surveillance_20260629T1003Z/labels_ollama_proposals.csv,promoted,single_model_temporal_plausible,qwen3-vl:4b,1
capture_0627,tools/dataset/captures/live_surveillance_20260629T1003Z/capture_0627.jpg,28,49,446,17,47,true,validation,auto_consensus,automated_consensus,auto-consensus,2026-07-21T20:10:35+00:00,qwen3-vl:4b,aqs-five-field-v2,tools/dataset/captures/live_surveillance_20260629T1003Z/labels_ollama_proposals.csv,promoted,single_model_temporal_plausible,qwen3-vl:4b,1
capture_0628,tools/dataset/captures/live_surveillance_20260629T1003Z/capture_0628.jpg,28,49,442,12,33,true,validation,auto_consensus,automated_consensus,auto-consensus,2026-07-21T20:10:35+00:00,qwen3-vl:4b,aqs-five-field-v2,tools/dataset/captures/live_surveillance_20260629T1003Z/labels_ollama_proposals.csv,promoted,single_model_temporal_plausible,qwen3-vl:4b,1
capture_0629,tools/dataset/captures/live_surveillance_20260629T1003Z/capture_0629.jpg,28,49,441,12,33,true,validation,auto_consensus,automated_consensus,auto-consensus,2026-07-21T20:10:35+00:00,qwen3-vl:4b,aqs-five-field-v2,tools/dataset/captures/live_surveillance_20260629T1003Z/labels_ollama_proposals.csv,promoted,single_model_temporal_plausible,qwen3-vl:4b,1
capture_0630,tools/dataset/captures/live_surveillance_20260629T1003Z/capture_0630.jpg,28,49,444,13,36,true,validation,auto_consensus,automated_consensus,auto-consensus,2026-07-21T20:10:35+00:00,qwen3-vl:4b,aqs-five-field-v2,tools/dataset/captures/live_surveillance_20260629T1003Z/labels_ollama_proposals.csv,promoted,single_model_temporal_plausible,qwen3-vl:4b,1
capture_0631,tools/dataset/captures/live_surveillance_20260629T1003Z/capture_0631.jpg,28,49,444,17,47,true,validation,auto_consensus,automated_consensus,auto-consensus,2026-07-21T20:10:35+00:00,qwen3-vl:4b,aqs-five-field-v2,tools/dataset/captures/live_surveillance_20260629T1003Z/labels_ollama_proposals.csv,promoted,single_model_temporal_plausible,qwen3-vl:4b,1
capture_0632,tools/dataset/captures/live_surveillance_20260629T1003Z/capture_0632.jpg,28,49,446,12,33,true,validation,auto_consensus,automated_consensus,auto-consensus,2026-07-21T20:10:35+00:00,qwen3-vl:4b,aqs-five-field-v2,tools/dataset/captures/live_surveillance_20260629T1003Z/labels_ollama_proposals.csv,promoted,single_model_temporal_plausible,qwen3-vl:4b,1
capture_0633,tools/dataset/captures/live_surveillance_20260629T1003Z/capture_0633.jpg,28,49,442,11,33,true,validation,auto_consensus,automated_consensus,auto-consensus,2026-07-21T20:10:35+00:00,qwen3-vl:4b,aqs-five-field-v2,tools/dataset/captures/live_surveillance_20260629T1003Z/labels_ollama_proposals.csv,promoted,single_model_temporal_plausible,qwen3-vl:4b,1
capture_0634,tools/dataset/captures/live_surveillance_20260629T1003Z/capture_0634.jpg,28,49,441,12,36,true,validation,auto_consensus,automated_consensus,auto-consensus,2026-07-21T20:10:35+00:00,qwen3-vl:4b,aqs-five-field-v2,tools/dataset/captures/live_surveillance_20260629T1003Z/labels_ollama_proposals.csv,promoted,single_model_temporal_plausible,qwen3-vl:4b,1
capture_0635,tools/dataset/captures/live_surveillance_20260629T1003Z/capture_0635.jpg,28,49,444,13,36,true,validation,auto_consensus,automated_consensus,auto-consensus,2026-07-21T20:10:35+00:00,qwen3-vl:4b,aqs-five-field-v2,tools/dataset/captures/live_surveillance_20260629T1003Z/labels_ollama_proposals.csv,promoted,single_model_temporal_plausible,qwen3-vl:4b,1
capture_0636,tools/dataset/captures/live_surveillance_20260629T1003Z/capture_0636.jpg,28,49,446,17,47,true,validation,auto_consensus,automated_consensus,auto-consensus,2026-07-21T20:10:35+00:00,qwen3-vl:4b,aqs-five-field-v2,tools/dataset/captures/live_surveillance_20260629T1003Z/labels_ollama_proposals.csv,promoted,single_model_temporal_plausible,qwen3-vl:4b,1
capture_0637,tools/dataset/captures/live_surveillance_20260629T1003Z/capture_0637.jpg,28,49,442,12,33,true,validation,auto_consensus,automated_consensus,auto-consensus,2026-07-21T20:10:35+00:00,qwen3-vl:4b,aqs-five-field-v2,tools/dataset/captures/live_surveillance_20260629T1003Z/labels_ollama_proposals.csv,promoted,single_model_temporal_plausible,qwen3-vl:4b,1
capture_0638,tools/dataset/captures/live_surveillance_20260629T1003Z/capture_0638.jpg,28,49,442,12,33,true,validation,auto_consensus,automated_consensus,auto-consensus,2026-07-21T20:10:35+00:00,qwen3-vl:4b,aqs-five-field-v2,tools/dataset/captures/live_surveillance_20260629T1003Z/labels_ollama_proposals.csv,promoted,single_model_temporal_plausible,qwen3-vl:4b,1
capture_0639,tools/dataset/captures/live_surveillance_20260629T1003Z/capture_0639.jpg,28,49,441,8,36,true,test,auto_consensus,automated_consensus,auto-consensus,2026-07-21T20:10:35+00:00,qwen3-vl:4b,aqs-five-field-v2,tools/dataset/captures/live_surveillance_20260629T1003Z/labels_ollama_proposals.csv,promoted,single_model_temporal_plausible,qwen3-vl:4b,1
capture_0640,tools/dataset/captures/live_surveillance_20260629T1003Z/capture_0640.jpg,28,49,444,5,47,true,test,auto_consensus,automated_consensus,auto-consensus,2026-07-21T20:10:35+00:00,qwen3-vl:4b,aqs-five-field-v2,tools/dataset/captures/live_surveillance_20260629T1003Z/labels_ollama_proposals.csv,promoted,single_model_temporal_plausible,qwen3-vl:4b,1
capture_0641,tools/dataset/captures/live_surveillance_20260629T1003Z/capture_0641.jpg,,,,,,false,test,hcho_raw:17:neighbor_median=6.5,excluded,auto-consensus,2026-07-21T20:10:35+00:00,,,tools/dataset/captures/live_surveillance_20260629T1003Z/labels_ollama_proposals.csv,excluded,temporal_anomaly,qwen3-vl:4b,0
capture_0642,tools/dataset/captures/live_surveillance_20260629T1003Z/capture_0642.jpg,28,49,442,12,33,true,test,auto_consensus,automated_consensus,auto-consensus,2026-07-21T20:10:35+00:00,qwen3-vl:4b,aqs-five-field-v2,tools/dataset/captures/live_surveillance_20260629T1003Z/labels_ollama_proposals.csv,promoted,single_model_temporal_plausible,qwen3-vl:4b,1
capture_0643,tools/dataset/captures/live_surveillance_20260629T1003Z/capture_0643.jpg,,,,,,false,test,hcho_raw:2:neighbor_median=14.5,excluded,auto-consensus,2026-07-21T20:10:35+00:00,,,tools/dataset/captures/live_surveillance_20260629T1003Z/labels_ollama_proposals.csv,excluded,temporal_anomaly,qwen3-vl:4b,0
capture_0644,tools/dataset/captures/live_surveillance_20260629T1003Z/capture_0644.jpg,28,49,445,6,36,true,test,auto_consensus,automated_consensus,auto-consensus,2026-07-21T20:10:35+00:00,qwen3-vl:4b,aqs-five-field-v2,tools/dataset/captures/live_surveillance_20260629T1003Z/labels_ollama_proposals.csv,promoted,single_model_temporal_plausible,qwen3-vl:4b,1
capture_0645,tools/dataset/captures/live_surveillance_20260629T1003Z/capture_0645.jpg,,,,,,false,test,hcho_raw:17:neighbor_median=4,excluded,auto-consensus,2026-07-21T20:10:35+00:00,,,tools/dataset/captures/live_surveillance_20260629T1003Z/labels_ollama_proposals.csv,excluded,temporal_anomaly,qwen3-vl:4b,0
capture_0646,tools/dataset/captures/live_surveillance_20260629T1003Z/capture_0646.jpg,,,,,,false,test,hcho_raw:17:neighbor_median=4,excluded,auto-consensus,2026-07-21T20:10:35+00:00,,,tools/dataset/captures/live_surveillance_20260629T1003Z/labels_ollama_proposals.csv,excluded,temporal_anomaly,qwen3-vl:4b,0
capture_0647,tools/dataset/captures/live_surveillance_20260629T1003Z/capture_0647.jpg,,,,,,false,test,hcho_raw:2:neighbor_median=15,excluded,auto-consensus,2026-07-21T20:10:35+00:00,,,tools/dataset/captures/live_surveillance_20260629T1003Z/labels_ollama_proposals.csv,excluded,temporal_anomaly,qwen3-vl:4b,0
capture_0648,tools/dataset/captures/live_surveillance_20260629T1003Z/capture_0648.jpg,,,,,,false,test,hcho_raw:2:neighbor_median=15,excluded,auto-consensus,2026-07-21T20:10:35+00:00,,,tools/dataset/captures/live_surveillance_20260629T1003Z/labels_ollama_proposals.csv,excluded,temporal_anomaly,qwen3-vl:4b,0
capture_0649,tools/dataset/captures/live_surveillance_20260629T1003Z/capture_0649.jpg,28,49,444,13,50,true,test,auto_consensus,automated_consensus,auto-consensus,2026-07-21T20:10:35+00:00,qwen3-vl:4b,aqs-five-field-v2,tools/dataset/captures/live_surveillance_20260629T1003Z/labels_ollama_proposals.csv,promoted,single_model_temporal_plausible,qwen3-vl:4b,1
capture_0650,tools/dataset/captures/live_surveillance_20260629T1003Z/capture_0650.jpg,28,49,446,17,42,true,test,auto_consensus,automated_consensus,auto-consensus,2026-07-21T20:10:35+00:00,qwen3-vl:4b,aqs-five-field-v2,tools/dataset/captures/live_surveillance_20260629T1003Z/labels_ollama_proposals.csv,promoted,single_model_temporal_plausible,qwen3-vl:4b,1
capture_0651,tools/dataset/captures/live_surveillance_20260629T1003Z/capture_0651.jpg,28,49,446,12,28,true,test,auto_consensus,automated_consensus,auto-consensus,2026-07-21T20:10:35+00:00,qwen3-vl:4b,aqs-five-field-v2,tools/dataset/captures/live_surveillance_20260629T1003Z/labels_ollama_proposals.csv,promoted,single_model_temporal_plausible,qwen3-vl:4b,1
capture_0652,tools/dataset/captures/live_surveillance_20260629T1003Z/capture_0652.jpg,28,49,442,12,30,true,test,auto_consensus,automated_consensus,auto-consensus,2026-07-21T20:10:35+00:00,qwen3-vl:4b,aqs-five-field-v2,tools/dataset/captures/live_surveillance_20260629T1003Z/labels_ollama_proposals.csv,promoted,single_model_temporal_plausible,qwen3-vl:4b,1
capture_0653,tools/dataset/captures/live_surveillance_20260629T1003Z/capture_0653.jpg,28,49,441,13,50,true,test,auto_consensus,automated_consensus,auto-consensus,2026-07-21T20:10:35+00:00,qwen3-vl:4b,aqs-five-field-v2,tools/dataset/captures/live_surveillance_20260629T1003Z/labels_ollama_proposals.csv,promoted,single_model_temporal_plausible,qwen3-vl:4b,1
capture_0654,tools/dataset/captures/live_surveillance_20260629T1003Z/capture_0654.jpg,28,49,444,13,36,true,test,auto_consensus,automated_consensus,auto-consensus,2026-07-21T20:10:35+00:00,qwen3-vl:4b,aqs-five-field-v2,tools/dataset/captures/live_surveillance_20260629T1003Z/labels_ollama_proposals.csv,promoted,single_model_temporal_plausible,qwen3-vl:4b,1
capture_0655,tools/dataset/captures/live_surveillance_20260629T1003Z/capture_0655.jpg,28,49,446,17,28,true,test,auto_consensus,automated_consensus,auto-consensus,2026-07-21T20:10:35+00:00,qwen3-vl:4b,aqs-five-field-v2,tools/dataset/captures/live_surveillance_20260629T1003Z/labels_ollama_proposals.csv,promoted,single_model_temporal_plausible,qwen3-vl:4b,1
capture_0656,tools/dataset/captures/live_surveillance_20260629T1003Z/capture_0656.jpg,,,,,,false,test,hcho_raw:2:neighbor_median=13,excluded,auto-consensus,2026-07-21T20:10:35+00:00,,,tools/dataset/captures/live_surveillance_20260629T1003Z/labels_ollama_proposals.csv,excluded,temporal_anomaly,qwen3-vl:4b,0
capture_0657,tools/dataset/captures/live_surveillance_20260629T1003Z/capture_0657.jpg,,,,,,false,test,hcho_raw:2:neighbor_median=15,excluded,auto-consensus,2026-07-21T20:10:35+00:00,,,tools/dataset/captures/live_surveillance_20260629T1003Z/labels_ollama_proposals.csv,excluded,temporal_anomaly,qwen3-vl:4b,0
capture_0658,tools/dataset/captures/live_surveillance_20260629T1003Z/capture_0658.jpg,28,49,441,13,50,true,test,auto_consensus,automated_consensus,auto-consensus,2026-07-21T20:10:35+00:00,qwen3-vl:4b,aqs-five-field-v2,tools/dataset/captures/live_surveillance_20260629T1003Z/labels_ollama_proposals.csv,promoted,single_model_temporal_plausible,qwen3-vl:4b,1
capture_0659,tools/dataset/captures/live_surveillance_20260629T1003Z/capture_0659.jpg,28,49,444,17,42,true,test,auto_consensus,automated_consensus,auto-consensus,2026-07-21T20:10:35+00:00,qwen3-vl:4b,aqs-five-field-v2,tools/dataset/captures/live_surveillance_20260629T1003Z/labels_ollama_proposals.csv,promoted,single_model_temporal_plausible,qwen3-vl:4b,1
capture_0660,tools/dataset/captures/live_surveillance_20260629T1003Z/capture_0660.jpg,28,49,446,17,28,true,test,auto_consensus,automated_consensus,auto-consensus,2026-07-21T20:10:35+00:00,qwen3-vl:4b,aqs-five-field-v2,tools/dataset/captures/live_surveillance_20260629T1003Z/labels_ollama_proposals.csv,promoted,single_model_temporal_plausible,qwen3-vl:4b,1
capture_0661,tools/dataset/captures/live_surveillance_20260629T1003Z/capture_0661.jpg,,,,,,false,test,hcho_raw:2:neighbor_median=15,excluded,auto-consensus,2026-07-21T20:10:35+00:00,,,tools/dataset/captures/live_surveillance_20260629T1003Z/labels_ollama_proposals.csv,excluded,temporal_anomaly,qwen3-vl:4b,0
capture_0662,tools/dataset/captures/live_surveillance_20260629T1003Z/capture_0662.jpg,28,49,453,13,36,true,test,auto_consensus,automated_consensus,auto-consensus,2026-07-21T20:10:35+00:00,qwen3-vl:4b,aqs-five-field-v2,tools/dataset/captures/live_surveillance_20260629T1003Z/labels_ollama_proposals.csv,promoted,single_model_temporal_plausible,qwen3-vl:4b,1
capture_0663,tools/dataset/captures/live_surveillance_20260629T1003Z/capture_0663.jpg,,,,,,false,test,hcho_raw:0:neighbor_median=10.5,excluded,auto-consensus,2026-07-21T20:10:35+00:00,,,tools/dataset/captures/live_surveillance_20260629T1003Z/labels_ollama_proposals.csv,excluded,temporal_anomaly,qwen3-vl:4b,0
capture_0664,tools/dataset/captures/live_surveillance_20260629T1003Z/capture_0664.jpg,28,49,464,8,50,true,test,auto_consensus,automated_consensus,auto-consensus,2026-07-21T20:10:35+00:00,qwen3-vl:4b,aqs-five-field-v2,tools/dataset/captures/live_surveillance_20260629T1003Z/labels_ollama_proposals.csv,promoted,single_model_temporal_plausible,qwen3-vl:4b,1
capture_0665,tools/dataset/captures/live_surveillance_20260629T1003Z/capture_0665.jpg,28,49,464,14,39,true,test,auto_consensus,automated_consensus,auto-consensus,2026-07-21T20:10:35+00:00,qwen3-vl:4b,aqs-five-field-v2,tools/dataset/captures/live_surveillance_20260629T1003Z/labels_ollama_proposals.csv,promoted,single_model_temporal_plausible,qwen3-vl:4b,1
capture_0666,tools/dataset/captures/live_surveillance_20260629T1003Z/capture_0666.jpg,28,49,481,12,33,true,test,auto_consensus,automated_consensus,auto-consensus,2026-07-21T20:10:35+00:00,qwen3-vl:4b,aqs-five-field-v2,tools/dataset/captures/live_surveillance_20260629T1003Z/labels_ollama_proposals.csv,promoted,single_model_temporal_plausible,qwen3-vl:4b,1
capture_0667,tools/dataset/captures/live_surveillance_20260629T1003Z/capture_0667.jpg,28,49,481,6,17,true,test,auto_consensus,automated_consensus,auto-consensus,2026-07-21T20:10:35+00:00,qwen3-vl:4b,aqs-five-field-v2,tools/dataset/captures/live_surveillance_20260629T1003Z/labels_ollama_proposals.csv,promoted,single_model_temporal_plausible,qwen3-vl:4b,1
capture_0668,tools/dataset/captures/live_surveillance_20260629T1003Z/capture_0668.jpg,28,49,481,12,30,true,test,auto_consensus,automated_consensus,auto-consensus,2026-07-21T20:10:35+00:00,qwen3-vl:4b,aqs-five-field-v2,tools/dataset/captures/live_surveillance_20260629T1003Z/labels_ollama_proposals.csv,promoted,single_model_temporal_plausible,qwen3-vl:4b,1
capture_0669,tools/dataset/captures/live_surveillance_20260629T1003Z/capture_0669.jpg,28,49,481,13,36,true,test,auto_consensus,automated_consensus,auto-consensus,2026-07-21T20:10:35+00:00,qwen3-vl:4b,aqs-five-field-v2,tools/dataset/captures/live_surveillance_20260629T1003Z/labels_ollama_proposals.csv,promoted,single_model_temporal_plausible,qwen3-vl:4b,1
capture_0670,tools/dataset/captures/live_surveillance_20260629T1003Z/capture_0670.jpg,,,,,,false,test,hcho_raw:0:neighbor_median=12.5,excluded,auto-consensus,2026-07-21T20:10:35+00:00,,,tools/dataset/captures/live_surveillance_20260629T1003Z/labels_ollama_proposals.csv,excluded,temporal_anomaly,qwen3-vl:4b,0
capture_0671,tools/dataset/captures/live_surveillance_20260629T1003Z/capture_0671.jpg,28,49,503,8,50,true,test,auto_consensus,automated_consensus,auto-consensus,2026-07-21T20:10:35+00:00,qwen3-vl:4b,aqs-five-field-v2,tools/dataset/captures/live_surveillance_20260629T1003Z/labels_ollama_proposals.csv,promoted,single_model_temporal_plausible,qwen3-vl:4b,1
capture_0672,tools/dataset/captures/live_surveillance_20260629T1003Z/capture_0672.jpg,28,49,508,14,39,true,test,auto_consensus,automated_consensus,auto-consensus,2026-07-21T20:10:35+00:00,qwen3-vl:4b,aqs-five-field-v2,tools/dataset/captures/live_surveillance_20260629T1003Z/labels_ollama_proposals.csv,promoted,single_model_temporal_plausible,qwen3-vl:4b,1
capture_0673,tools/dataset/captures/live_surveillance_20260629T1003Z/capture_0673.jpg,28,49,514,2,33,true,test,auto_consensus,automated_consensus,auto-consensus,2026-07-21T20:10:35+00:00,qwen3-vl:4b,aqs-five-field-v2,tools/dataset/captures/live_surveillance_20260629T1003Z/labels_ollama_proposals.csv,promoted,single_model_temporal_plausible,qwen3-vl:4b,1
capture_0674,tools/dataset/captures/live_surveillance_20260629T1003Z/capture_0674.jpg,28,49,519,17,47,true,test,auto_consensus,automated_consensus,auto-consensus,2026-07-21T20:10:35+00:00,qwen3-vl:4b,aqs-five-field-v2,tools/dataset/captures/live_surveillance_20260629T1003Z/labels_ollama_proposals.csv,promoted,single_model_temporal_plausible,qwen3-vl:4b,1
capture_0675,tools/dataset/captures/live_surveillance_20260629T1003Z/capture_0675.jpg,28,49,519,2,30,true,test,auto_consensus,automated_consensus,auto-consensus,2026-07-21T20:10:35+00:00,qwen3-vl:4b,aqs-five-field-v2,tools/dataset/captures/live_surveillance_20260629T1003Z/labels_ollama_proposals.csv,promoted,single_model_temporal_plausible,qwen3-vl:4b,1
capture_0676,tools/dataset/captures/live_surveillance_20260629T1003Z/capture_0676.jpg,28,49,525,13,36,true,test,auto_consensus,automated_consensus,auto-consensus,2026-07-21T20:10:35+00:00,qwen3-vl:4b,aqs-five-field-v2,tools/dataset/captures/live_surveillance_20260629T1003Z/labels_ollama_proposals.csv,promoted,single_model_temporal_plausible,qwen3-vl:4b,1
capture_0677,tools/dataset/captures/live_surveillance_20260629T1003Z/capture_0677.jpg,,,,,,false,test,hcho_raw:0:neighbor_median=10.5,excluded,auto-consensus,2026-07-21T20:10:35+00:00,,,tools/dataset/captures/live_surveillance_20260629T1003Z/labels_ollama_proposals.csv,excluded,temporal_anomaly,qwen3-vl:4b,0
capture_0678,tools/dataset/captures/live_surveillance_20260629T1003Z/capture_0678.jpg,28,49,525,8,50,true,test,auto_consensus,automated_consensus,auto-consensus,2026-07-21T20:10:35+00:00,qwen3-vl:4b,aqs-five-field-v2,tools/dataset/captures/live_surveillance_20260629T1003Z/labels_ollama_proposals.csv,promoted,single_model_temporal_plausible,qwen3-vl:4b,1
capture_0679,tools/dataset/captures/live_surveillance_20260629T1003Z/capture_0679.jpg,28,49,525,14,39,true,test,auto_consensus,automated_consensus,auto-consensus,2026-07-21T20:10:35+00:00,qwen3-vl:4b,aqs-five-field-v2,tools/dataset/captures/live_surveillance_20260629T1003Z/labels_ollama_proposals.csv,promoted,single_model_temporal_plausible,qwen3-vl:4b,1
capture_0680,tools/dataset/captures/live_surveillance_20260629T1003Z/capture_0680.jpg,,,,,,false,test,hcho_raw:2:neighbor_median=13,excluded,auto-consensus,2026-07-21T20:10:35+00:00,,,tools/dataset/captures/live_surveillance_20260629T1003Z/labels_ollama_proposals.csv,excluded,temporal_anomaly,qwen3-vl:4b,0
capture_0681,tools/dataset/captures/live_surveillance_20260629T1003Z/capture_0681.jpg,28,49,525,15,47,true,test,auto_consensus,automated_consensus,auto-consensus,2026-07-21T20:10:35+00:00,qwen3-vl:4b,aqs-five-field-v2,tools/dataset/captures/live_surveillance_20260629T1003Z/labels_ollama_proposals.csv,promoted,single_model_temporal_plausible,qwen3-vl:4b,1
capture_0682,tools/dataset/captures/live_surveillance_20260629T1003Z/capture_0682.jpg,28,49,525,12,33,true,test,auto_consensus,automated_consensus,auto-consensus,2026-07-21T20:10:35+00:00,qwen3-vl:4b,aqs-five-field-v2,tools/dataset/captures/live_surveillance_20260629T1003Z/labels_ollama_proposals.csv,promoted,single_model_temporal_plausible,qwen3-vl:4b,1
capture_0683,tools/dataset/captures/live_surveillance_20260629T1003Z/capture_0683.jpg,28,49,530,6,36,true,test,auto_consensus,automated_consensus,auto-consensus,2026-07-21T20:10:35+00:00,qwen3-vl:4b,aqs-five-field-v2,tools/dataset/captures/live_surveillance_20260629T1003Z/labels_ollama_proposals.csv,promoted,single_model_temporal_plausible,qwen3-vl:4b,1
capture_0684,tools/dataset/captures/live_surveillance_20260629T1003Z/capture_0684.jpg,28,49,530,12,28,true,test,auto_consensus,automated_consensus,auto-consensus,2026-07-21T20:10:35+00:00,qwen3-vl:4b,aqs-five-field-v2,tools/dataset/captures/live_surveillance_20260629T1003Z/labels_ollama_proposals.csv,promoted,single_model_temporal_plausible,qwen3-vl:4b,1
capture_0685,tools/dataset/captures/live_surveillance_20260629T1003Z/capture_0685.jpg,28,49,552,15,42,true,test,auto_consensus,automated_consensus,auto-consensus,2026-07-21T20:10:35+00:00,qwen3-vl:4b,aqs-five-field-v2,tools/dataset/captures/live_surveillance_20260629T1003Z/labels_ollama_proposals.csv,promoted,single_model_temporal_plausible,qwen3-vl:4b,1
capture_0686,tools/dataset/captures/live_surveillance_20260629T1003Z/capture_0686.jpg,28,49,574,17,47,true,test,auto_consensus,automated_consensus,auto-consensus,2026-07-21T20:10:35+00:00,qwen3-vl:4b,aqs-five-field-v2,tools/dataset/captures/live_surveillance_20260629T1003Z/labels_ollama_proposals.csv,promoted,single_model_temporal_plausible,qwen3-vl:4b,1
capture_0687,tools/dataset/captures/live_surveillance_20260629T1003Z/capture_0687.jpg,,,,,,false,test,tvoc_raw:4:neighbor_median=47,excluded,auto-consensus,2026-07-21T20:10:35+00:00,,,tools/dataset/captures/live_surveillance_20260629T1003Z/labels_ollama_proposals.csv,excluded,temporal_anomaly,qwen3-vl:4b,0
capture_0688,tools/dataset/captures/live_surveillance_20260629T1003Z/capture_0688.jpg,28,49,574,17,47,true,test,auto_consensus,automated_consensus,auto-consensus,2026-07-21T20:10:35+00:00,qwen3-vl:4b,aqs-five-field-v2,tools/dataset/captures/live_surveillance_20260629T1003Z/labels_ollama_proposals.csv,promoted,single_model_temporal_plausible,qwen3-vl:4b,1
capture_0689,tools/dataset/captures/live_surveillance_20260629T1003Z/capture_0689.jpg,28,49,585,18,53,true,test,auto_consensus,automated_consensus,auto-consensus,2026-07-21T20:10:35+00:00,qwen3-vl:4b,aqs-five-field-v2,tools/dataset/captures/live_surveillance_20260629T1003Z/labels_ollama_proposals.csv,promoted,single_model_temporal_plausible,qwen3-vl:4b,1
capture_0690,tools/dataset/captures/live_surveillance_20260629T1003Z/capture_0690.jpg,28,49,574,17,47,true,test,auto_consensus,automated_consensus,auto-consensus,2026-07-21T20:10:35+00:00,qwen3-vl:4b,aqs-five-field-v2,tools/dataset/captures/live_surveillance_20260629T1003Z/labels_ollama_proposals.csv,promoted,single_model_temporal_plausible,qwen3-vl:4b,1
capture_0691,tools/dataset/captures/live_surveillance_20260629T1003Z/capture_0691.jpg,28,49,574,17,47,true,test,auto_consensus,automated_consensus,auto-consensus,2026-07-21T20:10:35+00:00,qwen3-vl:4b,aqs-five-field-v2,tools/dataset/captures/live_surveillance_20260629T1003Z/labels_ollama_proposals.csv,promoted,single_model_temporal_plausible,qwen3-vl:4b,1
capture_0692,tools/dataset/captures/live_surveillance_20260629T1003Z/capture_0692.jpg,28,49,574,17,47,true,test,auto_consensus,automated_consensus,auto-consensus,2026-07-21T20:10:35+00:00,qwen3-vl:4b,aqs-five-field-v2,tools/dataset/captures/live_surveillance_20260629T1003Z/labels_ollama_proposals.csv,promoted,single_model_temporal_plausible,qwen3-vl:4b,1
capture_0693,tools/dataset/captures/live_surveillance_20260629T1003Z/capture_0693.jpg,28,49,580,17,47,true,test,auto_consensus,automated_consensus,auto-consensus,2026-07-21T20:10:35+00:00,qwen3-vl:4b,aqs-five-field-v2,tools/dataset/captures/live_surveillance_20260629T1003Z/labels_ollama_proposals.csv,promoted,single_model_temporal_plausible,qwen3-vl:4b,1
capture_0694,tools/dataset/captures/live_surveillance_20260629T1003Z/capture_0694.jpg,28,49,574,17,50,true,test,auto_consensus,automated_consensus,auto-consensus,2026-07-21T20:10:35+00:00,qwen3-vl:4b,aqs-five-field-v2,tools/dataset/captures/live_surveillance_20260629T1003Z/labels_ollama_proposals.csv,promoted,single_model_temporal_plausible,qwen3-vl:4b,1
capture_0695,tools/dataset/captures/live_surveillance_20260629T1003Z/capture_0695.jpg,28,49,618,25,70,true,test,auto_consensus,automated_consensus,auto-consensus,2026-07-21T20:10:35+00:00,qwen3-vl:4b,aqs-five-field-v2,tools/dataset/captures/live_surveillance_20260629T1003Z/labels_ollama_proposals.csv,promoted,single_model_temporal_plausible,qwen3-vl:4b,1
capture_0696,tools/dataset/captures/live_surveillance_20260629T1003Z/capture_0696.jpg,28,49,618,25,70,true,test,auto_consensus,automated_consensus,auto-consensus,2026-07-21T20:10:35+00:00,qwen3-vl:4b,aqs-five-field-v2,tools/dataset/captures/live_surveillance_20260629T1003Z/labels_ollama_proposals.csv,promoted,single_model_temporal_plausible,qwen3-vl:4b,1
capture_0697,tools/dataset/captures/live_surveillance_20260629T1003Z/capture_0697.jpg,28,49,618,25,70,true,test,auto_consensus,automated_consensus,auto-consensus,2026-07-21T20:10:35+00:00,qwen3-vl:4b,aqs-five-field-v2,tools/dataset/captures/live_surveillance_20260629T1003Z/labels_ollama_proposals.csv,promoted,single_model_temporal_plausible,qwen3-vl:4b,1
capture_0698,tools/dataset/captures/live_surveillance_20260629T1003Z/capture_0698.jpg,28,49,618,25,70,true,test,auto_consensus,automated_consensus,auto-consensus,2026-07-21T20:10:35+00:00,qwen3-vl:4b,aqs-five-field-v2,tools/dataset/captures/live_surveillance_20260629T1003Z/labels_ollama_proposals.csv,promoted,single_model_temporal_plausible,qwen3-vl:4b,1
capture_0699,tools/dataset/captures/live_surveillance_20260629T1003Z/capture_0699.jpg,28,49,618,25,70,true,test,auto_consensus,automated_consensus,auto-consensus,2026-07-21T20:10:35+00:00,qwen3-vl:4b,aqs-five-field-v2,tools/dataset/captures/live_surveillance_20260629T1003Z/labels_ollama_proposals.csv,promoted,single_model_temporal_plausible,qwen3-vl:4b,1
capture_0700,tools/dataset/captures/live_surveillance_20260629T1003Z/capture_0700.jpg,28,49,618,25,70,true,test,auto_consensus,automated_consensus,auto-consensus,2026-07-21T20:10:35+00:00,qwen3-vl:4b,aqs-five-field-v2,tools/dataset/captures/live_surveillance_20260629T1003Z/labels_ollama_proposals.csv,promoted,single_model_temporal_plausible,qwen3-vl:4b,1
capture_0701,tools/dataset/captures/live_surveillance_20260629T1003Z/capture_0701.jpg,28,49,618,25,70,true,test,auto_consensus,automated_consensus,auto-consensus,2026-07-21T20:10:35+00:00,qwen3-vl:4b,aqs-five-field-v2,tools/dataset/captures/live_surveillance_20260629T1003Z/labels_ollama_proposals.csv,promoted,single_model_temporal_plausible,qwen3-vl:4b,1
capture_0702,tools/dataset/captures/live_surveillance_20260629T1003Z/capture_0702.jpg,28,49,618,25,70,true,test,auto_consensus,automated_consensus,auto-consensus,2026-07-21T20:10:35+00:00,qwen3-vl:4b,aqs-five-field-v2,tools/dataset/captures/live_surveillance_20260629T1003Z/labels_ollama_proposals.csv,promoted,single_model_temporal_plausible,qwen3-vl:4b,1
capture_0703,tools/dataset/captures/live_surveillance_20260629T1003Z/capture_0703.jpg,28,49,618,25,70,true,test,auto_consensus,automated_consensus,auto-consensus,2026-07-21T20:10:35+00:00,qwen3-vl:4b,aqs-five-field-v2,tools/dataset/captures/live_surveillance_20260629T1003Z/labels_ollama_proposals.csv,promoted,single_model_temporal_plausible,qwen3-vl:4b,1
capture_0704,tools/dataset/captures/live_surveillance_20260629T1003Z/capture_0704.jpg,28,49,618,25,70,true,test,auto_consensus,automated_consensus,auto-consensus,2026-07-21T20:10:35+00:00,qwen3-vl:4b,aqs-five-field-v2,tools/dataset/captures/live_surveillance_20260629T1003Z/labels_ollama_proposals.csv,promoted,single_model_temporal_plausible,qwen3-vl:4b,1
capture_0705,tools/dataset/captures/live_surveillance_20260629T1003Z/capture_0705.jpg,28,49,618,25,70,true,test,auto_consensus,automated_consensus,auto-consensus,2026-07-21T20:10:35+00:00,qwen3-vl:4b,aqs-five-field-v2,tools/dataset/captures/live_surveillance_20260629T1003Z/labels_ollama_proposals.csv,promoted,single_model_temporal_plausible,qwen3-vl:4b,1
capture_0706,tools/dataset/captures/live_surveillance_20260629T1003Z/capture_0706.jpg,28,49,618,25,70,true,test,auto_consensus,automated_consensus,auto-consensus,2026-07-21T20:10:35+00:00,qwen3-vl:4b,aqs-five-field-v2,tools/dataset/captures/live_surveillance_20260629T1003Z/labels_ollama_proposals.csv,promoted,single_model_temporal_plausible,qwen3-vl:4b,1
capture_0707,tools/dataset/captures/live_surveillance_20260629T1003Z/capture_0707.jpg,28,49,618,25,70,true,test,auto_consensus,automated_consensus,auto-consensus,2026-07-21T20:10:35+00:00,qwen3-vl:4b,aqs-five-field-v2,tools/dataset/captures/live_surveillance_20260629T1003Z/labels_ollama_proposals.csv,promoted,single_model_temporal_plausible,qwen3-vl:4b,1
capture_0708,tools/dataset/captures/live_surveillance_20260629T1003Z/capture_0708.jpg,28,49,624,26,72,true,test,auto_consensus,automated_consensus,auto-consensus,2026-07-21T20:10:35+00:00,qwen3-vl:4b,aqs-five-field-v2,tools/dataset/captures/live_surveillance_20260629T1003Z/labels_ollama_proposals.csv,promoted,single_model_temporal_plausible,qwen3-vl:4b,1
capture_0709,tools/dataset/captures/live_surveillance_20260629T1003Z/capture_0709.jpg,28,49,629,27,75,true,test,auto_consensus,automated_consensus,auto-consensus,2026-07-21T20:10:35+00:00,qwen3-vl:4b,aqs-five-field-v2,tools/dataset/captures/live_surveillance_20260629T1003Z/labels_ollama_proposals.csv,promoted,single_model_temporal_plausible,qwen3-vl:4b,1
capture_0710,tools/dataset/captures/live_surveillance_20260629T1003Z/capture_0710.jpg,28,49,668,33,98,true,train,auto_consensus,automated_consensus,auto-consensus,2026-07-21T20:10:35+00:00,qwen3-vl:4b,aqs-five-field-v2,tools/dataset/captures/live_surveillance_20260629T1003Z/labels_ollama_proposals.csv,promoted,single_model_temporal_plausible,qwen3-vl:4b,1
capture_0711,tools/dataset/captures/live_surveillance_20260629T1003Z/capture_0711.jpg,28,49,629,27,75,true,train,auto_consensus,automated_consensus,auto-consensus,2026-07-21T20:10:35+00:00,qwen3-vl:4b,aqs-five-field-v2,tools/dataset/captures/live_surveillance_20260629T1003Z/labels_ollama_proposals.csv,promoted,single_model_temporal_plausible,qwen3-vl:4b,1
capture_0712,tools/dataset/captures/live_surveillance_20260629T1003Z/capture_0712.jpg,28,49,618,25,70,true,train,auto_consensus,automated_consensus,auto-consensus,2026-07-21T20:10:35+00:00,qwen3-vl:4b,aqs-five-field-v2,tools/dataset/captures/live_surveillance_20260629T1003Z/labels_ollama_proposals.csv,promoted,single_model_temporal_plausible,qwen3-vl:4b,1
capture_0713,tools/dataset/captures/live_surveillance_20260629T1003Z/capture_0713.jpg,28,49,618,25,70,true,train,auto_consensus,automated_consensus,auto-consensus,2026-07-21T20:10:35+00:00,qwen3-vl:4b,aqs-five-field-v2,tools/dataset/captures/live_surveillance_20260629T1003Z/labels_ollama_proposals.csv,promoted,single_model_temporal_plausible,qwen3-vl:4b,1
capture_0714,tools/dataset/captures/live_surveillance_20260629T1003Z/capture_0714.jpg,28,49,618,25,70,true,train,auto_consensus,automated_consensus,auto-consensus,2026-07-21T20:10:35+00:00,qwen3-vl:4b,aqs-five-field-v2,tools/dataset/captures/live_surveillance_20260629T1003Z/labels_ollama_proposals.csv,promoted,single_model_temporal_plausible,qwen3-vl:4b,1
capture_0715,tools/dataset/captures/live_surveillance_20260629T1003Z/capture_0715.jpg,28,49,618,25,70,true,train,auto_consensus,automated_consensus,auto-consensus,2026-07-21T20:10:35+00:00,qwen3-vl:4b,aqs-five-field-v2,tools/dataset/captures/live_surveillance_20260629T1003Z/labels_ollama_proposals.csv,promoted,single_model_temporal_plausible,qwen3-vl:4b,1
capture_0716,tools/dataset/captures/live_surveillance_20260629T1003Z/capture_0716.jpg,28,49,613,24,70,true,train,auto_consensus,automated_consensus,auto-consensus,2026-07-21T20:10:35+00:00,qwen3-vl:4b,aqs-five-field-v2,tools/dataset/captures/live_surveillance_20260629T1003Z/labels_ollama_proposals.csv,promoted,single_model_temporal_plausible,qwen3-vl:4b,1
capture_0717,tools/dataset/captures/live_surveillance_20260629T1003Z/capture_0717.jpg,28,49,574,17,47,true,train,auto_consensus,automated_consensus,auto-consensus,2026-07-21T20:10:35+00:00,qwen3-vl:4b,aqs-five-field-v2,tools/dataset/captures/live_surveillance_20260629T1003Z/labels_ollama_proposals.csv,promoted,single_model_temporal_plausible,qwen3-vl:4b,1
capture_0718,tools/dataset/captures/live_surveillance_20260629T1003Z/capture_0718.jpg,28,49,574,17,47,true,train,auto_consensus,automated_consensus,auto-consensus,2026-07-21T20:10:35+00:00,qwen3-vl:4b,aqs-five-field-v2,tools/dataset/captures/live_surveillance_20260629T1003Z/labels_ollama_proposals.csv,promoted,single_model_temporal_plausible,qwen3-vl:4b,1
capture_0719,tools/dataset/captures/live_surveillance_20260629T1003Z/capture_0719.jpg,,,,,,false,train,tvoc_raw:2:neighbor_median=47,excluded,auto-consensus,2026-07-21T20:10:35+00:00,,,tools/dataset/captures/live_surveillance_20260629T1003Z/labels_ollama_proposals.csv,excluded,temporal_anomaly,qwen3-vl:4b,0
capture_0720,tools/dataset/captures/live_surveillance_20260629T1003Z/capture_0720.jpg,28,49,574,6,47,true,train,auto_consensus,automated_consensus,auto-consensus,2026-07-21T20:10:35+00:00,qwen3-vl:4b,aqs-five-field-v2,tools/dataset/captures/live_surveillance_20260629T1003Z/labels_ollama_proposals.csv,promoted,single_model_temporal_plausible,qwen3-vl:4b,1
capture_0721,tools/dataset/captures/live_surveillance_20260629T1003Z/capture_0721.jpg,28,49,613,13,56,true,train,auto_consensus,automated_consensus,auto-consensus,2026-07-21T20:10:35+00:00,qwen3-vl:4b,aqs-five-field-v2,tools/dataset/captures/live_surveillance_20260629T1003Z/labels_ollama_proposals.csv,promoted,single_model_temporal_plausible,qwen3-vl:4b,1
capture_0722,tools/dataset/captures/live_surveillance_20260629T1003Z/capture_0722.jpg,28,49,602,2,70,true,train,auto_consensus,automated_consensus,auto-consensus,2026-07-21T20:10:35+00:00,qwen3-vl:4b,aqs-five-field-v2,tools/dataset/captures/live_surveillance_20260629T1003Z/labels_ollama_proposals.csv,promoted,single_model_temporal_plausible,qwen3-vl:4b,1
capture_0723,tools/dataset/captures/live_surveillance_20260629T1003Z/capture_0723.jpg,28,49,569,5,47,true,train,auto_consensus,automated_consensus,auto-consensus,2026-07-21T20:10:35+00:00,qwen3-vl:4b,aqs-five-field-v2,tools/dataset/captures/live_surveillance_20260629T1003Z/labels_ollama_proposals.csv,promoted,single_model_temporal_plausible,qwen3-vl:4b,1
capture_0724,tools/dataset/captures/live_surveillance_20260629T1003Z/capture_0724.jpg,28,49,547,13,33,true,train,auto_consensus,automated_consensus,auto-consensus,2026-07-21T20:10:35+00:00,qwen3-vl:4b,aqs-five-field-v2,tools/dataset/captures/live_surveillance_20260629T1003Z/labels_ollama_proposals.csv,promoted,single_model_temporal_plausible,qwen3-vl:4b,1
capture_0725,tools/dataset/captures/live_surveillance_20260629T1003Z/capture_0725.jpg,,,,,,false,train,tvoc_raw:4:neighbor_median=34.5,excluded,auto-consensus,2026-07-21T20:10:35+00:00,,,tools/dataset/captures/live_surveillance_20260629T1003Z/labels_ollama_proposals.csv,excluded,temporal_anomaly,qwen3-vl:4b,0
capture_0726,tools/dataset/captures/live_surveillance_20260629T1003Z/capture_0726.jpg,28,49,519,2,33,true,train,auto_consensus,automated_consensus,auto-consensus,2026-07-21T20:10:35+00:00,qwen3-vl:4b,aqs-five-field-v2,tools/dataset/captures/live_surveillance_20260629T1003Z/labels_ollama_proposals.csv,promoted,single_model_temporal_plausible,qwen3-vl:4b,1
capture_0727,tools/dataset/captures/live_surveillance_20260629T1003Z/capture_0727.jpg,28,49,519,13,36,true,train,auto_consensus,automated_consensus,auto-consensus,2026-07-21T20:10:35+00:00,qwen3-vl:4b,aqs-five-field-v2,tools/dataset/captures/live_surveillance_20260629T1003Z/labels_ollama_proposals.csv,promoted,single_model_temporal_plausible,qwen3-vl:4b,1
capture_0728,tools/dataset/captures/live_surveillance_20260629T1003Z/capture_0728.jpg,,,,,,false,train,hcho_raw:0:neighbor_median=10.5,excluded,auto-consensus,2026-07-21T20:10:35+00:00,,,tools/dataset/captures/live_surveillance_20260629T1003Z/labels_ollama_proposals.csv,excluded,temporal_anomaly,qwen3-vl:4b,0
capture_0729,tools/dataset/captures/live_surveillance_20260629T1003Z/capture_0729.jpg,28,49,519,8,50,true,train,auto_consensus,automated_consensus,auto-consensus,2026-07-21T20:10:35+00:00,qwen3-vl:4b,aqs-five-field-v2,tools/dataset/captures/live_surveillance_20260629T1003Z/labels_ollama_proposals.csv,promoted,single_model_temporal_plausible,qwen3-vl:4b,1
capture_0730,tools/dataset/captures/live_surveillance_20260629T1003Z/capture_0730.jpg,28,49,519,14,39,true,train,auto_consensus,automated_consensus,auto-consensus,2026-07-21T20:10:35+00:00,qwen3-vl:4b,aqs-five-field-v2,tools/dataset/captures/live_surveillance_20260629T1003Z/labels_ollama_proposals.csv,promoted,single_model_temporal_plausible,qwen3-vl:4b,1
capture_0731,tools/dataset/captures/live_surveillance_20260629T1003Z/capture_0731.jpg,28,50,486,12,33,true,train,auto_consensus,automated_consensus,auto-consensus,2026-07-21T20:10:35+00:00,qwen3-vl:4b,aqs-five-field-v2,tools/dataset/captures/live_surveillance_20260629T1003Z/labels_ollama_proposals.csv,promoted,single_model_temporal_plausible,qwen3-vl:4b,1
capture_0732,tools/dataset/captures/live_surveillance_20260629T1003Z/capture_0732.jpg,28,50,486,17,47,true,train,auto_consensus,automated_consensus,auto-consensus,2026-07-21T20:10:35+00:00,qwen3-vl:4b,aqs-five-field-v2,tools/dataset/captures/live_surveillance_20260629T1003Z/labels_ollama_proposals.csv,promoted,single_model_temporal_plausible,qwen3-vl:4b,1
capture_0733,tools/dataset/captures/live_surveillance_20260629T1003Z/capture_0733.jpg,28,50,492,13,30,true,train,auto_consensus,automated_consensus,auto-consensus,2026-07-21T20:10:35+00:00,qwen3-vl:4b,aqs-five-field-v2,tools/dataset/captures/live_surveillance_20260629T1003Z/labels_ollama_proposals.csv,promoted,single_model_temporal_plausible,qwen3-vl:4b,1
capture_0734,tools/dataset/captures/live_surveillance_20260629T1003Z/capture_0734.jpg,28,50,481,13,32,true,train,auto_consensus,automated_consensus,auto-consensus,2026-07-21T20:10:35+00:00,qwen3-vl:4b,aqs-five-field-v2,tools/dataset/captures/live_surveillance_20260629T1003Z/labels_ollama_proposals.csv,promoted,single_model_temporal_plausible,qwen3-vl:4b,1
capture_0735,tools/dataset/captures/live_surveillance_20260629T1003Z/capture_0735.jpg,,,,,,false,train,hcho_raw:0:neighbor_median=13,excluded,auto-consensus,2026-07-21T20:10:35+00:00,,,tools/dataset/captures/live_surveillance_20260629T1003Z/labels_ollama_proposals.csv,excluded,temporal_anomaly,qwen3-vl:4b,0
capture_0736,tools/dataset/captures/live_surveillance_20260629T1003Z/capture_0736.jpg,28,50,481,8,50,true,train,auto_consensus,automated_consensus,auto-consensus,2026-07-21T20:10:35+00:00,qwen3-vl:4b,aqs-five-field-v2,tools/dataset/captures/live_surveillance_20260629T1003Z/labels_ollama_proposals.csv,promoted,single_model_temporal_plausible,qwen3-vl:4b,1
capture_0737,tools/dataset/captures/live_surveillance_20260629T1003Z/capture_0737.jpg,28,50,475,14,39,true,train,auto_consensus,automated_consensus,auto-consensus,2026-07-21T20:10:35+00:00,qwen3-vl:4b,aqs-five-field-v2,tools/dataset/captures/live_surveillance_20260629T1003Z/labels_ollama_proposals.csv,promoted,single_model_temporal_plausible,qwen3-vl:4b,1
capture_0738,tools/dataset/captures/live_surveillance_20260629T1003Z/capture_0738.jpg,28,50,481,12,33,true,train,auto_consensus,automated_consensus,auto-consensus,2026-07-21T20:10:35+00:00,qwen3-vl:4b,aqs-five-field-v2,tools/dataset/captures/live_surveillance_20260629T1003Z/labels_ollama_proposals.csv,promoted,single_model_temporal_plausible,qwen3-vl:4b,1
capture_0739,tools/dataset/captures/live_surveillance_20260629T1003Z/capture_0739.jpg,28,50,475,17,17,true,train,auto_consensus,automated_consensus,auto-consensus,2026-07-21T20:10:35+00:00,qwen3-vl:4b,aqs-five-field-v2,tools/dataset/captures/live_surveillance_20260629T1003Z/labels_ollama_proposals.csv,promoted,single_model_temporal_plausible,qwen3-vl:4b,1
capture_0740,tools/dataset/captures/live_surveillance_20260629T1003Z/capture_0740.jpg,28,50,481,11,30,true,train,auto_consensus,automated_consensus,auto-consensus,2026-07-21T20:10:35+00:00,qwen3-vl:4b,aqs-five-field-v2,tools/dataset/captures/live_surveillance_20260629T1003Z/labels_ollama_proposals.csv,promoted,single_model_temporal_plausible,qwen3-vl:4b,1
capture_0741,tools/dataset/captures/live_surveillance_20260629T1003Z/capture_0741.jpg,28,50,486,15,42,true,train,auto_consensus,automated_consensus,auto-consensus,2026-07-21T20:10:35+00:00,qwen3-vl:4b,aqs-five-field-v2,tools/dataset/captures/live_surveillance_20260629T1003Z/labels_ollama_proposals.csv,promoted,single_model_temporal_plausible,qwen3-vl:4b,1
capture_0742,tools/dataset/captures/live_surveillance_20260629T1003Z/capture_0742.jpg,28,50,481,13,36,true,train,auto_consensus,automated_consensus,auto-consensus,2026-07-21T20:10:35+00:00,qwen3-vl:4b,aqs-five-field-v2,tools/dataset/captures/live_surveillance_20260629T1003Z/labels_ollama_proposals.csv,promoted,single_model_temporal_plausible,qwen3-vl:4b,1
capture_0743,tools/dataset/captures/live_surveillance_20260629T1003Z/capture_0743.jpg,28,50,481,15,14,true,train,auto_consensus,automated_consensus,auto-consensus,2026-07-21T20:10:35+00:00,qwen3-vl:4b,aqs-five-field-v2,tools/dataset/captures/live_surveillance_20260629T1003Z/labels_ollama_proposals.csv,promoted,single_model_temporal_plausible,qwen3-vl:4b,1
capture_0744,tools/dataset/captures/live_surveillance_20260629T1003Z/capture_0744.jpg,,,,,,false,train,hcho_raw:0:neighbor_median=13.5,excluded,auto-consensus,2026-07-21T20:10:35+00:00,,,tools/dataset/captures/live_surveillance_20260629T1003Z/labels_ollama_proposals.csv,excluded,temporal_anomaly,qwen3-vl:4b,0
capture_0745,tools/dataset/captures/live_surveillance_20260629T1003Z/capture_0745.jpg,28,50,486,8,36,true,train,auto_consensus,automated_consensus,auto-consensus,2026-07-21T20:10:35+00:00,qwen3-vl:4b,aqs-five-field-v2,tools/dataset/captures/live_surveillance_20260629T1003Z/labels_ollama_proposals.csv,promoted,single_model_temporal_plausible,qwen3-vl:4b,1
capture_0746,tools/dataset/captures/live_surveillance_20260629T1003Z/capture_0746.jpg,28,50,481,14,47,true,train,auto_consensus,automated_consensus,auto-consensus,2026-07-21T20:10:35+00:00,qwen3-vl:4b,aqs-five-field-v2,tools/dataset/captures/live_surveillance_20260629T1003Z/labels_ollama_proposals.csv,promoted,single_model_temporal_plausible,qwen3-vl:4b,1
capture_0747,tools/dataset/captures/live_surveillance_20260629T1003Z/capture_0747.jpg,28,50,481,12,30,true,train,auto_consensus,automated_consensus,auto-consensus,2026-07-21T20:10:35+00:00,qwen3-vl:4b,aqs-five-field-v2,tools/dataset/captures/live_surveillance_20260629T1003Z/labels_ollama_proposals.csv,promoted,single_model_temporal_plausible,qwen3-vl:4b,1
capture_0748,tools/dataset/captures/live_surveillance_20260629T1003Z/capture_0748.jpg,28,50,481,17,42,true,train,auto_consensus,automated_consensus,auto-consensus,2026-07-21T20:10:35+00:00,qwen3-vl:4b,aqs-five-field-v2,tools/dataset/captures/live_surveillance_20260629T1003Z/labels_ollama_proposals.csv,promoted,single_model_temporal_plausible,qwen3-vl:4b,1
capture_0749,tools/dataset/captures/live_surveillance_20260629T1003Z/capture_0749.jpg,28,50,481,11,36,true,train,auto_consensus,automated_consensus,auto-consensus,2026-07-21T20:10:35+00:00,qwen3-vl:4b,aqs-five-field-v2,tools/dataset/captures/live_surveillance_20260629T1003Z/labels_ollama_proposals.csv,promoted,single_model_temporal_plausible,qwen3-vl:4b,1
capture_0750,tools/dataset/captures/live_surveillance_20260629T1003Z/capture_0750.jpg,,,,,,false,train,tvoc_raw:4:neighbor_median=36,excluded,auto-consensus,2026-07-21T20:10:35+00:00,,,tools/dataset/captures/live_surveillance_20260629T1003Z/labels_ollama_proposals.csv,excluded,temporal_anomaly,qwen3-vl:4b,0
capture_0751,tools/dataset/captures/live_surveillance_20260629T1003Z/capture_0751.jpg,28,50,481,13,33,true,train,auto_consensus,automated_consensus,auto-consensus,2026-07-21T20:10:35+00:00,qwen3-vl:4b,aqs-five-field-v2,tools/dataset/captures/live_surveillance_20260629T1003Z/labels_ollama_proposals.csv,promoted,single_model_temporal_plausible,qwen3-vl:4b,1
capture_0752,tools/dataset/captures/live_surveillance_20260629T1003Z/capture_0752.jpg,28,49,514,6,36,true,train,auto_consensus,automated_consensus,auto-consensus,2026-07-21T20:10:35+00:00,qwen3-vl:4b,aqs-five-field-v2,tools/dataset/captures/live_surveillance_20260629T1003Z/labels_ollama_proposals.csv,promoted,single_model_temporal_plausible,qwen3-vl:4b,1
capture_0753,tools/dataset/captures/live_surveillance_20260629T1003Z/capture_0753.jpg,28,49,519,12,28,true,train,auto_consensus,automated_consensus,auto-consensus,2026-07-21T20:10:35+00:00,qwen3-vl:4b,aqs-five-field-v2,tools/dataset/captures/live_surveillance_20260629T1003Z/labels_ollama_proposals.csv,promoted,single_model_temporal_plausible,qwen3-vl:4b,1
capture_0754,tools/dataset/captures/live_surveillance_20260629T1003Z/capture_0754.jpg,28,49,514,2,50,true,train,auto_consensus,automated_consensus,auto-consensus,2026-07-21T20:10:35+00:00,qwen3-vl:4b,aqs-five-field-v2,tools/dataset/captures/live_surveillance_20260629T1003Z/labels_ollama_proposals.csv,promoted,single_model_temporal_plausible,qwen3-vl:4b,1
capture_0755,tools/dataset/captures/live_surveillance_20260629T1003Z/capture_0755.jpg,28,49,519,17,39,true,train,auto_consensus,automated_consensus,auto-consensus,2026-07-21T20:10:35+00:00,qwen3-vl:4b,aqs-five-field-v2,tools/dataset/captures/live_surveillance_20260629T1003Z/labels_ollama_proposals.csv,promoted,single_model_temporal_plausible,qwen3-vl:4b,1
capture_0756,tools/dataset/captures/live_surveillance_20260629T1003Z/capture_0756.jpg,28,49,519,11,33,true,train,auto_consensus,automated_consensus,auto-consensus,2026-07-21T20:10:35+00:00,qwen3-vl:4b,aqs-five-field-v2,tools/dataset/captures/live_surveillance_20260629T1003Z/labels_ollama_proposals.csv,promoted,single_model_temporal_plausible,qwen3-vl:4b,1
capture_0757,tools/dataset/captures/live_surveillance_20260629T1003Z/capture_0757.jpg,28,49,514,5,42,true,train,auto_consensus,automated_consensus,auto-consensus,2026-07-21T20:10:35+00:00,qwen3-vl:4b,aqs-five-field-v2,tools/dataset/captures/live_surveillance_20260629T1003Z/labels_ollama_proposals.csv,promoted,single_model_temporal_plausible,qwen3-vl:4b,1
capture_0758,tools/dataset/captures/live_surveillance_20260629T1003Z/capture_0758.jpg,28,49,508,13,36,true,train,auto_consensus,automated_consensus,auto-consensus,2026-07-21T20:10:35+00:00,qwen3-vl:4b,aqs-five-field-v2,tools/dataset/captures/live_surveillance_20260629T1003Z/labels_ollama_proposals.csv,promoted,single_model_temporal_plausible,qwen3-vl:4b,1
capture_0759,tools/dataset/captures/live_surveillance_20260629T1003Z/capture_0759.jpg,28,49,492,6,36,true,train,auto_consensus,automated_consensus,auto-consensus,2026-07-21T20:10:35+00:00,qwen3-vl:4b,aqs-five-field-v2,tools/dataset/captures/live_surveillance_20260629T1003Z/labels_ollama_proposals.csv,promoted,single_model_temporal_plausible,qwen3-vl:4b,1
capture_0760,tools/dataset/captures/live_surveillance_20260629T1003Z/capture_0760.jpg,28,49,486,2,28,true,train,auto_consensus,automated_consensus,auto-consensus,2026-07-21T20:10:35+00:00,qwen3-vl:4b,aqs-five-field-v2,tools/dataset/captures/live_surveillance_20260629T1003Z/labels_ollama_proposals.csv,promoted,single_model_temporal_plausible,qwen3-vl:4b,1
capture_0761,tools/dataset/captures/live_surveillance_20260629T1003Z/capture_0761.jpg,28,49,481,13,50,true,train,auto_consensus,automated_consensus,auto-consensus,2026-07-21T20:10:35+00:00,qwen3-vl:4b,aqs-five-field-v2,tools/dataset/captures/live_surveillance_20260629T1003Z/labels_ollama_proposals.csv,promoted,single_model_temporal_plausible,qwen3-vl:4b,1
capture_0762,tools/dataset/captures/live_surveillance_20260629T1003Z/capture_0762.jpg,,,,,,false,train,hcho_raw:0:neighbor_median=10.5,excluded,auto-consensus,2026-07-21T20:10:35+00:00,,,tools/dataset/captures/live_surveillance_20260629T1003Z/labels_ollama_proposals.csv,excluded,temporal_anomaly,qwen3-vl:4b,0
capture_0763,tools/dataset/captures/live_surveillance_20260629T1003Z/capture_0763.jpg,28,49,486,8,33,true,train,auto_consensus,automated_consensus,auto-consensus,2026-07-21T20:10:35+00:00,qwen3-vl:4b,aqs-five-field-v2,tools/dataset/captures/live_surveillance_20260629T1003Z/labels_ollama_proposals.csv,promoted,single_model_temporal_plausible,qwen3-vl:4b,1
capture_0764,tools/dataset/captures/live_surveillance_20260629T1003Z/capture_0764.jpg,28,49,481,14,47,true,train,auto_consensus,automated_consensus,auto-consensus,2026-07-21T20:10:35+00:00,qwen3-vl:4b,aqs-five-field-v2,tools/dataset/captures/live_surveillance_20260629T1003Z/labels_ollama_proposals.csv,promoted,single_model_temporal_plausible,qwen3-vl:4b,1
capture_0765,tools/dataset/captures/live_surveillance_20260629T1003Z/capture_0765.jpg,28,49,481,13,30,true,train,auto_consensus,automated_consensus,auto-consensus,2026-07-21T20:10:35+00:00,qwen3-vl:4b,aqs-five-field-v2,tools/dataset/captures/live_surveillance_20260629T1003Z/labels_ollama_proposals.csv,promoted,single_model_temporal_plausible,qwen3-vl:4b,1
capture_0766,tools/dataset/captures/live_surveillance_20260629T1003Z/capture_0766.jpg,28,49,481,6,17,true,train,auto_consensus,automated_consensus,auto-consensus,2026-07-21T20:10:35+00:00,qwen3-vl:4b,aqs-five-field-v2,tools/dataset/captures/live_surveillance_20260629T1003Z/labels_ollama_proposals.csv,promoted,single_model_temporal_plausible,qwen3-vl:4b,1
capture_0767,tools/dataset/captures/live_surveillance_20260629T1003Z/capture_0767.jpg,28,49,486,12,33,true,train,auto_consensus,automated_consensus,auto-consensus,2026-07-21T20:10:35+00:00,qwen3-vl:4b,aqs-five-field-v2,tools/dataset/captures/live_surveillance_20260629T1003Z/labels_ollama_proposals.csv,promoted,single_model_temporal_plausible,qwen3-vl:4b,1
capture_0768,tools/dataset/captures/live_surveillance_20260629T1003Z/capture_0768.jpg,28,49,508,13,36,true,train,auto_consensus,automated_consensus,auto-consensus,2026-07-21T20:10:35+00:00,qwen3-vl:4b,aqs-five-field-v2,tools/dataset/captures/live_surveillance_20260629T1003Z/labels_ollama_proposals.csv,promoted,single_model_temporal_plausible,qwen3-vl:4b,1
capture_0769,tools/dataset/captures/live_surveillance_20260629T1003Z/capture_0769.jpg,,,,,,false,train,hcho_raw:0:neighbor_median=12.5,excluded,auto-consensus,2026-07-21T20:10:35+00:00,,,tools/dataset/captures/live_surveillance_20260629T1003Z/labels_ollama_proposals.csv,excluded,temporal_anomaly,qwen3-vl:4b,0
capture_0770,tools/dataset/captures/live_surveillance_20260629T1003Z/capture_0770.jpg,28,49,519,8,50,true,train,auto_consensus,automated_consensus,auto-consensus,2026-07-21T20:10:35+00:00,qwen3-vl:4b,aqs-five-field-v2,tools/dataset/captures/live_surveillance_20260629T1003Z/labels_ollama_proposals.csv,promoted,single_model_temporal_plausible,qwen3-vl:4b,1
capture_0771,tools/dataset/captures/live_surveillance_20260629T1003Z/capture_0771.jpg,28,49,525,14,39,true,train,auto_consensus,automated_consensus,auto-consensus,2026-07-21T20:10:35+00:00,qwen3-vl:4b,aqs-five-field-v2,tools/dataset/captures/live_surveillance_20260629T1003Z/labels_ollama_proposals.csv,promoted,single_model_temporal_plausible,qwen3-vl:4b,1
capture_0772,tools/dataset/captures/live_surveillance_20260629T1003Z/capture_0772.jpg,,,,,,false,train,hcho_raw:2:neighbor_median=14,excluded,auto-consensus,2026-07-21T20:10:35+00:00,,,tools/dataset/captures/live_surveillance_20260629T1003Z/labels_ollama_proposals.csv,excluded,temporal_anomaly,qwen3-vl:4b,0
capture_0773,tools/dataset/captures/live_surveillance_20260629T1003Z/capture_0773.jpg,28,49,530,17,47,true,train,auto_consensus,automated_consensus,auto-consensus,2026-07-21T20:10:35+00:00,qwen3-vl:4b,aqs-five-field-v2,tools/dataset/captures/live_surveillance_20260629T1003Z/labels_ollama_proposals.csv,promoted,single_model_temporal_plausible,qwen3-vl:4b,1
capture_0774,tools/dataset/captures/live_surveillance_20260629T1003Z/capture_0774.jpg,28,49,563,14,42,true,train,auto_consensus,automated_consensus,auto-consensus,2026-07-21T20:10:35+00:00,qwen3-vl:4b,aqs-five-field-v2,tools/dataset/captures/live_surveillance_20260629T1003Z/labels_ollama_proposals.csv,promoted,single_model_temporal_plausible,qwen3-vl:4b,1
capture_0775,tools/dataset/captures/live_surveillance_20260629T1003Z/capture_0775.jpg,28,49,558,15,42,true,train,auto_consensus,automated_consensus,auto-consensus,2026-07-21T20:10:35+00:00,qwen3-vl:4b,aqs-five-field-v2,tools/dataset/captures/live_surveillance_20260629T1003Z/labels_ollama_proposals.csv,promoted,single_model_temporal_plausible,qwen3-vl:4b,1
capture_0776,tools/dataset/captures/live_surveillance_20260629T1003Z/capture_0776.jpg,28,49,563,13,42,true,train,auto_consensus,automated_consensus,auto-consensus,2026-07-21T20:10:35+00:00,qwen3-vl:4b,aqs-five-field-v2,tools/dataset/captures/live_surveillance_20260629T1003Z/labels_ollama_proposals.csv,promoted,single_model_temporal_plausible,qwen3-vl:4b,1
capture_0777,tools/dataset/captures/live_surveillance_20260629T1003Z/capture_0777.jpg,,,,,,false,train,tvoc_raw:14:neighbor_median=42,excluded,auto-consensus,2026-07-21T20:10:35+00:00,,,tools/dataset/captures/live_surveillance_20260629T1003Z/labels_ollama_proposals.csv,excluded,temporal_anomaly,qwen3-vl:4b,0
capture_0778,tools/dataset/captures/live_surveillance_20260629T1003Z/capture_0778.jpg,28,49,569,6,17,true,train,auto_consensus,automated_consensus,auto-consensus,2026-07-21T20:10:35+00:00,qwen3-vl:4b,aqs-five-field-v2,tools/dataset/captures/live_surveillance_20260629T1003Z/labels_ollama_proposals.csv,promoted,single_model_temporal_plausible,qwen3-vl:4b,1
capture_0779,tools/dataset/captures/live_surveillance_20260629T1003Z/capture_0779.jpg,,,,,,false,train,tvoc_raw:47:neighbor_median=17,excluded,auto-consensus,2026-07-21T20:10:35+00:00,,,tools/dataset/captures/live_surveillance_20260629T1003Z/labels_ollama_proposals.csv,excluded,temporal_anomaly,qwen3-vl:4b,0
capture_0780,tools/dataset/captures/live_surveillance_20260629T1003Z/capture_0780.jpg,,,,,,false,train,hcho_raw:6:neighbor_median=17;tvoc_raw:17:neighbor_median=47,excluded,auto-consensus,2026-07-21T20:10:35+00:00,,,tools/dataset/captures/live_surveillance_20260629T1003Z/labels_ollama_proposals.csv,excluded,temporal_anomaly,qwen3-vl:4b,0
capture_0781,tools/dataset/captures/live_surveillance_20260629T1003Z/capture_0781.jpg,28,49,574,17,47,true,train,auto_consensus,automated_consensus,auto-consensus,2026-07-21T20:10:35+00:00,qwen3-vl:4b,aqs-five-field-v2,tools/dataset/captures/live_surveillance_20260629T1003Z/labels_ollama_proposals.csv,promoted,single_model_temporal_plausible,qwen3-vl:4b,1
capture_0782,tools/dataset/captures/live_surveillance_20260629T1003Z/capture_0782.jpg,28,49,580,18,53,true,train,auto_consensus,automated_consensus,auto-consensus,2026-07-21T20:10:35+00:00,qwen3-vl:4b,aqs-five-field-v2,tools/dataset/captures/live_surveillance_20260629T1003Z/labels_ollama_proposals.csv,promoted,single_model_temporal_plausible,qwen3-vl:4b,1
capture_0783,tools/dataset/captures/live_surveillance_20260629T1003Z/capture_0783.jpg,28,49,574,8,50,true,train,auto_consensus,automated_consensus,auto-consensus,2026-07-21T20:10:35+00:00,qwen3-vl:4b,aqs-five-field-v2,tools/dataset/captures/live_surveillance_20260629T1003Z/labels_ollama_proposals.csv,promoted,single_model_temporal_plausible,qwen3-vl:4b,1
capture_0784,tools/dataset/captures/live_surveillance_20260629T1003Z/capture_0784.jpg,28,49,574,17,47,true,train,auto_consensus,automated_consensus,auto-consensus,2026-07-21T20:10:35+00:00,qwen3-vl:4b,aqs-five-field-v2,tools/dataset/captures/live_surveillance_20260629T1003Z/labels_ollama_proposals.csv,promoted,single_model_temporal_plausible,qwen3-vl:4b,1
capture_0785,tools/dataset/captures/live_surveillance_20260629T1003Z/capture_0785.jpg,28,49,574,13,50,true,train,auto_consensus,automated_consensus,auto-consensus,2026-07-21T20:10:35+00:00,qwen3-vl:4b,aqs-five-field-v2,tools/dataset/captures/live_surveillance_20260629T1003Z/labels_ollama_proposals.csv,promoted,single_model_temporal_plausible,qwen3-vl:4b,1
capture_0786,tools/dataset/captures/live_surveillance_20260629T1003Z/capture_0786.jpg,,,,,,false,train,tvoc_raw:6:neighbor_median=58.5,excluded,auto-consensus,2026-07-21T20:10:35+00:00,,,tools/dataset/captures/live_surveillance_20260629T1003Z/labels_ollama_proposals.csv,excluded,temporal_anomaly,qwen3-vl:4b,0
capture_0787,tools/dataset/captures/live_surveillance_20260629T1003Z/capture_0787.jpg,28,49,613,24,67,true,train,auto_consensus,automated_consensus,auto-consensus,2026-07-21T20:10:35+00:00,qwen3-vl:4b,aqs-five-field-v2,tools/dataset/captures/live_surveillance_20260629T1003Z/labels_ollama_proposals.csv,promoted,single_model_temporal_plausible,qwen3-vl:4b,1
capture_0788,tools/dataset/captures/live_surveillance_20260629T1003Z/capture_0788.jpg,28,49,618,25,67,true,train,auto_consensus,automated_consensus,auto-consensus,2026-07-21T20:10:35+00:00,qwen3-vl:4b,aqs-five-field-v2,tools/dataset/captures/live_surveillance_20260629T1003Z/labels_ollama_proposals.csv,promoted,single_model_temporal_plausible,qwen3-vl:4b,1
capture_0789,tools/dataset/captures/live_surveillance_20260629T1003Z/capture_0789.jpg,28,49,618,25,70,true,train,auto_consensus,automated_consensus,auto-consensus,2026-07-21T20:10:35+00:00,qwen3-vl:4b,aqs-five-field-v2,tools/dataset/captures/live_surveillance_20260629T1003Z/labels_ollama_proposals.csv,promoted,single_model_temporal_plausible,qwen3-vl:4b,1
capture_0790,tools/dataset/captures/live_surveillance_20260629T1003Z/capture_0790.jpg,28,49,618,25,70,true,train,auto_consensus,automated_consensus,auto-consensus,2026-07-21T20:10:35+00:00,qwen3-vl:4b,aqs-five-field-v2,tools/dataset/captures/live_surveillance_20260629T1003Z/labels_ollama_proposals.csv,promoted,single_model_temporal_plausible,qwen3-vl:4b,1
capture_0791,tools/dataset/captures/live_surveillance_20260629T1003Z/capture_0791.jpg,28,49,618,25,70,true,train,auto_consensus,automated_consensus,auto-consensus,2026-07-21T20:10:35+00:00,qwen3-vl:4b,aqs-five-field-v2,tools/dataset/captures/live_surveillance_20260629T1003Z/labels_ollama_proposals.csv,promoted,single_model_temporal_plausible,qwen3-vl:4b,1
capture_0792,tools/dataset/captures/live_surveillance_20260629T1003Z/capture_0792.jpg,28,49,618,25,70,true,train,auto_consensus,automated_consensus,auto-consensus,2026-07-21T20:10:35+00:00,qwen3-vl:4b,aqs-five-field-v2,tools/dataset/captures/live_surveillance_20260629T1003Z/labels_ollama_proposals.csv,promoted,single_model_temporal_plausible,qwen3-vl:4b,1
capture_0793,tools/dataset/captures/live_surveillance_20260629T1003Z/capture_0793.jpg,28,49,618,25,70,true,train,auto_consensus,automated_consensus,auto-consensus,2026-07-21T20:10:35+00:00,qwen3-vl:4b,aqs-five-field-v2,tools/dataset/captures/live_surveillance_20260629T1003Z/labels_ollama_proposals.csv,promoted,single_model_temporal_plausible,qwen3-vl:4b,1
capture_0794,tools/dataset/captures/live_surveillance_20260629T1003Z/capture_0794.jpg,28,49,618,25,70,true,train,auto_consensus,automated_consensus,auto-consensus,2026-07-21T20:10:35+00:00,qwen3-vl:4b,aqs-five-field-v2,tools/dataset/captures/live_surveillance_20260629T1003Z/labels_ollama_proposals.csv,promoted,single_model_temporal_plausible,qwen3-vl:4b,1
capture_0795,tools/dataset/captures/live_surveillance_20260629T1003Z/capture_0795.jpg,28,49,618,25,70,true,train,auto_consensus,automated_consensus,auto-consensus,2026-07-21T20:10:35+00:00,qwen3-vl:4b,aqs-five-field-v2,tools/dataset/captures/live_surveillance_20260629T1003Z/labels_ollama_proposals.csv,promoted,single_model_temporal_plausible,qwen3-vl:4b,1
capture_0796,tools/dataset/captures/live_surveillance_20260629T1003Z/capture_0796.jpg,28,49,618,25,70,true,train,auto_consensus,automated_consensus,auto-consensus,2026-07-21T20:10:35+00:00,qwen3-vl:4b,aqs-five-field-v2,tools/dataset/captures/live_surveillance_20260629T1003Z/labels_ollama_proposals.csv,promoted,single_model_temporal_plausible,qwen3-vl:4b,1
capture_0797,tools/dataset/captures/live_surveillance_20260629T1003Z/capture_0797.jpg,28,49,618,25,70,true,train,auto_consensus,automated_consensus,auto-consensus,2026-07-21T20:10:35+00:00,qwen3-vl:4b,aqs-five-field-v2,tools/dataset/captures/live_surveillance_20260629T1003Z/labels_ollama_proposals.csv,promoted,single_model_temporal_plausible,qwen3-vl:4b,1
capture_0798,tools/dataset/captures/live_surveillance_20260629T1003Z/capture_0798.jpg,28,49,618,25,70,true,train,auto_consensus,automated_consensus,auto-consensus,2026-07-21T20:10:35+00:00,qwen3-vl:4b,aqs-five-field-v2,tools/dataset/captures/live_surveillance_20260629T1003Z/labels_ollama_proposals.csv,promoted,single_model_temporal_plausible,qwen3-vl:4b,1
capture_0799,tools/dataset/captures/live_surveillance_20260629T1003Z/capture_0799.jpg,28,49,618,25,70,true,train,auto_consensus,automated_consensus,auto-consensus,2026-07-21T20:10:35+00:00,qwen3-vl:4b,aqs-five-field-v2,tools/dataset/captures/live_surveillance_20260629T1003Z/labels_ollama_proposals.csv,promoted,single_model_temporal_plausible,qwen3-vl:4b,1
capture_0800,tools/dataset/captures/live_surveillance_20260629T1003Z/capture_0800.jpg,28,49,618,25,70,true,train,auto_consensus,automated_consensus,auto-consensus,2026-07-21T20:10:35+00:00,qwen3-vl:4b,aqs-five-field-v2,tools/dataset/captures/live_surveillance_20260629T1003Z/labels_ollama_proposals.csv,promoted,single_model_temporal_plausible,qwen3-vl:4b,1
capture_0801,tools/dataset/captures/live_surveillance_20260629T1003Z/capture_0801.jpg,28,49,618,25,70,true,train,auto_consensus,automated_consensus,auto-consensus,2026-07-21T20:10:35+00:00,qwen3-vl:4b,aqs-five-field-v2,tools/dataset/captures/live_surveillance_20260629T1003Z/labels_ollama_proposals.csv,promoted,single_model_temporal_plausible,qwen3-vl:4b,1
capture_0802,tools/dataset/captures/live_surveillance_20260629T1003Z/capture_0802.jpg,28,49,618,25,70,true,train,auto_consensus,automated_consensus,auto-consensus,2026-07-21T20:10:35+00:00,qwen3-vl:4b,aqs-five-field-v2,tools/dataset/captures/live_surveillance_20260629T1003Z/labels_ollama_proposals.csv,promoted,single_model_temporal_plausible,qwen3-vl:4b,1
capture_0803,tools/dataset/captures/live_surveillance_20260629T1003Z/capture_0803.jpg,28,49,618,25,70,true,train,auto_consensus,automated_consensus,auto-consensus,2026-07-21T20:10:35+00:00,qwen3-vl:4b,aqs-five-field-v2,tools/dataset/captures/live_surveillance_20260629T1003Z/labels_ollama_proposals.csv,promoted,single_model_temporal_plausible,qwen3-vl:4b,1
capture_0804,tools/dataset/captures/live_surveillance_20260629T1003Z/capture_0804.jpg,28,49,618,25,70,true,train,auto_consensus,automated_consensus,auto-consensus,2026-07-21T20:10:35+00:00,qwen3-vl:4b,aqs-five-field-v2,tools/dataset/captures/live_surveillance_20260629T1003Z/labels_ollama_proposals.csv,promoted,single_model_temporal_plausible,qwen3-vl:4b,1
capture_0805,tools/dataset/captures/live_surveillance_20260629T1003Z/capture_0805.jpg,28,49,618,25,70,true,train,auto_consensus,automated_consensus,auto-consensus,2026-07-21T20:10:35+00:00,qwen3-vl:4b,aqs-five-field-v2,tools/dataset/captures/live_surveillance_20260629T1003Z/labels_ollama_proposals.csv,promoted,single_model_temporal_plausible,qwen3-vl:4b,1
capture_0806,tools/dataset/captures/live_surveillance_20260629T1003Z/capture_0806.jpg,28,49,618,25,70,true,train,auto_consensus,automated_consensus,auto-consensus,2026-07-21T20:10:35+00:00,qwen3-vl:4b,aqs-five-field-v2,tools/dataset/captures/live_surveillance_20260629T1003Z/labels_ollama_proposals.csv,promoted,single_model_temporal_plausible,qwen3-vl:4b,1
capture_0807,tools/dataset/captures/live_surveillance_20260629T1003Z/capture_0807.jpg,28,49,618,25,70,true,train,auto_consensus,automated_consensus,auto-consensus,2026-07-21T20:10:35+00:00,qwen3-vl:4b,aqs-five-field-v2,tools/dataset/captures/live_surveillance_20260629T1003Z/labels_ollama_proposals.csv,promoted,single_model_temporal_plausible,qwen3-vl:4b,1
capture_0808,tools/dataset/captures/live_surveillance_20260629T1003Z/capture_0808.jpg,28,49,618,25,70,true,train,auto_consensus,automated_consensus,auto-consensus,2026-07-21T20:10:35+00:00,qwen3-vl:4b,aqs-five-field-v2,tools/dataset/captures/live_surveillance_20260629T1003Z/labels_ollama_proposals.csv,promoted,single_model_temporal_plausible,qwen3-vl:4b,1
capture_0809,tools/dataset/captures/live_surveillance_20260629T1003Z/capture_0809.jpg,28,49,618,25,70,true,train,auto_consensus,automated_consensus,auto-consensus,2026-07-21T20:10:35+00:00,qwen3-vl:4b,aqs-five-field-v2,tools/dataset/captures/live_surveillance_20260629T1003Z/labels_ollama_proposals.csv,promoted,single_model_temporal_plausible,qwen3-vl:4b,1
capture_0810,tools/dataset/captures/live_surveillance_20260629T1003Z/capture_0810.jpg,28,49,618,25,70,true,train,auto_consensus,automated_consensus,auto-consensus,2026-07-21T20:10:35+00:00,qwen3-vl:4b,aqs-five-field-v2,tools/dataset/captures/live_surveillance_20260629T1003Z/labels_ollama_proposals.csv,promoted,single_model_temporal_plausible,qwen3-vl:4b,1
capture_0811,tools/dataset/captures/live_surveillance_20260629T1003Z/capture_0811.jpg,28,49,618,25,70,true,train,auto_consensus,automated_consensus,auto-consensus,2026-07-21T20:10:35+00:00,qwen3-vl:4b,aqs-five-field-v2,tools/dataset/captures/live_surveillance_20260629T1003Z/labels_ollama_proposals.csv,promoted,single_model_temporal_plausible,qwen3-vl:4b,1
capture_0812,tools/dataset/captures/live_surveillance_20260629T1003Z/capture_0812.jpg,28,49,618,25,70,true,train,auto_consensus,automated_consensus,auto-consensus,2026-07-21T20:10:35+00:00,qwen3-vl:4b,aqs-five-field-v2,tools/dataset/captures/live_surveillance_20260629T1003Z/labels_ollama_proposals.csv,promoted,single_model_temporal_plausible,qwen3-vl:4b,1
capture_0813,tools/dataset/captures/live_surveillance_20260629T1003Z/capture_0813.jpg,28,49,618,25,70,true,train,auto_consensus,automated_consensus,auto-consensus,2026-07-21T20:10:35+00:00,qwen3-vl:4b,aqs-five-field-v2,tools/dataset/captures/live_surveillance_20260629T1003Z/labels_ollama_proposals.csv,promoted,single_model_temporal_plausible,qwen3-vl:4b,1
capture_0814,tools/dataset/captures/live_surveillance_20260629T1003Z/capture_0814.jpg,28,49,624,26,72,true,train,auto_consensus,automated_consensus,auto-consensus,2026-07-21T20:10:35+00:00,qwen3-vl:4b,aqs-five-field-v2,tools/dataset/captures/live_surveillance_20260629T1003Z/labels_ollama_proposals.csv,promoted,single_model_temporal_plausible,qwen3-vl:4b,1
capture_0815,tools/dataset/captures/live_surveillance_20260629T1003Z/capture_0815.jpg,28,49,618,25,70,true,train,auto_consensus,automated_consensus,auto-consensus,2026-07-21T20:10:35+00:00,qwen3-vl:4b,aqs-five-field-v2,tools/dataset/captures/live_surveillance_20260629T1003Z/labels_ollama_proposals.csv,promoted,single_model_temporal_plausible,qwen3-vl:4b,1
capture_0816,tools/dataset/captures/live_surveillance_20260629T1003Z/capture_0816.jpg,28,49,624,25,70,true,train,auto_consensus,automated_consensus,auto-consensus,2026-07-21T20:10:35+00:00,qwen3-vl:4b,aqs-five-field-v2,tools/dataset/captures/live_surveillance_20260629T1003Z/labels_ollama_proposals.csv,promoted,single_model_temporal_plausible,qwen3-vl:4b,1
capture_0817,tools/dataset/captures/live_surveillance_20260629T1003Z/capture_0817.jpg,28,49,624,26,70,true,train,auto_consensus,automated_consensus,auto-consensus,2026-07-21T20:10:35+00:00,qwen3-vl:4b,aqs-five-field-v2,tools/dataset/captures/live_surveillance_20260629T1003Z/labels_ollama_proposals.csv,promoted,single_model_temporal_plausible,qwen3-vl:4b,1
capture_0818,tools/dataset/captures/live_surveillance_20260629T1003Z/capture_0818.jpg,28,49,629,27,75,true,train,auto_consensus,automated_consensus,auto-consensus,2026-07-21T20:10:35+00:00,qwen3-vl:4b,aqs-five-field-v2,tools/dataset/captures/live_surveillance_20260629T1003Z/labels_ollama_proposals.csv,promoted,single_model_temporal_plausible,qwen3-vl:4b,1
capture_0819,tools/dataset/captures/live_surveillance_20260629T1003Z/capture_0819.jpg,28,49,629,27,75,true,train,auto_consensus,automated_consensus,auto-consensus,2026-07-21T20:10:35+00:00,qwen3-vl:4b,aqs-five-field-v2,tools/dataset/captures/live_surveillance_20260629T1003Z/labels_ollama_proposals.csv,promoted,single_model_temporal_plausible,qwen3-vl:4b,1
capture_0820,tools/dataset/captures/live_surveillance_20260629T1003Z/capture_0820.jpg,28,49,629,27,78,true,train,auto_consensus,automated_consensus,auto-consensus,2026-07-21T20:10:35+00:00,qwen3-vl:4b,aqs-five-field-v2,tools/dataset/captures/live_surveillance_20260629T1003Z/labels_ollama_proposals.csv,promoted,single_model_temporal_plausible,qwen3-vl:4b,1
capture_0821,tools/dataset/captures/live_surveillance_20260629T1003Z/capture_0821.jpg,,,,,,false,train,hcho_raw:28:neighbor_median=15,excluded,auto-consensus,2026-07-21T20:10:35+00:00,,,tools/dataset/captures/live_surveillance_20260629T1003Z/labels_ollama_proposals.csv,excluded,temporal_anomaly,qwen3-vl:4b,0
capture_0822,tools/dataset/captures/live_surveillance_20260629T1003Z/capture_0822.jpg,,,,,,false,train,hcho_raw:3:neighbor_median=27.5,excluded,auto-consensus,2026-07-21T20:10:35+00:00,,,tools/dataset/captures/live_surveillance_20260629T1003Z/labels_ollama_proposals.csv,excluded,temporal_anomaly,qwen3-vl:4b,0
capture_0823,tools/dataset/captures/live_surveillance_20260629T1003Z/capture_0823.jpg,,,,,,false,train,hcho_raw:3:neighbor_median=31;tvoc_raw:86:neighbor_median=57,excluded,auto-consensus,2026-07-21T20:10:35+00:00,,,tools/dataset/captures/live_surveillance_20260629T1003Z/labels_ollama_proposals.csv,excluded,temporal_anomaly,qwen3-vl:4b,0
capture_0824,tools/dataset/captures/live_surveillance_20260629T1003Z/capture_0824.jpg,,,,,,false,train,hcho_raw:34:neighbor_median=20;tvoc_raw:0:neighbor_median=60,excluded,auto-consensus,2026-07-21T20:10:35+00:00,,,tools/dataset/captures/live_surveillance_20260629T1003Z/labels_ollama_proposals.csv,excluded,temporal_anomaly,qwen3-vl:4b,0
capture_0825,tools/dataset/captures/live_surveillance_20260629T1003Z/capture_0825.jpg,,,,,,false,train,hcho_raw:39:neighbor_median=18.5,excluded,auto-consensus,2026-07-21T20:10:35+00:00,,,tools/dataset/captures/live_surveillance_20260629T1003Z/labels_ollama_proposals.csv,excluded,temporal_anomaly,qwen3-vl:4b,0
capture_0826,tools/dataset/captures/live_surveillance_20260629T1003Z/capture_0826.jpg,28,49,695,37,36,true,train,auto_consensus,automated_consensus,auto-consensus,2026-07-21T20:10:35+00:00,qwen3-vl:4b,aqs-five-field-v2,tools/dataset/captures/live_surveillance_20260629T1003Z/labels_ollama_proposals.csv,promoted,single_model_temporal_plausible,qwen3-vl:4b,1
capture_0827,tools/dataset/captures/live_surveillance_20260629T1003Z/capture_0827.jpg,,,,,,false,train,hcho_raw:0:neighbor_median=38,excluded,auto-consensus,2026-07-21T20:10:35+00:00,,,tools/dataset/captures/live_surveillance_20260629T1003Z/labels_ollama_proposals.csv,excluded,temporal_anomaly,qwen3-vl:4b,0
capture_0828,tools/dataset/captures/live_surveillance_20260629T1003Z/capture_0828.jpg,,,,,,false,train,hcho_raw:41:neighbor_median=18.5,excluded,auto-consensus,2026-07-21T20:10:35+00:00,,,tools/dataset/captures/live_surveillance_20260629T1003Z/labels_ollama_proposals.csv,excluded,temporal_anomaly,qwen3-vl:4b,0
capture_0829,tools/dataset/captures/live_surveillance_20260629T1003Z/capture_0829.jpg,,,,,,false,train,hcho_raw:0:neighbor_median=41,excluded,auto-consensus,2026-07-21T20:10:35+00:00,,,tools/dataset/captures/live_surveillance_20260629T1003Z/labels_ollama_proposals.csv,excluded,temporal_anomaly,qwen3-vl:4b,0
capture_0830,tools/dataset/captures/live_surveillance_20260629T1003Z/capture_0830.jpg,28,49,706,41,14,true,train,auto_consensus,automated_consensus,auto-consensus,2026-07-21T20:10:35+00:00,qwen3-vl:4b,aqs-five-field-v2,tools/dataset/captures/live_surveillance_20260629T1003Z/labels_ollama_proposals.csv,promoted,single_model_temporal_plausible,qwen3-vl:4b,1
capture_0831,tools/dataset/captures/live_surveillance_20260629T1003Z/capture_0831.jpg,28,49,706,41,14,true,train,auto_consensus,automated_consensus,auto-consensus,2026-07-21T20:10:35+00:00,qwen3-vl:4b,aqs-five-field-v2,tools/dataset/captures/live_surveillance_20260629T1003Z/labels_ollama_proposals.csv,promoted,single_model_temporal_plausible,qwen3-vl:4b,1
capture_0832,tools/dataset/captures/live_surveillance_20260629T1003Z/capture_0832.jpg,28,49,706,41,14,true,train,auto_consensus,automated_consensus,auto-consensus,2026-07-21T20:10:35+00:00,qwen3-vl:4b,aqs-five-field-v2,tools/dataset/captures/live_surveillance_20260629T1003Z/labels_ollama_proposals.csv,promoted,single_model_temporal_plausible,qwen3-vl:4b,1
capture_0833,tools/dataset/captures/live_surveillance_20260629T1003Z/capture_0833.jpg,28,49,706,41,14,true,train,auto_consensus,automated_consensus,auto-consensus,2026-07-21T20:10:35+00:00,qwen3-vl:4b,aqs-five-field-v2,tools/dataset/captures/live_surveillance_20260629T1003Z/labels_ollama_proposals.csv,promoted,single_model_temporal_plausible,qwen3-vl:4b,1
capture_0834,tools/dataset/captures/live_surveillance_20260629T1003Z/capture_0834.jpg,,,,,,false,train,hcho_raw:41:neighbor_median=27.5,excluded,auto-consensus,2026-07-21T20:10:35+00:00,,,tools/dataset/captures/live_surveillance_20260629T1003Z/labels_ollama_proposals.csv,excluded,temporal_anomaly,qwen3-vl:4b,0
capture_0835,tools/dataset/captures/live_surveillance_20260629T1003Z/capture_0835.jpg,,,,,,false,train,hcho_raw:0:neighbor_median=27.5,excluded,auto-consensus,2026-07-21T20:10:35+00:00,,,tools/dataset/captures/live_surveillance_20260629T1003Z/labels_ollama_proposals.csv,excluded,temporal_anomaly,qwen3-vl:4b,0
capture_0836,tools/dataset/captures/live_surveillance_20260629T1003Z/capture_0836.jpg,,,,,,false,train,hcho_raw:14:neighbor_median=0,excluded,auto-consensus,2026-07-21T20:10:35+00:00,,,tools/dataset/captures/live_surveillance_20260629T1003Z/labels_ollama_proposals.csv,excluded,temporal_anomaly,qwen3-vl:4b,0
capture_0837,tools/dataset/captures/live_surveillance_20260629T1003Z/capture_0837.jpg,28,49,706,0,14,true,train,auto_consensus,automated_consensus,auto-consensus,2026-07-21T20:10:35+00:00,qwen3-vl:4b,aqs-five-field-v2,tools/dataset/captures/live_surveillance_20260629T1003Z/labels_ollama_proposals.csv,promoted,single_model_temporal_plausible,qwen3-vl:4b,1
capture_0838,tools/dataset/captures/live_surveillance_20260629T1003Z/capture_0838.jpg,28,49,706,0,14,true,train,auto_consensus,automated_consensus,auto-consensus,2026-07-21T20:10:35+00:00,qwen3-vl:4b,aqs-five-field-v2,tools/dataset/captures/live_surveillance_20260629T1003Z/labels_ollama_proposals.csv,promoted,single_model_temporal_plausible,qwen3-vl:4b,1
capture_0839,tools/dataset/captures/live_surveillance_20260629T1003Z/capture_0839.jpg,,,,,,false,train,hcho_raw:41:neighbor_median=0,excluded,auto-consensus,2026-07-21T20:10:35+00:00,,,tools/dataset/captures/live_surveillance_20260629T1003Z/labels_ollama_proposals.csv,excluded,temporal_anomaly,qwen3-vl:4b,0
capture_0840,tools/dataset/captures/live_surveillance_20260629T1003Z/capture_0840.jpg,28,49,706,0,14,true,train,auto_consensus,automated_consensus,auto-consensus,2026-07-21T20:10:35+00:00,qwen3-vl:4b,aqs-five-field-v2,tools/dataset/captures/live_surveillance_20260629T1003Z/labels_ollama_proposals.csv,promoted,single_model_temporal_plausible,qwen3-vl:4b,1
capture_0841,tools/dataset/captures/live_surveillance_20260629T1003Z/capture_0841.jpg,28,49,706,0,14,true,train,auto_consensus,automated_consensus,auto-consensus,2026-07-21T20:10:35+00:00,qwen3-vl:4b,aqs-five-field-v2,tools/dataset/captures/live_surveillance_20260629T1003Z/labels_ollama_proposals.csv,promoted,single_model_temporal_plausible,qwen3-vl:4b,1
capture_0842,tools/dataset/captures/live_surveillance_20260629T1003Z/capture_0842.jpg,28,49,706,0,14,true,train,auto_consensus,automated_consensus,auto-consensus,2026-07-21T20:10:35+00:00,qwen3-vl:4b,aqs-five-field-v2,tools/dataset/captures/live_surveillance_20260629T1003Z/labels_ollama_proposals.csv,promoted,single_model_temporal_plausible,qwen3-vl:4b,1
capture_0843,tools/dataset/captures/live_surveillance_20260629T1003Z/capture_0843.jpg,28,49,706,0,14,true,train,auto_consensus,automated_consensus,auto-consensus,2026-07-21T20:10:35+00:00,qwen3-vl:4b,aqs-five-field-v2,tools/dataset/captures/live_surveillance_20260629T1003Z/labels_ollama_proposals.csv,promoted,single_model_temporal_plausible,qwen3-vl:4b,1
capture_0844,tools/dataset/captures/live_surveillance_20260629T1003Z/capture_0844.jpg,,,,,,false,train,hcho_raw:41:neighbor_median=0,excluded,auto-consensus,2026-07-21T20:10:35+00:00,,,tools/dataset/captures/live_surveillance_20260629T1003Z/labels_ollama_proposals.csv,excluded,temporal_anomaly,qwen3-vl:4b,0
capture_0845,tools/dataset/captures/live_surveillance_20260629T1003Z/capture_0845.jpg,28,49,706,0,14,true,train,auto_consensus,automated_consensus,auto-consensus,2026-07-21T20:10:35+00:00,qwen3-vl:4b,aqs-five-field-v2,tools/dataset/captures/live_surveillance_20260629T1003Z/labels_ollama_proposals.csv,promoted,single_model_temporal_plausible,qwen3-vl:4b,1
capture_0846,tools/dataset/captures/live_surveillance_20260629T1003Z/capture_0846.jpg,,,,,,false,train,hcho_raw:0:neighbor_median=20.5,excluded,auto-consensus,2026-07-21T20:10:35+00:00,,,tools/dataset/captures/live_surveillance_20260629T1003Z/labels_ollama_proposals.csv,excluded,temporal_anomaly,qwen3-vl:4b,0
capture_0847,tools/dataset/captures/live_surveillance_20260629T1003Z/capture_0847.jpg,28,49,706,0,14,true,train,auto_consensus,automated_consensus,auto-consensus,2026-07-21T20:10:35+00:00,qwen3-vl:4b,aqs-five-field-v2,tools/dataset/captures/live_surveillance_20260629T1003Z/labels_ollama_proposals.csv,promoted,single_model_temporal_plausible,qwen3-vl:4b,1
capture_0848,tools/dataset/captures/live_surveillance_20260629T1003Z/capture_0848.jpg,,,,,,false,train,hcho_raw:41:neighbor_median=0,excluded,auto-consensus,2026-07-21T20:10:35+00:00,,,tools/dataset/captures/live_surveillance_20260629T1003Z/labels_ollama_proposals.csv,excluded,temporal_anomaly,qwen3-vl:4b,0
capture_0849,tools/dataset/captures/live_surveillance_20260629T1003Z/capture_0849.jpg,,,,,,false,train,hcho_raw:0:neighbor_median=20.5,excluded,auto-consensus,2026-07-21T20:10:35+00:00,,,tools/dataset/captures/live_surveillance_20260629T1003Z/labels_ollama_proposals.csv,excluded,temporal_anomaly,qwen3-vl:4b,0
capture_0850,tools/dataset/captures/live_surveillance_20260629T1003Z/capture_0850.jpg,,,,,,false,train,hcho_raw:41:neighbor_median=20.5,excluded,auto-consensus,2026-07-21T20:10:35+00:00,,,tools/dataset/captures/live_surveillance_20260629T1003Z/labels_ollama_proposals.csv,excluded,temporal_anomaly,qwen3-vl:4b,0
capture_0851,tools/dataset/captures/live_surveillance_20260629T1003Z/capture_0851.jpg,,,,,,false,train,hcho_raw:0:neighbor_median=41,excluded,auto-consensus,2026-07-21T20:10:35+00:00,,,tools/dataset/captures/live_surveillance_20260629T1003Z/labels_ollama_proposals.csv,excluded,temporal_anomaly,qwen3-vl:4b,0
capture_0852,tools/dataset/captures/live_surveillance_20260629T1003Z/capture_0852.jpg,28,49,706,41,14,true,train,auto_consensus,automated_consensus,auto-consensus,2026-07-21T20:10:35+00:00,qwen3-vl:4b,aqs-five-field-v2,tools/dataset/captures/live_surveillance_20260629T1003Z/labels_ollama_proposals.csv,promoted,single_model_temporal_plausible,qwen3-vl:4b,1
capture_0853,tools/dataset/captures/live_surveillance_20260629T1003Z/capture_0853.jpg,,,,,,false,train,hcho_raw:41:neighbor_median=20.5,excluded,auto-consensus,2026-07-21T20:10:35+00:00,,,tools/dataset/captures/live_surveillance_20260629T1003Z/labels_ollama_proposals.csv,excluded,temporal_anomaly,qwen3-vl:4b,0
capture_0854,tools/dataset/captures/live_surveillance_20260629T1003Z/capture_0854.jpg,,,,,,false,train,hcho_raw:41:neighbor_median=20.5,excluded,auto-consensus,2026-07-21T20:10:35+00:00,,,tools/dataset/captures/live_surveillance_20260629T1003Z/labels_ollama_proposals.csv,excluded,temporal_anomaly,qwen3-vl:4b,0
capture_0855,tools/dataset/captures/live_surveillance_20260629T1003Z/capture_0855.jpg,,,,,,false,train,hcho_raw:0:neighbor_median=20.5,excluded,auto-consensus,2026-07-21T20:10:35+00:00,,,tools/dataset/captures/live_surveillance_20260629T1003Z/labels_ollama_proposals.csv,excluded,temporal_anomaly,qwen3-vl:4b,0
capture_0856,tools/dataset/captures/live_surveillance_20260629T1003Z/capture_0856.jpg,28,49,706,0,14,true,train,auto_consensus,automated_consensus,auto-consensus,2026-07-21T20:10:35+00:00,qwen3-vl:4b,aqs-five-field-v2,tools/dataset/captures/live_surveillance_20260629T1003Z/labels_ollama_proposals.csv,promoted,single_model_temporal_plausible,qwen3-vl:4b,1
capture_0857,tools/dataset/captures/live_surveillance_20260629T1003Z/capture_0857.jpg,28,49,706,0,14,true,train,auto_consensus,automated_consensus,auto-consensus,2026-07-21T20:10:35+00:00,qwen3-vl:4b,aqs-five-field-v2,tools/dataset/captures/live_surveillance_20260629T1003Z/labels_ollama_proposals.csv,promoted,single_model_temporal_plausible,qwen3-vl:4b,1
capture_0858,tools/dataset/captures/live_surveillance_20260629T1003Z/capture_0858.jpg,,,,,,false,train,hcho_raw:0:neighbor_median=20.5,excluded,auto-consensus,2026-07-21T20:10:35+00:00,,,tools/dataset/captures/live_surveillance_20260629T1003Z/labels_ollama_proposals.csv,excluded,temporal_anomaly,qwen3-vl:4b,0
capture_0859,tools/dataset/captures/live_surveillance_20260629T1003Z/capture_0859.jpg,,,,,,false,train,hcho_raw:41:neighbor_median=7,excluded,auto-consensus,2026-07-21T20:10:35+00:00,,,tools/dataset/captures/live_surveillance_20260629T1003Z/labels_ollama_proposals.csv,excluded,temporal_anomaly,qwen3-vl:4b,0
capture_0860,tools/dataset/captures/live_surveillance_20260629T1003Z/capture_0860.jpg,,,,,,false,train,hcho_raw:41:neighbor_median=7,excluded,auto-consensus,2026-07-21T20:10:35+00:00,,,tools/dataset/captures/live_surveillance_20260629T1003Z/labels_ollama_proposals.csv,excluded,temporal_anomaly,qwen3-vl:4b,0
capture_0861,tools/dataset/captures/live_surveillance_20260629T1003Z/capture_0861.jpg,,,,,,false,train,hcho_raw:14:neighbor_median=27.5,excluded,auto-consensus,2026-07-21T20:10:35+00:00,,,tools/dataset/captures/live_surveillance_20260629T1003Z/labels_ollama_proposals.csv,excluded,temporal_anomaly,qwen3-vl:4b,0
capture_0862,tools/dataset/captures/live_surveillance_20260629T1003Z/capture_0862.jpg,,,,,,false,train,hcho_raw:0:neighbor_median=14,excluded,auto-consensus,2026-07-21T20:10:35+00:00,,,tools/dataset/captures/live_surveillance_20260629T1003Z/labels_ollama_proposals.csv,excluded,temporal_anomaly,qwen3-vl:4b,0
capture_0863,tools/dataset/captures/live_surveillance_20260629T1003Z/capture_0863.jpg,28,49,706,14,14,true,train,auto_consensus,automated_consensus,auto-consensus,2026-07-21T20:10:35+00:00,qwen3-vl:4b,aqs-five-field-v2,tools/dataset/captures/live_surveillance_20260629T1003Z/labels_ollama_proposals.csv,promoted,single_model_temporal_plausible,qwen3-vl:4b,1
capture_0864,tools/dataset/captures/live_surveillance_20260629T1003Z/capture_0864.jpg,28,49,706,0,14,true,train,auto_consensus,automated_consensus,auto-consensus,2026-07-21T20:10:35+00:00,qwen3-vl:4b,aqs-five-field-v2,tools/dataset/captures/live_surveillance_20260629T1003Z/labels_ollama_proposals.csv,promoted,single_model_temporal_plausible,qwen3-vl:4b,1
capture_0865,tools/dataset/captures/live_surveillance_20260629T1003Z/capture_0865.jpg,,,,,,false,train,hcho_raw:41:neighbor_median=2,excluded,auto-consensus,2026-07-21T20:10:35+00:00,,,tools/dataset/captures/live_surveillance_20260629T1003Z/labels_ollama_proposals.csv,excluded,temporal_anomaly,qwen3-vl:4b,0
capture_0866,tools/dataset/captures/live_surveillance_20260629T1003Z/capture_0866.jpg,,,,,,false,train,hcho_raw:4:neighbor_median=20.5,excluded,auto-consensus,2026-07-21T20:10:35+00:00,,,tools/dataset/captures/live_surveillance_20260629T1003Z/labels_ollama_proposals.csv,excluded,temporal_anomaly,qwen3-vl:4b,0
capture_0867,tools/dataset/captures/live_surveillance_20260629T1003Z/capture_0867.jpg,,,,,,false,train,hcho_raw:0:neighbor_median=41,excluded,auto-consensus,2026-07-21T20:10:35+00:00,,,tools/dataset/captures/live_surveillance_20260629T1003Z/labels_ollama_proposals.csv,excluded,temporal_anomaly,qwen3-vl:4b,0
capture_0868,tools/dataset/captures/live_surveillance_20260629T1003Z/capture_0868.jpg,,,,,,false,train,hcho_raw:41:neighbor_median=8.5,excluded,auto-consensus,2026-07-21T20:10:35+00:00,,,tools/dataset/captures/live_surveillance_20260629T1003Z/labels_ollama_proposals.csv,excluded,temporal_anomaly,qwen3-vl:4b,0
capture_0869,tools/dataset/captures/live_surveillance_20260629T1003Z/capture_0869.jpg,,,,,,false,train,hcho_raw:45:neighbor_median=9.5,excluded,auto-consensus,2026-07-21T20:10:35+00:00,,,tools/dataset/captures/live_surveillance_20260629T1003Z/labels_ollama_proposals.csv,excluded,temporal_anomaly,qwen3-vl:4b,0
capture_0870,tools/dataset/captures/live_surveillance_20260629T1003Z/capture_0870.jpg,,,,,,false,train,hcho_raw:13:neighbor_median=23.5,excluded,auto-consensus,2026-07-21T20:10:35+00:00,,,tools/dataset/captures/live_surveillance_20260629T1003Z/labels_ollama_proposals.csv,excluded,temporal_anomaly,qwen3-vl:4b,0
capture_0871,tools/dataset/captures/live_surveillance_20260629T1003Z/capture_0871.jpg,28,49,723,6,26,true,train,auto_consensus,automated_consensus,auto-consensus,2026-07-21T20:10:35+00:00,qwen3-vl:4b,aqs-five-field-v2,tools/dataset/captures/live_surveillance_20260629T1003Z/labels_ollama_proposals.csv,promoted,single_model_temporal_plausible,qwen3-vl:4b,1
capture_0872,tools/dataset/captures/live_surveillance_20260629T1003Z/capture_0872.jpg,28,49,750,0,34,true,train,auto_consensus,automated_consensus,auto-consensus,2026-07-21T20:10:35+00:00,qwen3-vl:4b,aqs-five-field-v2,tools/dataset/captures/live_surveillance_20260629T1003Z/labels_ollama_proposals.csv,promoted,single_model_temporal_plausible,qwen3-vl:4b,1
capture_0873,tools/dataset/captures/live_surveillance_20260629T1003Z/capture_0873.jpg,,,,,,false,train,hcho_raw:18:neighbor_median=6,excluded,auto-consensus,2026-07-21T20:10:35+00:00,,,tools/dataset/captures/live_surveillance_20260629T1003Z/labels_ollama_proposals.csv,excluded,temporal_anomaly,qwen3-vl:4b,0
capture_0874,tools/dataset/captures/live_surveillance_20260629T1003Z/capture_0874.jpg,,,,,,false,train,hcho_raw:6:neighbor_median=33.5,excluded,auto-consensus,2026-07-21T20:10:35+00:00,,,tools/dataset/captures/live_surveillance_20260629T1003Z/labels_ollama_proposals.csv,excluded,temporal_anomaly,qwen3-vl:4b,0
capture_0875,tools/dataset/captures/live_surveillance_20260629T1003Z/capture_0875.jpg,,,,,,false,train,hcho_raw:49:neighbor_median=33,excluded,auto-consensus,2026-07-21T20:10:35+00:00,,,tools/dataset/captures/live_surveillance_20260629T1003Z/labels_ollama_proposals.csv,excluded,temporal_anomaly,qwen3-vl:4b,0
capture_0876,tools/dataset/captures/live_surveillance_20260629T1003Z/capture_0876.jpg,28,49,750,49,37,true,train,auto_consensus,automated_consensus,auto-consensus,2026-07-21T20:10:35+00:00,qwen3-vl:4b,aqs-five-field-v2,tools/dataset/captures/live_surveillance_20260629T1003Z/labels_ollama_proposals.csv,promoted,single_model_temporal_plausible,qwen3-vl:4b,1
capture_0877,tools/dataset/captures/live_surveillance_20260629T1003Z/capture_0877.jpg,28,49,750,48,37,true,train,auto_consensus,automated_consensus,auto-consensus,2026-07-21T20:10:35+00:00,qwen3-vl:4b,aqs-five-field-v2,tools/dataset/captures/live_surveillance_20260629T1003Z/labels_ollama_proposals.csv,promoted,single_model_temporal_plausible,qwen3-vl:4b,1
capture_0878,tools/dataset/captures/live_surveillance_20260629T1003Z/capture_0878.jpg,28,49,750,49,37,true,train,auto_consensus,automated_consensus,auto-consensus,2026-07-21T20:10:35+00:00,qwen3-vl:4b,aqs-five-field-v2,tools/dataset/captures/live_surveillance_20260629T1003Z/labels_ollama_proposals.csv,promoted,single_model_temporal_plausible,qwen3-vl:4b,1
capture_0879,tools/dataset/captures/live_surveillance_20260629T1003Z/capture_0879.jpg,28,49,750,49,37,true,train,auto_consensus,automated_consensus,auto-consensus,2026-07-21T20:10:35+00:00,qwen3-vl:4b,aqs-five-field-v2,tools/dataset/captures/live_surveillance_20260629T1003Z/labels_ollama_proposals.csv,promoted,single_model_temporal_plausible,qwen3-vl:4b,1
capture_0880,tools/dataset/captures/live_surveillance_20260629T1003Z/capture_0880.jpg,28,49,750,48,37,true,train,auto_consensus,automated_consensus,auto-consensus,2026-07-21T20:10:35+00:00,qwen3-vl:4b,aqs-five-field-v2,tools/dataset/captures/live_surveillance_20260629T1003Z/labels_ollama_proposals.csv,promoted,single_model_temporal_plausible,qwen3-vl:4b,1
capture_0881,tools/dataset/captures/live_surveillance_20260629T1003Z/capture_0881.jpg,28,49,750,48,37,true,train,auto_consensus,automated_consensus,auto-consensus,2026-07-21T20:10:35+00:00,qwen3-vl:4b,aqs-five-field-v2,tools/dataset/captures/live_surveillance_20260629T1003Z/labels_ollama_proposals.csv,promoted,single_model_temporal_plausible,qwen3-vl:4b,1
capture_0882,tools/dataset/captures/live_surveillance_20260629T1003Z/capture_0882.jpg,28,49,750,49,37,true,train,auto_consensus,automated_consensus,auto-consensus,2026-07-21T20:10:35+00:00,qwen3-vl:4b,aqs-five-field-v2,tools/dataset/captures/live_surveillance_20260629T1003Z/labels_ollama_proposals.csv,promoted,single_model_temporal_plausible,qwen3-vl:4b,1
capture_0883,tools/dataset/captures/live_surveillance_20260629T1003Z/capture_0883.jpg,28,49,750,48,37,true,train,auto_consensus,automated_consensus,auto-consensus,2026-07-21T20:10:35+00:00,qwen3-vl:4b,aqs-five-field-v2,tools/dataset/captures/live_surveillance_20260629T1003Z/labels_ollama_proposals.csv,promoted,single_model_temporal_plausible,qwen3-vl:4b,1
capture_0884,tools/dataset/captures/live_surveillance_20260629T1003Z/capture_0884.jpg,28,49,750,48,37,true,train,auto_consensus,automated_consensus,auto-consensus,2026-07-21T20:10:35+00:00,qwen3-vl:4b,aqs-five-field-v2,tools/dataset/captures/live_surveillance_20260629T1003Z/labels_ollama_proposals.csv,promoted,single_model_temporal_plausible,qwen3-vl:4b,1
capture_0885,tools/dataset/captures/live_surveillance_20260629T1003Z/capture_0885.jpg,28,49,750,48,37,true,train,auto_consensus,automated_consensus,auto-consensus,2026-07-21T20:10:35+00:00,qwen3-vl:4b,aqs-five-field-v2,tools/dataset/captures/live_surveillance_20260629T1003Z/labels_ollama_proposals.csv,promoted,single_model_temporal_plausible,qwen3-vl:4b,1
capture_0886,tools/dataset/captures/live_surveillance_20260629T1003Z/capture_0886.jpg,28,49,750,49,37,true,train,auto_consensus,automated_consensus,auto-consensus,2026-07-21T20:10:35+00:00,qwen3-vl:4b,aqs-five-field-v2,tools/dataset/captures/live_surveillance_20260629T1003Z/labels_ollama_proposals.csv,promoted,single_model_temporal_plausible,qwen3-vl:4b,1
capture_0887,tools/dataset/captures/live_surveillance_20260629T1003Z/capture_0887.jpg,28,49,750,49,37,true,train,auto_consensus,automated_consensus,auto-consensus,2026-07-21T20:10:35+00:00,qwen3-vl:4b,aqs-five-field-v2,tools/dataset/captures/live_surveillance_20260629T1003Z/labels_ollama_proposals.csv,promoted,single_model_temporal_plausible,qwen3-vl:4b,1
capture_0888,tools/dataset/captures/live_surveillance_20260629T1003Z/capture_0888.jpg,28,49,750,49,37,true,train,auto_consensus,automated_consensus,auto-consensus,2026-07-21T20:10:35+00:00,qwen3-vl:4b,aqs-five-field-v2,tools/dataset/captures/live_surveillance_20260629T1003Z/labels_ollama_proposals.csv,promoted,single_model_temporal_plausible,qwen3-vl:4b,1
capture_0889,tools/dataset/captures/live_surveillance_20260629T1003Z/capture_0889.jpg,28,49,750,48,37,true,train,auto_consensus,automated_consensus,auto-consensus,2026-07-21T20:10:35+00:00,qwen3-vl:4b,aqs-five-field-v2,tools/dataset/captures/live_surveillance_20260629T1003Z/labels_ollama_proposals.csv,promoted,single_model_temporal_plausible,qwen3-vl:4b,1
capture_0890,tools/dataset/captures/live_surveillance_20260629T1003Z/capture_0890.jpg,28,49,750,49,37,true,train,auto_consensus,automated_consensus,auto-consensus,2026-07-21T20:10:35+00:00,qwen3-vl:4b,aqs-five-field-v2,tools/dataset/captures/live_surveillance_20260629T1003Z/labels_ollama_proposals.csv,promoted,single_model_temporal_plausible,qwen3-vl:4b,1
capture_0891,tools/dataset/captures/live_surveillance_20260629T1003Z/capture_0891.jpg,28,49,750,49,37,true,train,auto_consensus,automated_consensus,auto-consensus,2026-07-21T20:10:35+00:00,qwen3-vl:4b,aqs-five-field-v2,tools/dataset/captures/live_surveillance_20260629T1003Z/labels_ollama_proposals.csv,promoted,single_model_temporal_plausible,qwen3-vl:4b,1
capture_0892,tools/dataset/captures/live_surveillance_20260629T1003Z/capture_0892.jpg,28,49,750,49,37,true,train,auto_consensus,automated_consensus,auto-consensus,2026-07-21T20:10:35+00:00,qwen3-vl:4b,aqs-five-field-v2,tools/dataset/captures/live_surveillance_20260629T1003Z/labels_ollama_proposals.csv,promoted,single_model_temporal_plausible,qwen3-vl:4b,1
capture_0893,tools/dataset/captures/live_surveillance_20260629T1003Z/capture_0893.jpg,28,49,750,49,37,true,train,auto_consensus,automated_consensus,auto-consensus,2026-07-21T20:10:35+00:00,qwen3-vl:4b,aqs-five-field-v2,tools/dataset/captures/live_surveillance_20260629T1003Z/labels_ollama_proposals.csv,promoted,single_model_temporal_plausible,qwen3-vl:4b,1
capture_0894,tools/dataset/captures/live_surveillance_20260629T1003Z/capture_0894.jpg,28,49,750,49,37,true,train,auto_consensus,automated_consensus,auto-consensus,2026-07-21T20:10:35+00:00,qwen3-vl:4b,aqs-five-field-v2,tools/dataset/captures/live_surveillance_20260629T1003Z/labels_ollama_proposals.csv,promoted,single_model_temporal_plausible,qwen3-vl:4b,1
capture_0895,tools/dataset/captures/live_surveillance_20260629T1003Z/capture_0895.jpg,,,,,,false,train,tvoc_raw:10:neighbor_median=39.5,excluded,auto-consensus,2026-07-21T20:10:35+00:00,,,tools/dataset/captures/live_surveillance_20260629T1003Z/labels_ollama_proposals.csv,excluded,temporal_anomaly,qwen3-vl:4b,0
capture_0896,tools/dataset/captures/live_surveillance_20260629T1003Z/capture_0896.jpg,28,49,761,50,42,true,train,auto_consensus,automated_consensus,auto-consensus,2026-07-21T20:10:35+00:00,qwen3-vl:4b,aqs-five-field-v2,tools/dataset/captures/live_surveillance_20260629T1003Z/labels_ollama_proposals.csv,promoted,single_model_temporal_plausible,qwen3-vl:4b,1
capture_0897,tools/dataset/captures/live_surveillance_20260629T1003Z/capture_0897.jpg,28,49,767,52,45,true,train,auto_consensus,automated_consensus,auto-consensus,2026-07-21T20:10:35+00:00,qwen3-vl:4b,aqs-five-field-v2,tools/dataset/captures/live_surveillance_20260629T1003Z/labels_ollama_proposals.csv,promoted,single_model_temporal_plausible,qwen3-vl:4b,1
capture_0898,tools/dataset/captures/live_surveillance_20260629T1003Z/capture_0898.jpg,,,,,,false,train,tvoc_raw:18:neighbor_median=45,excluded,auto-consensus,2026-07-21T20:10:35+00:00,,,tools/dataset/captures/live_surveillance_20260629T1003Z/labels_ollama_proposals.csv,excluded,temporal_anomaly,qwen3-vl:4b,0
capture_0899,tools/dataset/captures/live_surveillance_20260629T1003Z/capture_0899.jpg,28,49,772,53,48,true,train,auto_consensus,automated_consensus,auto-consensus,2026-07-21T20:10:35+00:00,qwen3-vl:4b,aqs-five-field-v2,tools/dataset/captures/live_surveillance_20260629T1003Z/labels_ollama_proposals.csv,promoted,single_model_temporal_plausible,qwen3-vl:4b,1
capture_0900,tools/dataset/captures/live_surveillance_20260629T1003Z/capture_0900.jpg,,,,,,false,train,tvoc_raw:45:neighbor_median=18,excluded,auto-consensus,2026-07-21T20:10:35+00:00,,,tools/dataset/captures/live_surveillance_20260629T1003Z/labels_ollama_proposals.csv,excluded,temporal_anomaly,qwen3-vl:4b,0
capture_0901,tools/dataset/captures/live_surveillance_20260629T1003Z/capture_0901.jpg,28,49,767,53,18,true,train,auto_consensus,automated_consensus,auto-consensus,2026-07-21T20:10:35+00:00,qwen3-vl:4b,aqs-five-field-v2,tools/dataset/captures/live_surveillance_20260629T1003Z/labels_ollama_proposals.csv,promoted,single_model_temporal_plausible,qwen3-vl:4b,1
capture_0902,tools/dataset/captures/live_surveillance_20260629T1003Z/capture_0902.jpg,28,49,772,53,18,true,train,auto_consensus,automated_consensus,auto-consensus,2026-07-21T20:10:35+00:00,qwen3-vl:4b,aqs-five-field-v2,tools/dataset/captures/live_surveillance_20260629T1003Z/labels_ollama_proposals.csv,promoted,single_model_temporal_plausible,qwen3-vl:4b,1
capture_0903,tools/dataset/captures/live_surveillance_20260629T1003Z/capture_0903.jpg,28,49,772,53,18,true,train,auto_consensus,automated_consensus,auto-consensus,2026-07-21T20:10:35+00:00,qwen3-vl:4b,aqs-five-field-v2,tools/dataset/captures/live_surveillance_20260629T1003Z/labels_ollama_proposals.csv,promoted,single_model_temporal_plausible,qwen3-vl:4b,1
capture_0904,tools/dataset/captures/live_surveillance_20260629T1003Z/capture_0904.jpg,,,,,,false,train,tvoc_raw:54:neighbor_median=27.5,excluded,auto-consensus,2026-07-21T20:10:35+00:00,,,tools/dataset/captures/live_surveillance_20260629T1003Z/labels_ollama_proposals.csv,excluded,temporal_anomaly,qwen3-vl:4b,0
capture_0905,tools/dataset/captures/live_surveillance_20260629T1003Z/capture_0905.jpg,28,49,750,49,37,true,train,auto_consensus,automated_consensus,auto-consensus,2026-07-21T20:10:35+00:00,qwen3-vl:4b,aqs-five-field-v2,tools/dataset/captures/live_surveillance_20260629T1003Z/labels_ollama_proposals.csv,promoted,single_model_temporal_plausible,qwen3-vl:4b,1
capture_0906,tools/dataset/captures/live_surveillance_20260629T1003Z/capture_0906.jpg,28,49,750,49,37,true,train,auto_consensus,automated_consensus,auto-consensus,2026-07-21T20:10:35+00:00,qwen3-vl:4b,aqs-five-field-v2,tools/dataset/captures/live_surveillance_20260629T1003Z/labels_ollama_proposals.csv,promoted,single_model_temporal_plausible,qwen3-vl:4b,1
capture_0907,tools/dataset/captures/live_surveillance_20260629T1003Z/capture_0907.jpg,28,49,750,48,37,true,train,auto_consensus,automated_consensus,auto-consensus,2026-07-21T20:10:35+00:00,qwen3-vl:4b,aqs-five-field-v2,tools/dataset/captures/live_surveillance_20260629T1003Z/labels_ollama_proposals.csv,promoted,single_model_temporal_plausible,qwen3-vl:4b,1
capture_0908,tools/dataset/captures/live_surveillance_20260629T1003Z/capture_0908.jpg,28,49,750,49,37,true,train,auto_consensus,automated_consensus,auto-consensus,2026-07-21T20:10:35+00:00,qwen3-vl:4b,aqs-five-field-v2,tools/dataset/captures/live_surveillance_20260629T1003Z/labels_ollama_proposals.csv,promoted,single_model_temporal_plausible,qwen3-vl:4b,1
capture_0909,tools/dataset/captures/live_surveillance_20260629T1003Z/capture_0909.jpg,28,49,750,48,37,true,train,auto_consensus,automated_consensus,auto-consensus,2026-07-21T20:10:35+00:00,qwen3-vl:4b,aqs-five-field-v2,tools/dataset/captures/live_surveillance_20260629T1003Z/labels_ollama_proposals.csv,promoted,single_model_temporal_plausible,qwen3-vl:4b,1
capture_0910,tools/dataset/captures/live_surveillance_20260629T1003Z/capture_0910.jpg,28,49,750,49,37,true,train,auto_consensus,automated_consensus,auto-consensus,2026-07-21T20:10:35+00:00,qwen3-vl:4b,aqs-five-field-v2,tools/dataset/captures/live_surveillance_20260629T1003Z/labels_ollama_proposals.csv,promoted,single_model_temporal_plausible,qwen3-vl:4b,1
capture_0911,tools/dataset/captures/live_surveillance_20260629T1003Z/capture_0911.jpg,28,49,750,49,37,true,train,auto_consensus,automated_consensus,auto-consensus,2026-07-21T20:10:35+00:00,qwen3-vl:4b,aqs-five-field-v2,tools/dataset/captures/live_surveillance_20260629T1003Z/labels_ollama_proposals.csv,promoted,single_model_temporal_plausible,qwen3-vl:4b,1
capture_0912,tools/dataset/captures/live_surveillance_20260629T1003Z/capture_0912.jpg,28,49,750,48,37,true,train,auto_consensus,automated_consensus,auto-consensus,2026-07-21T20:10:35+00:00,qwen3-vl:4b,aqs-five-field-v2,tools/dataset/captures/live_surveillance_20260629T1003Z/labels_ollama_proposals.csv,promoted,single_model_temporal_plausible,qwen3-vl:4b,1
capture_0913,tools/dataset/captures/live_surveillance_20260629T1003Z/capture_0913.jpg,28,49,750,48,37,true,train,auto_consensus,automated_consensus,auto-consensus,2026-07-21T20:10:35+00:00,qwen3-vl:4b,aqs-five-field-v2,tools/dataset/captures/live_surveillance_20260629T1003Z/labels_ollama_proposals.csv,promoted,single_model_temporal_plausible,qwen3-vl:4b,1
capture_0914,tools/dataset/captures/live_surveillance_20260629T1003Z/capture_0914.jpg,28,49,750,48,37,true,train,auto_consensus,automated_consensus,auto-consensus,2026-07-21T20:10:35+00:00,qwen3-vl:4b,aqs-five-field-v2,tools/dataset/captures/live_surveillance_20260629T1003Z/labels_ollama_proposals.csv,promoted,single_model_temporal_plausible,qwen3-vl:4b,1
capture_0915,tools/dataset/captures/live_surveillance_20260629T1003Z/capture_0915.jpg,28,49,750,49,37,true,train,auto_consensus,automated_consensus,auto-consensus,2026-07-21T20:10:35+00:00,qwen3-vl:4b,aqs-five-field-v2,tools/dataset/captures/live_surveillance_20260629T1003Z/labels_ollama_proposals.csv,promoted,single_model_temporal_plausible,qwen3-vl:4b,1
capture_0916,tools/dataset/captures/live_surveillance_20260629T1003Z/capture_0916.jpg,28,49,750,49,37,true,train,auto_consensus,automated_consensus,auto-consensus,2026-07-21T20:10:35+00:00,qwen3-vl:4b,aqs-five-field-v2,tools/dataset/captures/live_surveillance_20260629T1003Z/labels_ollama_proposals.csv,promoted,single_model_temporal_plausible,qwen3-vl:4b,1
capture_0917,tools/dataset/captures/live_surveillance_20260629T1003Z/capture_0917.jpg,28,49,750,49,37,true,train,auto_consensus,automated_consensus,auto-consensus,2026-07-21T20:10:35+00:00,qwen3-vl:4b,aqs-five-field-v2,tools/dataset/captures/live_surveillance_20260629T1003Z/labels_ollama_proposals.csv,promoted,single_model_temporal_plausible,qwen3-vl:4b,1
capture_0918,tools/dataset/captures/live_surveillance_20260629T1003Z/capture_0918.jpg,,,,,,false,train,hcho_raw:49:neighbor_median=31,excluded,auto-consensus,2026-07-21T20:10:35+00:00,,,tools/dataset/captures/live_surveillance_20260629T1003Z/labels_ollama_proposals.csv,excluded,temporal_anomaly,qwen3-vl:4b,0
capture_0919,tools/dataset/captures/live_surveillance_20260629T1003Z/capture_0919.jpg,,,,,,false,train,hcho_raw:13:neighbor_median=27;tvoc_raw:10:neighbor_median=39.5,excluded,auto-consensus,2026-07-21T20:10:35+00:00,,,tools/dataset/captures/live_surveillance_20260629T1003Z/labels_ollama_proposals.csv,excluded,temporal_anomaly,qwen3-vl:4b,0
capture_0920,tools/dataset/captures/live_surveillance_20260629T1003Z/capture_0920.jpg,,,,,,false,train,hcho_raw:5:neighbor_median=31,excluded,auto-consensus,2026-07-21T20:10:35+00:00,,,tools/dataset/captures/live_surveillance_20260629T1003Z/labels_ollama_proposals.csv,excluded,temporal_anomaly,qwen3-vl:4b,0
capture_0921,tools/dataset/captures/live_surveillance_20260629T1003Z/capture_0921.jpg,28,49,761,0,42,true,train,auto_consensus,automated_consensus,auto-consensus,2026-07-21T20:10:35+00:00,qwen3-vl:4b,aqs-five-field-v2,tools/dataset/captures/live_surveillance_20260629T1003Z/labels_ollama_proposals.csv,promoted,single_model_temporal_plausible,qwen3-vl:4b,1
capture_0922,tools/dataset/captures/live_surveillance_20260629T1003Z/capture_0922.jpg,,,,,,false,train,hcho_raw:50:neighbor_median=5,excluded,auto-consensus,2026-07-21T20:10:35+00:00,,,tools/dataset/captures/live_surveillance_20260629T1003Z/labels_ollama_proposals.csv,excluded,temporal_anomaly,qwen3-vl:4b,0
capture_0923,tools/dataset/captures/live_surveillance_20260629T1003Z/capture_0923.jpg,,,,,,false,train,hcho_raw:5:neighbor_median=51,excluded,auto-consensus,2026-07-21T20:10:35+00:00,,,tools/dataset/captures/live_surveillance_20260629T1003Z/labels_ollama_proposals.csv,excluded,temporal_anomaly,qwen3-vl:4b,0
capture_0924,tools/dataset/captures/live_surveillance_20260629T1003Z/capture_0924.jpg,28,49,767,52,45,true,train,auto_consensus,automated_consensus,auto-consensus,2026-07-21T20:10:35+00:00,qwen3-vl:4b,aqs-five-field-v2,tools/dataset/captures/live_surveillance_20260629T1003Z/labels_ollama_proposals.csv,promoted,single_model_temporal_plausible,qwen3-vl:4b,1
capture_0925,tools/dataset/captures/live_surveillance_20260629T1003Z/capture_0925.jpg,,,,,,false,train,hcho_raw:52:neighbor_median=28.5;tvoc_raw:15:neighbor_median=43.5,excluded,auto-consensus,2026-07-21T20:10:35+00:00,,,tools/dataset/captures/live_surveillance_20260629T1003Z/labels_ollama_proposals.csv,excluded,temporal_anomaly,qwen3-vl:4b,0
capture_0926,tools/dataset/captures/live_surveillance_20260629T1003Z/capture_0926.jpg,,,,,,false,train,tvoc_raw:15:neighbor_median=45,excluded,auto-consensus,2026-07-21T20:10:35+00:00,,,tools/dataset/captures/live_surveillance_20260629T1003Z/labels_ollama_proposals.csv,excluded,temporal_anomaly,qwen3-vl:4b,0
capture_0927,tools/dataset/captures/live_surveillance_20260629T1003Z/capture_0927.jpg,,,,,,false,train,hcho_raw:5:neighbor_median=52.5,excluded,auto-consensus,2026-07-21T20:10:35+00:00,,,tools/dataset/captures/live_surveillance_20260629T1003Z/labels_ollama_proposals.csv,excluded,temporal_anomaly,qwen3-vl:4b,0
capture_0928,tools/dataset/captures/live_surveillance_20260629T1003Z/capture_0928.jpg,28,49,772,53,48,true,train,auto_consensus,automated_consensus,auto-consensus,2026-07-21T20:10:35+00:00,qwen3-vl:4b,aqs-five-field-v2,tools/dataset/captures/live_surveillance_20260629T1003Z/labels_ollama_proposals.csv,promoted,single_model_temporal_plausible,qwen3-vl:4b,1
capture_0929,tools/dataset/captures/live_surveillance_20260629T1003Z/capture_0929.jpg,28,49,772,53,45,true,train,auto_consensus,automated_consensus,auto-consensus,2026-07-21T20:10:35+00:00,qwen3-vl:4b,aqs-five-field-v2,tools/dataset/captures/live_surveillance_20260629T1003Z/labels_ollama_proposals.csv,promoted,single_model_temporal_plausible,qwen3-vl:4b,1
capture_0930,tools/dataset/captures/live_surveillance_20260629T1003Z/capture_0930.jpg,,,,,,false,train,tvoc_raw:18:neighbor_median=46.5,excluded,auto-consensus,2026-07-21T20:10:35+00:00,,,tools/dataset/captures/live_surveillance_20260629T1003Z/labels_ollama_proposals.csv,excluded,temporal_anomaly,qwen3-vl:4b,0
capture_0931,tools/dataset/captures/live_surveillance_20260629T1003Z/capture_0931.jpg,28,49,767,52,45,true,train,auto_consensus,automated_consensus,auto-consensus,2026-07-21T20:10:35+00:00,qwen3-vl:4b,aqs-five-field-v2,tools/dataset/captures/live_surveillance_20260629T1003Z/labels_ollama_proposals.csv,promoted,single_model_temporal_plausible,qwen3-vl:4b,1
capture_0932,tools/dataset/captures/live_surveillance_20260629T1003Z/capture_0932.jpg,,,,,,false,train,tvoc_raw:48:neighbor_median=18,excluded,auto-consensus,2026-07-21T20:10:35+00:00,,,tools/dataset/captures/live_surveillance_20260629T1003Z/labels_ollama_proposals.csv,excluded,temporal_anomaly,qwen3-vl:4b,0
capture_0933,tools/dataset/captures/live_surveillance_20260629T1003Z/capture_0933.jpg,,,,,,false,train,tvoc_raw:18:neighbor_median=46.5,excluded,auto-consensus,2026-07-21T20:10:35+00:00,,,tools/dataset/captures/live_surveillance_20260629T1003Z/labels_ollama_proposals.csv,excluded,temporal_anomaly,qwen3-vl:4b,0
capture_0934,tools/dataset/captures/live_surveillance_20260629T1003Z/capture_0934.jpg,28,49,772,53,18,true,train,auto_consensus,automated_consensus,auto-consensus,2026-07-21T20:10:35+00:00,qwen3-vl:4b,aqs-five-field-v2,tools/dataset/captures/live_surveillance_20260629T1003Z/labels_ollama_proposals.csv,promoted,single_model_temporal_plausible,qwen3-vl:4b,1
capture_0935,tools/dataset/captures/live_surveillance_20260629T1003Z/capture_0935.jpg,,,,,,false,train,tvoc_raw:48:neighbor_median=18,excluded,auto-consensus,2026-07-21T20:10:35+00:00,,,tools/dataset/captures/live_surveillance_20260629T1003Z/labels_ollama_proposals.csv,excluded,temporal_anomaly,qwen3-vl:4b,0
capture_0936,tools/dataset/captures/live_surveillance_20260629T1003Z/capture_0936.jpg,28,49,772,53,18,true,train,auto_consensus,automated_consensus,auto-consensus,2026-07-21T20:10:35+00:00,qwen3-vl:4b,aqs-five-field-v2,tools/dataset/captures/live_surveillance_20260629T1003Z/labels_ollama_proposals.csv,promoted,single_model_temporal_plausible,qwen3-vl:4b,1
capture_0937,tools/dataset/captures/live_surveillance_20260629T1003Z/capture_0937.jpg,,,,,,false,train,tvoc_raw:48:neighbor_median=18,excluded,auto-consensus,2026-07-21T20:10:35+00:00,,,tools/dataset/captures/live_surveillance_20260629T1003Z/labels_ollama_proposals.csv,excluded,temporal_anomaly,qwen3-vl:4b,0
capture_0938,tools/dataset/captures/live_surveillance_20260629T1003Z/capture_0938.jpg,28,49,772,53,18,true,train,auto_consensus,automated_consensus,auto-consensus,2026-07-21T20:10:35+00:00,qwen3-vl:4b,aqs-five-field-v2,tools/dataset/captures/live_surveillance_20260629T1003Z/labels_ollama_proposals.csv,promoted,single_model_temporal_plausible,qwen3-vl:4b,1
capture_0939,tools/dataset/captures/live_surveillance_20260629T1003Z/capture_0939.jpg,28,49,772,53,18,true,train,auto_consensus,automated_consensus,auto-consensus,2026-07-21T20:10:35+00:00,qwen3-vl:4b,aqs-five-field-v2,tools/dataset/captures/live_surveillance_20260629T1003Z/labels_ollama_proposals.csv,promoted,single_model_temporal_plausible,qwen3-vl:4b,1
capture_0940,tools/dataset/captures/live_surveillance_20260629T1003Z/capture_0940.jpg,28,49,772,53,18,true,train,auto_consensus,automated_consensus,auto-consensus,2026-07-21T20:10:35+00:00,qwen3-vl:4b,aqs-five-field-v2,tools/dataset/captures/live_surveillance_20260629T1003Z/labels_ollama_proposals.csv,promoted,single_model_temporal_plausible,qwen3-vl:4b,1
capture_0941,tools/dataset/captures/live_surveillance_20260629T1003Z/capture_0941.jpg,28,49,772,53,18,true,train,auto_consensus,automated_consensus,auto-consensus,2026-07-21T20:10:35+00:00,qwen3-vl:4b,aqs-five-field-v2,tools/dataset/captures/live_surveillance_20260629T1003Z/labels_ollama_proposals.csv,promoted,single_model_temporal_plausible,qwen3-vl:4b,1
capture_0942,tools/dataset/captures/live_surveillance_20260629T1003Z/capture_0942.jpg,,,,,,false,train,tvoc_raw:61:neighbor_median=18,excluded,auto-consensus,2026-07-21T20:10:35+00:00,,,tools/dataset/captures/live_surveillance_20260629T1003Z/labels_ollama_proposals.csv,excluded,temporal_anomaly,qwen3-vl:4b,0
capture_0943,tools/dataset/captures/live_surveillance_20260629T1003Z/capture_0943.jpg,,,,,,false,train,tvoc_raw:18:neighbor_median=57.5,excluded,auto-consensus,2026-07-21T20:10:35+00:00,,,tools/dataset/captures/live_surveillance_20260629T1003Z/labels_ollama_proposals.csv,excluded,temporal_anomaly,qwen3-vl:4b,0
capture_0944,tools/dataset/captures/live_surveillance_20260629T1003Z/capture_0944.jpg,28,49,778,54,61,true,train,auto_consensus,automated_consensus,auto-consensus,2026-07-21T20:10:35+00:00,qwen3-vl:4b,aqs-five-field-v2,tools/dataset/captures/live_surveillance_20260629T1003Z/labels_ollama_proposals.csv,promoted,single_model_temporal_plausible,qwen3-vl:4b,1
capture_0945,tools/dataset/captures/live_surveillance_20260629T1003Z/capture_0945.jpg,28,49,778,54,54,true,train,auto_consensus,automated_consensus,auto-consensus,2026-07-21T20:10:35+00:00,qwen3-vl:4b,aqs-five-field-v2,tools/dataset/captures/live_surveillance_20260629T1003Z/labels_ollama_proposals.csv,promoted,single_model_temporal_plausible,qwen3-vl:4b,1
capture_0946,tools/dataset/captures/live_surveillance_20260629T1003Z/capture_0946.jpg,28,49,783,55,54,true,train,auto_consensus,automated_consensus,auto-consensus,2026-07-21T20:10:35+00:00,qwen3-vl:4b,aqs-five-field-v2,tools/dataset/captures/live_surveillance_20260629T1003Z/labels_ollama_proposals.csv,promoted,single_model_temporal_plausible,qwen3-vl:4b,1
capture_0947,tools/dataset/captures/live_surveillance_20260629T1003Z/capture_0947.jpg,28,49,783,55,54,true,train,auto_consensus,automated_consensus,auto-consensus,2026-07-21T20:10:35+00:00,qwen3-vl:4b,aqs-five-field-v2,tools/dataset/captures/live_surveillance_20260629T1003Z/labels_ollama_proposals.csv,promoted,single_model_temporal_plausible,qwen3-vl:4b,1
capture_0948,tools/dataset/captures/live_surveillance_20260629T1003Z/capture_0948.jpg,28,49,783,55,54,true,train,auto_consensus,automated_consensus,auto-consensus,2026-07-21T20:10:35+00:00,qwen3-vl:4b,aqs-five-field-v2,tools/dataset/captures/live_surveillance_20260629T1003Z/labels_ollama_proposals.csv,promoted,single_model_temporal_plausible,qwen3-vl:4b,1
capture_0949,tools/dataset/captures/live_surveillance_20260629T1003Z/capture_0949.jpg,28,49,778,54,61,true,train,auto_consensus,automated_consensus,auto-consensus,2026-07-21T20:10:35+00:00,qwen3-vl:4b,aqs-five-field-v2,tools/dataset/captures/live_surveillance_20260629T1003Z/labels_ollama_proposals.csv,promoted,single_model_temporal_plausible,qwen3-vl:4b,1
capture_0950,tools/dataset/captures/live_surveillance_20260629T1003Z/capture_0950.jpg,28,49,783,55,54,true,train,auto_consensus,automated_consensus,auto-consensus,2026-07-21T20:10:35+00:00,qwen3-vl:4b,aqs-five-field-v2,tools/dataset/captures/live_surveillance_20260629T1003Z/labels_ollama_proposals.csv,promoted,single_model_temporal_plausible,qwen3-vl:4b,1
capture_0951,tools/dataset/captures/live_surveillance_20260629T1003Z/capture_0951.jpg,28,49,783,55,54,true,train,auto_consensus,automated_consensus,auto-consensus,2026-07-21T20:10:35+00:00,qwen3-vl:4b,aqs-five-field-v2,tools/dataset/captures/live_surveillance_20260629T1003Z/labels_ollama_proposals.csv,promoted,single_model_temporal_plausible,qwen3-vl:4b,1
capture_0952,tools/dataset/captures/live_surveillance_20260629T1003Z/capture_0952.jpg,28,49,783,55,54,true,train,auto_consensus,automated_consensus,auto-consensus,2026-07-21T20:10:35+00:00,qwen3-vl:4b,aqs-five-field-v2,tools/dataset/captures/live_surveillance_20260629T1003Z/labels_ollama_proposals.csv,promoted,single_model_temporal_plausible,qwen3-vl:4b,1
capture_0953,tools/dataset/captures/live_surveillance_20260629T1003Z/capture_0953.jpg,28,49,783,55,54,true,train,auto_consensus,automated_consensus,auto-consensus,2026-07-21T20:10:35+00:00,qwen3-vl:4b,aqs-five-field-v2,tools/dataset/captures/live_surveillance_20260629T1003Z/labels_ollama_proposals.csv,promoted,single_model_temporal_plausible,qwen3-vl:4b,1
capture_0954,tools/dataset/captures/live_surveillance_20260629T1003Z/capture_0954.jpg,28,49,783,55,54,true,train,auto_consensus,automated_consensus,auto-consensus,2026-07-21T20:10:35+00:00,qwen3-vl:4b,aqs-five-field-v2,tools/dataset/captures/live_surveillance_20260629T1003Z/labels_ollama_proposals.csv,promoted,single_model_temporal_plausible,qwen3-vl:4b,1
capture_0955,tools/dataset/captures/live_surveillance_20260629T1003Z/capture_0955.jpg,28,49,783,55,54,true,train,auto_consensus,automated_consensus,auto-consensus,2026-07-21T20:10:35+00:00,qwen3-vl:4b,aqs-five-field-v2,tools/dataset/captures/live_surveillance_20260629T1003Z/labels_ollama_proposals.csv,promoted,single_model_temporal_plausible,qwen3-vl:4b,1
capture_0956,tools/dataset/captures/live_surveillance_20260629T1003Z/capture_0956.jpg,28,49,783,55,54,true,train,auto_consensus,automated_consensus,auto-consensus,2026-07-21T20:10:35+00:00,qwen3-vl:4b,aqs-five-field-v2,tools/dataset/captures/live_surveillance_20260629T1003Z/labels_ollama_proposals.csv,promoted,single_model_temporal_plausible,qwen3-vl:4b,1
capture_0957,tools/dataset/captures/live_surveillance_20260629T1003Z/capture_0957.jpg,28,49,783,55,54,true,train,auto_consensus,automated_consensus,auto-consensus,2026-07-21T20:10:35+00:00,qwen3-vl:4b,aqs-five-field-v2,tools/dataset/captures/live_surveillance_20260629T1003Z/labels_ollama_proposals.csv,promoted,single_model_temporal_plausible,qwen3-vl:4b,1
capture_0958,tools/dataset/captures/live_surveillance_20260629T1003Z/capture_0958.jpg,28,49,789,55,56,true,train,auto_consensus,automated_consensus,auto-consensus,2026-07-21T20:10:35+00:00,qwen3-vl:4b,aqs-five-field-v2,tools/dataset/captures/live_surveillance_20260629T1003Z/labels_ollama_proposals.csv,promoted,single_model_temporal_plausible,qwen3-vl:4b,1
capture_0959,tools/dataset/captures/live_surveillance_20260629T1003Z/capture_0959.jpg,28,49,789,55,54,true,train,auto_consensus,automated_consensus,auto-consensus,2026-07-21T20:10:35+00:00,qwen3-vl:4b,aqs-five-field-v2,tools/dataset/captures/live_surveillance_20260629T1003Z/labels_ollama_proposals.csv,promoted,single_model_temporal_plausible,qwen3-vl:4b,1
capture_0960,tools/dataset/captures/live_surveillance_20260629T1003Z/capture_0960.jpg,28,49,783,55,56,true,train,auto_consensus,automated_consensus,auto-consensus,2026-07-21T20:10:35+00:00,qwen3-vl:4b,aqs-five-field-v2,tools/dataset/captures/live_surveillance_20260629T1003Z/labels_ollama_proposals.csv,promoted,single_model_temporal_plausible,qwen3-vl:4b,1
capture_0961,tools/dataset/captures/live_surveillance_20260629T1003Z/capture_0961.jpg,28,49,789,56,56,true,train,auto_consensus,automated_consensus,auto-consensus,2026-07-21T20:10:35+00:00,qwen3-vl:4b,aqs-five-field-v2,tools/dataset/captures/live_surveillance_20260629T1003Z/labels_ollama_proposals.csv,promoted,single_model_temporal_plausible,qwen3-vl:4b,1
capture_0962,tools/dataset/captures/live_surveillance_20260629T1003Z/capture_0962.jpg,28,49,789,56,56,true,train,auto_consensus,automated_consensus,auto-consensus,2026-07-21T20:10:35+00:00,qwen3-vl:4b,aqs-five-field-v2,tools/dataset/captures/live_surveillance_20260629T1003Z/labels_ollama_proposals.csv,promoted,single_model_temporal_plausible,qwen3-vl:4b,1
capture_0963,tools/dataset/captures/live_surveillance_20260629T1003Z/capture_0963.jpg,28,49,789,56,56,true,train,auto_consensus,automated_consensus,auto-consensus,2026-07-21T20:10:35+00:00,qwen3-vl:4b,aqs-five-field-v2,tools/dataset/captures/live_surveillance_20260629T1003Z/labels_ollama_proposals.csv,promoted,single_model_temporal_plausible,qwen3-vl:4b,1
capture_0964,tools/dataset/captures/live_surveillance_20260629T1003Z/capture_0964.jpg,28,49,789,55,54,true,train,auto_consensus,automated_consensus,auto-consensus,2026-07-21T20:10:35+00:00,qwen3-vl:4b,aqs-five-field-v2,tools/dataset/captures/live_surveillance_20260629T1003Z/labels_ollama_proposals.csv,promoted,single_model_temporal_plausible,qwen3-vl:4b,1
capture_0965,tools/dataset/captures/live_surveillance_20260629T1003Z/capture_0965.jpg,28,49,789,56,56,true,train,auto_consensus,automated_consensus,auto-consensus,2026-07-21T20:10:35+00:00,qwen3-vl:4b,aqs-five-field-v2,tools/dataset/captures/live_surveillance_20260629T1003Z/labels_ollama_proposals.csv,promoted,single_model_temporal_plausible,qwen3-vl:4b,1
capture_0966,tools/dataset/captures/live_surveillance_20260629T1003Z/capture_0966.jpg,28,49,789,56,56,true,train,auto_consensus,automated_consensus,auto-consensus,2026-07-21T20:10:35+00:00,qwen3-vl:4b,aqs-five-field-v2,tools/dataset/captures/live_surveillance_20260629T1003Z/labels_ollama_proposals.csv,promoted,single_model_temporal_plausible,qwen3-vl:4b,1
capture_0967,tools/dataset/captures/live_surveillance_20260629T1003Z/capture_0967.jpg,28,49,789,56,56,true,train,auto_consensus,automated_consensus,auto-consensus,2026-07-21T20:10:35+00:00,qwen3-vl:4b,aqs-five-field-v2,tools/dataset/captures/live_surveillance_20260629T1003Z/labels_ollama_proposals.csv,promoted,single_model_temporal_plausible,qwen3-vl:4b,1
capture_0968,tools/dataset/captures/live_surveillance_20260629T1003Z/capture_0968.jpg,28,49,789,56,56,true,train,auto_consensus,automated_consensus,auto-consensus,2026-07-21T20:10:35+00:00,qwen3-vl:4b,aqs-five-field-v2,tools/dataset/captures/live_surveillance_20260629T1003Z/labels_ollama_proposals.csv,promoted,single_model_temporal_plausible,qwen3-vl:4b,1
capture_0969,tools/dataset/captures/live_surveillance_20260629T1003Z/capture_0969.jpg,28,49,789,56,56,true,train,auto_consensus,automated_consensus,auto-consensus,2026-07-21T20:10:35+00:00,qwen3-vl:4b,aqs-five-field-v2,tools/dataset/captures/live_surveillance_20260629T1003Z/labels_ollama_proposals.csv,promoted,single_model_temporal_plausible,qwen3-vl:4b,1
capture_0970,tools/dataset/captures/live_surveillance_20260629T1003Z/capture_0970.jpg,28,49,789,56,56,true,train,auto_consensus,automated_consensus,auto-consensus,2026-07-21T20:10:35+00:00,qwen3-vl:4b,aqs-five-field-v2,tools/dataset/captures/live_surveillance_20260629T1003Z/labels_ollama_proposals.csv,promoted,single_model_temporal_plausible,qwen3-vl:4b,1
capture_0971,tools/dataset/captures/live_surveillance_20260629T1003Z/capture_0971.jpg,28,49,789,56,56,true,train,auto_consensus,automated_consensus,auto-consensus,2026-07-21T20:10:35+00:00,qwen3-vl:4b,aqs-five-field-v2,tools/dataset/captures/live_surveillance_20260629T1003Z/labels_ollama_proposals.csv,promoted,single_model_temporal_plausible,qwen3-vl:4b,1
capture_0972,tools/dataset/captures/live_surveillance_20260629T1003Z/capture_0972.jpg,28,49,789,56,56,true,train,auto_consensus,automated_consensus,auto-consensus,2026-07-21T20:10:35+00:00,qwen3-vl:4b,aqs-five-field-v2,tools/dataset/captures/live_surveillance_20260629T1003Z/labels_ollama_proposals.csv,promoted,single_model_temporal_plausible,qwen3-vl:4b,1
capture_0973,tools/dataset/captures/live_surveillance_20260629T1003Z/capture_0973.jpg,28,49,789,56,56,true,train,auto_consensus,automated_consensus,auto-consensus,2026-07-21T20:10:35+00:00,qwen3-vl:4b,aqs-five-field-v2,tools/dataset/captures/live_surveillance_20260629T1003Z/labels_ollama_proposals.csv,promoted,single_model_temporal_plausible,qwen3-vl:4b,1
capture_0974,tools/dataset/captures/live_surveillance_20260629T1003Z/capture_0974.jpg,28,49,789,56,56,true,train,auto_consensus,automated_consensus,auto-consensus,2026-07-21T20:10:35+00:00,qwen3-vl:4b,aqs-five-field-v2,tools/dataset/captures/live_surveillance_20260629T1003Z/labels_ollama_proposals.csv,promoted,single_model_temporal_plausible,qwen3-vl:4b,1
capture_0975,tools/dataset/captures/live_surveillance_20260629T1003Z/capture_0975.jpg,28,49,789,56,56,true,train,auto_consensus,automated_consensus,auto-consensus,2026-07-21T20:10:35+00:00,qwen3-vl:4b,aqs-five-field-v2,tools/dataset/captures/live_surveillance_20260629T1003Z/labels_ollama_proposals.csv,promoted,single_model_temporal_plausible,qwen3-vl:4b,1
capture_0976,tools/dataset/captures/live_surveillance_20260629T1003Z/capture_0976.jpg,28,49,789,56,56,true,train,auto_consensus,automated_consensus,auto-consensus,2026-07-21T20:10:35+00:00,qwen3-vl:4b,aqs-five-field-v2,tools/dataset/captures/live_surveillance_20260629T1003Z/labels_ollama_proposals.csv,promoted,single_model_temporal_plausible,qwen3-vl:4b,1
capture_0977,tools/dataset/captures/live_surveillance_20260629T1003Z/capture_0977.jpg,28,49,789,56,56,true,train,auto_consensus,automated_consensus,auto-consensus,2026-07-21T20:10:35+00:00,qwen3-vl:4b,aqs-five-field-v2,tools/dataset/captures/live_surveillance_20260629T1003Z/labels_ollama_proposals.csv,promoted,single_model_temporal_plausible,qwen3-vl:4b,1
capture_0978,tools/dataset/captures/live_surveillance_20260629T1003Z/capture_0978.jpg,28,49,789,56,56,true,train,auto_consensus,automated_consensus,auto-consensus,2026-07-21T20:10:35+00:00,qwen3-vl:4b,aqs-five-field-v2,tools/dataset/captures/live_surveillance_20260629T1003Z/labels_ollama_proposals.csv,promoted,single_model_temporal_plausible,qwen3-vl:4b,1
capture_0979,tools/dataset/captures/live_surveillance_20260629T1003Z/capture_0979.jpg,28,49,789,56,56,true,train,auto_consensus,automated_consensus,auto-consensus,2026-07-21T20:10:35+00:00,qwen3-vl:4b,aqs-five-field-v2,tools/dataset/captures/live_surveillance_20260629T1003Z/labels_ollama_proposals.csv,promoted,single_model_temporal_plausible,qwen3-vl:4b,1
capture_0980,tools/dataset/captures/live_surveillance_20260629T1003Z/capture_0980.jpg,28,49,789,56,56,true,train,auto_consensus,automated_consensus,auto-consensus,2026-07-21T20:10:35+00:00,qwen3-vl:4b,aqs-five-field-v2,tools/dataset/captures/live_surveillance_20260629T1003Z/labels_ollama_proposals.csv,promoted,single_model_temporal_plausible,qwen3-vl:4b,1
capture_0981,tools/dataset/captures/live_surveillance_20260629T1003Z/capture_0981.jpg,28,49,789,56,56,true,train,auto_consensus,automated_consensus,auto-consensus,2026-07-21T20:10:35+00:00,qwen3-vl:4b,aqs-five-field-v2,tools/dataset/captures/live_surveillance_20260629T1003Z/labels_ollama_proposals.csv,promoted,single_model_temporal_plausible,qwen3-vl:4b,1
capture_0982,tools/dataset/captures/live_surveillance_20260629T1003Z/capture_0982.jpg,28,49,789,56,56,true,train,auto_consensus,automated_consensus,auto-consensus,2026-07-21T20:10:35+00:00,qwen3-vl:4b,aqs-five-field-v2,tools/dataset/captures/live_surveillance_20260629T1003Z/labels_ollama_proposals.csv,promoted,single_model_temporal_plausible,qwen3-vl:4b,1
capture_0983,tools/dataset/captures/live_surveillance_20260629T1003Z/capture_0983.jpg,28,49,789,56,56,true,train,auto_consensus,automated_consensus,auto-consensus,2026-07-21T20:10:35+00:00,qwen3-vl:4b,aqs-five-field-v2,tools/dataset/captures/live_surveillance_20260629T1003Z/labels_ollama_proposals.csv,promoted,single_model_temporal_plausible,qwen3-vl:4b,1
capture_0984,tools/dataset/captures/live_surveillance_20260629T1003Z/capture_0984.jpg,28,49,789,56,56,true,train,auto_consensus,automated_consensus,auto-consensus,2026-07-21T20:10:35+00:00,qwen3-vl:4b,aqs-five-field-v2,tools/dataset/captures/live_surveillance_20260629T1003Z/labels_ollama_proposals.csv,promoted,single_model_temporal_plausible,qwen3-vl:4b,1
capture_0985,tools/dataset/captures/live_surveillance_20260629T1003Z/capture_0985.jpg,28,49,789,56,56,true,train,auto_consensus,automated_consensus,auto-consensus,2026-07-21T20:10:35+00:00,qwen3-vl:4b,aqs-five-field-v2,tools/dataset/captures/live_surveillance_20260629T1003Z/labels_ollama_proposals.csv,promoted,single_model_temporal_plausible,qwen3-vl:4b,1
capture_0986,tools/dataset/captures/live_surveillance_20260629T1003Z/capture_0986.jpg,28,49,789,56,56,true,train,auto_consensus,automated_consensus,auto-consensus,2026-07-21T20:10:35+00:00,qwen3-vl:4b,aqs-five-field-v2,tools/dataset/captures/live_surveillance_20260629T1003Z/labels_ollama_proposals.csv,promoted,single_model_temporal_plausible,qwen3-vl:4b,1
capture_0987,tools/dataset/captures/live_surveillance_20260629T1003Z/capture_0987.jpg,28,49,789,56,56,true,train,auto_consensus,automated_consensus,auto-consensus,2026-07-21T20:10:35+00:00,qwen3-vl:4b,aqs-five-field-v2,tools/dataset/captures/live_surveillance_20260629T1003Z/labels_ollama_proposals.csv,promoted,single_model_temporal_plausible,qwen3-vl:4b,1
capture_0988,tools/dataset/captures/live_surveillance_20260629T1003Z/capture_0988.jpg,28,49,789,56,56,true,train,auto_consensus,automated_consensus,auto-consensus,2026-07-21T20:10:35+00:00,qwen3-vl:4b,aqs-five-field-v2,tools/dataset/captures/live_surveillance_20260629T1003Z/labels_ollama_proposals.csv,promoted,single_model_temporal_plausible,qwen3-vl:4b,1
capture_0989,tools/dataset/captures/live_surveillance_20260629T1003Z/capture_0989.jpg,28,49,789,58,59,true,train,auto_consensus,automated_consensus,auto-consensus,2026-07-21T20:10:35+00:00,qwen3-vl:4b,aqs-five-field-v2,tools/dataset/captures/live_surveillance_20260629T1003Z/labels_ollama_proposals.csv,promoted,single_model_temporal_plausible,qwen3-vl:4b,1
capture_0990,tools/dataset/captures/live_surveillance_20260629T1003Z/capture_0990.jpg,28,49,794,56,56,true,validation,auto_consensus,automated_consensus,auto-consensus,2026-07-21T20:10:35+00:00,qwen3-vl:4b,aqs-five-field-v2,tools/dataset/captures/live_surveillance_20260629T1003Z/labels_ollama_proposals.csv,promoted,single_model_temporal_plausible,qwen3-vl:4b,1
capture_0991,tools/dataset/captures/live_surveillance_20260629T1003Z/capture_0991.jpg,28,49,800,58,62,true,validation,auto_consensus,automated_consensus,auto-consensus,2026-07-21T20:10:35+00:00,qwen3-vl:4b,aqs-five-field-v2,tools/dataset/captures/live_surveillance_20260629T1003Z/labels_ollama_proposals.csv,promoted,single_model_temporal_plausible,qwen3-vl:4b,1
capture_0992,tools/dataset/captures/live_surveillance_20260629T1003Z/capture_0992.jpg,28,49,800,58,59,true,validation,auto_consensus,automated_consensus,auto-consensus,2026-07-21T20:10:35+00:00,qwen3-vl:4b,aqs-five-field-v2,tools/dataset/captures/live_surveillance_20260629T1003Z/labels_ollama_proposals.csv,promoted,single_model_temporal_plausible,qwen3-vl:4b,1
capture_0993,tools/dataset/captures/live_surveillance_20260629T1003Z/capture_0993.jpg,28,49,794,57,59,true,validation,auto_consensus,automated_consensus,auto-consensus,2026-07-21T20:10:35+00:00,qwen3-vl:4b,aqs-five-field-v2,tools/dataset/captures/live_surveillance_20260629T1003Z/labels_ollama_proposals.csv,promoted,single_model_temporal_plausible,qwen3-vl:4b,1
capture_0994,tools/dataset/captures/live_surveillance_20260629T1003Z/capture_0994.jpg,28,49,800,58,62,true,validation,auto_consensus,automated_consensus,auto-consensus,2026-07-21T20:10:35+00:00,qwen3-vl:4b,aqs-five-field-v2,tools/dataset/captures/live_surveillance_20260629T1003Z/labels_ollama_proposals.csv,promoted,single_model_temporal_plausible,qwen3-vl:4b,1
capture_0995,tools/dataset/captures/live_surveillance_20260629T1003Z/capture_0995.jpg,28,49,800,58,62,true,validation,auto_consensus,automated_consensus,auto-consensus,2026-07-21T20:10:35+00:00,qwen3-vl:4b,aqs-five-field-v2,tools/dataset/captures/live_surveillance_20260629T1003Z/labels_ollama_proposals.csv,promoted,single_model_temporal_plausible,qwen3-vl:4b,1
capture_0996,tools/dataset/captures/live_surveillance_20260629T1003Z/capture_0996.jpg,28,49,805,59,65,true,validation,auto_consensus,automated_consensus,auto-consensus,2026-07-21T20:10:35+00:00,qwen3-vl:4b,aqs-five-field-v2,tools/dataset/captures/live_surveillance_20260629T1003Z/labels_ollama_proposals.csv,promoted,single_model_temporal_plausible,qwen3-vl:4b,1
capture_0997,tools/dataset/captures/live_surveillance_20260629T1003Z/capture_0997.jpg,28,49,800,59,65,true,validation,auto_consensus,automated_consensus,auto-consensus,2026-07-21T20:10:35+00:00,qwen3-vl:4b,aqs-five-field-v2,tools/dataset/captures/live_surveillance_20260629T1003Z/labels_ollama_proposals.csv,promoted,single_model_temporal_plausible,qwen3-vl:4b,1
capture_0998,tools/dataset/captures/live_surveillance_20260629T1003Z/capture_0998.jpg,28,49,805,59,65,true,validation,auto_consensus,automated_consensus,auto-consensus,2026-07-21T20:10:35+00:00,qwen3-vl:4b,aqs-five-field-v2,tools/dataset/captures/live_surveillance_20260629T1003Z/labels_ollama_proposals.csv,promoted,single_model_temporal_plausible,qwen3-vl:4b,1
capture_0999,tools/dataset/captures/live_surveillance_20260629T1003Z/capture_0999.jpg,28,49,805,58,62,true,validation,auto_consensus,automated_consensus,auto-consensus,2026-07-21T20:10:35+00:00,qwen3-vl:4b,aqs-five-field-v2,tools/dataset/captures/live_surveillance_20260629T1003Z/labels_ollama_proposals.csv,promoted,single_model_temporal_plausible,qwen3-vl:4b,1
capture_1000,tools/dataset/captures/live_surveillance_20260629T1003Z/capture_1000.jpg,28,49,800,59,62,true,validation,auto_consensus,automated_consensus,auto-consensus,2026-07-21T20:10:35+00:00,qwen3-vl:4b,aqs-five-field-v2,tools/dataset/captures/live_surveillance_20260629T1003Z/labels_ollama_proposals.csv,promoted,single_model_temporal_plausible,qwen3-vl:4b,1
capture_1001,tools/dataset/captures/live_surveillance_20260629T1003Z/capture_1001.jpg,,,,,,false,validation,hcho_raw:60:neighbor_median=32;tvoc_raw:68:neighbor_median=116,excluded,auto-consensus,2026-07-21T20:10:35+00:00,,,tools/dataset/captures/live_surveillance_20260629T1003Z/labels_ollama_proposals.csv,excluded,temporal_anomaly,qwen3-vl:4b,0
capture_1002,tools/dataset/captures/live_surveillance_20260629T1003Z/capture_1002.jpg,,,,,,false,validation,hcho_raw:6:neighbor_median=59.5;tvoc_raw:170:neighbor_median=119,excluded,auto-consensus,2026-07-21T20:10:35+00:00,,,tools/dataset/captures/live_surveillance_20260629T1003Z/labels_ollama_proposals.csv,excluded,temporal_anomaly,qwen3-vl:4b,0
capture_1003,tools/dataset/captures/live_surveillance_20260629T1003Z/capture_1003.jpg,,,,,,false,validation,hcho_raw:6:neighbor_median=33,excluded,auto-consensus,2026-07-21T20:10:35+00:00,,,tools/dataset/captures/live_surveillance_20260629T1003Z/labels_ollama_proposals.csv,excluded,temporal_anomaly,qwen3-vl:4b,0
capture_1004,tools/dataset/captures/live_surveillance_20260629T1003Z/capture_1004.jpg,,,,,,false,validation,hcho_raw:60:neighbor_median=6,excluded,auto-consensus,2026-07-21T20:10:35+00:00,,,tools/dataset/captures/live_surveillance_20260629T1003Z/labels_ollama_proposals.csv,excluded,temporal_anomaly,qwen3-vl:4b,0
capture_1005,tools/dataset/captures/live_surveillance_20260629T1003Z/capture_1005.jpg,,,,,,false,validation,hcho_raw:6:neighbor_median=33,excluded,auto-consensus,2026-07-21T20:10:35+00:00,,,tools/dataset/captures/live_surveillance_20260629T1003Z/labels_ollama_proposals.csv,excluded,temporal_anomaly,qwen3-vl:4b,0
capture_1006,tools/dataset/captures/live_surveillance_20260629T1003Z/capture_1006.jpg,,,,,,false,validation,hcho_raw:6:neighbor_median=33,excluded,auto-consensus,2026-07-21T20:10:35+00:00,,,tools/dataset/captures/live_surveillance_20260629T1003Z/labels_ollama_proposals.csv,excluded,temporal_anomaly,qwen3-vl:4b,0
capture_1007,tools/dataset/captures/live_surveillance_20260629T1003Z/capture_1007.jpg,,,,,,false,validation,hcho_raw:60:neighbor_median=6;tvoc_raw:68:neighbor_median=170,excluded,auto-consensus,2026-07-21T20:10:35+00:00,,,tools/dataset/captures/live_surveillance_20260629T1003Z/labels_ollama_proposals.csv,excluded,temporal_anomaly,qwen3-vl:4b,0
capture_1008,tools/dataset/captures/live_surveillance_20260629T1003Z/capture_1008.jpg,,,,,,false,validation,hcho_raw:6:neighbor_median=60,excluded,auto-consensus,2026-07-21T20:10:35+00:00,,,tools/dataset/captures/live_surveillance_20260629T1003Z/labels_ollama_proposals.csv,excluded,temporal_anomaly,qwen3-vl:4b,0
capture_1009,tools/dataset/captures/live_surveillance_20260629T1003Z/capture_1009.jpg,,,,,,false,validation,tvoc_raw:170:neighbor_median=119,excluded,auto-consensus,2026-07-21T20:10:35+00:00,,,tools/dataset/captures/live_surveillance_20260629T1003Z/labels_ollama_proposals.csv,excluded,temporal_anomaly,qwen3-vl:4b,0
capture_1010,tools/dataset/captures/live_surveillance_20260629T1003Z/capture_1010.jpg,28,49,816,60,170,true,validation,auto_consensus,automated_consensus,auto-consensus,2026-07-21T20:10:35+00:00,qwen3-vl:4b,aqs-five-field-v2,tools/dataset/captures/live_surveillance_20260629T1003Z/labels_ollama_proposals.csv,promoted,single_model_temporal_plausible,qwen3-vl:4b,1
capture_1011,tools/dataset/captures/live_surveillance_20260629T1003Z/capture_1011.jpg,,,,,,false,validation,tvoc_raw:68:neighbor_median=171.5,excluded,auto-consensus,2026-07-21T20:10:35+00:00,,,tools/dataset/captures/live_surveillance_20260629T1003Z/labels_ollama_proposals.csv,excluded,temporal_anomaly,qwen3-vl:4b,0
capture_1012,tools/dataset/captures/live_surveillance_20260629T1003Z/capture_1012.jpg,28,49,827,62,173,true,validation,auto_consensus,automated_consensus,auto-consensus,2026-07-21T20:10:35+00:00,qwen3-vl:4b,aqs-five-field-v2,tools/dataset/captures/live_surveillance_20260629T1003Z/labels_ollama_proposals.csv,promoted,single_model_temporal_plausible,qwen3-vl:4b,1
capture_1013,tools/dataset/captures/live_surveillance_20260629T1003Z/capture_1013.jpg,28,49,833,63,176,true,validation,auto_consensus,automated_consensus,auto-consensus,2026-07-21T20:10:35+00:00,qwen3-vl:4b,aqs-five-field-v2,tools/dataset/captures/live_surveillance_20260629T1003Z/labels_ollama_proposals.csv,promoted,single_model_temporal_plausible,qwen3-vl:4b,1
capture_1014,tools/dataset/captures/live_surveillance_20260629T1003Z/capture_1014.jpg,28,49,833,64,179,true,validation,auto_consensus,automated_consensus,auto-consensus,2026-07-21T20:10:35+00:00,qwen3-vl:4b,aqs-five-field-v2,tools/dataset/captures/live_surveillance_20260629T1003Z/labels_ollama_proposals.csv,promoted,single_model_temporal_plausible,qwen3-vl:4b,1
capture_1015,tools/dataset/captures/live_surveillance_20260629T1003Z/capture_1015.jpg,28,49,827,63,179,true,validation,auto_consensus,automated_consensus,auto-consensus,2026-07-21T20:10:35+00:00,qwen3-vl:4b,aqs-five-field-v2,tools/dataset/captures/live_surveillance_20260629T1003Z/labels_ollama_proposals.csv,promoted,single_model_temporal_plausible,qwen3-vl:4b,1
capture_1016,tools/dataset/captures/live_surveillance_20260629T1003Z/capture_1016.jpg,28,49,827,63,176,true,validation,auto_consensus,automated_consensus,auto-consensus,2026-07-21T20:10:35+00:00,qwen3-vl:4b,aqs-five-field-v2,tools/dataset/captures/live_surveillance_20260629T1003Z/labels_ollama_proposals.csv,promoted,single_model_temporal_plausible,qwen3-vl:4b,1
capture_1017,tools/dataset/captures/live_surveillance_20260629T1003Z/capture_1017.jpg,,,,,,false,validation,tvoc_raw:16:neighbor_median=176,excluded,auto-consensus,2026-07-21T20:10:35+00:00,,,tools/dataset/captures/live_surveillance_20260629T1003Z/labels_ollama_proposals.csv,excluded,temporal_anomaly,qwen3-vl:4b,0
capture_1018,tools/dataset/captures/live_surveillance_20260629T1003Z/capture_1018.jpg,,,,,,false,validation,tvoc_raw:176:neighbor_median=96,excluded,auto-consensus,2026-07-21T20:10:35+00:00,,,tools/dataset/captures/live_surveillance_20260629T1003Z/labels_ollama_proposals.csv,excluded,temporal_anomaly,qwen3-vl:4b,0
capture_1019,tools/dataset/captures/live_surveillance_20260629T1003Z/capture_1019.jpg,,,,,,false,validation,tvoc_raw:176:neighbor_median=96,excluded,auto-consensus,2026-07-21T20:10:35+00:00,,,tools/dataset/captures/live_surveillance_20260629T1003Z/labels_ollama_proposals.csv,excluded,temporal_anomaly,qwen3-vl:4b,0
capture_1020,tools/dataset/captures/live_surveillance_20260629T1003Z/capture_1020.jpg,,,,,,false,validation,tvoc_raw:16:neighbor_median=176,excluded,auto-consensus,2026-07-21T20:10:35+00:00,,,tools/dataset/captures/live_surveillance_20260629T1003Z/labels_ollama_proposals.csv,excluded,temporal_anomaly,qwen3-vl:4b,0
capture_1021,tools/dataset/captures/live_surveillance_20260629T1003Z/capture_1021.jpg,28,49,827,63,176,true,validation,auto_consensus,automated_consensus,auto-consensus,2026-07-21T20:10:35+00:00,qwen3-vl:4b,aqs-five-field-v2,tools/dataset/captures/live_surveillance_20260629T1003Z/labels_ollama_proposals.csv,promoted,single_model_temporal_plausible,qwen3-vl:4b,1
capture_1022,tools/dataset/captures/live_surveillance_20260629T1003Z/capture_1022.jpg,28,49,827,63,176,true,validation,auto_consensus,automated_consensus,auto-consensus,2026-07-21T20:10:35+00:00,qwen3-vl:4b,aqs-five-field-v2,tools/dataset/captures/live_surveillance_20260629T1003Z/labels_ollama_proposals.csv,promoted,single_model_temporal_plausible,qwen3-vl:4b,1
capture_1023,tools/dataset/captures/live_surveillance_20260629T1003Z/capture_1023.jpg,28,49,827,63,179,true,validation,auto_consensus,automated_consensus,auto-consensus,2026-07-21T20:10:35+00:00,qwen3-vl:4b,aqs-five-field-v2,tools/dataset/captures/live_surveillance_20260629T1003Z/labels_ollama_proposals.csv,promoted,single_model_temporal_plausible,qwen3-vl:4b,1
capture_1024,tools/dataset/captures/live_surveillance_20260629T1003Z/capture_1024.jpg,28,49,833,64,179,true,validation,auto_consensus,automated_consensus,auto-consensus,2026-07-21T20:10:35+00:00,qwen3-vl:4b,aqs-five-field-v2,tools/dataset/captures/live_surveillance_20260629T1003Z/labels_ollama_proposals.csv,promoted,single_model_temporal_plausible,qwen3-vl:4b,1
capture_1025,tools/dataset/captures/live_surveillance_20260629T1003Z/capture_1025.jpg,28,49,833,64,179,true,validation,auto_consensus,automated_consensus,auto-consensus,2026-07-21T20:10:35+00:00,qwen3-vl:4b,aqs-five-field-v2,tools/dataset/captures/live_surveillance_20260629T1003Z/labels_ollama_proposals.csv,promoted,single_model_temporal_plausible,qwen3-vl:4b,1
capture_1026,tools/dataset/captures/live_surveillance_20260629T1003Z/capture_1026.jpg,28,49,833,64,179,true,validation,auto_consensus,automated_consensus,auto-consensus,2026-07-21T20:10:35+00:00,qwen3-vl:4b,aqs-five-field-v2,tools/dataset/captures/live_surveillance_20260629T1003Z/labels_ollama_proposals.csv,promoted,single_model_temporal_plausible,qwen3-vl:4b,1
capture_1027,tools/dataset/captures/live_surveillance_20260629T1003Z/capture_1027.jpg,28,49,833,64,179,true,validation,auto_consensus,automated_consensus,auto-consensus,2026-07-21T20:10:35+00:00,qwen3-vl:4b,aqs-five-field-v2,tools/dataset/captures/live_surveillance_20260629T1003Z/labels_ollama_proposals.csv,promoted,single_model_temporal_plausible,qwen3-vl:4b,1
capture_1028,tools/dataset/captures/live_surveillance_20260629T1003Z/capture_1028.jpg,28,49,833,64,179,true,validation,auto_consensus,automated_consensus,auto-consensus,2026-07-21T20:10:35+00:00,qwen3-vl:4b,aqs-five-field-v2,tools/dataset/captures/live_surveillance_20260629T1003Z/labels_ollama_proposals.csv,promoted,single_model_temporal_plausible,qwen3-vl:4b,1
capture_1029,tools/dataset/captures/live_surveillance_20260629T1003Z/capture_1029.jpg,,,,,,false,validation,tvoc_raw:179:neighbor_median=131.5,excluded,auto-consensus,2026-07-21T20:10:35+00:00,,,tools/dataset/captures/live_surveillance_20260629T1003Z/labels_ollama_proposals.csv,excluded,temporal_anomaly,qwen3-vl:4b,0
capture_1030,tools/dataset/captures/live_surveillance_20260629T1003Z/capture_1030.jpg,,,,,,false,validation,tvoc_raw:84:neighbor_median=130.5,excluded,auto-consensus,2026-07-21T20:10:35+00:00,,,tools/dataset/captures/live_surveillance_20260629T1003Z/labels_ollama_proposals.csv,excluded,temporal_anomaly,qwen3-vl:4b,0
capture_1031,tools/dataset/captures/live_surveillance_20260629T1003Z/capture_1031.jpg,,,,,,false,validation,tvoc_raw:82:neighbor_median=131.5,excluded,auto-consensus,2026-07-21T20:10:35+00:00,,,tools/dataset/captures/live_surveillance_20260629T1003Z/labels_ollama_proposals.csv,excluded,temporal_anomaly,qwen3-vl:4b,0
capture_1032,tools/dataset/captures/live_surveillance_20260629T1003Z/capture_1032.jpg,28,49,833,65,82,true,validation,auto_consensus,automated_consensus,auto-consensus,2026-07-21T20:10:35+00:00,qwen3-vl:4b,aqs-five-field-v2,tools/dataset/captures/live_surveillance_20260629T1003Z/labels_ollama_proposals.csv,promoted,single_model_temporal_plausible,qwen3-vl:4b,1
capture_1033,tools/dataset/captures/live_surveillance_20260629T1003Z/capture_1033.jpg,,,,,,false,validation,tvoc_raw:179:neighbor_median=83,excluded,auto-consensus,2026-07-21T20:10:35+00:00,,,tools/dataset/captures/live_surveillance_20260629T1003Z/labels_ollama_proposals.csv,excluded,temporal_anomaly,qwen3-vl:4b,0
capture_1034,tools/dataset/captures/live_surveillance_20260629T1003Z/capture_1034.jpg,28,49,844,67,84,true,validation,auto_consensus,automated_consensus,auto-consensus,2026-07-21T20:10:35+00:00,qwen3-vl:4b,aqs-five-field-v2,tools/dataset/captures/live_surveillance_20260629T1003Z/labels_ollama_proposals.csv,promoted,single_model_temporal_plausible,qwen3-vl:4b,1
capture_1035,tools/dataset/captures/live_surveillance_20260629T1003Z/capture_1035.jpg,28,49,844,65,84,true,validation,auto_consensus,automated_consensus,auto-consensus,2026-07-21T20:10:35+00:00,qwen3-vl:4b,aqs-five-field-v2,tools/dataset/captures/live_surveillance_20260629T1003Z/labels_ollama_proposals.csv,promoted,single_model_temporal_plausible,qwen3-vl:4b,1
capture_1036,tools/dataset/captures/live_surveillance_20260629T1003Z/capture_1036.jpg,28,49,855,69,90,true,validation,auto_consensus,automated_consensus,auto-consensus,2026-07-21T20:10:35+00:00,qwen3-vl:4b,aqs-five-field-v2,tools/dataset/captures/live_surveillance_20260629T1003Z/labels_ollama_proposals.csv,promoted,single_model_temporal_plausible,qwen3-vl:4b,1
capture_1037,tools/dataset/captures/live_surveillance_20260629T1003Z/capture_1037.jpg,28,49,855,68,87,true,validation,auto_consensus,automated_consensus,auto-consensus,2026-07-21T20:10:35+00:00,qwen3-vl:4b,aqs-five-field-v2,tools/dataset/captures/live_surveillance_20260629T1003Z/labels_ollama_proposals.csv,promoted,single_model_temporal_plausible,qwen3-vl:4b,1
capture_1038,tools/dataset/captures/live_surveillance_20260629T1003Z/capture_1038.jpg,28,49,849,67,90,true,validation,auto_consensus,automated_consensus,auto-consensus,2026-07-21T20:10:35+00:00,qwen3-vl:4b,aqs-five-field-v2,tools/dataset/captures/live_surveillance_20260629T1003Z/labels_ollama_proposals.csv,promoted,single_model_temporal_plausible,qwen3-vl:4b,1
capture_1039,tools/dataset/captures/live_surveillance_20260629T1003Z/capture_1039.jpg,28,49,849,66,87,true,validation,auto_consensus,automated_consensus,auto-consensus,2026-07-21T20:10:35+00:00,qwen3-vl:4b,aqs-five-field-v2,tools/dataset/captures/live_surveillance_20260629T1003Z/labels_ollama_proposals.csv,promoted,single_model_temporal_plausible,qwen3-vl:4b,1
capture_1040,tools/dataset/captures/live_surveillance_20260629T1003Z/capture_1040.jpg,28,49,849,66,87,true,validation,auto_consensus,automated_consensus,auto-consensus,2026-07-21T20:10:35+00:00,qwen3-vl:4b,aqs-five-field-v2,tools/dataset/captures/live_surveillance_20260629T1003Z/labels_ollama_proposals.csv,promoted,single_model_temporal_plausible,qwen3-vl:4b,1
capture_1041,tools/dataset/captures/live_surveillance_20260629T1003Z/capture_1041.jpg,28,49,849,68,90,true,validation,auto_consensus,automated_consensus,auto-consensus,2026-07-21T20:10:35+00:00,qwen3-vl:4b,aqs-five-field-v2,tools/dataset/captures/live_surveillance_20260629T1003Z/labels_ollama_proposals.csv,promoted,single_model_temporal_plausible,qwen3-vl:4b,1
capture_1042,tools/dataset/captures/live_surveillance_20260629T1003Z/capture_1042.jpg,28,49,855,67,87,true,validation,auto_consensus,automated_consensus,auto-consensus,2026-07-21T20:10:35+00:00,qwen3-vl:4b,aqs-five-field-v2,tools/dataset/captures/live_surveillance_20260629T1003Z/labels_ollama_proposals.csv,promoted,single_model_temporal_plausible,qwen3-vl:4b,1
capture_1043,tools/dataset/captures/live_surveillance_20260629T1003Z/capture_1043.jpg,28,49,855,68,90,true,validation,auto_consensus,automated_consensus,auto-consensus,2026-07-21T20:10:35+00:00,qwen3-vl:4b,aqs-five-field-v2,tools/dataset/captures/live_surveillance_20260629T1003Z/labels_ollama_proposals.csv,promoted,single_model_temporal_plausible,qwen3-vl:4b,1
capture_1044,tools/dataset/captures/live_surveillance_20260629T1003Z/capture_1044.jpg,28,49,860,69,93,true,validation,auto_consensus,automated_consensus,auto-consensus,2026-07-21T20:10:35+00:00,qwen3-vl:4b,aqs-five-field-v2,tools/dataset/captures/live_surveillance_20260629T1003Z/labels_ollama_proposals.csv,promoted,single_model_temporal_plausible,qwen3-vl:4b,1
capture_1045,tools/dataset/captures/live_surveillance_20260629T1003Z/capture_1045.jpg,,,,,,false,validation,hcho_raw:68:neighbor_median=34,excluded,auto-consensus,2026-07-21T20:10:35+00:00,,,tools/dataset/captures/live_surveillance_20260629T1003Z/labels_ollama_proposals.csv,excluded,temporal_anomaly,qwen3-vl:4b,0
capture_1046,tools/dataset/captures/live_surveillance_20260629T1003Z/capture_1046.jpg,,,,,,false,validation,hcho_raw:0:neighbor_median=34,excluded,auto-consensus,2026-07-21T20:10:35+00:00,,,tools/dataset/captures/live_surveillance_20260629T1003Z/labels_ollama_proposals.csv,excluded,temporal_anomaly,qwen3-vl:4b,0
capture_1047,tools/dataset/captures/live_surveillance_20260629T1003Z/capture_1047.jpg,,,,,,false,validation,hcho_raw:0:neighbor_median=34,excluded,auto-consensus,2026-07-21T20:10:35+00:00,,,tools/dataset/captures/live_surveillance_20260629T1003Z/labels_ollama_proposals.csv,excluded,temporal_anomaly,qwen3-vl:4b,0
capture_1048,tools/dataset/captures/live_surveillance_20260629T1003Z/capture_1048.jpg,28,49,866,0,96,true,validation,auto_consensus,automated_consensus,auto-consensus,2026-07-21T20:10:35+00:00,qwen3-vl:4b,aqs-five-field-v2,tools/dataset/captures/live_surveillance_20260629T1003Z/labels_ollama_proposals.csv,promoted,single_model_temporal_plausible,qwen3-vl:4b,1
capture_1049,tools/dataset/captures/live_surveillance_20260629T1003Z/capture_1049.jpg,,,,,,false,validation,hcho_raw:71:neighbor_median=0.5,excluded,auto-consensus,2026-07-21T20:10:35+00:00,,,tools/dataset/captures/live_surveillance_20260629T1003Z/labels_ollama_proposals.csv,excluded,temporal_anomaly,qwen3-vl:4b,0
capture_1050,tools/dataset/captures/live_surveillance_20260629T1003Z/capture_1050.jpg,,,,,,false,validation,hcho_raw:1:neighbor_median=41.5,excluded,auto-consensus,2026-07-21T20:10:35+00:00,,,tools/dataset/captures/live_surveillance_20260629T1003Z/labels_ollama_proposals.csv,excluded,temporal_anomaly,qwen3-vl:4b,0
capture_1051,tools/dataset/captures/live_surveillance_20260629T1003Z/capture_1051.jpg,,,,,,false,validation,hcho_raw:13:neighbor_median=35.5;tvoc_raw:196:neighbor_median=98,excluded,auto-consensus,2026-07-21T20:10:35+00:00,,,tools/dataset/captures/live_surveillance_20260629T1003Z/labels_ollama_proposals.csv,excluded,temporal_anomaly,qwen3-vl:4b,0
capture_1052,tools/dataset/captures/live_surveillance_20260629T1003Z/capture_1052.jpg,,,,,,false,validation,hcho_raw:70:neighbor_median=1;tvoc_raw:98:neighbor_median=147,excluded,auto-consensus,2026-07-21T20:10:35+00:00,,,tools/dataset/captures/live_surveillance_20260629T1003Z/labels_ollama_proposals.csv,excluded,temporal_anomaly,qwen3-vl:4b,0
capture_1053,tools/dataset/captures/live_surveillance_20260629T1003Z/capture_1053.jpg,,,,,,false,validation,hcho_raw:0:neighbor_median=41.5;tvoc_raw:196:neighbor_median=98,excluded,auto-consensus,2026-07-21T20:10:35+00:00,,,tools/dataset/captures/live_surveillance_20260629T1003Z/labels_ollama_proposals.csv,excluded,temporal_anomaly,qwen3-vl:4b,0
capture_1054,tools/dataset/captures/live_surveillance_20260629T1003Z/capture_1054.jpg,,,,,,false,validation,hcho_raw:1:neighbor_median=35;tvoc_raw:98:neighbor_median=147,excluded,auto-consensus,2026-07-21T20:10:35+00:00,,,tools/dataset/captures/live_surveillance_20260629T1003Z/labels_ollama_proposals.csv,excluded,temporal_anomaly,qwen3-vl:4b,0
capture_1055,tools/dataset/captures/live_surveillance_20260629T1003Z/capture_1055.jpg,,,,,,false,validation,hcho_raw:71:neighbor_median=0.5;tvoc_raw:98:neighbor_median=147,excluded,auto-consensus,2026-07-21T20:10:35+00:00,,,tools/dataset/captures/live_surveillance_20260629T1003Z/labels_ollama_proposals.csv,excluded,temporal_anomaly,qwen3-vl:4b,0
capture_1056,tools/dataset/captures/live_surveillance_20260629T1003Z/capture_1056.jpg,,,,,,false,validation,hcho_raw:0:neighbor_median=36;tvoc_raw:196:neighbor_median=98,excluded,auto-consensus,2026-07-21T20:10:35+00:00,,,tools/dataset/captures/live_surveillance_20260629T1003Z/labels_ollama_proposals.csv,excluded,temporal_anomaly,qwen3-vl:4b,0
capture_1057,tools/dataset/captures/live_surveillance_20260629T1003Z/capture_1057.jpg,,,,,,false,validation,hcho_raw:1:neighbor_median=71,excluded,auto-consensus,2026-07-21T20:10:35+00:00,,,tools/dataset/captures/live_surveillance_20260629T1003Z/labels_ollama_proposals.csv,excluded,temporal_anomaly,qwen3-vl:4b,0
capture_1058,tools/dataset/captures/live_surveillance_20260629T1003Z/capture_1058.jpg,,,,,,false,validation,hcho_raw:71:neighbor_median=36,excluded,auto-consensus,2026-07-21T20:10:35+00:00,,,tools/dataset/captures/live_surveillance_20260629T1003Z/labels_ollama_proposals.csv,excluded,temporal_anomaly,qwen3-vl:4b,0
capture_1059,tools/dataset/captures/live_surveillance_20260629T1003Z/capture_1059.jpg,,,,,,false,validation,tvoc_raw:98:neighbor_median=58,excluded,auto-consensus,2026-07-21T20:10:35+00:00,,,tools/dataset/captures/live_surveillance_20260629T1003Z/labels_ollama_proposals.csv,excluded,temporal_anomaly,qwen3-vl:4b,0
capture_1060,tools/dataset/captures/live_surveillance_20260629T1003Z/capture_1060.jpg,,,,,,false,validation,tvoc_raw:20:neighbor_median=98,excluded,auto-consensus,2026-07-21T20:10:35+00:00,,,tools/dataset/captures/live_surveillance_20260629T1003Z/labels_ollama_proposals.csv,excluded,temporal_anomaly,qwen3-vl:4b,0
capture_1061,tools/dataset/captures/live_surveillance_20260629T1003Z/capture_1061.jpg,,,,,,false,validation,tvoc_raw:20:neighbor_median=98,excluded,auto-consensus,2026-07-21T20:10:35+00:00,,,tools/dataset/captures/live_surveillance_20260629T1003Z/labels_ollama_proposals.csv,excluded,temporal_anomaly,qwen3-vl:4b,0
capture_1062,tools/dataset/captures/live_surveillance_20260629T1003Z/capture_1062.jpg,,,,,,false,validation,tvoc_raw:98:neighbor_median=59,excluded,auto-consensus,2026-07-21T20:10:35+00:00,,,tools/dataset/captures/live_surveillance_20260629T1003Z/labels_ollama_proposals.csv,excluded,temporal_anomaly,qwen3-vl:4b,0
capture_1063,tools/dataset/captures/live_surveillance_20260629T1003Z/capture_1063.jpg,,,,,,false,validation,hcho_raw:1:neighbor_median=71.5;tvoc_raw:98:neighbor_median=59,excluded,auto-consensus,2026-07-21T20:10:35+00:00,,,tools/dataset/captures/live_surveillance_20260629T1003Z/labels_ollama_proposals.csv,excluded,temporal_anomaly,qwen3-vl:4b,0
capture_1064,tools/dataset/captures/live_surveillance_20260629T1003Z/capture_1064.jpg,,,,,,false,validation,hcho_raw:71:neighbor_median=36.5;tvoc_raw:98:neighbor_median=59,excluded,auto-consensus,2026-07-21T20:10:35+00:00,,,tools/dataset/captures/live_surveillance_20260629T1003Z/labels_ollama_proposals.csv,excluded,temporal_anomaly,qwen3-vl:4b,0
capture_1065,tools/dataset/captures/live_surveillance_20260629T1003Z/capture_1065.jpg,,,,,,false,validation,hcho_raw:1:neighbor_median=71.5;tvoc_raw:20:neighbor_median=59,excluded,auto-consensus,2026-07-21T20:10:35+00:00,,,tools/dataset/captures/live_surveillance_20260629T1003Z/labels_ollama_proposals.csv,excluded,temporal_anomaly,qwen3-vl:4b,0
capture_1066,tools/dataset/captures/live_surveillance_20260629T1003Z/capture_1066.jpg,,,,,,false,validation,tvoc_raw:20:neighbor_median=59,excluded,auto-consensus,2026-07-21T20:10:35+00:00,,,tools/dataset/captures/live_surveillance_20260629T1003Z/labels_ollama_proposals.csv,excluded,temporal_anomaly,qwen3-vl:4b,0
capture_1067,tools/dataset/captures/live_surveillance_20260629T1003Z/capture_1067.jpg,28,49,877,72,20,true,validation,auto_consensus,automated_consensus,auto-consensus,2026-07-21T20:10:35+00:00,qwen3-vl:4b,aqs-five-field-v2,tools/dataset/captures/live_surveillance_20260629T1003Z/labels_ollama_proposals.csv,promoted,single_model_temporal_plausible,qwen3-vl:4b,1
capture_1068,tools/dataset/captures/live_surveillance_20260629T1003Z/capture_1068.jpg,,,,,,false,validation,tvoc_raw:98:neighbor_median=20,excluded,auto-consensus,2026-07-21T20:10:35+00:00,,,tools/dataset/captures/live_surveillance_20260629T1003Z/labels_ollama_proposals.csv,excluded,temporal_anomaly,qwen3-vl:4b,0
capture_1069,tools/dataset/captures/live_surveillance_20260629T1003Z/capture_1069.jpg,28,49,877,72,20,true,validation,auto_consensus,automated_consensus,auto-consensus,2026-07-21T20:10:35+00:00,qwen3-vl:4b,aqs-five-field-v2,tools/dataset/captures/live_surveillance_20260629T1003Z/labels_ollama_proposals.csv,promoted,single_model_temporal_plausible,qwen3-vl:4b,1
capture_1070,tools/dataset/captures/live_surveillance_20260629T1003Z/capture_1070.jpg,28,49,877,72,20,true,validation,auto_consensus,automated_consensus,auto-consensus,2026-07-21T20:10:35+00:00,qwen3-vl:4b,aqs-five-field-v2,tools/dataset/captures/live_surveillance_20260629T1003Z/labels_ollama_proposals.csv,promoted,single_model_temporal_plausible,qwen3-vl:4b,1
capture_1071,tools/dataset/captures/live_surveillance_20260629T1003Z/capture_1071.jpg,28,49,877,72,20,true,validation,auto_consensus,automated_consensus,auto-consensus,2026-07-21T20:10:35+00:00,qwen3-vl:4b,aqs-five-field-v2,tools/dataset/captures/live_surveillance_20260629T1003Z/labels_ollama_proposals.csv,promoted,single_model_temporal_plausible,qwen3-vl:4b,1
capture_1072,tools/dataset/captures/live_surveillance_20260629T1003Z/capture_1072.jpg,,,,,,false,validation,tvoc_raw:20:neighbor_median=59,excluded,auto-consensus,2026-07-21T20:10:35+00:00,,,tools/dataset/captures/live_surveillance_20260629T1003Z/labels_ollama_proposals.csv,excluded,temporal_anomaly,qwen3-vl:4b,0
capture_1073,tools/dataset/captures/live_surveillance_20260629T1003Z/capture_1073.jpg,,,,,,false,validation,tvoc_raw:98:neighbor_median=59,excluded,auto-consensus,2026-07-21T20:10:35+00:00,,,tools/dataset/captures/live_surveillance_20260629T1003Z/labels_ollama_proposals.csv,excluded,temporal_anomaly,qwen3-vl:4b,0
capture_1074,tools/dataset/captures/live_surveillance_20260629T1003Z/capture_1074.jpg,,,,,,false,validation,hcho_raw:1:neighbor_median=71,excluded,auto-consensus,2026-07-21T20:10:35+00:00,,,tools/dataset/captures/live_surveillance_20260629T1003Z/labels_ollama_proposals.csv,excluded,temporal_anomaly,qwen3-vl:4b,0
capture_1075,tools/dataset/captures/live_surveillance_20260629T1003Z/capture_1075.jpg,28,49,871,71,98,true,validation,auto_consensus,automated_consensus,auto-consensus,2026-07-21T20:10:35+00:00,qwen3-vl:4b,aqs-five-field-v2,tools/dataset/captures/live_surveillance_20260629T1003Z/labels_ollama_proposals.csv,promoted,single_model_temporal_plausible,qwen3-vl:4b,1
capture_1076,tools/dataset/captures/live_surveillance_20260629T1003Z/capture_1076.jpg,28,49,871,71,98,true,validation,auto_consensus,automated_consensus,auto-consensus,2026-07-21T20:10:35+00:00,qwen3-vl:4b,aqs-five-field-v2,tools/dataset/captures/live_surveillance_20260629T1003Z/labels_ollama_proposals.csv,promoted,single_model_temporal_plausible,qwen3-vl:4b,1
capture_1077,tools/dataset/captures/live_surveillance_20260629T1003Z/capture_1077.jpg,28,49,871,71,98,true,validation,auto_consensus,automated_consensus,auto-consensus,2026-07-21T20:10:35+00:00,qwen3-vl:4b,aqs-five-field-v2,tools/dataset/captures/live_surveillance_20260629T1003Z/labels_ollama_proposals.csv,promoted,single_model_temporal_plausible,qwen3-vl:4b,1
capture_1078,tools/dataset/captures/live_surveillance_20260629T1003Z/capture_1078.jpg,,,,,,false,validation,tvoc_raw:98:neighbor_median=59,excluded,auto-consensus,2026-07-21T20:10:35+00:00,,,tools/dataset/captures/live_surveillance_20260629T1003Z/labels_ollama_proposals.csv,excluded,temporal_anomaly,qwen3-vl:4b,0
capture_1079,tools/dataset/captures/live_surveillance_20260629T1003Z/capture_1079.jpg,,,,,,false,validation,tvoc_raw:20:neighbor_median=59,excluded,auto-consensus,2026-07-21T20:10:35+00:00,,,tools/dataset/captures/live_surveillance_20260629T1003Z/labels_ollama_proposals.csv,excluded,temporal_anomaly,qwen3-vl:4b,0
capture_1080,tools/dataset/captures/live_surveillance_20260629T1003Z/capture_1080.jpg,28,49,877,72,20,true,validation,auto_consensus,automated_consensus,auto-consensus,2026-07-21T20:10:35+00:00,qwen3-vl:4b,aqs-five-field-v2,tools/dataset/captures/live_surveillance_20260629T1003Z/labels_ollama_proposals.csv,promoted,single_model_temporal_plausible,qwen3-vl:4b,1
capture_1081,tools/dataset/captures/live_surveillance_20260629T1003Z/capture_1081.jpg,28,49,877,72,20,true,validation,auto_consensus,automated_consensus,auto-consensus,2026-07-21T20:10:35+00:00,qwen3-vl:4b,aqs-five-field-v2,tools/dataset/captures/live_surveillance_20260629T1003Z/labels_ollama_proposals.csv,promoted,single_model_temporal_plausible,qwen3-vl:4b,1
capture_1082,tools/dataset/captures/live_surveillance_20260629T1003Z/capture_1082.jpg,28,49,877,72,20,true,validation,auto_consensus,automated_consensus,auto-consensus,2026-07-21T20:10:35+00:00,qwen3-vl:4b,aqs-five-field-v2,tools/dataset/captures/live_surveillance_20260629T1003Z/labels_ollama_proposals.csv,promoted,single_model_temporal_plausible,qwen3-vl:4b,1
capture_1083,tools/dataset/captures/live_surveillance_20260629T1003Z/capture_1083.jpg,28,49,877,72,20,true,validation,auto_consensus,automated_consensus,auto-consensus,2026-07-21T20:10:35+00:00,qwen3-vl:4b,aqs-five-field-v2,tools/dataset/captures/live_surveillance_20260629T1003Z/labels_ollama_proposals.csv,promoted,single_model_temporal_plausible,qwen3-vl:4b,1
capture_1084,tools/dataset/captures/live_surveillance_20260629T1003Z/capture_1084.jpg,28,49,871,72,20,true,validation,auto_consensus,automated_consensus,auto-consensus,2026-07-21T20:10:35+00:00,qwen3-vl:4b,aqs-five-field-v2,tools/dataset/captures/live_surveillance_20260629T1003Z/labels_ollama_proposals.csv,promoted,single_model_temporal_plausible,qwen3-vl:4b,1
capture_1085,tools/dataset/captures/live_surveillance_20260629T1003Z/capture_1085.jpg,28,49,877,72,20,true,validation,auto_consensus,automated_consensus,auto-consensus,2026-07-21T20:10:35+00:00,qwen3-vl:4b,aqs-five-field-v2,tools/dataset/captures/live_surveillance_20260629T1003Z/labels_ollama_proposals.csv,promoted,single_model_temporal_plausible,qwen3-vl:4b,1
capture_1086,tools/dataset/captures/live_surveillance_20260629T1003Z/capture_1086.jpg,28,49,877,72,20,true,validation,auto_consensus,automated_consensus,auto-consensus,2026-07-21T20:10:35+00:00,qwen3-vl:4b,aqs-five-field-v2,tools/dataset/captures/live_surveillance_20260629T1003Z/labels_ollama_proposals.csv,promoted,single_model_temporal_plausible,qwen3-vl:4b,1
capture_1087,tools/dataset/captures/live_surveillance_20260629T1003Z/capture_1087.jpg,28,49,877,72,20,true,validation,auto_consensus,automated_consensus,auto-consensus,2026-07-21T20:10:35+00:00,qwen3-vl:4b,aqs-five-field-v2,tools/dataset/captures/live_surveillance_20260629T1003Z/labels_ollama_proposals.csv,promoted,single_model_temporal_plausible,qwen3-vl:4b,1
capture_1088,tools/dataset/captures/live_surveillance_20260629T1003Z/capture_1088.jpg,28,49,877,72,20,true,validation,auto_consensus,automated_consensus,auto-consensus,2026-07-21T20:10:35+00:00,qwen3-vl:4b,aqs-five-field-v2,tools/dataset/captures/live_surveillance_20260629T1003Z/labels_ollama_proposals.csv,promoted,single_model_temporal_plausible,qwen3-vl:4b,1
capture_1089,tools/dataset/captures/live_surveillance_20260629T1003Z/capture_1089.jpg,28,49,877,72,20,true,validation,auto_consensus,automated_consensus,auto-consensus,2026-07-21T20:10:35+00:00,qwen3-vl:4b,aqs-five-field-v2,tools/dataset/captures/live_surveillance_20260629T1003Z/labels_ollama_proposals.csv,promoted,single_model_temporal_plausible,qwen3-vl:4b,1
capture_1090,tools/dataset/captures/live_surveillance_20260629T1003Z/capture_1090.jpg,28,49,877,72,20,true,validation,auto_consensus,automated_consensus,auto-consensus,2026-07-21T20:10:35+00:00,qwen3-vl:4b,aqs-five-field-v2,tools/dataset/captures/live_surveillance_20260629T1003Z/labels_ollama_proposals.csv,promoted,single_model_temporal_plausible,qwen3-vl:4b,1
capture_1091,tools/dataset/captures/live_surveillance_20260629T1003Z/capture_1091.jpg,28,49,877,72,20,true,validation,auto_consensus,automated_consensus,auto-consensus,2026-07-21T20:10:35+00:00,qwen3-vl:4b,aqs-five-field-v2,tools/dataset/captures/live_surveillance_20260629T1003Z/labels_ollama_proposals.csv,promoted,single_model_temporal_plausible,qwen3-vl:4b,1
capture_1092,tools/dataset/captures/live_surveillance_20260629T1003Z/capture_1092.jpg,28,49,877,72,20,true,validation,auto_consensus,automated_consensus,auto-consensus,2026-07-21T20:10:35+00:00,qwen3-vl:4b,aqs-five-field-v2,tools/dataset/captures/live_surveillance_20260629T1003Z/labels_ollama_proposals.csv,promoted,single_model_temporal_plausible,qwen3-vl:4b,1
capture_1093,tools/dataset/captures/live_surveillance_20260629T1003Z/capture_1093.jpg,28,49,877,72,20,true,validation,auto_consensus,automated_consensus,auto-consensus,2026-07-21T20:10:35+00:00,qwen3-vl:4b,aqs-five-field-v2,tools/dataset/captures/live_surveillance_20260629T1003Z/labels_ollama_proposals.csv,promoted,single_model_temporal_plausible,qwen3-vl:4b,1
capture_1094,tools/dataset/captures/live_surveillance_20260629T1003Z/capture_1094.jpg,28,49,877,72,20,true,validation,auto_consensus,automated_consensus,auto-consensus,2026-07-21T20:10:35+00:00,qwen3-vl:4b,aqs-five-field-v2,tools/dataset/captures/live_surveillance_20260629T1003Z/labels_ollama_proposals.csv,promoted,single_model_temporal_plausible,qwen3-vl:4b,1
capture_1095,tools/dataset/captures/live_surveillance_20260629T1003Z/capture_1095.jpg,28,49,877,72,20,true,validation,auto_consensus,automated_consensus,auto-consensus,2026-07-21T20:10:35+00:00,qwen3-vl:4b,aqs-five-field-v2,tools/dataset/captures/live_surveillance_20260629T1003Z/labels_ollama_proposals.csv,promoted,single_model_temporal_plausible,qwen3-vl:4b,1
capture_1096,tools/dataset/captures/live_surveillance_20260629T1003Z/capture_1096.jpg,28,49,877,72,20,true,validation,auto_consensus,automated_consensus,auto-consensus,2026-07-21T20:10:35+00:00,qwen3-vl:4b,aqs-five-field-v2,tools/dataset/captures/live_surveillance_20260629T1003Z/labels_ollama_proposals.csv,promoted,single_model_temporal_plausible,qwen3-vl:4b,1
capture_1097,tools/dataset/captures/live_surveillance_20260629T1003Z/capture_1097.jpg,,,,,,false,validation,hcho_raw:1:neighbor_median=72;tvoc_raw:98:neighbor_median=20,excluded,auto-consensus,2026-07-21T20:10:35+00:00,,,tools/dataset/captures/live_surveillance_20260629T1003Z/labels_ollama_proposals.csv,excluded,temporal_anomaly,qwen3-vl:4b,0
capture_1098,tools/dataset/captures/live_surveillance_20260629T1003Z/capture_1098.jpg,28,49,877,72,20,true,validation,auto_consensus,automated_consensus,auto-consensus,2026-07-21T20:10:35+00:00,qwen3-vl:4b,aqs-five-field-v2,tools/dataset/captures/live_surveillance_20260629T1003Z/labels_ollama_proposals.csv,promoted,single_model_temporal_plausible,qwen3-vl:4b,1
capture_1099,tools/dataset/captures/live_surveillance_20260629T1003Z/capture_1099.jpg,28,49,877,72,20,true,validation,auto_consensus,automated_consensus,auto-consensus,2026-07-21T20:10:35+00:00,qwen3-vl:4b,aqs-five-field-v2,tools/dataset/captures/live_surveillance_20260629T1003Z/labels_ollama_proposals.csv,promoted,single_model_temporal_plausible,qwen3-vl:4b,1
capture_1100,tools/dataset/captures/live_surveillance_20260629T1003Z/capture_1100.jpg,28,49,877,72,20,true,validation,auto_consensus,automated_consensus,auto-consensus,2026-07-21T20:10:35+00:00,qwen3-vl:4b,aqs-five-field-v2,tools/dataset/captures/live_surveillance_20260629T1003Z/labels_ollama_proposals.csv,promoted,single_model_temporal_plausible,qwen3-vl:4b,1
capture_1101,tools/dataset/captures/live_surveillance_20260629T1003Z/capture_1101.jpg,28,49,877,72,20,true,validation,auto_consensus,automated_consensus,auto-consensus,2026-07-21T20:10:35+00:00,qwen3-vl:4b,aqs-five-field-v2,tools/dataset/captures/live_surveillance_20260629T1003Z/labels_ollama_proposals.csv,promoted,single_model_temporal_plausible,qwen3-vl:4b,1
capture_1102,tools/dataset/captures/live_surveillance_20260629T1003Z/capture_1102.jpg,28,49,877,72,20,true,validation,auto_consensus,automated_consensus,auto-consensus,2026-07-21T20:10:35+00:00,qwen3-vl:4b,aqs-five-field-v2,tools/dataset/captures/live_surveillance_20260629T1003Z/labels_ollama_proposals.csv,promoted,single_model_temporal_plausible,qwen3-vl:4b,1
capture_1103,tools/dataset/captures/live_surveillance_20260629T1003Z/capture_1103.jpg,,,,,,false,validation,tvoc_raw:204:neighbor_median=20,excluded,auto-consensus,2026-07-21T20:10:35+00:00,,,tools/dataset/captures/live_surveillance_20260629T1003Z/labels_ollama_proposals.csv,excluded,temporal_anomaly,qwen3-vl:4b,0
capture_1104,tools/dataset/captures/live_surveillance_20260629T1003Z/capture_1104.jpg,,,,,,false,validation,tvoc_raw:20:neighbor_median=112,excluded,auto-consensus,2026-07-21T20:10:35+00:00,,,tools/dataset/captures/live_surveillance_20260629T1003Z/labels_ollama_proposals.csv,excluded,temporal_anomaly,qwen3-vl:4b,0
capture_1105,tools/dataset/captures/live_surveillance_20260629T1003Z/capture_1105.jpg,,,,,,false,validation,tvoc_raw:204:neighbor_median=22.5,excluded,auto-consensus,2026-07-21T20:10:35+00:00,,,tools/dataset/captures/live_surveillance_20260629T1003Z/labels_ollama_proposals.csv,excluded,temporal_anomaly,qwen3-vl:4b,0
capture_1106,tools/dataset/captures/live_surveillance_20260629T1003Z/capture_1106.jpg,28,49,893,75,20,true,validation,auto_consensus,automated_consensus,auto-consensus,2026-07-21T20:10:35+00:00,qwen3-vl:4b,aqs-five-field-v2,tools/dataset/captures/live_surveillance_20260629T1003Z/labels_ollama_proposals.csv,promoted,single_model_temporal_plausible,qwen3-vl:4b,1
capture_1107,tools/dataset/captures/live_surveillance_20260629T1003Z/capture_1107.jpg,,,,,,false,validation,hcho_raw:75:neighbor_median=46.5,excluded,auto-consensus,2026-07-21T20:10:35+00:00,,,tools/dataset/captures/live_surveillance_20260629T1003Z/labels_ollama_proposals.csv,excluded,temporal_anomaly,qwen3-vl:4b,0
capture_1108,tools/dataset/captures/live_surveillance_20260629T1003Z/capture_1108.jpg,,,,,,false,validation,hcho_raw:18:neighbor_median=75,excluded,auto-consensus,2026-07-21T20:10:35+00:00,,,tools/dataset/captures/live_surveillance_20260629T1003Z/labels_ollama_proposals.csv,excluded,temporal_anomaly,qwen3-vl:4b,0
capture_1109,tools/dataset/captures/live_surveillance_20260629T1003Z/capture_1109.jpg,,,,,,false,validation,hcho_raw:16:neighbor_median=76.5,excluded,auto-consensus,2026-07-21T20:10:35+00:00,,,tools/dataset/captures/live_surveillance_20260629T1003Z/labels_ollama_proposals.csv,excluded,temporal_anomaly,qwen3-vl:4b,0
capture_1110,tools/dataset/captures/live_surveillance_20260629T1003Z/capture_1110.jpg,,,,,,false,validation,hcho_raw:78:neighbor_median=47.5,excluded,auto-consensus,2026-07-21T20:10:35+00:00,,,tools/dataset/captures/live_surveillance_20260629T1003Z/labels_ollama_proposals.csv,excluded,temporal_anomaly,qwen3-vl:4b,0
capture_1111,tools/dataset/captures/live_surveillance_20260629T1003Z/capture_1111.jpg,28,49,915,79,22,true,validation,auto_consensus,automated_consensus,auto-consensus,2026-07-21T20:10:35+00:00,qwen3-vl:4b,aqs-five-field-v2,tools/dataset/captures/live_surveillance_20260629T1003Z/labels_ollama_proposals.csv,promoted,single_model_temporal_plausible,qwen3-vl:4b,1
capture_1112,tools/dataset/captures/live_surveillance_20260629T1003Z/capture_1112.jpg,28,49,899,77,25,true,validation,auto_consensus,automated_consensus,auto-consensus,2026-07-21T20:10:35+00:00,qwen3-vl:4b,aqs-five-field-v2,tools/dataset/captures/live_surveillance_20260629T1003Z/labels_ollama_proposals.csv,promoted,single_model_temporal_plausible,qwen3-vl:4b,1
capture_1113,tools/dataset/captures/live_surveillance_20260629T1003Z/capture_1113.jpg,28,49,915,79,22,true,validation,auto_consensus,automated_consensus,auto-consensus,2026-07-21T20:10:35+00:00,qwen3-vl:4b,aqs-five-field-v2,tools/dataset/captures/live_surveillance_20260629T1003Z/labels_ollama_proposals.csv,promoted,single_model_temporal_plausible,qwen3-vl:4b,1
capture_1114,tools/dataset/captures/live_surveillance_20260629T1003Z/capture_1114.jpg,,,,,,false,test,tvoc_raw:204:neighbor_median=21,excluded,auto-consensus,2026-07-21T20:10:35+00:00,,,tools/dataset/captures/live_surveillance_20260629T1003Z/labels_ollama_proposals.csv,excluded,temporal_anomaly,qwen3-vl:4b,0
capture_1115,tools/dataset/captures/live_surveillance_20260629T1003Z/capture_1115.jpg,,,,,,false,test,tvoc_raw:20:neighbor_median=113,excluded,auto-consensus,2026-07-21T20:10:35+00:00,,,tools/dataset/captures/live_surveillance_20260629T1003Z/labels_ollama_proposals.csv,excluded,temporal_anomaly,qwen3-vl:4b,0
capture_1116,tools/dataset/captures/live_surveillance_20260629T1003Z/capture_1116.jpg,,,,,,false,test,tvoc_raw:20:neighbor_median=204,excluded,auto-consensus,2026-07-21T20:10:35+00:00,,,tools/dataset/captures/live_surveillance_20260629T1003Z/labels_ollama_proposals.csv,excluded,temporal_anomaly,qwen3-vl:4b,0
capture_1117,tools/dataset/captures/live_surveillance_20260629T1003Z/capture_1117.jpg,,,,,,false,test,tvoc_raw:204:neighbor_median=20,excluded,auto-consensus,2026-07-21T20:10:35+00:00,,,tools/dataset/captures/live_surveillance_20260629T1003Z/labels_ollama_proposals.csv,excluded,temporal_anomaly,qwen3-vl:4b,0
capture_1118,tools/dataset/captures/live_surveillance_20260629T1003Z/capture_1118.jpg,,,,,,false,test,tvoc_raw:204:neighbor_median=20.5,excluded,auto-consensus,2026-07-21T20:10:35+00:00,,,tools/dataset/captures/live_surveillance_20260629T1003Z/labels_ollama_proposals.csv,excluded,temporal_anomaly,qwen3-vl:4b,0
capture_1119,tools/dataset/captures/live_surveillance_20260629T1003Z/capture_1119.jpg,,,,,,false,test,hcho_raw:18:neighbor_median=76;tvoc_raw:8:neighbor_median=115,excluded,auto-consensus,2026-07-21T20:10:35+00:00,,,tools/dataset/captures/live_surveillance_20260629T1003Z/labels_ollama_proposals.csv,excluded,temporal_anomaly,qwen3-vl:4b,0
capture_1120,tools/dataset/captures/live_surveillance_20260629T1003Z/capture_1120.jpg,28,48,921,79,21,true,test,auto_consensus,automated_consensus,auto-consensus,2026-07-21T20:10:35+00:00,qwen3-vl:4b,aqs-five-field-v2,tools/dataset/captures/live_surveillance_20260629T1003Z/labels_ollama_proposals.csv,promoted,single_model_temporal_plausible,qwen3-vl:4b,1
capture_1121,tools/dataset/captures/live_surveillance_20260629T1003Z/capture_1121.jpg,,,,,,false,test,hcho_raw:79:neighbor_median=48.5,excluded,auto-consensus,2026-07-21T20:10:35+00:00,,,tools/dataset/captures/live_surveillance_20260629T1003Z/labels_ollama_proposals.csv,excluded,temporal_anomaly,qwen3-vl:4b,0
capture_1122,tools/dataset/captures/live_surveillance_20260629T1003Z/capture_1122.jpg,,,,,,false,test,hcho_raw:80:neighbor_median=43.5,excluded,auto-consensus,2026-07-21T20:10:35+00:00,,,tools/dataset/captures/live_surveillance_20260629T1003Z/labels_ollama_proposals.csv,excluded,temporal_anomaly,qwen3-vl:4b,0
capture_1123,tools/dataset/captures/live_surveillance_20260629T1003Z/capture_1123.jpg,,,,,,false,test,hcho_raw:8:neighbor_median=43.5,excluded,auto-consensus,2026-07-21T20:10:35+00:00,,,tools/dataset/captures/live_surveillance_20260629T1003Z/labels_ollama_proposals.csv,excluded,temporal_anomaly,qwen3-vl:4b,0
capture_1124,tools/dataset/captures/live_surveillance_20260629T1003Z/capture_1124.jpg,28,49,926,8,26,true,test,auto_consensus,automated_consensus,auto-consensus,2026-07-21T20:10:35+00:00,qwen3-vl:4b,aqs-five-field-v2,tools/dataset/captures/live_surveillance_20260629T1003Z/labels_ollama_proposals.csv,promoted,single_model_temporal_plausible,qwen3-vl:4b,1
capture_1125,tools/dataset/captures/live_surveillance_20260629T1003Z/capture_1125.jpg,28,48,926,8,26,true,test,auto_consensus,automated_consensus,auto-consensus,2026-07-21T20:10:35+00:00,qwen3-vl:4b,aqs-five-field-v2,tools/dataset/captures/live_surveillance_20260629T1003Z/labels_ollama_proposals.csv,promoted,single_model_temporal_plausible,qwen3-vl:4b,1
capture_1126,tools/dataset/captures/live_surveillance_20260629T1003Z/capture_1126.jpg,28,49,926,8,26,true,test,auto_consensus,automated_consensus,auto-consensus,2026-07-21T20:10:35+00:00,qwen3-vl:4b,aqs-five-field-v2,tools/dataset/captures/live_surveillance_20260629T1003Z/labels_ollama_proposals.csv,promoted,single_model_temporal_plausible,qwen3-vl:4b,1
capture_1127,tools/dataset/captures/live_surveillance_20260629T1003Z/capture_1127.jpg,,,,,,false,test,hcho_raw:80:neighbor_median=8,excluded,auto-consensus,2026-07-21T20:10:35+00:00,,,tools/dataset/captures/live_surveillance_20260629T1003Z/labels_ollama_proposals.csv,excluded,temporal_anomaly,qwen3-vl:4b,0
capture_1128,tools/dataset/captures/live_surveillance_20260629T1003Z/capture_1128.jpg,28,49,926,8,26,true,test,auto_consensus,automated_consensus,auto-consensus,2026-07-21T20:10:35+00:00,qwen3-vl:4b,aqs-five-field-v2,tools/dataset/captures/live_surveillance_20260629T1003Z/labels_ollama_proposals.csv,promoted,single_model_temporal_plausible,qwen3-vl:4b,1
capture_1129,tools/dataset/captures/live_surveillance_20260629T1003Z/capture_1129.jpg,28,49,926,8,26,true,test,auto_consensus,automated_consensus,auto-consensus,2026-07-21T20:10:35+00:00,qwen3-vl:4b,aqs-five-field-v2,tools/dataset/captures/live_surveillance_20260629T1003Z/labels_ollama_proposals.csv,promoted,single_model_temporal_plausible,qwen3-vl:4b,1
capture_1130,tools/dataset/captures/live_surveillance_20260629T1003Z/capture_1130.jpg,28,48,926,8,26,true,test,auto_consensus,automated_consensus,auto-consensus,2026-07-21T20:10:35+00:00,qwen3-vl:4b,aqs-five-field-v2,tools/dataset/captures/live_surveillance_20260629T1003Z/labels_ollama_proposals.csv,promoted,single_model_temporal_plausible,qwen3-vl:4b,1
capture_1131,tools/dataset/captures/live_surveillance_20260629T1003Z/capture_1131.jpg,28,49,926,8,26,true,test,auto_consensus,automated_consensus,auto-consensus,2026-07-21T20:10:35+00:00,qwen3-vl:4b,aqs-five-field-v2,tools/dataset/captures/live_surveillance_20260629T1003Z/labels_ollama_proposals.csv,promoted,single_model_temporal_plausible,qwen3-vl:4b,1
capture_1132,tools/dataset/captures/live_surveillance_20260629T1003Z/capture_1132.jpg,28,48,926,8,26,true,test,auto_consensus,automated_consensus,auto-consensus,2026-07-21T20:10:35+00:00,qwen3-vl:4b,aqs-five-field-v2,tools/dataset/captures/live_surveillance_20260629T1003Z/labels_ollama_proposals.csv,promoted,single_model_temporal_plausible,qwen3-vl:4b,1
capture_1133,tools/dataset/captures/live_surveillance_20260629T1003Z/capture_1133.jpg,28,48,926,8,26,true,test,auto_consensus,automated_consensus,auto-consensus,2026-07-21T20:10:35+00:00,qwen3-vl:4b,aqs-five-field-v2,tools/dataset/captures/live_surveillance_20260629T1003Z/labels_ollama_proposals.csv,promoted,single_model_temporal_plausible,qwen3-vl:4b,1
capture_1134,tools/dataset/captures/live_surveillance_20260629T1003Z/capture_1134.jpg,28,48,926,8,26,true,test,auto_consensus,automated_consensus,auto-consensus,2026-07-21T20:10:35+00:00,qwen3-vl:4b,aqs-five-field-v2,tools/dataset/captures/live_surveillance_20260629T1003Z/labels_ollama_proposals.csv,promoted,single_model_temporal_plausible,qwen3-vl:4b,1
capture_1135,tools/dataset/captures/live_surveillance_20260629T1003Z/capture_1135.jpg,28,48,926,8,26,true,test,auto_consensus,automated_consensus,auto-consensus,2026-07-21T20:10:35+00:00,qwen3-vl:4b,aqs-five-field-v2,tools/dataset/captures/live_surveillance_20260629T1003Z/labels_ollama_proposals.csv,promoted,single_model_temporal_plausible,qwen3-vl:4b,1
capture_1136,tools/dataset/captures/live_surveillance_20260629T1003Z/capture_1136.jpg,28,48,926,8,26,true,test,auto_consensus,automated_consensus,auto-consensus,2026-07-21T20:10:35+00:00,qwen3-vl:4b,aqs-five-field-v2,tools/dataset/captures/live_surveillance_20260629T1003Z/labels_ollama_proposals.csv,promoted,single_model_temporal_plausible,qwen3-vl:4b,1
capture_1137,tools/dataset/captures/live_surveillance_20260629T1003Z/capture_1137.jpg,,,,,,false,test,hcho_raw:80:neighbor_median=8,excluded,auto-consensus,2026-07-21T20:10:35+00:00,,,tools/dataset/captures/live_surveillance_20260629T1003Z/labels_ollama_proposals.csv,excluded,temporal_anomaly,qwen3-vl:4b,0
capture_1138,tools/dataset/captures/live_surveillance_20260629T1003Z/capture_1138.jpg,28,48,926,8,26,true,test,auto_consensus,automated_consensus,auto-consensus,2026-07-21T20:10:35+00:00,qwen3-vl:4b,aqs-five-field-v2,tools/dataset/captures/live_surveillance_20260629T1003Z/labels_ollama_proposals.csv,promoted,single_model_temporal_plausible,qwen3-vl:4b,1
capture_1139,tools/dataset/captures/live_surveillance_20260629T1003Z/capture_1139.jpg,28,48,921,8,26,true,test,auto_consensus,automated_consensus,auto-consensus,2026-07-21T20:10:35+00:00,qwen3-vl:4b,aqs-five-field-v2,tools/dataset/captures/live_surveillance_20260629T1003Z/labels_ollama_proposals.csv,promoted,single_model_temporal_plausible,qwen3-vl:4b,1
capture_1140,tools/dataset/captures/live_surveillance_20260629T1003Z/capture_1140.jpg,28,48,926,8,26,true,test,auto_consensus,automated_consensus,auto-consensus,2026-07-21T20:10:35+00:00,qwen3-vl:4b,aqs-five-field-v2,tools/dataset/captures/live_surveillance_20260629T1003Z/labels_ollama_proposals.csv,promoted,single_model_temporal_plausible,qwen3-vl:4b,1
capture_1141,tools/dataset/captures/live_surveillance_20260629T1003Z/capture_1141.jpg,28,48,926,8,26,true,test,auto_consensus,automated_consensus,auto-consensus,2026-07-21T20:10:35+00:00,qwen3-vl:4b,aqs-five-field-v2,tools/dataset/captures/live_surveillance_20260629T1003Z/labels_ollama_proposals.csv,promoted,single_model_temporal_plausible,qwen3-vl:4b,1
capture_1142,tools/dataset/captures/live_surveillance_20260629T1003Z/capture_1142.jpg,28,48,926,8,26,true,test,auto_consensus,automated_consensus,auto-consensus,2026-07-21T20:10:35+00:00,qwen3-vl:4b,aqs-five-field-v2,tools/dataset/captures/live_surveillance_20260629T1003Z/labels_ollama_proposals.csv,promoted,single_model_temporal_plausible,qwen3-vl:4b,1
capture_1143,tools/dataset/captures/live_surveillance_20260629T1003Z/capture_1143.jpg,28,48,926,8,26,true,test,auto_consensus,automated_consensus,auto-consensus,2026-07-21T20:10:35+00:00,qwen3-vl:4b,aqs-five-field-v2,tools/dataset/captures/live_surveillance_20260629T1003Z/labels_ollama_proposals.csv,promoted,single_model_temporal_plausible,qwen3-vl:4b,1
capture_1144,tools/dataset/captures/live_surveillance_20260629T1003Z/capture_1144.jpg,28,48,926,8,26,true,test,auto_consensus,automated_consensus,auto-consensus,2026-07-21T20:10:35+00:00,qwen3-vl:4b,aqs-five-field-v2,tools/dataset/captures/live_surveillance_20260629T1003Z/labels_ollama_proposals.csv,promoted,single_model_temporal_plausible,qwen3-vl:4b,1
capture_1145,tools/dataset/captures/live_surveillance_20260629T1003Z/capture_1145.jpg,28,48,926,8,26,true,test,auto_consensus,automated_consensus,auto-consensus,2026-07-21T20:10:35+00:00,qwen3-vl:4b,aqs-five-field-v2,tools/dataset/captures/live_surveillance_20260629T1003Z/labels_ollama_proposals.csv,promoted,single_model_temporal_plausible,qwen3-vl:4b,1
capture_1146,tools/dataset/captures/live_surveillance_20260629T1003Z/capture_1146.jpg,28,48,926,8,26,true,test,auto_consensus,automated_consensus,auto-consensus,2026-07-21T20:10:35+00:00,qwen3-vl:4b,aqs-five-field-v2,tools/dataset/captures/live_surveillance_20260629T1003Z/labels_ollama_proposals.csv,promoted,single_model_temporal_plausible,qwen3-vl:4b,1
capture_1147,tools/dataset/captures/live_surveillance_20260629T1003Z/capture_1147.jpg,28,48,926,8,26,true,test,auto_consensus,automated_consensus,auto-consensus,2026-07-21T20:10:35+00:00,qwen3-vl:4b,aqs-five-field-v2,tools/dataset/captures/live_surveillance_20260629T1003Z/labels_ollama_proposals.csv,promoted,single_model_temporal_plausible,qwen3-vl:4b,1
capture_1148,tools/dataset/captures/live_surveillance_20260629T1003Z/capture_1148.jpg,28,48,926,8,26,true,test,auto_consensus,automated_consensus,auto-consensus,2026-07-21T20:10:35+00:00,qwen3-vl:4b,aqs-five-field-v2,tools/dataset/captures/live_surveillance_20260629T1003Z/labels_ollama_proposals.csv,promoted,single_model_temporal_plausible,qwen3-vl:4b,1
capture_1149,tools/dataset/captures/live_surveillance_20260629T1003Z/capture_1149.jpg,28,48,926,8,26,true,test,auto_consensus,automated_consensus,auto-consensus,2026-07-21T20:10:35+00:00,qwen3-vl:4b,aqs-five-field-v2,tools/dataset/captures/live_surveillance_20260629T1003Z/labels_ollama_proposals.csv,promoted,single_model_temporal_plausible,qwen3-vl:4b,1
capture_1150,tools/dataset/captures/live_surveillance_20260629T1003Z/capture_1150.jpg,28,48,926,8,26,true,test,auto_consensus,automated_consensus,auto-consensus,2026-07-21T20:10:35+00:00,qwen3-vl:4b,aqs-five-field-v2,tools/dataset/captures/live_surveillance_20260629T1003Z/labels_ollama_proposals.csv,promoted,single_model_temporal_plausible,qwen3-vl:4b,1
capture_1151,tools/dataset/captures/live_surveillance_20260629T1003Z/capture_1151.jpg,28,48,926,8,26,true,test,auto_consensus,automated_consensus,auto-consensus,2026-07-21T20:10:35+00:00,qwen3-vl:4b,aqs-five-field-v2,tools/dataset/captures/live_surveillance_20260629T1003Z/labels_ollama_proposals.csv,promoted,single_model_temporal_plausible,qwen3-vl:4b,1
capture_1152,tools/dataset/captures/live_surveillance_20260629T1003Z/capture_1152.jpg,28,49,926,8,26,true,test,auto_consensus,automated_consensus,auto-consensus,2026-07-21T20:10:35+00:00,qwen3-vl:4b,aqs-five-field-v2,tools/dataset/captures/live_surveillance_20260629T1003Z/labels_ollama_proposals.csv,promoted,single_model_temporal_plausible,qwen3-vl:4b,1
capture_1153,tools/dataset/captures/live_surveillance_20260629T1003Z/capture_1153.jpg,28,48,926,8,26,true,test,auto_consensus,automated_consensus,auto-consensus,2026-07-21T20:10:35+00:00,qwen3-vl:4b,aqs-five-field-v2,tools/dataset/captures/live_surveillance_20260629T1003Z/labels_ollama_proposals.csv,promoted,single_model_temporal_plausible,qwen3-vl:4b,1
capture_1154,tools/dataset/captures/live_surveillance_20260629T1003Z/capture_1154.jpg,28,48,926,8,26,true,test,auto_consensus,automated_consensus,auto-consensus,2026-07-21T20:10:35+00:00,qwen3-vl:4b,aqs-five-field-v2,tools/dataset/captures/live_surveillance_20260629T1003Z/labels_ollama_proposals.csv,promoted,single_model_temporal_plausible,qwen3-vl:4b,1
capture_1155,tools/dataset/captures/live_surveillance_20260629T1003Z/capture_1155.jpg,28,48,926,8,26,true,test,auto_consensus,automated_consensus,auto-consensus,2026-07-21T20:10:35+00:00,qwen3-vl:4b,aqs-five-field-v2,tools/dataset/captures/live_surveillance_20260629T1003Z/labels_ollama_proposals.csv,promoted,single_model_temporal_plausible,qwen3-vl:4b,1
capture_1156,tools/dataset/captures/live_surveillance_20260629T1003Z/capture_1156.jpg,28,48,926,8,26,true,test,auto_consensus,automated_consensus,auto-consensus,2026-07-21T20:10:35+00:00,qwen3-vl:4b,aqs-five-field-v2,tools/dataset/captures/live_surveillance_20260629T1003Z/labels_ollama_proposals.csv,promoted,single_model_temporal_plausible,qwen3-vl:4b,1
capture_1157,tools/dataset/captures/live_surveillance_20260629T1003Z/capture_1157.jpg,28,48,926,8,26,true,test,auto_consensus,automated_consensus,auto-consensus,2026-07-21T20:10:35+00:00,qwen3-vl:4b,aqs-five-field-v2,tools/dataset/captures/live_surveillance_20260629T1003Z/labels_ollama_proposals.csv,promoted,single_model_temporal_plausible,qwen3-vl:4b,1
capture_1158,tools/dataset/captures/live_surveillance_20260629T1003Z/capture_1158.jpg,28,48,926,8,26,true,test,auto_consensus,automated_consensus,auto-consensus,2026-07-21T20:10:35+00:00,qwen3-vl:4b,aqs-five-field-v2,tools/dataset/captures/live_surveillance_20260629T1003Z/labels_ollama_proposals.csv,promoted,single_model_temporal_plausible,qwen3-vl:4b,1
capture_1159,tools/dataset/captures/live_surveillance_20260629T1003Z/capture_1159.jpg,28,48,926,8,26,true,test,auto_consensus,automated_consensus,auto-consensus,2026-07-21T20:10:35+00:00,qwen3-vl:4b,aqs-five-field-v2,tools/dataset/captures/live_surveillance_20260629T1003Z/labels_ollama_proposals.csv,promoted,single_model_temporal_plausible,qwen3-vl:4b,1
capture_1160,tools/dataset/captures/live_surveillance_20260629T1003Z/capture_1160.jpg,28,48,926,8,26,true,test,auto_consensus,automated_consensus,auto-consensus,2026-07-21T20:10:35+00:00,qwen3-vl:4b,aqs-five-field-v2,tools/dataset/captures/live_surveillance_20260629T1003Z/labels_ollama_proposals.csv,promoted,single_model_temporal_plausible,qwen3-vl:4b,1
capture_1161,tools/dataset/captures/live_surveillance_20260629T1003Z/capture_1161.jpg,28,48,926,8,26,true,test,auto_consensus,automated_consensus,auto-consensus,2026-07-21T20:10:35+00:00,qwen3-vl:4b,aqs-five-field-v2,tools/dataset/captures/live_surveillance_20260629T1003Z/labels_ollama_proposals.csv,promoted,single_model_temporal_plausible,qwen3-vl:4b,1
capture_1162,tools/dataset/captures/live_surveillance_20260629T1003Z/capture_1162.jpg,,,,,,false,test,hcho_raw:80:neighbor_median=8,excluded,auto-consensus,2026-07-21T20:10:35+00:00,,,tools/dataset/captures/live_surveillance_20260629T1003Z/labels_ollama_proposals.csv,excluded,temporal_anomaly,qwen3-vl:4b,0
capture_1163,tools/dataset/captures/live_surveillance_20260629T1003Z/capture_1163.jpg,28,48,926,8,26,true,test,auto_consensus,automated_consensus,auto-consensus,2026-07-21T20:10:35+00:00,qwen3-vl:4b,aqs-five-field-v2,tools/dataset/captures/live_surveillance_20260629T1003Z/labels_ollama_proposals.csv,promoted,single_model_temporal_plausible,qwen3-vl:4b,1
capture_1164,tools/dataset/captures/live_surveillance_20260629T1003Z/capture_1164.jpg,28,48,926,8,26,true,test,auto_consensus,automated_consensus,auto-consensus,2026-07-21T20:10:35+00:00,qwen3-vl:4b,aqs-five-field-v2,tools/dataset/captures/live_surveillance_20260629T1003Z/labels_ollama_proposals.csv,promoted,single_model_temporal_plausible,qwen3-vl:4b,1
capture_1165,tools/dataset/captures/live_surveillance_20260629T1003Z/capture_1165.jpg,28,48,926,8,26,true,test,auto_consensus,automated_consensus,auto-consensus,2026-07-21T20:10:35+00:00,qwen3-vl:4b,aqs-five-field-v2,tools/dataset/captures/live_surveillance_20260629T1003Z/labels_ollama_proposals.csv,promoted,single_model_temporal_plausible,qwen3-vl:4b,1
capture_1166,tools/dataset/captures/live_surveillance_20260629T1003Z/capture_1166.jpg,28,48,926,8,26,true,test,auto_consensus,automated_consensus,auto-consensus,2026-07-21T20:10:35+00:00,qwen3-vl:4b,aqs-five-field-v2,tools/dataset/captures/live_surveillance_20260629T1003Z/labels_ollama_proposals.csv,promoted,single_model_temporal_plausible,qwen3-vl:4b,1
capture_1167,tools/dataset/captures/live_surveillance_20260629T1003Z/capture_1167.jpg,28,48,926,8,26,true,test,auto_consensus,automated_consensus,auto-consensus,2026-07-21T20:10:35+00:00,qwen3-vl:4b,aqs-five-field-v2,tools/dataset/captures/live_surveillance_20260629T1003Z/labels_ollama_proposals.csv,promoted,single_model_temporal_plausible,qwen3-vl:4b,1
capture_1168,tools/dataset/captures/live_surveillance_20260629T1003Z/capture_1168.jpg,28,48,926,8,26,true,test,auto_consensus,automated_consensus,auto-consensus,2026-07-21T20:10:35+00:00,qwen3-vl:4b,aqs-five-field-v2,tools/dataset/captures/live_surveillance_20260629T1003Z/labels_ollama_proposals.csv,promoted,single_model_temporal_plausible,qwen3-vl:4b,1
capture_1169,tools/dataset/captures/live_surveillance_20260629T1003Z/capture_1169.jpg,28,48,926,8,26,true,test,auto_consensus,automated_consensus,auto-consensus,2026-07-21T20:10:35+00:00,qwen3-vl:4b,aqs-five-field-v2,tools/dataset/captures/live_surveillance_20260629T1003Z/labels_ollama_proposals.csv,promoted,single_model_temporal_plausible,qwen3-vl:4b,1
capture_1170,tools/dataset/captures/live_surveillance_20260629T1003Z/capture_1170.jpg,28,48,926,8,26,true,test,auto_consensus,automated_consensus,auto-consensus,2026-07-21T20:10:35+00:00,qwen3-vl:4b,aqs-five-field-v2,tools/dataset/captures/live_surveillance_20260629T1003Z/labels_ollama_proposals.csv,promoted,single_model_temporal_plausible,qwen3-vl:4b,1
capture_1171,tools/dataset/captures/live_surveillance_20260629T1003Z/capture_1171.jpg,28,48,926,8,26,true,test,auto_consensus,automated_consensus,auto-consensus,2026-07-21T20:10:35+00:00,qwen3-vl:4b,aqs-five-field-v2,tools/dataset/captures/live_surveillance_20260629T1003Z/labels_ollama_proposals.csv,promoted,single_model_temporal_plausible,qwen3-vl:4b,1
capture_1172,tools/dataset/captures/live_surveillance_20260629T1003Z/capture_1172.jpg,,,,,,false,test,hcho_raw:77:neighbor_median=8,excluded,auto-consensus,2026-07-21T20:10:35+00:00,,,tools/dataset/captures/live_surveillance_20260629T1003Z/labels_ollama_proposals.csv,excluded,temporal_anomaly,qwen3-vl:4b,0
capture_1173,tools/dataset/captures/live_surveillance_20260629T1003Z/capture_1173.jpg,,,,,,false,test,hcho_raw:8:neighbor_median=42.5,excluded,auto-consensus,2026-07-21T20:10:35+00:00,,,tools/dataset/captures/live_surveillance_20260629T1003Z/labels_ollama_proposals.csv,excluded,temporal_anomaly,qwen3-vl:4b,0
capture_1174,tools/dataset/captures/live_surveillance_20260629T1003Z/capture_1174.jpg,,,,,,false,test,hcho_raw:80:neighbor_median=8,excluded,auto-consensus,2026-07-21T20:10:35+00:00,,,tools/dataset/captures/live_surveillance_20260629T1003Z/labels_ollama_proposals.csv,excluded,temporal_anomaly,qwen3-vl:4b,0
capture_1175,tools/dataset/captures/live_surveillance_20260629T1003Z/capture_1175.jpg,,,,,,false,test,hcho_raw:8:neighbor_median=44,excluded,auto-consensus,2026-07-21T20:10:35+00:00,,,tools/dataset/captures/live_surveillance_20260629T1003Z/labels_ollama_proposals.csv,excluded,temporal_anomaly,qwen3-vl:4b,0
capture_1176,tools/dataset/captures/live_surveillance_20260629T1003Z/capture_1176.jpg,,,,,,false,test,hcho_raw:8:neighbor_median=44,excluded,auto-consensus,2026-07-21T20:10:35+00:00,,,tools/dataset/captures/live_surveillance_20260629T1003Z/labels_ollama_proposals.csv,excluded,temporal_anomaly,qwen3-vl:4b,0
capture_1177,tools/dataset/captures/live_surveillance_20260629T1003Z/capture_1177.jpg,,,,,,false,test,hcho_raw:80:neighbor_median=8,excluded,auto-consensus,2026-07-21T20:10:35+00:00,,,tools/dataset/captures/live_surveillance_20260629T1003Z/labels_ollama_proposals.csv,excluded,temporal_anomaly,qwen3-vl:4b,0
capture_1178,tools/dataset/captures/live_surveillance_20260629T1003Z/capture_1178.jpg,28,48,926,8,26,true,test,auto_consensus,automated_consensus,auto-consensus,2026-07-21T20:10:35+00:00,qwen3-vl:4b,aqs-five-field-v2,tools/dataset/captures/live_surveillance_20260629T1003Z/labels_ollama_proposals.csv,promoted,single_model_temporal_plausible,qwen3-vl:4b,1
capture_1179,tools/dataset/captures/live_surveillance_20260629T1003Z/capture_1179.jpg,28,48,926,8,26,true,test,auto_consensus,automated_consensus,auto-consensus,2026-07-21T20:10:35+00:00,qwen3-vl:4b,aqs-five-field-v2,tools/dataset/captures/live_surveillance_20260629T1003Z/labels_ollama_proposals.csv,promoted,single_model_temporal_plausible,qwen3-vl:4b,1
capture_1180,tools/dataset/captures/live_surveillance_20260629T1003Z/capture_1180.jpg,28,48,926,8,26,true,test,auto_consensus,automated_consensus,auto-consensus,2026-07-21T20:10:35+00:00,qwen3-vl:4b,aqs-five-field-v2,tools/dataset/captures/live_surveillance_20260629T1003Z/labels_ollama_proposals.csv,promoted,single_model_temporal_plausible,qwen3-vl:4b,1
capture_1181,tools/dataset/captures/live_surveillance_20260629T1003Z/capture_1181.jpg,28,48,926,8,26,true,test,auto_consensus,automated_consensus,auto-consensus,2026-07-21T20:10:35+00:00,qwen3-vl:4b,aqs-five-field-v2,tools/dataset/captures/live_surveillance_20260629T1003Z/labels_ollama_proposals.csv,promoted,single_model_temporal_plausible,qwen3-vl:4b,1
capture_1182,tools/dataset/captures/live_surveillance_20260629T1003Z/capture_1182.jpg,28,48,926,8,26,true,test,auto_consensus,automated_consensus,auto-consensus,2026-07-21T20:10:35+00:00,qwen3-vl:4b,aqs-five-field-v2,tools/dataset/captures/live_surveillance_20260629T1003Z/labels_ollama_proposals.csv,promoted,single_model_temporal_plausible,qwen3-vl:4b,1
capture_1183,tools/dataset/captures/live_surveillance_20260629T1003Z/capture_1183.jpg,28,48,926,8,26,true,test,auto_consensus,automated_consensus,auto-consensus,2026-07-21T20:10:35+00:00,qwen3-vl:4b,aqs-five-field-v2,tools/dataset/captures/live_surveillance_20260629T1003Z/labels_ollama_proposals.csv,promoted,single_model_temporal_plausible,qwen3-vl:4b,1
capture_1184,tools/dataset/captures/live_surveillance_20260629T1003Z/capture_1184.jpg,28,48,926,8,26,true,test,auto_consensus,automated_consensus,auto-consensus,2026-07-21T20:10:35+00:00,qwen3-vl:4b,aqs-five-field-v2,tools/dataset/captures/live_surveillance_20260629T1003Z/labels_ollama_proposals.csv,promoted,single_model_temporal_plausible,qwen3-vl:4b,1
capture_1185,tools/dataset/captures/live_surveillance_20260629T1003Z/capture_1185.jpg,28,48,926,8,26,true,test,auto_consensus,automated_consensus,auto-consensus,2026-07-21T20:10:35+00:00,qwen3-vl:4b,aqs-five-field-v2,tools/dataset/captures/live_surveillance_20260629T1003Z/labels_ollama_proposals.csv,promoted,single_model_temporal_plausible,qwen3-vl:4b,1
capture_1186,tools/dataset/captures/live_surveillance_20260629T1003Z/capture_1186.jpg,,,,,,false,test,,excluded,auto-consensus,2026-07-21T20:10:35+00:00,,,tools/dataset/captures/live_surveillance_20260629T1003Z/labels_ollama_proposals.csv,excluded,display_not_found,qwen3-vl:4b,0
capture_1187,tools/dataset/captures/live_surveillance_20260629T1003Z/capture_1187.jpg,28,48,926,8,26,true,test,auto_consensus,automated_consensus,auto-consensus,2026-07-21T20:10:35+00:00,qwen3-vl:4b,aqs-five-field-v2,tools/dataset/captures/live_surveillance_20260629T1003Z/labels_ollama_proposals.csv,promoted,single_model_temporal_plausible,qwen3-vl:4b,1
capture_1188,tools/dataset/captures/live_surveillance_20260629T1003Z/capture_1188.jpg,28,48,926,8,26,true,test,auto_consensus,automated_consensus,auto-consensus,2026-07-21T20:10:35+00:00,qwen3-vl:4b,aqs-five-field-v2,tools/dataset/captures/live_surveillance_20260629T1003Z/labels_ollama_proposals.csv,promoted,single_model_temporal_plausible,qwen3-vl:4b,1
capture_1189,tools/dataset/captures/live_surveillance_20260629T1003Z/capture_1189.jpg,28,48,926,8,26,true,test,auto_consensus,automated_consensus,auto-consensus,2026-07-21T20:10:35+00:00,qwen3-vl:4b,aqs-five-field-v2,tools/dataset/captures/live_surveillance_20260629T1003Z/labels_ollama_proposals.csv,promoted,single_model_temporal_plausible,qwen3-vl:4b,1
capture_1190,tools/dataset/captures/live_surveillance_20260629T1003Z/capture_1190.jpg,28,48,926,8,26,true,test,auto_consensus,automated_consensus,auto-consensus,2026-07-21T20:10:35+00:00,qwen3-vl:4b,aqs-five-field-v2,tools/dataset/captures/live_surveillance_20260629T1003Z/labels_ollama_proposals.csv,promoted,single_model_temporal_plausible,qwen3-vl:4b,1
capture_1191,tools/dataset/captures/live_surveillance_20260629T1003Z/capture_1191.jpg,28,48,926,8,26,true,test,auto_consensus,automated_consensus,auto-consensus,2026-07-21T20:10:35+00:00,qwen3-vl:4b,aqs-five-field-v2,tools/dataset/captures/live_surveillance_20260629T1003Z/labels_ollama_proposals.csv,promoted,single_model_temporal_plausible,qwen3-vl:4b,1
capture_1192,tools/dataset/captures/live_surveillance_20260629T1003Z/capture_1192.jpg,28,48,926,8,26,true,test,auto_consensus,automated_consensus,auto-consensus,2026-07-21T20:10:35+00:00,qwen3-vl:4b,aqs-five-field-v2,tools/dataset/captures/live_surveillance_20260629T1003Z/labels_ollama_proposals.csv,promoted,single_model_temporal_plausible,qwen3-vl:4b,1
capture_1193,tools/dataset/captures/live_surveillance_20260629T1003Z/capture_1193.jpg,28,48,926,8,26,true,test,auto_consensus,automated_consensus,auto-consensus,2026-07-21T20:10:35+00:00,qwen3-vl:4b,aqs-five-field-v2,tools/dataset/captures/live_surveillance_20260629T1003Z/labels_ollama_proposals.csv,promoted,single_model_temporal_plausible,qwen3-vl:4b,1
capture_1194,tools/dataset/captures/live_surveillance_20260629T1003Z/capture_1194.jpg,28,48,926,8,26,true,test,auto_consensus,automated_consensus,auto-consensus,2026-07-21T20:10:35+00:00,qwen3-vl:4b,aqs-five-field-v2,tools/dataset/captures/live_surveillance_20260629T1003Z/labels_ollama_proposals.csv,promoted,single_model_temporal_plausible,qwen3-vl:4b,1
capture_1195,tools/dataset/captures/live_surveillance_20260629T1003Z/capture_1195.jpg,28,48,926,8,26,true,test,auto_consensus,automated_consensus,auto-consensus,2026-07-21T20:10:35+00:00,qwen3-vl:4b,aqs-five-field-v2,tools/dataset/captures/live_surveillance_20260629T1003Z/labels_ollama_proposals.csv,promoted,single_model_temporal_plausible,qwen3-vl:4b,1
capture_1196,tools/dataset/captures/live_surveillance_20260629T1003Z/capture_1196.jpg,28,48,926,8,26,true,test,auto_consensus,automated_consensus,auto-consensus,2026-07-21T20:10:35+00:00,qwen3-vl:4b,aqs-five-field-v2,tools/dataset/captures/live_surveillance_20260629T1003Z/labels_ollama_proposals.csv,promoted,single_model_temporal_plausible,qwen3-vl:4b,1
capture_1197,tools/dataset/captures/live_surveillance_20260629T1003Z/capture_1197.jpg,,,,,,false,test,hcho_raw:8:neighbor_median=45,excluded,auto-consensus,2026-07-21T20:10:35+00:00,,,tools/dataset/captures/live_surveillance_20260629T1003Z/labels_ollama_proposals.csv,excluded,temporal_anomaly,qwen3-vl:4b,0
capture_1198,tools/dataset/captures/live_surveillance_20260629T1003Z/capture_1198.jpg,,,,,,false,test,hcho_raw:82:neighbor_median=8,excluded,auto-consensus,2026-07-21T20:10:35+00:00,,,tools/dataset/captures/live_surveillance_20260629T1003Z/labels_ollama_proposals.csv,excluded,temporal_anomaly,qwen3-vl:4b,0
capture_1199,tools/dataset/captures/live_surveillance_20260629T1003Z/capture_1199.jpg,,,,,,false,test,hcho_raw:82:neighbor_median=8,excluded,auto-consensus,2026-07-21T20:10:35+00:00,,,tools/dataset/captures/live_surveillance_20260629T1003Z/labels_ollama_proposals.csv,excluded,temporal_anomaly,qwen3-vl:4b,0
capture_1200,tools/dataset/captures/live_surveillance_20260629T1003Z/capture_1200.jpg,,,,,,false,test,hcho_raw:8:neighbor_median=82,excluded,auto-consensus,2026-07-21T20:10:35+00:00,,,tools/dataset/captures/live_surveillance_20260629T1003Z/labels_ollama_proposals.csv,excluded,temporal_anomaly,qwen3-vl:4b,0
capture_1201,tools/dataset/captures/live_surveillance_20260629T1003Z/capture_1201.jpg,,,,,,false,test,hcho_raw:8:neighbor_median=82,excluded,auto-consensus,2026-07-21T20:10:35+00:00,,,tools/dataset/captures/live_surveillance_20260629T1003Z/labels_ollama_proposals.csv,excluded,temporal_anomaly,qwen3-vl:4b,0
capture_1202,tools/dataset/captures/live_surveillance_20260629T1003Z/capture_1202.jpg,,,,,,false,test,hcho_raw:82:neighbor_median=45;tvoc_raw:232:neighbor_median=27.5,excluded,auto-consensus,2026-07-21T20:10:35+00:00,,,tools/dataset/captures/live_surveillance_20260629T1003Z/labels_ollama_proposals.csv,excluded,temporal_anomaly,qwen3-vl:4b,0
capture_1203,tools/dataset/captures/live_surveillance_20260629T1003Z/capture_1203.jpg,,,,,,false,test,tvoc_raw:29:neighbor_median=130.5,excluded,auto-consensus,2026-07-21T20:10:35+00:00,,,tools/dataset/captures/live_surveillance_20260629T1003Z/labels_ollama_proposals.csv,excluded,temporal_anomaly,qwen3-vl:4b,0
capture_1204,tools/dataset/captures/live_surveillance_20260629T1003Z/capture_1204.jpg,,,,,,false,test,tvoc_raw:232:neighbor_median=29,excluded,auto-consensus,2026-07-21T20:10:35+00:00,,,tools/dataset/captures/live_surveillance_20260629T1003Z/labels_ollama_proposals.csv,excluded,temporal_anomaly,qwen3-vl:4b,0
capture_1205,tools/dataset/captures/live_surveillance_20260629T1003Z/capture_1205.jpg,,,,,,false,test,hcho_raw:82:neighbor_median=45,excluded,auto-consensus,2026-07-21T20:10:35+00:00,,,tools/dataset/captures/live_surveillance_20260629T1003Z/labels_ollama_proposals.csv,excluded,temporal_anomaly,qwen3-vl:4b,0
capture_1206,tools/dataset/captures/live_surveillance_20260629T1003Z/capture_1206.jpg,,,,,,false,test,hcho_raw:8:neighbor_median=82,excluded,auto-consensus,2026-07-21T20:10:35+00:00,,,tools/dataset/captures/live_surveillance_20260629T1003Z/labels_ollama_proposals.csv,excluded,temporal_anomaly,qwen3-vl:4b,0
capture_1207,tools/dataset/captures/live_surveillance_20260629T1003Z/capture_1207.jpg,,,,,,false,test,hcho_raw:8:neighbor_median=82,excluded,auto-consensus,2026-07-21T20:10:35+00:00,,,tools/dataset/captures/live_surveillance_20260629T1003Z/labels_ollama_proposals.csv,excluded,temporal_anomaly,qwen3-vl:4b,0
capture_1208,tools/dataset/captures/live_surveillance_20260629T1003Z/capture_1208.jpg,,,,,,false,test,hcho_raw:82:neighbor_median=8,excluded,auto-consensus,2026-07-21T20:10:35+00:00,,,tools/dataset/captures/live_surveillance_20260629T1003Z/labels_ollama_proposals.csv,excluded,temporal_anomaly,qwen3-vl:4b,0
capture_1209,tools/dataset/captures/live_surveillance_20260629T1003Z/capture_1209.jpg,,,,,,false,test,hcho_raw:82:neighbor_median=8,excluded,auto-consensus,2026-07-21T20:10:35+00:00,,,tools/dataset/captures/live_surveillance_20260629T1003Z/labels_ollama_proposals.csv,excluded,temporal_anomaly,qwen3-vl:4b,0
capture_1210,tools/dataset/captures/live_surveillance_20260629T1003Z/capture_1210.jpg,,,,,,false,test,hcho_raw:8:neighbor_median=45,excluded,auto-consensus,2026-07-21T20:10:35+00:00,,,tools/dataset/captures/live_surveillance_20260629T1003Z/labels_ollama_proposals.csv,excluded,temporal_anomaly,qwen3-vl:4b,0
capture_1211,tools/dataset/captures/live_surveillance_20260629T1003Z/capture_1211.jpg,28,48,926,8,26,true,test,auto_consensus,automated_consensus,auto-consensus,2026-07-21T20:10:35+00:00,qwen3-vl:4b,aqs-five-field-v2,tools/dataset/captures/live_surveillance_20260629T1003Z/labels_ollama_proposals.csv,promoted,single_model_temporal_plausible,qwen3-vl:4b,1
capture_1212,tools/dataset/captures/live_surveillance_20260629T1003Z/capture_1212.jpg,28,48,926,8,26,true,test,auto_consensus,automated_consensus,auto-consensus,2026-07-21T20:10:35+00:00,qwen3-vl:4b,aqs-five-field-v2,tools/dataset/captures/live_surveillance_20260629T1003Z/labels_ollama_proposals.csv,promoted,single_model_temporal_plausible,qwen3-vl:4b,1
capture_1213,tools/dataset/captures/live_surveillance_20260629T1003Z/capture_1213.jpg,,,,,,false,test,hcho_raw:8:neighbor_median=45,excluded,auto-consensus,2026-07-21T20:10:35+00:00,,,tools/dataset/captures/live_surveillance_20260629T1003Z/labels_ollama_proposals.csv,excluded,temporal_anomaly,qwen3-vl:4b,0
capture_1214,tools/dataset/captures/live_surveillance_20260629T1003Z/capture_1214.jpg,,,,,,false,test,hcho_raw:82:neighbor_median=45,excluded,auto-consensus,2026-07-21T20:10:35+00:00,,,tools/dataset/captures/live_surveillance_20260629T1003Z/labels_ollama_proposals.csv,excluded,temporal_anomaly,qwen3-vl:4b,0
capture_1215,tools/dataset/captures/live_surveillance_20260629T1003Z/capture_1215.jpg,,,,,,false,test,hcho_raw:83:neighbor_median=45;tvoc_raw:232:neighbor_median=27.5,excluded,auto-consensus,2026-07-21T20:10:35+00:00,,,tools/dataset/captures/live_surveillance_20260629T1003Z/labels_ollama_proposals.csv,excluded,temporal_anomaly,qwen3-vl:4b,0
capture_1216,tools/dataset/captures/live_surveillance_20260629T1003Z/capture_1216.jpg,28,48,932,82,29,true,test,auto_consensus,automated_consensus,auto-consensus,2026-07-21T20:10:35+00:00,qwen3-vl:4b,aqs-five-field-v2,tools/dataset/captures/live_surveillance_20260629T1003Z/labels_ollama_proposals.csv,promoted,single_model_temporal_plausible,qwen3-vl:4b,1
capture_1217,tools/dataset/captures/live_surveillance_20260629T1003Z/capture_1217.jpg,,,,,,false,test,hcho_raw:8:neighbor_median=82,excluded,auto-consensus,2026-07-21T20:10:35+00:00,,,tools/dataset/captures/live_surveillance_20260629T1003Z/labels_ollama_proposals.csv,excluded,temporal_anomaly,qwen3-vl:4b,0
capture_1218,tools/dataset/captures/live_surveillance_20260629T1003Z/capture_1218.jpg,28,48,926,82,26,true,test,auto_consensus,automated_consensus,auto-consensus,2026-07-21T20:10:35+00:00,qwen3-vl:4b,aqs-five-field-v2,tools/dataset/captures/live_surveillance_20260629T1003Z/labels_ollama_proposals.csv,promoted,single_model_temporal_plausible,qwen3-vl:4b,1
capture_1219,tools/dataset/captures/live_surveillance_20260629T1003Z/capture_1219.jpg,28,48,932,82,29,true,test,auto_consensus,automated_consensus,auto-consensus,2026-07-21T20:10:35+00:00,qwen3-vl:4b,aqs-five-field-v2,tools/dataset/captures/live_surveillance_20260629T1003Z/labels_ollama_proposals.csv,promoted,single_model_temporal_plausible,qwen3-vl:4b,1
capture_1220,tools/dataset/captures/live_surveillance_20260629T1003Z/capture_1220.jpg,28,48,932,82,29,true,test,auto_consensus,automated_consensus,auto-consensus,2026-07-21T20:10:35+00:00,qwen3-vl:4b,aqs-five-field-v2,tools/dataset/captures/live_surveillance_20260629T1003Z/labels_ollama_proposals.csv,promoted,single_model_temporal_plausible,qwen3-vl:4b,1
capture_1221,tools/dataset/captures/live_surveillance_20260629T1003Z/capture_1221.jpg,28,48,932,82,29,true,test,auto_consensus,automated_consensus,auto-consensus,2026-07-21T20:10:35+00:00,qwen3-vl:4b,aqs-five-field-v2,tools/dataset/captures/live_surveillance_20260629T1003Z/labels_ollama_proposals.csv,promoted,single_model_temporal_plausible,qwen3-vl:4b,1
capture_1222,tools/dataset/captures/live_surveillance_20260629T1003Z/capture_1222.jpg,28,48,932,82,29,true,test,auto_consensus,automated_consensus,auto-consensus,2026-07-21T20:10:35+00:00,qwen3-vl:4b,aqs-five-field-v2,tools/dataset/captures/live_surveillance_20260629T1003Z/labels_ollama_proposals.csv,promoted,single_model_temporal_plausible,qwen3-vl:4b,1
capture_1223,tools/dataset/captures/live_surveillance_20260629T1003Z/capture_1223.jpg,,,,,,false,test,tvoc_raw:232:neighbor_median=29,excluded,auto-consensus,2026-07-21T20:10:35+00:00,,,tools/dataset/captures/live_surveillance_20260629T1003Z/labels_ollama_proposals.csv,excluded,temporal_anomaly,qwen3-vl:4b,0
capture_1224,tools/dataset/captures/live_surveillance_20260629T1003Z/capture_1224.jpg,,,,,,false,test,tvoc_raw:26:neighbor_median=130.5,excluded,auto-consensus,2026-07-21T20:10:35+00:00,,,tools/dataset/captures/live_surveillance_20260629T1003Z/labels_ollama_proposals.csv,excluded,temporal_anomaly,qwen3-vl:4b,0
capture_1225,tools/dataset/captures/live_surveillance_20260629T1003Z/capture_1225.jpg,,,,,,false,test,tvoc_raw:29:neighbor_median=130.5,excluded,auto-consensus,2026-07-21T20:10:35+00:00,,,tools/dataset/captures/live_surveillance_20260629T1003Z/labels_ollama_proposals.csv,excluded,temporal_anomaly,qwen3-vl:4b,0
capture_1226,tools/dataset/captures/live_surveillance_20260629T1003Z/capture_1226.jpg,,,,,,false,test,tvoc_raw:232:neighbor_median=29,excluded,auto-consensus,2026-07-21T20:10:35+00:00,,,tools/dataset/captures/live_surveillance_20260629T1003Z/labels_ollama_proposals.csv,excluded,temporal_anomaly,qwen3-vl:4b,0
capture_1227,tools/dataset/captures/live_surveillance_20260629T1003Z/capture_1227.jpg,,,,,,false,test,tvoc_raw:29:neighbor_median=232,excluded,auto-consensus,2026-07-21T20:10:35+00:00,,,tools/dataset/captures/live_surveillance_20260629T1003Z/labels_ollama_proposals.csv,excluded,temporal_anomaly,qwen3-vl:4b,0
capture_1228,tools/dataset/captures/live_surveillance_20260629T1003Z/capture_1228.jpg,28,48,937,84,235,true,test,auto_consensus,automated_consensus,auto-consensus,2026-07-21T20:10:35+00:00,qwen3-vl:4b,aqs-five-field-v2,tools/dataset/captures/live_surveillance_20260629T1003Z/labels_ollama_proposals.csv,promoted,single_model_temporal_plausible,qwen3-vl:4b,1
capture_1229,tools/dataset/captures/live_surveillance_20260629T1003Z/capture_1229.jpg,28,48,932,83,232,true,test,auto_consensus,automated_consensus,auto-consensus,2026-07-21T20:10:35+00:00,qwen3-vl:4b,aqs-five-field-v2,tools/dataset/captures/live_surveillance_20260629T1003Z/labels_ollama_proposals.csv,promoted,single_model_temporal_plausible,qwen3-vl:4b,1
capture_1230,tools/dataset/captures/live_surveillance_20260629T1003Z/capture_1230.jpg,28,48,937,83,232,true,test,auto_consensus,automated_consensus,auto-consensus,2026-07-21T20:10:35+00:00,qwen3-vl:4b,aqs-five-field-v2,tools/dataset/captures/live_surveillance_20260629T1003Z/labels_ollama_proposals.csv,promoted,single_model_temporal_plausible,qwen3-vl:4b,1
capture_1231,tools/dataset/captures/live_surveillance_20260629T1003Z/capture_1231.jpg,28,48,937,83,232,true,test,auto_consensus,automated_consensus,auto-consensus,2026-07-21T20:10:35+00:00,qwen3-vl:4b,aqs-five-field-v2,tools/dataset/captures/live_surveillance_20260629T1003Z/labels_ollama_proposals.csv,promoted,single_model_temporal_plausible,qwen3-vl:4b,1
capture_1232,tools/dataset/captures/live_surveillance_20260629T1003Z/capture_1232.jpg,28,48,943,84,232,true,test,auto_consensus,automated_consensus,auto-consensus,2026-07-21T20:10:35+00:00,qwen3-vl:4b,aqs-five-field-v2,tools/dataset/captures/live_surveillance_20260629T1003Z/labels_ollama_proposals.csv,promoted,single_model_temporal_plausible,qwen3-vl:4b,1
capture_1233,tools/dataset/captures/live_surveillance_20260629T1003Z/capture_1233.jpg,28,48,948,84,235,true,test,auto_consensus,automated_consensus,auto-consensus,2026-07-21T20:10:35+00:00,qwen3-vl:4b,aqs-five-field-v2,tools/dataset/captures/live_surveillance_20260629T1003Z/labels_ollama_proposals.csv,promoted,single_model_temporal_plausible,qwen3-vl:4b,1
capture_1234,tools/dataset/captures/live_surveillance_20260629T1003Z/capture_1234.jpg,28,48,943,84,235,true,test,auto_consensus,automated_consensus,auto-consensus,2026-07-21T20:10:35+00:00,qwen3-vl:4b,aqs-five-field-v2,tools/dataset/captures/live_surveillance_20260629T1003Z/labels_ollama_proposals.csv,promoted,single_model_temporal_plausible,qwen3-vl:4b,1
capture_1235,tools/dataset/captures/live_surveillance_20260629T1003Z/capture_1235.jpg,28,48,948,85,238,true,test,auto_consensus,automated_consensus,auto-consensus,2026-07-21T20:10:35+00:00,qwen3-vl:4b,aqs-five-field-v2,tools/dataset/captures/live_surveillance_20260629T1003Z/labels_ollama_proposals.csv,promoted,single_model_temporal_plausible,qwen3-vl:4b,1
capture_1236,tools/dataset/captures/live_surveillance_20260629T1003Z/capture_1236.jpg,28,48,948,84,235,true,test,auto_consensus,automated_consensus,auto-consensus,2026-07-21T20:10:35+00:00,qwen3-vl:4b,aqs-five-field-v2,tools/dataset/captures/live_surveillance_20260629T1003Z/labels_ollama_proposals.csv,promoted,single_model_temporal_plausible,qwen3-vl:4b,1
capture_1237,tools/dataset/captures/live_surveillance_20260629T1003Z/capture_1237.jpg,28,48,948,85,238,true,test,auto_consensus,automated_consensus,auto-consensus,2026-07-21T20:10:35+00:00,qwen3-vl:4b,aqs-five-field-v2,tools/dataset/captures/live_surveillance_20260629T1003Z/labels_ollama_proposals.csv,promoted,single_model_temporal_plausible,qwen3-vl:4b,1
capture_1238,tools/dataset/captures/live_surveillance_20260629T1003Z/capture_1238.jpg,28,48,943,84,235,true,train,auto_consensus,automated_consensus,auto-consensus,2026-07-21T20:10:35+00:00,qwen3-vl:4b,aqs-five-field-v2,tools/dataset/captures/live_surveillance_20260629T1003Z/labels_ollama_proposals.csv,promoted,single_model_temporal_plausible,qwen3-vl:4b,1
capture_1239,tools/dataset/captures/live_surveillance_20260629T1003Z/capture_1239.jpg,28,48,937,84,235,true,train,auto_consensus,automated_consensus,auto-consensus,2026-07-21T20:10:35+00:00,qwen3-vl:4b,aqs-five-field-v2,tools/dataset/captures/live_surveillance_20260629T1003Z/labels_ollama_proposals.csv,promoted,single_model_temporal_plausible,qwen3-vl:4b,1
capture_1240,tools/dataset/captures/live_surveillance_20260629T1003Z/capture_1240.jpg,28,48,937,83,232,true,train,auto_consensus,automated_consensus,auto-consensus,2026-07-21T20:10:35+00:00,qwen3-vl:4b,aqs-five-field-v2,tools/dataset/captures/live_surveillance_20260629T1003Z/labels_ollama_proposals.csv,promoted,single_model_temporal_plausible,qwen3-vl:4b,1
capture_1241,tools/dataset/captures/live_surveillance_20260629T1003Z/capture_1241.jpg,28,48,932,82,232,true,train,auto_consensus,automated_consensus,auto-consensus,2026-07-21T20:10:35+00:00,qwen3-vl:4b,aqs-five-field-v2,tools/dataset/captures/live_surveillance_20260629T1003Z/labels_ollama_proposals.csv,promoted,single_model_temporal_plausible,qwen3-vl:4b,1
capture_1242,tools/dataset/captures/live_surveillance_20260629T1003Z/capture_1242.jpg,28,48,937,83,232,true,train,auto_consensus,automated_consensus,auto-consensus,2026-07-21T20:10:35+00:00,qwen3-vl:4b,aqs-five-field-v2,tools/dataset/captures/live_surveillance_20260629T1003Z/labels_ollama_proposals.csv,promoted,single_model_temporal_plausible,qwen3-vl:4b,1
capture_1243,tools/dataset/captures/live_surveillance_20260629T1003Z/capture_1243.jpg,,,,,,false,train,tvoc_raw:232:neighbor_median=130.5,excluded,auto-consensus,2026-07-21T20:10:35+00:00,,,tools/dataset/captures/live_surveillance_20260629T1003Z/labels_ollama_proposals.csv,excluded,temporal_anomaly,qwen3-vl:4b,0
capture_1244,tools/dataset/captures/live_surveillance_20260629T1003Z/capture_1244.jpg,,,,,,false,train,tvoc_raw:29:neighbor_median=130.5,excluded,auto-consensus,2026-07-21T20:10:35+00:00,,,tools/dataset/captures/live_surveillance_20260629T1003Z/labels_ollama_proposals.csv,excluded,temporal_anomaly,qwen3-vl:4b,0
capture_1245,tools/dataset/captures/live_surveillance_20260629T1003Z/capture_1245.jpg,,,,,,false,train,tvoc_raw:26:neighbor_median=130.5,excluded,auto-consensus,2026-07-21T20:10:35+00:00,,,tools/dataset/captures/live_surveillance_20260629T1003Z/labels_ollama_proposals.csv,excluded,temporal_anomaly,qwen3-vl:4b,0
capture_1246,tools/dataset/captures/live_surveillance_20260629T1003Z/capture_1246.jpg,28,48,932,82,29,true,train,auto_consensus,automated_consensus,auto-consensus,2026-07-21T20:10:35+00:00,qwen3-vl:4b,aqs-five-field-v2,tools/dataset/captures/live_surveillance_20260629T1003Z/labels_ollama_proposals.csv,promoted,single_model_temporal_plausible,qwen3-vl:4b,1
capture_1247,tools/dataset/captures/live_surveillance_20260629T1003Z/capture_1247.jpg,,,,,,false,train,tvoc_raw:232:neighbor_median=27.5,excluded,auto-consensus,2026-07-21T20:10:35+00:00,,,tools/dataset/captures/live_surveillance_20260629T1003Z/labels_ollama_proposals.csv,excluded,temporal_anomaly,qwen3-vl:4b,0
capture_1248,tools/dataset/captures/live_surveillance_20260629T1003Z/capture_1248.jpg,,,,,,false,train,hcho_raw:8:neighbor_median=83;tvoc_raw:26:neighbor_median=232,excluded,auto-consensus,2026-07-21T20:10:35+00:00,,,tools/dataset/captures/live_surveillance_20260629T1003Z/labels_ollama_proposals.csv,excluded,temporal_anomaly,qwen3-vl:4b,0
capture_1249,tools/dataset/captures/live_surveillance_20260629T1003Z/capture_1249.jpg,28,48,932,83,232,true,train,auto_consensus,automated_consensus,auto-consensus,2026-07-21T20:10:35+00:00,qwen3-vl:4b,aqs-five-field-v2,tools/dataset/captures/live_surveillance_20260629T1003Z/labels_ollama_proposals.csv,promoted,single_model_temporal_plausible,qwen3-vl:4b,1
capture_1250,tools/dataset/captures/live_surveillance_20260629T1003Z/capture_1250.jpg,28,48,937,83,232,true,train,auto_consensus,automated_consensus,auto-consensus,2026-07-21T20:10:35+00:00,qwen3-vl:4b,aqs-five-field-v2,tools/dataset/captures/live_surveillance_20260629T1003Z/labels_ollama_proposals.csv,promoted,single_model_temporal_plausible,qwen3-vl:4b,1
capture_1251,tools/dataset/captures/live_surveillance_20260629T1003Z/capture_1251.jpg,28,48,937,84,232,true,train,auto_consensus,automated_consensus,auto-consensus,2026-07-21T20:10:35+00:00,qwen3-vl:4b,aqs-five-field-v2,tools/dataset/captures/live_surveillance_20260629T1003Z/labels_ollama_proposals.csv,promoted,single_model_temporal_plausible,qwen3-vl:4b,1
capture_1252,tools/dataset/captures/live_surveillance_20260629T1003Z/capture_1252.jpg,28,48,937,83,232,true,train,auto_consensus,automated_consensus,auto-consensus,2026-07-21T20:10:35+00:00,qwen3-vl:4b,aqs-five-field-v2,tools/dataset/captures/live_surveillance_20260629T1003Z/labels_ollama_proposals.csv,promoted,single_model_temporal_plausible,qwen3-vl:4b,1
capture_1253,tools/dataset/captures/live_surveillance_20260629T1003Z/capture_1253.jpg,28,48,937,83,232,true,train,auto_consensus,automated_consensus,auto-consensus,2026-07-21T20:10:35+00:00,qwen3-vl:4b,aqs-five-field-v2,tools/dataset/captures/live_surveillance_20260629T1003Z/labels_ollama_proposals.csv,promoted,single_model_temporal_plausible,qwen3-vl:4b,1
capture_1254,tools/dataset/captures/live_surveillance_20260629T1003Z/capture_1254.jpg,28,48,943,84,235,true,train,auto_consensus,automated_consensus,auto-consensus,2026-07-21T20:10:35+00:00,qwen3-vl:4b,aqs-five-field-v2,tools/dataset/captures/live_surveillance_20260629T1003Z/labels_ollama_proposals.csv,promoted,single_model_temporal_plausible,qwen3-vl:4b,1
capture_1255,tools/dataset/captures/live_surveillance_20260629T1003Z/capture_1255.jpg,28,48,937,84,235,true,train,auto_consensus,automated_consensus,auto-consensus,2026-07-21T20:10:35+00:00,qwen3-vl:4b,aqs-five-field-v2,tools/dataset/captures/live_surveillance_20260629T1003Z/labels_ollama_proposals.csv,promoted,single_model_temporal_plausible,qwen3-vl:4b,1
capture_1256,tools/dataset/captures/live_surveillance_20260629T1003Z/capture_1256.jpg,28,48,943,84,232,true,train,auto_consensus,automated_consensus,auto-consensus,2026-07-21T20:10:35+00:00,qwen3-vl:4b,aqs-five-field-v2,tools/dataset/captures/live_surveillance_20260629T1003Z/labels_ollama_proposals.csv,promoted,single_model_temporal_plausible,qwen3-vl:4b,1
capture_1257,tools/dataset/captures/live_surveillance_20260629T1003Z/capture_1257.jpg,28,48,937,83,232,true,train,auto_consensus,automated_consensus,auto-consensus,2026-07-21T20:10:35+00:00,qwen3-vl:4b,aqs-five-field-v2,tools/dataset/captures/live_surveillance_20260629T1003Z/labels_ollama_proposals.csv,promoted,single_model_temporal_plausible,qwen3-vl:4b,1
capture_1258,tools/dataset/captures/live_surveillance_20260629T1003Z/capture_1258.jpg,28,48,937,83,232,true,train,auto_consensus,automated_consensus,auto-consensus,2026-07-21T20:10:35+00:00,qwen3-vl:4b,aqs-five-field-v2,tools/dataset/captures/live_surveillance_20260629T1003Z/labels_ollama_proposals.csv,promoted,single_model_temporal_plausible,qwen3-vl:4b,1
capture_1259,tools/dataset/captures/live_surveillance_20260629T1003Z/capture_1259.jpg,28,48,937,83,232,true,train,auto_consensus,automated_consensus,auto-consensus,2026-07-21T20:10:35+00:00,qwen3-vl:4b,aqs-five-field-v2,tools/dataset/captures/live_surveillance_20260629T1003Z/labels_ollama_proposals.csv,promoted,single_model_temporal_plausible,qwen3-vl:4b,1
capture_1260,tools/dataset/captures/live_surveillance_20260629T1003Z/capture_1260.jpg,28,48,937,83,232,true,train,auto_consensus,automated_consensus,auto-consensus,2026-07-21T20:10:35+00:00,qwen3-vl:4b,aqs-five-field-v2,tools/dataset/captures/live_surveillance_20260629T1003Z/labels_ollama_proposals.csv,promoted,single_model_temporal_plausible,qwen3-vl:4b,1
capture_1261,tools/dataset/captures/live_surveillance_20260629T1003Z/capture_1261.jpg,28,48,937,84,232,true,train,auto_consensus,automated_consensus,auto-consensus,2026-07-21T20:10:35+00:00,qwen3-vl:4b,aqs-five-field-v2,tools/dataset/captures/live_surveillance_20260629T1003Z/labels_ollama_proposals.csv,promoted,single_model_temporal_plausible,qwen3-vl:4b,1
capture_1262,tools/dataset/captures/live_surveillance_20260629T1003Z/capture_1262.jpg,28,48,943,84,235,true,train,auto_consensus,automated_consensus,auto-consensus,2026-07-21T20:10:35+00:00,qwen3-vl:4b,aqs-five-field-v2,tools/dataset/captures/live_surveillance_20260629T1003Z/labels_ollama_proposals.csv,promoted,single_model_temporal_plausible,qwen3-vl:4b,1
capture_1263,tools/dataset/captures/live_surveillance_20260629T1003Z/capture_1263.jpg,28,48,943,84,235,true,train,auto_consensus,automated_consensus,auto-consensus,2026-07-21T20:10:35+00:00,qwen3-vl:4b,aqs-five-field-v2,tools/dataset/captures/live_surveillance_20260629T1003Z/labels_ollama_proposals.csv,promoted,single_model_temporal_plausible,qwen3-vl:4b,1
capture_1264,tools/dataset/captures/live_surveillance_20260629T1003Z/capture_1264.jpg,28,48,943,84,235,true,train,auto_consensus,automated_consensus,auto-consensus,2026-07-21T20:10:35+00:00,qwen3-vl:4b,aqs-five-field-v2,tools/dataset/captures/live_surveillance_20260629T1003Z/labels_ollama_proposals.csv,promoted,single_model_temporal_plausible,qwen3-vl:4b,1
capture_1265,tools/dataset/captures/live_surveillance_20260629T1003Z/capture_1265.jpg,28,48,948,85,238,true,train,auto_consensus,automated_consensus,auto-consensus,2026-07-21T20:10:35+00:00,qwen3-vl:4b,aqs-five-field-v2,tools/dataset/captures/live_surveillance_20260629T1003Z/labels_ollama_proposals.csv,promoted,single_model_temporal_plausible,qwen3-vl:4b,1
capture_1266,tools/dataset/captures/live_surveillance_20260629T1003Z/capture_1266.jpg,28,48,948,85,238,true,train,auto_consensus,automated_consensus,auto-consensus,2026-07-21T20:10:35+00:00,qwen3-vl:4b,aqs-five-field-v2,tools/dataset/captures/live_surveillance_20260629T1003Z/labels_ollama_proposals.csv,promoted,single_model_temporal_plausible,qwen3-vl:4b,1
capture_1267,tools/dataset/captures/live_surveillance_20260629T1003Z/capture_1267.jpg,28,48,948,85,235,true,train,auto_consensus,automated_consensus,auto-consensus,2026-07-21T20:10:35+00:00,qwen3-vl:4b,aqs-five-field-v2,tools/dataset/captures/live_surveillance_20260629T1003Z/labels_ollama_proposals.csv,promoted,single_model_temporal_plausible,qwen3-vl:4b,1
capture_1268,tools/dataset/captures/live_surveillance_20260629T1003Z/capture_1268.jpg,28,48,948,85,235,true,train,auto_consensus,automated_consensus,auto-consensus,2026-07-21T20:10:35+00:00,qwen3-vl:4b,aqs-five-field-v2,tools/dataset/captures/live_surveillance_20260629T1003Z/labels_ollama_proposals.csv,promoted,single_model_temporal_plausible,qwen3-vl:4b,1
capture_1269,tools/dataset/captures/live_surveillance_20260629T1003Z/capture_1269.jpg,28,48,948,85,238,true,train,auto_consensus,automated_consensus,auto-consensus,2026-07-21T20:10:35+00:00,qwen3-vl:4b,aqs-five-field-v2,tools/dataset/captures/live_surveillance_20260629T1003Z/labels_ollama_proposals.csv,promoted,single_model_temporal_plausible,qwen3-vl:4b,1
capture_1270,tools/dataset/captures/live_surveillance_20260629T1003Z/capture_1270.jpg,28,48,943,85,238,true,train,auto_consensus,automated_consensus,auto-consensus,2026-07-21T20:10:35+00:00,qwen3-vl:4b,aqs-five-field-v2,tools/dataset/captures/live_surveillance_20260629T1003Z/labels_ollama_proposals.csv,promoted,single_model_temporal_plausible,qwen3-vl:4b,1
capture_1271,tools/dataset/captures/live_surveillance_20260629T1003Z/capture_1271.jpg,28,48,943,84,235,true,train,auto_consensus,automated_consensus,auto-consensus,2026-07-21T20:10:35+00:00,qwen3-vl:4b,aqs-five-field-v2,tools/dataset/captures/live_surveillance_20260629T1003Z/labels_ollama_proposals.csv,promoted,single_model_temporal_plausible,qwen3-vl:4b,1
capture_1272,tools/dataset/captures/live_surveillance_20260629T1003Z/capture_1272.jpg,28,48,948,84,238,true,train,auto_consensus,automated_consensus,auto-consensus,2026-07-21T20:10:35+00:00,qwen3-vl:4b,aqs-five-field-v2,tools/dataset/captures/live_surveillance_20260629T1003Z/labels_ollama_proposals.csv,promoted,single_model_temporal_plausible,qwen3-vl:4b,1
capture_1273,tools/dataset/captures/live_surveillance_20260629T1003Z/capture_1273.jpg,28,48,948,85,238,true,train,auto_consensus,automated_consensus,auto-consensus,2026-07-21T20:10:35+00:00,qwen3-vl:4b,aqs-five-field-v2,tools/dataset/captures/live_surveillance_20260629T1003Z/labels_ollama_proposals.csv,promoted,single_model_temporal_plausible,qwen3-vl:4b,1
capture_1274,tools/dataset/captures/live_surveillance_20260629T1003Z/capture_1274.jpg,28,48,948,85,238,true,train,auto_consensus,automated_consensus,auto-consensus,2026-07-21T20:10:35+00:00,qwen3-vl:4b,aqs-five-field-v2,tools/dataset/captures/live_surveillance_20260629T1003Z/labels_ollama_proposals.csv,promoted,single_model_temporal_plausible,qwen3-vl:4b,1
capture_1275,tools/dataset/captures/live_surveillance_20260629T1003Z/capture_1275.jpg,28,48,948,85,238,true,train,auto_consensus,automated_consensus,auto-consensus,2026-07-21T20:10:35+00:00,qwen3-vl:4b,aqs-five-field-v2,tools/dataset/captures/live_surveillance_20260629T1003Z/labels_ollama_proposals.csv,promoted,single_model_temporal_plausible,qwen3-vl:4b,1
capture_1276,tools/dataset/captures/live_surveillance_20260629T1003Z/capture_1276.jpg,28,48,948,85,238,true,train,auto_consensus,automated_consensus,auto-consensus,2026-07-21T20:10:35+00:00,qwen3-vl:4b,aqs-five-field-v2,tools/dataset/captures/live_surveillance_20260629T1003Z/labels_ollama_proposals.csv,promoted,single_model_temporal_plausible,qwen3-vl:4b,1
capture_1277,tools/dataset/captures/live_surveillance_20260629T1003Z/capture_1277.jpg,28,48,948,85,238,true,train,auto_consensus,automated_consensus,auto-consensus,2026-07-21T20:10:35+00:00,qwen3-vl:4b,aqs-five-field-v2,tools/dataset/captures/live_surveillance_20260629T1003Z/labels_ollama_proposals.csv,promoted,single_model_temporal_plausible,qwen3-vl:4b,1
capture_1278,tools/dataset/captures/live_surveillance_20260629T1003Z/capture_1278.jpg,28,48,948,85,238,true,train,auto_consensus,automated_consensus,auto-consensus,2026-07-21T20:10:35+00:00,qwen3-vl:4b,aqs-five-field-v2,tools/dataset/captures/live_surveillance_20260629T1003Z/labels_ollama_proposals.csv,promoted,single_model_temporal_plausible,qwen3-vl:4b,1
capture_1279,tools/dataset/captures/live_surveillance_20260629T1003Z/capture_1279.jpg,28,48,948,85,238,true,train,auto_consensus,automated_consensus,auto-consensus,2026-07-21T20:10:35+00:00,qwen3-vl:4b,aqs-five-field-v2,tools/dataset/captures/live_surveillance_20260629T1003Z/labels_ollama_proposals.csv,promoted,single_model_temporal_plausible,qwen3-vl:4b,1
capture_1280,tools/dataset/captures/live_surveillance_20260629T1003Z/capture_1280.jpg,28,48,948,85,238,true,train,auto_consensus,automated_consensus,auto-consensus,2026-07-21T20:10:35+00:00,qwen3-vl:4b,aqs-five-field-v2,tools/dataset/captures/live_surveillance_20260629T1003Z/labels_ollama_proposals.csv,promoted,single_model_temporal_plausible,qwen3-vl:4b,1
capture_1281,tools/dataset/captures/live_surveillance_20260629T1003Z/capture_1281.jpg,28,48,948,85,238,true,train,auto_consensus,automated_consensus,auto-consensus,2026-07-21T20:10:35+00:00,qwen3-vl:4b,aqs-five-field-v2,tools/dataset/captures/live_surveillance_20260629T1003Z/labels_ollama_proposals.csv,promoted,single_model_temporal_plausible,qwen3-vl:4b,1
capture_1282,tools/dataset/captures/live_surveillance_20260629T1003Z/capture_1282.jpg,28,48,948,85,238,true,train,auto_consensus,automated_consensus,auto-consensus,2026-07-21T20:10:35+00:00,qwen3-vl:4b,aqs-five-field-v2,tools/dataset/captures/live_surveillance_20260629T1003Z/labels_ollama_proposals.csv,promoted,single_model_temporal_plausible,qwen3-vl:4b,1
capture_1283,tools/dataset/captures/live_surveillance_20260629T1003Z/capture_1283.jpg,28,48,948,85,238,true,train,auto_consensus,automated_consensus,auto-consensus,2026-07-21T20:10:35+00:00,qwen3-vl:4b,aqs-five-field-v2,tools/dataset/captures/live_surveillance_20260629T1003Z/labels_ollama_proposals.csv,promoted,single_model_temporal_plausible,qwen3-vl:4b,1
capture_1284,tools/dataset/captures/live_surveillance_20260629T1003Z/capture_1284.jpg,28,48,948,85,238,true,train,auto_consensus,automated_consensus,auto-consensus,2026-07-21T20:10:35+00:00,qwen3-vl:4b,aqs-five-field-v2,tools/dataset/captures/live_surveillance_20260629T1003Z/labels_ollama_proposals.csv,promoted,single_model_temporal_plausible,qwen3-vl:4b,1
capture_1285,tools/dataset/captures/live_surveillance_20260629T1003Z/capture_1285.jpg,28,48,948,85,238,true,train,auto_consensus,automated_consensus,auto-consensus,2026-07-21T20:10:35+00:00,qwen3-vl:4b,aqs-five-field-v2,tools/dataset/captures/live_surveillance_20260629T1003Z/labels_ollama_proposals.csv,promoted,single_model_temporal_plausible,qwen3-vl:4b,1
capture_1286,tools/dataset/captures/live_surveillance_20260629T1003Z/capture_1286.jpg,28,48,948,85,238,true,train,auto_consensus,automated_consensus,auto-consensus,2026-07-21T20:10:35+00:00,qwen3-vl:4b,aqs-five-field-v2,tools/dataset/captures/live_surveillance_20260629T1003Z/labels_ollama_proposals.csv,promoted,single_model_temporal_plausible,qwen3-vl:4b,1
capture_1287,tools/dataset/captures/live_surveillance_20260629T1003Z/capture_1287.jpg,28,48,948,85,238,true,train,auto_consensus,automated_consensus,auto-consensus,2026-07-21T20:10:35+00:00,qwen3-vl:4b,aqs-five-field-v2,tools/dataset/captures/live_surveillance_20260629T1003Z/labels_ollama_proposals.csv,promoted,single_model_temporal_plausible,qwen3-vl:4b,1
capture_1288,tools/dataset/captures/live_surveillance_20260629T1003Z/capture_1288.jpg,28,48,954,85,238,true,train,auto_consensus,automated_consensus,auto-consensus,2026-07-21T20:10:35+00:00,qwen3-vl:4b,aqs-five-field-v2,tools/dataset/captures/live_surveillance_20260629T1003Z/labels_ollama_proposals.csv,promoted,single_model_temporal_plausible,qwen3-vl:4b,1
capture_1289,tools/dataset/captures/live_surveillance_20260629T1003Z/capture_1289.jpg,28,48,948,85,238,true,train,auto_consensus,automated_consensus,auto-consensus,2026-07-21T20:10:35+00:00,qwen3-vl:4b,aqs-five-field-v2,tools/dataset/captures/live_surveillance_20260629T1003Z/labels_ollama_proposals.csv,promoted,single_model_temporal_plausible,qwen3-vl:4b,1
capture_1290,tools/dataset/captures/live_surveillance_20260629T1003Z/capture_1290.jpg,28,48,948,85,238,true,train,auto_consensus,automated_consensus,auto-consensus,2026-07-21T20:10:35+00:00,qwen3-vl:4b,aqs-five-field-v2,tools/dataset/captures/live_surveillance_20260629T1003Z/labels_ollama_proposals.csv,promoted,single_model_temporal_plausible,qwen3-vl:4b,1
capture_1291,tools/dataset/captures/live_surveillance_20260629T1003Z/capture_1291.jpg,28,48,948,85,238,true,train,auto_consensus,automated_consensus,auto-consensus,2026-07-21T20:10:35+00:00,qwen3-vl:4b,aqs-five-field-v2,tools/dataset/captures/live_surveillance_20260629T1003Z/labels_ollama_proposals.csv,promoted,single_model_temporal_plausible,qwen3-vl:4b,1
capture_1292,tools/dataset/captures/live_surveillance_20260629T1003Z/capture_1292.jpg,28,48,948,85,238,true,train,auto_consensus,automated_consensus,auto-consensus,2026-07-21T20:10:35+00:00,qwen3-vl:4b,aqs-five-field-v2,tools/dataset/captures/live_surveillance_20260629T1003Z/labels_ollama_proposals.csv,promoted,single_model_temporal_plausible,qwen3-vl:4b,1
capture_1293,tools/dataset/captures/live_surveillance_20260629T1003Z/capture_1293.jpg,28,48,948,85,238,true,train,auto_consensus,automated_consensus,auto-consensus,2026-07-21T20:10:35+00:00,qwen3-vl:4b,aqs-five-field-v2,tools/dataset/captures/live_surveillance_20260629T1003Z/labels_ollama_proposals.csv,promoted,single_model_temporal_plausible,qwen3-vl:4b,1
capture_1294,tools/dataset/captures/live_surveillance_20260629T1003Z/capture_1294.jpg,28,48,948,85,238,true,train,auto_consensus,automated_consensus,auto-consensus,2026-07-21T20:10:35+00:00,qwen3-vl:4b,aqs-five-field-v2,tools/dataset/captures/live_surveillance_20260629T1003Z/labels_ollama_proposals.csv,promoted,single_model_temporal_plausible,qwen3-vl:4b,1
capture_1295,tools/dataset/captures/live_surveillance_20260629T1003Z/capture_1295.jpg,28,48,948,85,238,true,train,auto_consensus,automated_consensus,auto-consensus,2026-07-21T20:10:35+00:00,qwen3-vl:4b,aqs-five-field-v2,tools/dataset/captures/live_surveillance_20260629T1003Z/labels_ollama_proposals.csv,promoted,single_model_temporal_plausible,qwen3-vl:4b,1
capture_1296,tools/dataset/captures/live_surveillance_20260629T1003Z/capture_1296.jpg,28,48,948,85,238,true,train,auto_consensus,automated_consensus,auto-consensus,2026-07-21T20:10:35+00:00,qwen3-vl:4b,aqs-five-field-v2,tools/dataset/captures/live_surveillance_20260629T1003Z/labels_ollama_proposals.csv,promoted,single_model_temporal_plausible,qwen3-vl:4b,1
capture_1297,tools/dataset/captures/live_surveillance_20260629T1003Z/capture_1297.jpg,28,48,948,85,238,true,train,auto_consensus,automated_consensus,auto-consensus,2026-07-21T20:10:35+00:00,qwen3-vl:4b,aqs-five-field-v2,tools/dataset/captures/live_surveillance_20260629T1003Z/labels_ollama_proposals.csv,promoted,single_model_temporal_plausible,qwen3-vl:4b,1
capture_1298,tools/dataset/captures/live_surveillance_20260629T1003Z/capture_1298.jpg,28,48,948,85,238,true,train,auto_consensus,automated_consensus,auto-consensus,2026-07-21T20:10:35+00:00,qwen3-vl:4b,aqs-five-field-v2,tools/dataset/captures/live_surveillance_20260629T1003Z/labels_ollama_proposals.csv,promoted,single_model_temporal_plausible,qwen3-vl:4b,1
capture_1299,tools/dataset/captures/live_surveillance_20260629T1003Z/capture_1299.jpg,28,48,948,85,238,true,train,auto_consensus,automated_consensus,auto-consensus,2026-07-21T20:10:35+00:00,qwen3-vl:4b,aqs-five-field-v2,tools/dataset/captures/live_surveillance_20260629T1003Z/labels_ollama_proposals.csv,promoted,single_model_temporal_plausible,qwen3-vl:4b,1
capture_1300,tools/dataset/captures/live_surveillance_20260629T1003Z/capture_1300.jpg,28,48,948,85,238,true,train,auto_consensus,automated_consensus,auto-consensus,2026-07-21T20:10:35+00:00,qwen3-vl:4b,aqs-five-field-v2,tools/dataset/captures/live_surveillance_20260629T1003Z/labels_ollama_proposals.csv,promoted,single_model_temporal_plausible,qwen3-vl:4b,1
capture_1301,tools/dataset/captures/live_surveillance_20260629T1003Z/capture_1301.jpg,28,48,948,85,238,true,train,auto_consensus,automated_consensus,auto-consensus,2026-07-21T20:10:35+00:00,qwen3-vl:4b,aqs-five-field-v2,tools/dataset/captures/live_surveillance_20260629T1003Z/labels_ollama_proposals.csv,promoted,single_model_temporal_plausible,qwen3-vl:4b,1
capture_1302,tools/dataset/captures/live_surveillance_20260629T1003Z/capture_1302.jpg,28,48,948,85,238,true,train,auto_consensus,automated_consensus,auto-consensus,2026-07-21T20:10:35+00:00,qwen3-vl:4b,aqs-five-field-v2,tools/dataset/captures/live_surveillance_20260629T1003Z/labels_ollama_proposals.csv,promoted,single_model_temporal_plausible,qwen3-vl:4b,1
capture_1303,tools/dataset/captures/live_surveillance_20260629T1003Z/capture_1303.jpg,28,48,948,85,238,true,train,auto_consensus,automated_consensus,auto-consensus,2026-07-21T20:10:35+00:00,qwen3-vl:4b,aqs-five-field-v2,tools/dataset/captures/live_surveillance_20260629T1003Z/labels_ollama_proposals.csv,promoted,single_model_temporal_plausible,qwen3-vl:4b,1
capture_1304,tools/dataset/captures/live_surveillance_20260629T1003Z/capture_1304.jpg,28,48,948,85,238,true,train,auto_consensus,automated_consensus,auto-consensus,2026-07-21T20:10:35+00:00,qwen3-vl:4b,aqs-five-field-v2,tools/dataset/captures/live_surveillance_20260629T1003Z/labels_ollama_proposals.csv,promoted,single_model_temporal_plausible,qwen3-vl:4b,1
capture_1305,tools/dataset/captures/live_surveillance_20260629T1003Z/capture_1305.jpg,28,48,948,85,238,true,train,auto_consensus,automated_consensus,auto-consensus,2026-07-21T20:10:35+00:00,qwen3-vl:4b,aqs-five-field-v2,tools/dataset/captures/live_surveillance_20260629T1003Z/labels_ollama_proposals.csv,promoted,single_model_temporal_plausible,qwen3-vl:4b,1
capture_1306,tools/dataset/captures/live_surveillance_20260629T1003Z/capture_1306.jpg,28,48,948,85,238,true,train,auto_consensus,automated_consensus,auto-consensus,2026-07-21T20:10:35+00:00,qwen3-vl:4b,aqs-five-field-v2,tools/dataset/captures/live_surveillance_20260629T1003Z/labels_ollama_proposals.csv,promoted,single_model_temporal_plausible,qwen3-vl:4b,1
capture_1307,tools/dataset/captures/live_surveillance_20260629T1003Z/capture_1307.jpg,28,48,948,85,238,true,train,auto_consensus,automated_consensus,auto-consensus,2026-07-21T20:10:35+00:00,qwen3-vl:4b,aqs-five-field-v2,tools/dataset/captures/live_surveillance_20260629T1003Z/labels_ollama_proposals.csv,promoted,single_model_temporal_plausible,qwen3-vl:4b,1
capture_1308,tools/dataset/captures/live_surveillance_20260629T1003Z/capture_1308.jpg,28,48,948,85,238,true,train,auto_consensus,automated_consensus,auto-consensus,2026-07-21T20:10:35+00:00,qwen3-vl:4b,aqs-five-field-v2,tools/dataset/captures/live_surveillance_20260629T1003Z/labels_ollama_proposals.csv,promoted,single_model_temporal_plausible,qwen3-vl:4b,1
capture_1309,tools/dataset/captures/live_surveillance_20260629T1003Z/capture_1309.jpg,28,48,948,85,238,true,train,auto_consensus,automated_consensus,auto-consensus,2026-07-21T20:10:35+00:00,qwen3-vl:4b,aqs-five-field-v2,tools/dataset/captures/live_surveillance_20260629T1003Z/labels_ollama_proposals.csv,promoted,single_model_temporal_plausible,qwen3-vl:4b,1
capture_1310,tools/dataset/captures/live_surveillance_20260629T1003Z/capture_1310.jpg,28,48,948,85,238,true,train,auto_consensus,automated_consensus,auto-consensus,2026-07-21T20:10:35+00:00,qwen3-vl:4b,aqs-five-field-v2,tools/dataset/captures/live_surveillance_20260629T1003Z/labels_ollama_proposals.csv,promoted,single_model_temporal_plausible,qwen3-vl:4b,1
capture_1311,tools/dataset/captures/live_surveillance_20260629T1003Z/capture_1311.jpg,28,48,948,85,238,true,train,auto_consensus,automated_consensus,auto-consensus,2026-07-21T20:10:35+00:00,qwen3-vl:4b,aqs-five-field-v2,tools/dataset/captures/live_surveillance_20260629T1003Z/labels_ollama_proposals.csv,promoted,single_model_temporal_plausible,qwen3-vl:4b,1
capture_1312,tools/dataset/captures/live_surveillance_20260629T1003Z/capture_1312.jpg,28,48,948,85,238,true,train,auto_consensus,automated_consensus,auto-consensus,2026-07-21T20:10:35+00:00,qwen3-vl:4b,aqs-five-field-v2,tools/dataset/captures/live_surveillance_20260629T1003Z/labels_ollama_proposals.csv,promoted,single_model_temporal_plausible,qwen3-vl:4b,1
capture_1313,tools/dataset/captures/live_surveillance_20260629T1003Z/capture_1313.jpg,28,48,948,85,238,true,train,auto_consensus,automated_consensus,auto-consensus,2026-07-21T20:10:35+00:00,qwen3-vl:4b,aqs-five-field-v2,tools/dataset/captures/live_surveillance_20260629T1003Z/labels_ollama_proposals.csv,promoted,single_model_temporal_plausible,qwen3-vl:4b,1
capture_1314,tools/dataset/captures/live_surveillance_20260629T1003Z/capture_1314.jpg,28,48,948,85,238,true,train,auto_consensus,automated_consensus,auto-consensus,2026-07-21T20:10:35+00:00,qwen3-vl:4b,aqs-five-field-v2,tools/dataset/captures/live_surveillance_20260629T1003Z/labels_ollama_proposals.csv,promoted,single_model_temporal_plausible,qwen3-vl:4b,1
capture_1315,tools/dataset/captures/live_surveillance_20260629T1003Z/capture_1315.jpg,28,48,948,85,238,true,train,auto_consensus,automated_consensus,auto-consensus,2026-07-21T20:10:35+00:00,qwen3-vl:4b,aqs-five-field-v2,tools/dataset/captures/live_surveillance_20260629T1003Z/labels_ollama_proposals.csv,promoted,single_model_temporal_plausible,qwen3-vl:4b,1
capture_1316,tools/dataset/captures/live_surveillance_20260629T1003Z/capture_1316.jpg,28,48,948,85,238,true,train,auto_consensus,automated_consensus,auto-consensus,2026-07-21T20:10:35+00:00,qwen3-vl:4b,aqs-five-field-v2,tools/dataset/captures/live_surveillance_20260629T1003Z/labels_ollama_proposals.csv,promoted,single_model_temporal_plausible,qwen3-vl:4b,1
capture_1317,tools/dataset/captures/live_surveillance_20260629T1003Z/capture_1317.jpg,28,48,948,85,238,true,train,auto_consensus,automated_consensus,auto-consensus,2026-07-21T20:10:35+00:00,qwen3-vl:4b,aqs-five-field-v2,tools/dataset/captures/live_surveillance_20260629T1003Z/labels_ollama_proposals.csv,promoted,single_model_temporal_plausible,qwen3-vl:4b,1
capture_1318,tools/dataset/captures/live_surveillance_20260629T1003Z/capture_1318.jpg,28,48,948,85,238,true,validation,auto_consensus,automated_consensus,auto-consensus,2026-07-21T20:10:35+00:00,qwen3-vl:4b,aqs-five-field-v2,tools/dataset/captures/live_surveillance_20260629T1003Z/labels_ollama_proposals.csv,promoted,single_model_temporal_plausible,qwen3-vl:4b,1
capture_1319,tools/dataset/captures/live_surveillance_20260629T1003Z/capture_1319.jpg,28,48,954,86,238,true,validation,auto_consensus,automated_consensus,auto-consensus,2026-07-21T20:10:35+00:00,qwen3-vl:4b,aqs-five-field-v2,tools/dataset/captures/live_surveillance_20260629T1003Z/labels_ollama_proposals.csv,promoted,single_model_temporal_plausible,qwen3-vl:4b,1
capture_1320,tools/dataset/captures/live_surveillance_20260629T1003Z/capture_1320.jpg,,,,,,false,validation,tvoc_raw:20:neighbor_median=238,excluded,auto-consensus,2026-07-21T20:10:35+00:00,,,tools/dataset/captures/live_surveillance_20260629T1003Z/labels_ollama_proposals.csv,excluded,temporal_anomaly,qwen3-vl:4b,0
capture_1321,tools/dataset/captures/live_surveillance_20260629T1003Z/capture_1321.jpg,28,48,948,85,238,true,validation,auto_consensus,automated_consensus,auto-consensus,2026-07-21T20:10:35+00:00,qwen3-vl:4b,aqs-five-field-v2,tools/dataset/captures/live_surveillance_20260629T1003Z/labels_ollama_proposals.csv,promoted,single_model_temporal_plausible,qwen3-vl:4b,1
capture_1322,tools/dataset/captures/live_surveillance_20260629T1003Z/capture_1322.jpg,28,48,948,85,238,true,validation,auto_consensus,automated_consensus,auto-consensus,2026-07-21T20:10:35+00:00,qwen3-vl:4b,aqs-five-field-v2,tools/dataset/captures/live_surveillance_20260629T1003Z/labels_ollama_proposals.csv,promoted,single_model_temporal_plausible,qwen3-vl:4b,1
capture_1323,tools/dataset/captures/live_surveillance_20260629T1003Z/capture_1323.jpg,28,48,948,85,238,true,validation,auto_consensus,automated_consensus,auto-consensus,2026-07-21T20:10:35+00:00,qwen3-vl:4b,aqs-five-field-v2,tools/dataset/captures/live_surveillance_20260629T1003Z/labels_ollama_proposals.csv,promoted,single_model_temporal_plausible,qwen3-vl:4b,1
capture_1324,tools/dataset/captures/live_surveillance_20260629T1003Z/capture_1324.jpg,28,48,948,85,238,true,validation,auto_consensus,automated_consensus,auto-consensus,2026-07-21T20:10:35+00:00,qwen3-vl:4b,aqs-five-field-v2,tools/dataset/captures/live_surveillance_20260629T1003Z/labels_ollama_proposals.csv,promoted,single_model_temporal_plausible,qwen3-vl:4b,1
capture_1325,tools/dataset/captures/live_surveillance_20260629T1003Z/capture_1325.jpg,28,48,948,85,238,true,validation,auto_consensus,automated_consensus,auto-consensus,2026-07-21T20:10:35+00:00,qwen3-vl:4b,aqs-five-field-v2,tools/dataset/captures/live_surveillance_20260629T1003Z/labels_ollama_proposals.csv,promoted,single_model_temporal_plausible,qwen3-vl:4b,1
capture_1326,tools/dataset/captures/live_surveillance_20260629T1003Z/capture_1326.jpg,28,48,948,85,238,true,validation,auto_consensus,automated_consensus,auto-consensus,2026-07-21T20:10:35+00:00,qwen3-vl:4b,aqs-five-field-v2,tools/dataset/captures/live_surveillance_20260629T1003Z/labels_ollama_proposals.csv,promoted,single_model_temporal_plausible,qwen3-vl:4b,1
capture_1327,tools/dataset/captures/live_surveillance_20260629T1003Z/capture_1327.jpg,28,48,948,85,238,true,validation,auto_consensus,automated_consensus,auto-consensus,2026-07-21T20:10:35+00:00,qwen3-vl:4b,aqs-five-field-v2,tools/dataset/captures/live_surveillance_20260629T1003Z/labels_ollama_proposals.csv,promoted,single_model_temporal_plausible,qwen3-vl:4b,1
capture_1328,tools/dataset/captures/live_surveillance_20260629T1003Z/capture_1328.jpg,28,48,948,85,238,true,validation,auto_consensus,automated_consensus,auto-consensus,2026-07-21T20:10:35+00:00,qwen3-vl:4b,aqs-five-field-v2,tools/dataset/captures/live_surveillance_20260629T1003Z/labels_ollama_proposals.csv,promoted,single_model_temporal_plausible,qwen3-vl:4b,1
capture_1329,tools/dataset/captures/live_surveillance_20260629T1003Z/capture_1329.jpg,28,48,948,85,238,true,validation,auto_consensus,automated_consensus,auto-consensus,2026-07-21T20:10:35+00:00,qwen3-vl:4b,aqs-five-field-v2,tools/dataset/captures/live_surveillance_20260629T1003Z/labels_ollama_proposals.csv,promoted,single_model_temporal_plausible,qwen3-vl:4b,1
capture_1330,tools/dataset/captures/live_surveillance_20260629T1003Z/capture_1330.jpg,28,48,948,85,238,true,validation,auto_consensus,automated_consensus,auto-consensus,2026-07-21T20:10:35+00:00,qwen3-vl:4b,aqs-five-field-v2,tools/dataset/captures/live_surveillance_20260629T1003Z/labels_ollama_proposals.csv,promoted,single_model_temporal_plausible,qwen3-vl:4b,1
capture_1331,tools/dataset/captures/live_surveillance_20260629T1003Z/capture_1331.jpg,28,48,948,85,238,true,validation,auto_consensus,automated_consensus,auto-consensus,2026-07-21T20:10:35+00:00,qwen3-vl:4b,aqs-five-field-v2,tools/dataset/captures/live_surveillance_20260629T1003Z/labels_ollama_proposals.csv,promoted,single_model_temporal_plausible,qwen3-vl:4b,1
capture_1332,tools/dataset/captures/live_surveillance_20260629T1003Z/capture_1332.jpg,28,48,948,85,238,true,validation,auto_consensus,automated_consensus,auto-consensus,2026-07-21T20:10:35+00:00,qwen3-vl:4b,aqs-five-field-v2,tools/dataset/captures/live_surveillance_20260629T1003Z/labels_ollama_proposals.csv,promoted,single_model_temporal_plausible,qwen3-vl:4b,1
capture_1333,tools/dataset/captures/live_surveillance_20260629T1003Z/capture_1333.jpg,28,48,948,85,238,true,validation,auto_consensus,automated_consensus,auto-consensus,2026-07-21T20:10:35+00:00,qwen3-vl:4b,aqs-five-field-v2,tools/dataset/captures/live_surveillance_20260629T1003Z/labels_ollama_proposals.csv,promoted,single_model_temporal_plausible,qwen3-vl:4b,1
capture_1334,tools/dataset/captures/live_surveillance_20260629T1003Z/capture_1334.jpg,28,48,948,85,238,true,validation,auto_consensus,automated_consensus,auto-consensus,2026-07-21T20:10:35+00:00,qwen3-vl:4b,aqs-five-field-v2,tools/dataset/captures/live_surveillance_20260629T1003Z/labels_ollama_proposals.csv,promoted,single_model_temporal_plausible,qwen3-vl:4b,1
capture_1335,tools/dataset/captures/live_surveillance_20260629T1003Z/capture_1335.jpg,,,,,,false,validation,tvoc_raw:238:neighbor_median=129,excluded,auto-consensus,2026-07-21T20:10:35+00:00,,,tools/dataset/captures/live_surveillance_20260629T1003Z/labels_ollama_proposals.csv,excluded,temporal_anomaly,qwen3-vl:4b,0
capture_1336,tools/dataset/captures/live_surveillance_20260629T1003Z/capture_1336.jpg,,,,,,false,validation,tvoc_raw:20:neighbor_median=129,excluded,auto-consensus,2026-07-21T20:10:35+00:00,,,tools/dataset/captures/live_surveillance_20260629T1003Z/labels_ollama_proposals.csv,excluded,temporal_anomaly,qwen3-vl:4b,0
capture_1337,tools/dataset/captures/live_surveillance_20260629T1003Z/capture_1337.jpg,28,48,954,86,20,true,validation,auto_consensus,automated_consensus,auto-consensus,2026-07-21T20:10:35+00:00,qwen3-vl:4b,aqs-five-field-v2,tools/dataset/captures/live_surveillance_20260629T1003Z/labels_ollama_proposals.csv,promoted,single_model_temporal_plausible,qwen3-vl:4b,1
capture_1338,tools/dataset/captures/live_surveillance_20260629T1003Z/capture_1338.jpg,28,48,954,86,20,true,validation,auto_consensus,automated_consensus,auto-consensus,2026-07-21T20:10:35+00:00,qwen3-vl:4b,aqs-five-field-v2,tools/dataset/captures/live_surveillance_20260629T1003Z/labels_ollama_proposals.csv,promoted,single_model_temporal_plausible,qwen3-vl:4b,1
capture_1339,tools/dataset/captures/live_surveillance_20260629T1003Z/capture_1339.jpg,28,48,954,87,20,true,validation,auto_consensus,automated_consensus,auto-consensus,2026-07-21T20:10:35+00:00,qwen3-vl:4b,aqs-five-field-v2,tools/dataset/captures/live_surveillance_20260629T1003Z/labels_ollama_proposals.csv,promoted,single_model_temporal_plausible,qwen3-vl:4b,1
capture_1340,tools/dataset/captures/live_surveillance_20260629T1003Z/capture_1340.jpg,28,48,954,86,20,true,validation,auto_consensus,automated_consensus,auto-consensus,2026-07-21T20:10:35+00:00,qwen3-vl:4b,aqs-five-field-v2,tools/dataset/captures/live_surveillance_20260629T1003Z/labels_ollama_proposals.csv,promoted,single_model_temporal_plausible,qwen3-vl:4b,1
capture_1341,tools/dataset/captures/live_surveillance_20260629T1003Z/capture_1341.jpg,,,,,,false,validation,tvoc_raw:243:neighbor_median=20,excluded,auto-consensus,2026-07-21T20:10:35+00:00,,,tools/dataset/captures/live_surveillance_20260629T1003Z/labels_ollama_proposals.csv,excluded,temporal_anomaly,qwen3-vl:4b,0
capture_1342,tools/dataset/captures/live_surveillance_20260629T1003Z/capture_1342.jpg,,,,,,false,validation,tvoc_raw:20:neighbor_median=129,excluded,auto-consensus,2026-07-21T20:10:35+00:00,,,tools/dataset/captures/live_surveillance_20260629T1003Z/labels_ollama_proposals.csv,excluded,temporal_anomaly,qwen3-vl:4b,0
capture_1343,tools/dataset/captures/live_surveillance_20260629T1003Z/capture_1343.jpg,,,,,,false,validation,tvoc_raw:20:neighbor_median=129,excluded,auto-consensus,2026-07-21T20:10:35+00:00,,,tools/dataset/captures/live_surveillance_20260629T1003Z/labels_ollama_proposals.csv,excluded,temporal_anomaly,qwen3-vl:4b,0
capture_1344,tools/dataset/captures/live_surveillance_20260629T1003Z/capture_1344.jpg,,,,,,false,validation,tvoc_raw:238:neighbor_median=20,excluded,auto-consensus,2026-07-21T20:10:35+00:00,,,tools/dataset/captures/live_surveillance_20260629T1003Z/labels_ollama_proposals.csv,excluded,temporal_anomaly,qwen3-vl:4b,0
capture_1345,tools/dataset/captures/live_surveillance_20260629T1003Z/capture_1345.jpg,28,48,954,86,20,true,validation,auto_consensus,automated_consensus,auto-consensus,2026-07-21T20:10:35+00:00,qwen3-vl:4b,aqs-five-field-v2,tools/dataset/captures/live_surveillance_20260629T1003Z/labels_ollama_proposals.csv,promoted,single_model_temporal_plausible,qwen3-vl:4b,1
capture_1346,tools/dataset/captures/live_surveillance_20260629T1003Z/capture_1346.jpg,,,,,,false,validation,,excluded,auto-consensus,2026-07-21T20:10:35+00:00,,,tools/dataset/captures/live_surveillance_20260629T1003Z/labels_ollama_proposals.csv,excluded,display_not_found,qwen3-vl:4b,0
capture_1347,tools/dataset/captures/live_surveillance_20260629T1003Z/capture_1347.jpg,28,48,954,87,20,true,validation,auto_consensus,automated_consensus,auto-consensus,2026-07-21T20:10:35+00:00,qwen3-vl:4b,aqs-five-field-v2,tools/dataset/captures/live_surveillance_20260629T1003Z/labels_ollama_proposals.csv,promoted,single_model_temporal_plausible,qwen3-vl:4b,1
capture_1348,tools/dataset/captures/live_surveillance_20260629T1003Z/capture_1348.jpg,28,48,954,87,20,true,validation,auto_consensus,automated_consensus,auto-consensus,2026-07-21T20:10:35+00:00,qwen3-vl:4b,aqs-five-field-v2,tools/dataset/captures/live_surveillance_20260629T1003Z/labels_ollama_proposals.csv,promoted,single_model_temporal_plausible,qwen3-vl:4b,1
capture_1349,tools/dataset/captures/live_surveillance_20260629T1003Z/capture_1349.jpg,,,,,,false,validation,tvoc_raw:243:neighbor_median=20,excluded,auto-consensus,2026-07-21T20:10:35+00:00,,,tools/dataset/captures/live_surveillance_20260629T1003Z/labels_ollama_proposals.csv,excluded,temporal_anomaly,qwen3-vl:4b,0
capture_1350,tools/dataset/captures/live_surveillance_20260629T1003Z/capture_1350.jpg,28,48,954,86,20,true,validation,auto_consensus,automated_consensus,auto-consensus,2026-07-21T20:10:35+00:00,qwen3-vl:4b,aqs-five-field-v2,tools/dataset/captures/live_surveillance_20260629T1003Z/labels_ollama_proposals.csv,promoted,single_model_temporal_plausible,qwen3-vl:4b,1
capture_1351,tools/dataset/captures/live_surveillance_20260629T1003Z/capture_1351.jpg,,,,,,false,validation,tvoc_raw:20:neighbor_median=131.5,excluded,auto-consensus,2026-07-21T20:10:35+00:00,,,tools/dataset/captures/live_surveillance_20260629T1003Z/labels_ollama_proposals.csv,excluded,temporal_anomaly,qwen3-vl:4b,0
capture_1352,tools/dataset/captures/live_surveillance_20260629T1003Z/capture_1352.jpg,28,48,959,86,20,true,validation,auto_consensus,automated_consensus,auto-consensus,2026-07-21T20:10:35+00:00,qwen3-vl:4b,aqs-five-field-v2,tools/dataset/captures/live_surveillance_20260629T1003Z/labels_ollama_proposals.csv,promoted,single_model_temporal_plausible,qwen3-vl:4b,1
capture_1353,tools/dataset/captures/live_surveillance_20260629T1003Z/capture_1353.jpg,,,,,,false,validation,tvoc_raw:243:neighbor_median=20,excluded,auto-consensus,2026-07-21T20:10:35+00:00,,,tools/dataset/captures/live_surveillance_20260629T1003Z/labels_ollama_proposals.csv,excluded,temporal_anomaly,qwen3-vl:4b,0
capture_1354,tools/dataset/captures/live_surveillance_20260629T1003Z/capture_1354.jpg,,,,,,false,validation,tvoc_raw:20:neighbor_median=131.5,excluded,auto-consensus,2026-07-21T20:10:35+00:00,,,tools/dataset/captures/live_surveillance_20260629T1003Z/labels_ollama_proposals.csv,excluded,temporal_anomaly,qwen3-vl:4b,0
capture_1355,tools/dataset/captures/live_surveillance_20260629T1003Z/capture_1355.jpg,,,,,,false,validation,tvoc_raw:20:neighbor_median=243,excluded,auto-consensus,2026-07-21T20:10:35+00:00,,,tools/dataset/captures/live_surveillance_20260629T1003Z/labels_ollama_proposals.csv,excluded,temporal_anomaly,qwen3-vl:4b,0
capture_1356,tools/dataset/captures/live_surveillance_20260629T1003Z/capture_1356.jpg,,,,,,false,validation,tvoc_raw:243:neighbor_median=20,excluded,auto-consensus,2026-07-21T20:10:35+00:00,,,tools/dataset/captures/live_surveillance_20260629T1003Z/labels_ollama_proposals.csv,excluded,temporal_anomaly,qwen3-vl:4b,0
capture_1357,tools/dataset/captures/live_surveillance_20260629T1003Z/capture_1357.jpg,,,,,,false,validation,tvoc_raw:243:neighbor_median=131.5,excluded,auto-consensus,2026-07-21T20:10:35+00:00,,,tools/dataset/captures/live_surveillance_20260629T1003Z/labels_ollama_proposals.csv,excluded,temporal_anomaly,qwen3-vl:4b,0
capture_1358,tools/dataset/captures/live_surveillance_20260629T1003Z/capture_1358.jpg,,,,,,false,validation,tvoc_raw:20:neighbor_median=243,excluded,auto-consensus,2026-07-21T20:10:35+00:00,,,tools/dataset/captures/live_surveillance_20260629T1003Z/labels_ollama_proposals.csv,excluded,temporal_anomaly,qwen3-vl:4b,0
capture_1359,tools/dataset/captures/live_surveillance_20260629T1003Z/capture_1359.jpg,,,,,,false,validation,tvoc_raw:243:neighbor_median=131.5,excluded,auto-consensus,2026-07-21T20:10:35+00:00,,,tools/dataset/captures/live_surveillance_20260629T1003Z/labels_ollama_proposals.csv,excluded,temporal_anomaly,qwen3-vl:4b,0
capture_1360,tools/dataset/captures/live_surveillance_20260629T1003Z/capture_1360.jpg,,,,,,false,validation,tvoc_raw:20:neighbor_median=243,excluded,auto-consensus,2026-07-21T20:10:35+00:00,,,tools/dataset/captures/live_surveillance_20260629T1003Z/labels_ollama_proposals.csv,excluded,temporal_anomaly,qwen3-vl:4b,0
capture_1361,tools/dataset/captures/live_surveillance_20260629T1003Z/capture_1361.jpg,28,48,959,87,243,true,validation,auto_consensus,automated_consensus,auto-consensus,2026-07-21T20:10:35+00:00,qwen3-vl:4b,aqs-five-field-v2,tools/dataset/captures/live_surveillance_20260629T1003Z/labels_ollama_proposals.csv,promoted,single_model_temporal_plausible,qwen3-vl:4b,1
capture_1362,tools/dataset/captures/live_surveillance_20260629T1003Z/capture_1362.jpg,28,48,959,87,243,true,validation,auto_consensus,automated_consensus,auto-consensus,2026-07-21T20:10:35+00:00,qwen3-vl:4b,aqs-five-field-v2,tools/dataset/captures/live_surveillance_20260629T1003Z/labels_ollama_proposals.csv,promoted,single_model_temporal_plausible,qwen3-vl:4b,1
capture_1363,tools/dataset/captures/live_surveillance_20260629T1003Z/capture_1363.jpg,,,,,,false,validation,,excluded,auto-consensus,2026-07-21T20:10:35+00:00,,,tools/dataset/captures/live_surveillance_20260629T1003Z/labels_ollama_proposals.csv,excluded,display_not_found,qwen3-vl:4b,0
capture_1364,tools/dataset/captures/live_surveillance_20260629T1003Z/capture_1364.jpg,28,48,959,87,243,true,validation,auto_consensus,automated_consensus,auto-consensus,2026-07-21T20:10:35+00:00,qwen3-vl:4b,aqs-five-field-v2,tools/dataset/captures/live_surveillance_20260629T1003Z/labels_ollama_proposals.csv,promoted,single_model_temporal_plausible,qwen3-vl:4b,1
capture_1365,tools/dataset/captures/live_surveillance_20260629T1003Z/capture_1365.jpg,,,,,,false,validation,tvoc_raw:20:neighbor_median=243,excluded,auto-consensus,2026-07-21T20:10:35+00:00,,,tools/dataset/captures/live_surveillance_20260629T1003Z/labels_ollama_proposals.csv,excluded,temporal_anomaly,qwen3-vl:4b,0
capture_1366,tools/dataset/captures/live_surveillance_20260629T1003Z/capture_1366.jpg,28,48,959,87,243,true,validation,auto_consensus,automated_consensus,auto-consensus,2026-07-21T20:10:35+00:00,qwen3-vl:4b,aqs-five-field-v2,tools/dataset/captures/live_surveillance_20260629T1003Z/labels_ollama_proposals.csv,promoted,single_model_temporal_plausible,qwen3-vl:4b,1
capture_1367,tools/dataset/captures/live_surveillance_20260629T1003Z/capture_1367.jpg,28,48,959,87,243,true,validation,auto_consensus,automated_consensus,auto-consensus,2026-07-21T20:10:35+00:00,qwen3-vl:4b,aqs-five-field-v2,tools/dataset/captures/live_surveillance_20260629T1003Z/labels_ollama_proposals.csv,promoted,single_model_temporal_plausible,qwen3-vl:4b,1
capture_1368,tools/dataset/captures/live_surveillance_20260629T1003Z/capture_1368.jpg,28,48,959,87,243,true,validation,auto_consensus,automated_consensus,auto-consensus,2026-07-21T20:10:35+00:00,qwen3-vl:4b,aqs-five-field-v2,tools/dataset/captures/live_surveillance_20260629T1003Z/labels_ollama_proposals.csv,promoted,single_model_temporal_plausible,qwen3-vl:4b,1
capture_1369,tools/dataset/captures/live_surveillance_20260629T1003Z/capture_1369.jpg,28,48,959,87,243,true,validation,auto_consensus,automated_consensus,auto-consensus,2026-07-21T20:10:35+00:00,qwen3-vl:4b,aqs-five-field-v2,tools/dataset/captures/live_surveillance_20260629T1003Z/labels_ollama_proposals.csv,promoted,single_model_temporal_plausible,qwen3-vl:4b,1
capture_1370,tools/dataset/captures/live_surveillance_20260629T1003Z/capture_1370.jpg,28,48,959,87,243,true,validation,auto_consensus,automated_consensus,auto-consensus,2026-07-21T20:10:35+00:00,qwen3-vl:4b,aqs-five-field-v2,tools/dataset/captures/live_surveillance_20260629T1003Z/labels_ollama_proposals.csv,promoted,single_model_temporal_plausible,qwen3-vl:4b,1
capture_1371,tools/dataset/captures/live_surveillance_20260629T1003Z/capture_1371.jpg,28,48,959,87,243,true,validation,auto_consensus,automated_consensus,auto-consensus,2026-07-21T20:10:35+00:00,qwen3-vl:4b,aqs-five-field-v2,tools/dataset/captures/live_surveillance_20260629T1003Z/labels_ollama_proposals.csv,promoted,single_model_temporal_plausible,qwen3-vl:4b,1
capture_1372,tools/dataset/captures/live_surveillance_20260629T1003Z/capture_1372.jpg,28,48,959,87,243,true,validation,auto_consensus,automated_consensus,auto-consensus,2026-07-21T20:10:35+00:00,qwen3-vl:4b,aqs-five-field-v2,tools/dataset/captures/live_surveillance_20260629T1003Z/labels_ollama_proposals.csv,promoted,single_model_temporal_plausible,qwen3-vl:4b,1
capture_1373,tools/dataset/captures/live_surveillance_20260629T1003Z/capture_1373.jpg,28,48,959,87,243,true,validation,auto_consensus,automated_consensus,auto-consensus,2026-07-21T20:10:35+00:00,qwen3-vl:4b,aqs-five-field-v2,tools/dataset/captures/live_surveillance_20260629T1003Z/labels_ollama_proposals.csv,promoted,single_model_temporal_plausible,qwen3-vl:4b,1
capture_1374,tools/dataset/captures/live_surveillance_20260629T1003Z/capture_1374.jpg,28,48,959,87,243,true,validation,auto_consensus,automated_consensus,auto-consensus,2026-07-21T20:10:35+00:00,qwen3-vl:4b,aqs-five-field-v2,tools/dataset/captures/live_surveillance_20260629T1003Z/labels_ollama_proposals.csv,promoted,single_model_temporal_plausible,qwen3-vl:4b,1
capture_1375,tools/dataset/captures/live_surveillance_20260629T1003Z/capture_1375.jpg,28,48,959,87,243,true,validation,auto_consensus,automated_consensus,auto-consensus,2026-07-21T20:10:35+00:00,qwen3-vl:4b,aqs-five-field-v2,tools/dataset/captures/live_surveillance_20260629T1003Z/labels_ollama_proposals.csv,promoted,single_model_temporal_plausible,qwen3-vl:4b,1
capture_1376,tools/dataset/captures/live_surveillance_20260629T1003Z/capture_1376.jpg,28,48,959,87,243,true,validation,auto_consensus,automated_consensus,auto-consensus,2026-07-21T20:10:35+00:00,qwen3-vl:4b,aqs-five-field-v2,tools/dataset/captures/live_surveillance_20260629T1003Z/labels_ollama_proposals.csv,promoted,single_model_temporal_plausible,qwen3-vl:4b,1
capture_1377,tools/dataset/captures/live_surveillance_20260629T1003Z/capture_1377.jpg,28,48,959,87,243,true,validation,auto_consensus,automated_consensus,auto-consensus,2026-07-21T20:10:35+00:00,qwen3-vl:4b,aqs-five-field-v2,tools/dataset/captures/live_surveillance_20260629T1003Z/labels_ollama_proposals.csv,promoted,single_model_temporal_plausible,qwen3-vl:4b,1
capture_1378,tools/dataset/captures/live_surveillance_20260629T1003Z/capture_1378.jpg,,,,,,false,validation,,excluded,auto-consensus,2026-07-21T20:10:35+00:00,,,tools/dataset/captures/live_surveillance_20260629T1003Z/labels_ollama_proposals.csv,excluded,display_not_found,qwen3-vl:4b,0
capture_1379,tools/dataset/captures/live_surveillance_20260629T1003Z/capture_1379.jpg,28,48,959,87,243,true,validation,auto_consensus,automated_consensus,auto-consensus,2026-07-21T20:10:35+00:00,qwen3-vl:4b,aqs-five-field-v2,tools/dataset/captures/live_surveillance_20260629T1003Z/labels_ollama_proposals.csv,promoted,single_model_temporal_plausible,qwen3-vl:4b,1
capture_1380,tools/dataset/captures/live_surveillance_20260629T1003Z/capture_1380.jpg,28,48,959,87,243,true,validation,auto_consensus,automated_consensus,auto-consensus,2026-07-21T20:10:35+00:00,qwen3-vl:4b,aqs-five-field-v2,tools/dataset/captures/live_surveillance_20260629T1003Z/labels_ollama_proposals.csv,promoted,single_model_temporal_plausible,qwen3-vl:4b,1
capture_1381,tools/dataset/captures/live_surveillance_20260629T1003Z/capture_1381.jpg,28,48,959,87,243,true,validation,auto_consensus,automated_consensus,auto-consensus,2026-07-21T20:10:35+00:00,qwen3-vl:4b,aqs-five-field-v2,tools/dataset/captures/live_surveillance_20260629T1003Z/labels_ollama_proposals.csv,promoted,single_model_temporal_plausible,qwen3-vl:4b,1
capture_1382,tools/dataset/captures/live_surveillance_20260629T1003Z/capture_1382.jpg,28,48,959,87,243,true,validation,auto_consensus,automated_consensus,auto-consensus,2026-07-21T20:10:35+00:00,qwen3-vl:4b,aqs-five-field-v2,tools/dataset/captures/live_surveillance_20260629T1003Z/labels_ollama_proposals.csv,promoted,single_model_temporal_plausible,qwen3-vl:4b,1
capture_1383,tools/dataset/captures/live_surveillance_20260629T1003Z/capture_1383.jpg,28,48,959,87,243,true,validation,auto_consensus,automated_consensus,auto-consensus,2026-07-21T20:10:35+00:00,qwen3-vl:4b,aqs-five-field-v2,tools/dataset/captures/live_surveillance_20260629T1003Z/labels_ollama_proposals.csv,promoted,single_model_temporal_plausible,qwen3-vl:4b,1
capture_1384,tools/dataset/captures/live_surveillance_20260629T1003Z/capture_1384.jpg,28,48,959,87,243,true,validation,auto_consensus,automated_consensus,auto-consensus,2026-07-21T20:10:35+00:00,qwen3-vl:4b,aqs-five-field-v2,tools/dataset/captures/live_surveillance_20260629T1003Z/labels_ollama_proposals.csv,promoted,single_model_temporal_plausible,qwen3-vl:4b,1
capture_1385,tools/dataset/captures/live_surveillance_20260629T1003Z/capture_1385.jpg,28,48,959,87,243,true,validation,auto_consensus,automated_consensus,auto-consensus,2026-07-21T20:10:35+00:00,qwen3-vl:4b,aqs-five-field-v2,tools/dataset/captures/live_surveillance_20260629T1003Z/labels_ollama_proposals.csv,promoted,single_model_temporal_plausible,qwen3-vl:4b,1
capture_1386,tools/dataset/captures/live_surveillance_20260629T1003Z/capture_1386.jpg,28,48,959,87,243,true,validation,auto_consensus,automated_consensus,auto-consensus,2026-07-21T20:10:35+00:00,qwen3-vl:4b,aqs-five-field-v2,tools/dataset/captures/live_surveillance_20260629T1003Z/labels_ollama_proposals.csv,promoted,single_model_temporal_plausible,qwen3-vl:4b,1
capture_1387,tools/dataset/captures/live_surveillance_20260629T1003Z/capture_1387.jpg,28,48,965,87,243,true,validation,auto_consensus,automated_consensus,auto-consensus,2026-07-21T20:10:35+00:00,qwen3-vl:4b,aqs-five-field-v2,tools/dataset/captures/live_surveillance_20260629T1003Z/labels_ollama_proposals.csv,promoted,single_model_temporal_plausible,qwen3-vl:4b,1
capture_1388,tools/dataset/captures/live_surveillance_20260629T1003Z/capture_1388.jpg,28,48,959,87,243,true,validation,auto_consensus,automated_consensus,auto-consensus,2026-07-21T20:10:35+00:00,qwen3-vl:4b,aqs-five-field-v2,tools/dataset/captures/live_surveillance_20260629T1003Z/labels_ollama_proposals.csv,promoted,single_model_temporal_plausible,qwen3-vl:4b,1
capture_1389,tools/dataset/captures/live_surveillance_20260629T1003Z/capture_1389.jpg,28,48,959,87,243,true,validation,auto_consensus,automated_consensus,auto-consensus,2026-07-21T20:10:35+00:00,qwen3-vl:4b,aqs-five-field-v2,tools/dataset/captures/live_surveillance_20260629T1003Z/labels_ollama_proposals.csv,promoted,single_model_temporal_plausible,qwen3-vl:4b,1
capture_1390,tools/dataset/captures/live_surveillance_20260629T1003Z/capture_1390.jpg,28,48,959,87,243,true,validation,auto_consensus,automated_consensus,auto-consensus,2026-07-21T20:10:35+00:00,qwen3-vl:4b,aqs-five-field-v2,tools/dataset/captures/live_surveillance_20260629T1003Z/labels_ollama_proposals.csv,promoted,single_model_temporal_plausible,qwen3-vl:4b,1
capture_1391,tools/dataset/captures/live_surveillance_20260629T1003Z/capture_1391.jpg,28,48,959,87,243,true,validation,auto_consensus,automated_consensus,auto-consensus,2026-07-21T20:10:35+00:00,qwen3-vl:4b,aqs-five-field-v2,tools/dataset/captures/live_surveillance_20260629T1003Z/labels_ollama_proposals.csv,promoted,single_model_temporal_plausible,qwen3-vl:4b,1
capture_1392,tools/dataset/captures/live_surveillance_20260629T1003Z/capture_1392.jpg,28,48,959,87,243,true,validation,auto_consensus,automated_consensus,auto-consensus,2026-07-21T20:10:35+00:00,qwen3-vl:4b,aqs-five-field-v2,tools/dataset/captures/live_surveillance_20260629T1003Z/labels_ollama_proposals.csv,promoted,single_model_temporal_plausible,qwen3-vl:4b,1
capture_1393,tools/dataset/captures/live_surveillance_20260629T1003Z/capture_1393.jpg,,,,,,false,validation,tvoc_raw:26:neighbor_median=243,excluded,auto-consensus,2026-07-21T20:10:35+00:00,,,tools/dataset/captures/live_surveillance_20260629T1003Z/labels_ollama_proposals.csv,excluded,temporal_anomaly,qwen3-vl:4b,0
capture_1394,tools/dataset/captures/live_surveillance_20260629T1003Z/capture_1394.jpg,28,48,959,87,243,true,validation,auto_consensus,automated_consensus,auto-consensus,2026-07-21T20:10:35+00:00,qwen3-vl:4b,aqs-five-field-v2,tools/dataset/captures/live_surveillance_20260629T1003Z/labels_ollama_proposals.csv,promoted,single_model_temporal_plausible,qwen3-vl:4b,1
capture_1395,tools/dataset/captures/live_surveillance_20260629T1003Z/capture_1395.jpg,,,,,,false,validation,tvoc_raw:243:neighbor_median=134.5,excluded,auto-consensus,2026-07-21T20:10:35+00:00,,,tools/dataset/captures/live_surveillance_20260629T1003Z/labels_ollama_proposals.csv,excluded,temporal_anomaly,qwen3-vl:4b,0
capture_1396,tools/dataset/captures/live_surveillance_20260629T1003Z/capture_1396.jpg,28,48,959,88,243,true,validation,auto_consensus,automated_consensus,auto-consensus,2026-07-21T20:10:35+00:00,qwen3-vl:4b,aqs-five-field-v2,tools/dataset/captures/live_surveillance_20260629T1003Z/labels_ollama_proposals.csv,promoted,single_model_temporal_plausible,qwen3-vl:4b,1
capture_1397,tools/dataset/captures/live_surveillance_20260629T1003Z/capture_1397.jpg,,,,,,false,validation,tvoc_raw:26:neighbor_median=243,excluded,auto-consensus,2026-07-21T20:10:35+00:00,,,tools/dataset/captures/live_surveillance_20260629T1003Z/labels_ollama_proposals.csv,excluded,temporal_anomaly,qwen3-vl:4b,0
capture_1398,tools/dataset/captures/live_surveillance_20260629T1003Z/capture_1398.jpg,,,,,,false,validation,tvoc_raw:243:neighbor_median=134.5,excluded,auto-consensus,2026-07-21T20:10:35+00:00,,,tools/dataset/captures/live_surveillance_20260629T1003Z/labels_ollama_proposals.csv,excluded,temporal_anomaly,qwen3-vl:4b,0
capture_1399,tools/dataset/captures/live_surveillance_20260629T1003Z/capture_1399.jpg,,,,,,false,validation,tvoc_raw:243:neighbor_median=26,excluded,auto-consensus,2026-07-21T20:10:35+00:00,,,tools/dataset/captures/live_surveillance_20260629T1003Z/labels_ollama_proposals.csv,excluded,temporal_anomaly,qwen3-vl:4b,0
capture_1400,tools/dataset/captures/live_surveillance_20260629T1003Z/capture_1400.jpg,,,,,,false,validation,tvoc_raw:26:neighbor_median=134.5,excluded,auto-consensus,2026-07-21T20:10:35+00:00,,,tools/dataset/captures/live_surveillance_20260629T1003Z/labels_ollama_proposals.csv,excluded,temporal_anomaly,qwen3-vl:4b,0
capture_1401,tools/dataset/captures/live_surveillance_20260629T1003Z/capture_1401.jpg,28,48,965,88,26,true,validation,auto_consensus,automated_consensus,auto-consensus,2026-07-21T20:10:35+00:00,qwen3-vl:4b,aqs-five-field-v2,tools/dataset/captures/live_surveillance_20260629T1003Z/labels_ollama_proposals.csv,promoted,single_model_temporal_plausible,qwen3-vl:4b,1
capture_1402,tools/dataset/captures/live_surveillance_20260629T1003Z/capture_1402.jpg,28,48,965,88,26,true,validation,auto_consensus,automated_consensus,auto-consensus,2026-07-21T20:10:35+00:00,qwen3-vl:4b,aqs-five-field-v2,tools/dataset/captures/live_surveillance_20260629T1003Z/labels_ollama_proposals.csv,promoted,single_model_temporal_plausible,qwen3-vl:4b,1
capture_1403,tools/dataset/captures/live_surveillance_20260629T1003Z/capture_1403.jpg,28,48,965,88,26,true,validation,auto_consensus,automated_consensus,auto-consensus,2026-07-21T20:10:35+00:00,qwen3-vl:4b,aqs-five-field-v2,tools/dataset/captures/live_surveillance_20260629T1003Z/labels_ollama_proposals.csv,promoted,single_model_temporal_plausible,qwen3-vl:4b,1
capture_1404,tools/dataset/captures/live_surveillance_20260629T1003Z/capture_1404.jpg,28,48,965,88,26,true,validation,auto_consensus,automated_consensus,auto-consensus,2026-07-21T20:10:35+00:00,qwen3-vl:4b,aqs-five-field-v2,tools/dataset/captures/live_surveillance_20260629T1003Z/labels_ollama_proposals.csv,promoted,single_model_temporal_plausible,qwen3-vl:4b,1
capture_1405,tools/dataset/captures/live_surveillance_20260629T1003Z/capture_1405.jpg,28,48,965,88,26,true,validation,auto_consensus,automated_consensus,auto-consensus,2026-07-21T20:10:35+00:00,qwen3-vl:4b,aqs-five-field-v2,tools/dataset/captures/live_surveillance_20260629T1003Z/labels_ollama_proposals.csv,promoted,single_model_temporal_plausible,qwen3-vl:4b,1
capture_1406,tools/dataset/captures/live_surveillance_20260629T1003Z/capture_1406.jpg,28,48,965,88,26,true,validation,auto_consensus,automated_consensus,auto-consensus,2026-07-21T20:10:35+00:00,qwen3-vl:4b,aqs-five-field-v2,tools/dataset/captures/live_surveillance_20260629T1003Z/labels_ollama_proposals.csv,promoted,single_model_temporal_plausible,qwen3-vl:4b,1
capture_1407,tools/dataset/captures/live_surveillance_20260629T1003Z/capture_1407.jpg,28,48,965,88,26,true,validation,auto_consensus,automated_consensus,auto-consensus,2026-07-21T20:10:35+00:00,qwen3-vl:4b,aqs-five-field-v2,tools/dataset/captures/live_surveillance_20260629T1003Z/labels_ollama_proposals.csv,promoted,single_model_temporal_plausible,qwen3-vl:4b,1
capture_1408,tools/dataset/captures/live_surveillance_20260629T1003Z/capture_1408.jpg,28,48,965,88,26,true,validation,auto_consensus,automated_consensus,auto-consensus,2026-07-21T20:10:35+00:00,qwen3-vl:4b,aqs-five-field-v2,tools/dataset/captures/live_surveillance_20260629T1003Z/labels_ollama_proposals.csv,promoted,single_model_temporal_plausible,qwen3-vl:4b,1
capture_1409,tools/dataset/captures/live_surveillance_20260629T1003Z/capture_1409.jpg,28,48,965,88,26,true,validation,auto_consensus,automated_consensus,auto-consensus,2026-07-21T20:10:35+00:00,qwen3-vl:4b,aqs-five-field-v2,tools/dataset/captures/live_surveillance_20260629T1003Z/labels_ollama_proposals.csv,promoted,single_model_temporal_plausible,qwen3-vl:4b,1
capture_1410,tools/dataset/captures/live_surveillance_20260629T1003Z/capture_1410.jpg,28,48,965,88,26,true,validation,auto_consensus,automated_consensus,auto-consensus,2026-07-21T20:10:35+00:00,qwen3-vl:4b,aqs-five-field-v2,tools/dataset/captures/live_surveillance_20260629T1003Z/labels_ollama_proposals.csv,promoted,single_model_temporal_plausible,qwen3-vl:4b,1
capture_1411,tools/dataset/captures/live_surveillance_20260629T1003Z/capture_1411.jpg,28,48,965,88,26,true,validation,auto_consensus,automated_consensus,auto-consensus,2026-07-21T20:10:35+00:00,qwen3-vl:4b,aqs-five-field-v2,tools/dataset/captures/live_surveillance_20260629T1003Z/labels_ollama_proposals.csv,promoted,single_model_temporal_plausible,qwen3-vl:4b,1
capture_1412,tools/dataset/captures/live_surveillance_20260629T1003Z/capture_1412.jpg,28,48,965,88,26,true,validation,auto_consensus,automated_consensus,auto-consensus,2026-07-21T20:10:35+00:00,qwen3-vl:4b,aqs-five-field-v2,tools/dataset/captures/live_surveillance_20260629T1003Z/labels_ollama_proposals.csv,promoted,single_model_temporal_plausible,qwen3-vl:4b,1
capture_1413,tools/dataset/captures/live_surveillance_20260629T1003Z/capture_1413.jpg,28,48,965,88,26,true,validation,auto_consensus,automated_consensus,auto-consensus,2026-07-21T20:10:35+00:00,qwen3-vl:4b,aqs-five-field-v2,tools/dataset/captures/live_surveillance_20260629T1003Z/labels_ollama_proposals.csv,promoted,single_model_temporal_plausible,qwen3-vl:4b,1
capture_1414,tools/dataset/captures/live_surveillance_20260629T1003Z/capture_1414.jpg,28,48,965,88,26,true,validation,auto_consensus,automated_consensus,auto-consensus,2026-07-21T20:10:35+00:00,qwen3-vl:4b,aqs-five-field-v2,tools/dataset/captures/live_surveillance_20260629T1003Z/labels_ollama_proposals.csv,promoted,single_model_temporal_plausible,qwen3-vl:4b,1
capture_1415,tools/dataset/captures/live_surveillance_20260629T1003Z/capture_1415.jpg,28,48,965,88,26,true,validation,auto_consensus,automated_consensus,auto-consensus,2026-07-21T20:10:35+00:00,qwen3-vl:4b,aqs-five-field-v2,tools/dataset/captures/live_surveillance_20260629T1003Z/labels_ollama_proposals.csv,promoted,single_model_temporal_plausible,qwen3-vl:4b,1
capture_1416,tools/dataset/captures/live_surveillance_20260629T1003Z/capture_1416.jpg,28,48,965,88,26,true,validation,auto_consensus,automated_consensus,auto-consensus,2026-07-21T20:10:35+00:00,qwen3-vl:4b,aqs-five-field-v2,tools/dataset/captures/live_surveillance_20260629T1003Z/labels_ollama_proposals.csv,promoted,single_model_temporal_plausible,qwen3-vl:4b,1
capture_1417,tools/dataset/captures/live_surveillance_20260629T1003Z/capture_1417.jpg,28,48,965,88,26,true,validation,auto_consensus,automated_consensus,auto-consensus,2026-07-21T20:10:35+00:00,qwen3-vl:4b,aqs-five-field-v2,tools/dataset/captures/live_surveillance_20260629T1003Z/labels_ollama_proposals.csv,promoted,single_model_temporal_plausible,qwen3-vl:4b,1
capture_1418,tools/dataset/captures/live_surveillance_20260629T1003Z/capture_1418.jpg,28,48,965,87,26,true,validation,auto_consensus,automated_consensus,auto-consensus,2026-07-21T20:10:35+00:00,qwen3-vl:4b,aqs-five-field-v2,tools/dataset/captures/live_surveillance_20260629T1003Z/labels_ollama_proposals.csv,promoted,single_model_temporal_plausible,qwen3-vl:4b,1
capture_1419,tools/dataset/captures/live_surveillance_20260629T1003Z/capture_1419.jpg,28,48,959,88,26,true,validation,auto_consensus,automated_consensus,auto-consensus,2026-07-21T20:10:35+00:00,qwen3-vl:4b,aqs-five-field-v2,tools/dataset/captures/live_surveillance_20260629T1003Z/labels_ollama_proposals.csv,promoted,single_model_temporal_plausible,qwen3-vl:4b,1
capture_1420,tools/dataset/captures/live_surveillance_20260629T1003Z/capture_1420.jpg,28,48,965,88,26,true,validation,auto_consensus,automated_consensus,auto-consensus,2026-07-21T20:10:35+00:00,qwen3-vl:4b,aqs-five-field-v2,tools/dataset/captures/live_surveillance_20260629T1003Z/labels_ollama_proposals.csv,promoted,single_model_temporal_plausible,qwen3-vl:4b,1
capture_1421,tools/dataset/captures/live_surveillance_20260629T1003Z/capture_1421.jpg,28,48,965,88,26,true,validation,auto_consensus,automated_consensus,auto-consensus,2026-07-21T20:10:35+00:00,qwen3-vl:4b,aqs-five-field-v2,tools/dataset/captures/live_surveillance_20260629T1003Z/labels_ollama_proposals.csv,promoted,single_model_temporal_plausible,qwen3-vl:4b,1
capture_1422,tools/dataset/captures/live_surveillance_20260629T1003Z/capture_1422.jpg,,,,,,false,validation,tvoc_raw:243:neighbor_median=26,excluded,auto-consensus,2026-07-21T20:10:35+00:00,,,tools/dataset/captures/live_surveillance_20260629T1003Z/labels_ollama_proposals.csv,excluded,temporal_anomaly,qwen3-vl:4b,0
capture_1423,tools/dataset/captures/live_surveillance_20260629T1003Z/capture_1423.jpg,,,,,,false,validation,tvoc_raw:26:neighbor_median=243,excluded,auto-consensus,2026-07-21T20:10:35+00:00,,,tools/dataset/captures/live_surveillance_20260629T1003Z/labels_ollama_proposals.csv,excluded,temporal_anomaly,qwen3-vl:4b,0
capture_1424,tools/dataset/captures/live_surveillance_20260629T1003Z/capture_1424.jpg,28,48,959,87,243,true,validation,auto_consensus,automated_consensus,auto-consensus,2026-07-21T20:10:35+00:00,qwen3-vl:4b,aqs-five-field-v2,tools/dataset/captures/live_surveillance_20260629T1003Z/labels_ollama_proposals.csv,promoted,single_model_temporal_plausible,qwen3-vl:4b,1
capture_1425,tools/dataset/captures/live_surveillance_20260629T1003Z/capture_1425.jpg,28,48,959,87,243,true,validation,auto_consensus,automated_consensus,auto-consensus,2026-07-21T20:10:35+00:00,qwen3-vl:4b,aqs-five-field-v2,tools/dataset/captures/live_surveillance_20260629T1003Z/labels_ollama_proposals.csv,promoted,single_model_temporal_plausible,qwen3-vl:4b,1
capture_1426,tools/dataset/captures/live_surveillance_20260629T1003Z/capture_1426.jpg,28,48,959,87,243,true,validation,auto_consensus,automated_consensus,auto-consensus,2026-07-21T20:10:35+00:00,qwen3-vl:4b,aqs-five-field-v2,tools/dataset/captures/live_surveillance_20260629T1003Z/labels_ollama_proposals.csv,promoted,single_model_temporal_plausible,qwen3-vl:4b,1
capture_1427,tools/dataset/captures/live_surveillance_20260629T1003Z/capture_1427.jpg,,,,,,false,validation,tvoc_raw:243:neighbor_median=134.5,excluded,auto-consensus,2026-07-21T20:10:35+00:00,,,tools/dataset/captures/live_surveillance_20260629T1003Z/labels_ollama_proposals.csv,excluded,temporal_anomaly,qwen3-vl:4b,0
capture_1428,tools/dataset/captures/live_surveillance_20260629T1003Z/capture_1428.jpg,,,,,,false,validation,tvoc_raw:26:neighbor_median=243,excluded,auto-consensus,2026-07-21T20:10:35+00:00,,,tools/dataset/captures/live_surveillance_20260629T1003Z/labels_ollama_proposals.csv,excluded,temporal_anomaly,qwen3-vl:4b,0
capture_1429,tools/dataset/captures/live_surveillance_20260629T1003Z/capture_1429.jpg,,,,,,false,validation,tvoc_raw:26:neighbor_median=134.5,excluded,auto-consensus,2026-07-21T20:10:35+00:00,,,tools/dataset/captures/live_surveillance_20260629T1003Z/labels_ollama_proposals.csv,excluded,temporal_anomaly,qwen3-vl:4b,0
capture_1430,tools/dataset/captures/live_surveillance_20260629T1003Z/capture_1430.jpg,,,,,,false,validation,tvoc_raw:243:neighbor_median=26,excluded,auto-consensus,2026-07-21T20:10:35+00:00,,,tools/dataset/captures/live_surveillance_20260629T1003Z/labels_ollama_proposals.csv,excluded,temporal_anomaly,qwen3-vl:4b,0
capture_1431,tools/dataset/captures/live_surveillance_20260629T1003Z/capture_1431.jpg,,,,,,false,validation,tvoc_raw:26:neighbor_median=134.5,excluded,auto-consensus,2026-07-21T20:10:35+00:00,,,tools/dataset/captures/live_surveillance_20260629T1003Z/labels_ollama_proposals.csv,excluded,temporal_anomaly,qwen3-vl:4b,0
capture_1432,tools/dataset/captures/live_surveillance_20260629T1003Z/capture_1432.jpg,,,,,,false,validation,tvoc_raw:26:neighbor_median=143,excluded,auto-consensus,2026-07-21T20:10:35+00:00,,,tools/dataset/captures/live_surveillance_20260629T1003Z/labels_ollama_proposals.csv,excluded,temporal_anomaly,qwen3-vl:4b,0
capture_1433,tools/dataset/captures/live_surveillance_20260629T1003Z/capture_1433.jpg,,,,,,false,validation,tvoc_raw:243:neighbor_median=26,excluded,auto-consensus,2026-07-21T20:10:35+00:00,,,tools/dataset/captures/live_surveillance_20260629T1003Z/labels_ollama_proposals.csv,excluded,temporal_anomaly,qwen3-vl:4b,0
capture_1434,tools/dataset/captures/live_surveillance_20260629T1003Z/capture_1434.jpg,28,48,959,88,43,true,validation,auto_consensus,automated_consensus,auto-consensus,2026-07-21T20:10:35+00:00,qwen3-vl:4b,aqs-five-field-v2,tools/dataset/captures/live_surveillance_20260629T1003Z/labels_ollama_proposals.csv,promoted,single_model_temporal_plausible,qwen3-vl:4b,1
capture_1435,tools/dataset/captures/live_surveillance_20260629T1003Z/capture_1435.jpg,28,48,965,88,26,true,validation,auto_consensus,automated_consensus,auto-consensus,2026-07-21T20:10:35+00:00,qwen3-vl:4b,aqs-five-field-v2,tools/dataset/captures/live_surveillance_20260629T1003Z/labels_ollama_proposals.csv,promoted,single_model_temporal_plausible,qwen3-vl:4b,1
capture_1436,tools/dataset/captures/live_surveillance_20260629T1003Z/capture_1436.jpg,28,48,959,87,26,true,validation,auto_consensus,automated_consensus,auto-consensus,2026-07-21T20:10:35+00:00,qwen3-vl:4b,aqs-five-field-v2,tools/dataset/captures/live_surveillance_20260629T1003Z/labels_ollama_proposals.csv,promoted,single_model_temporal_plausible,qwen3-vl:4b,1
capture_1437,tools/dataset/captures/live_surveillance_20260629T1003Z/capture_1437.jpg,28,48,959,88,26,true,validation,auto_consensus,automated_consensus,auto-consensus,2026-07-21T20:10:35+00:00,qwen3-vl:4b,aqs-five-field-v2,tools/dataset/captures/live_surveillance_20260629T1003Z/labels_ollama_proposals.csv,promoted,single_model_temporal_plausible,qwen3-vl:4b,1
capture_1438,tools/dataset/captures/live_surveillance_20260629T1003Z/capture_1438.jpg,,,,,,false,validation,tvoc_raw:26:neighbor_median=134.5,excluded,auto-consensus,2026-07-21T20:10:35+00:00,,,tools/dataset/captures/live_surveillance_20260629T1003Z/labels_ollama_proposals.csv,excluded,temporal_anomaly,qwen3-vl:4b,0
capture_1439,tools/dataset/captures/live_surveillance_20260629T1003Z/capture_1439.jpg,,,,,,false,validation,tvoc_raw:243:neighbor_median=26,excluded,auto-consensus,2026-07-21T20:10:35+00:00,,,tools/dataset/captures/live_surveillance_20260629T1003Z/labels_ollama_proposals.csv,excluded,temporal_anomaly,qwen3-vl:4b,0
capture_1440,tools/dataset/captures/live_surveillance_20260629T1003Z/capture_1440.jpg,,,,,,false,validation,tvoc_raw:243:neighbor_median=26,excluded,auto-consensus,2026-07-21T20:10:35+00:00,,,tools/dataset/captures/live_surveillance_20260629T1003Z/labels_ollama_proposals.csv,excluded,temporal_anomaly,qwen3-vl:4b,0
capture_1441,tools/dataset/captures/live_surveillance_20260629T1003Z/capture_1441.jpg,,,,,,false,validation,tvoc_raw:26:neighbor_median=243,excluded,auto-consensus,2026-07-21T20:10:35+00:00,,,tools/dataset/captures/live_surveillance_20260629T1003Z/labels_ollama_proposals.csv,excluded,temporal_anomaly,qwen3-vl:4b,0
capture_1442,tools/dataset/captures/live_surveillance_20260629T1003Z/capture_1442.jpg,,,,,,false,validation,tvoc_raw:26:neighbor_median=243,excluded,auto-consensus,2026-07-21T20:10:35+00:00,,,tools/dataset/captures/live_surveillance_20260629T1003Z/labels_ollama_proposals.csv,excluded,temporal_anomaly,qwen3-vl:4b,0
capture_1443,tools/dataset/captures/live_surveillance_20260629T1003Z/capture_1443.jpg,,,,,,false,validation,tvoc_raw:243:neighbor_median=134.5,excluded,auto-consensus,2026-07-21T20:10:35+00:00,,,tools/dataset/captures/live_surveillance_20260629T1003Z/labels_ollama_proposals.csv,excluded,temporal_anomaly,qwen3-vl:4b,0
capture_1444,tools/dataset/captures/live_surveillance_20260629T1003Z/capture_1444.jpg,,,,,,false,validation,tvoc_raw:243:neighbor_median=134.5,excluded,auto-consensus,2026-07-21T20:10:35+00:00,,,tools/dataset/captures/live_surveillance_20260629T1003Z/labels_ollama_proposals.csv,excluded,temporal_anomaly,qwen3-vl:4b,0
capture_1445,tools/dataset/captures/live_surveillance_20260629T1003Z/capture_1445.jpg,,,,,,false,validation,tvoc_raw:243:neighbor_median=134.5,excluded,auto-consensus,2026-07-21T20:10:35+00:00,,,tools/dataset/captures/live_surveillance_20260629T1003Z/labels_ollama_proposals.csv,excluded,temporal_anomaly,qwen3-vl:4b,0
capture_1446,tools/dataset/captures/live_surveillance_20260629T1003Z/capture_1446.jpg,,,,,,false,validation,tvoc_raw:26:neighbor_median=134.5,excluded,auto-consensus,2026-07-21T20:10:35+00:00,,,tools/dataset/captures/live_surveillance_20260629T1003Z/labels_ollama_proposals.csv,excluded,temporal_anomaly,qwen3-vl:4b,0
capture_1447,tools/dataset/captures/live_surveillance_20260629T1003Z/capture_1447.jpg,28,48,965,88,26,true,validation,auto_consensus,automated_consensus,auto-consensus,2026-07-21T20:10:35+00:00,qwen3-vl:4b,aqs-five-field-v2,tools/dataset/captures/live_surveillance_20260629T1003Z/labels_ollama_proposals.csv,promoted,single_model_temporal_plausible,qwen3-vl:4b,1
capture_1448,tools/dataset/captures/live_surveillance_20260629T1003Z/capture_1448.jpg,28,48,965,88,26,true,validation,auto_consensus,automated_consensus,auto-consensus,2026-07-21T20:10:35+00:00,qwen3-vl:4b,aqs-five-field-v2,tools/dataset/captures/live_surveillance_20260629T1003Z/labels_ollama_proposals.csv,promoted,single_model_temporal_plausible,qwen3-vl:4b,1
capture_1449,tools/dataset/captures/live_surveillance_20260629T1003Z/capture_1449.jpg,28,48,965,88,26,true,validation,auto_consensus,automated_consensus,auto-consensus,2026-07-21T20:10:35+00:00,qwen3-vl:4b,aqs-five-field-v2,tools/dataset/captures/live_surveillance_20260629T1003Z/labels_ollama_proposals.csv,promoted,single_model_temporal_plausible,qwen3-vl:4b,1
capture_1450,tools/dataset/captures/live_surveillance_20260629T1003Z/capture_1450.jpg,28,48,965,88,26,true,validation,auto_consensus,automated_consensus,auto-consensus,2026-07-21T20:10:35+00:00,qwen3-vl:4b,aqs-five-field-v2,tools/dataset/captures/live_surveillance_20260629T1003Z/labels_ollama_proposals.csv,promoted,single_model_temporal_plausible,qwen3-vl:4b,1
capture_1451,tools/dataset/captures/live_surveillance_20260629T1003Z/capture_1451.jpg,28,48,965,88,26,true,validation,auto_consensus,automated_consensus,auto-consensus,2026-07-21T20:10:35+00:00,qwen3-vl:4b,aqs-five-field-v2,tools/dataset/captures/live_surveillance_20260629T1003Z/labels_ollama_proposals.csv,promoted,single_model_temporal_plausible,qwen3-vl:4b,1
capture_1452,tools/dataset/captures/live_surveillance_20260629T1003Z/capture_1452.jpg,28,48,965,88,26,true,validation,auto_consensus,automated_consensus,auto-consensus,2026-07-21T20:10:35+00:00,qwen3-vl:4b,aqs-five-field-v2,tools/dataset/captures/live_surveillance_20260629T1003Z/labels_ollama_proposals.csv,promoted,single_model_temporal_plausible,qwen3-vl:4b,1
capture_1453,tools/dataset/captures/live_surveillance_20260629T1003Z/capture_1453.jpg,28,48,965,87,26,true,validation,auto_consensus,automated_consensus,auto-consensus,2026-07-21T20:10:35+00:00,qwen3-vl:4b,aqs-five-field-v2,tools/dataset/captures/live_surveillance_20260629T1003Z/labels_ollama_proposals.csv,promoted,single_model_temporal_plausible,qwen3-vl:4b,1
capture_1454,tools/dataset/captures/live_surveillance_20260629T1003Z/capture_1454.jpg,,,,,,false,validation,tvoc_raw:243:neighbor_median=26,excluded,auto-consensus,2026-07-21T20:10:35+00:00,,,tools/dataset/captures/live_surveillance_20260629T1003Z/labels_ollama_proposals.csv,excluded,temporal_anomaly,qwen3-vl:4b,0
capture_1455,tools/dataset/captures/live_surveillance_20260629T1003Z/capture_1455.jpg,28,48,965,88,26,true,validation,auto_consensus,automated_consensus,auto-consensus,2026-07-21T20:10:35+00:00,qwen3-vl:4b,aqs-five-field-v2,tools/dataset/captures/live_surveillance_20260629T1003Z/labels_ollama_proposals.csv,promoted,single_model_temporal_plausible,qwen3-vl:4b,1
capture_1456,tools/dataset/captures/live_surveillance_20260629T1003Z/capture_1456.jpg,28,48,965,88,26,true,validation,auto_consensus,automated_consensus,auto-consensus,2026-07-21T20:10:35+00:00,qwen3-vl:4b,aqs-five-field-v2,tools/dataset/captures/live_surveillance_20260629T1003Z/labels_ollama_proposals.csv,promoted,single_model_temporal_plausible,qwen3-vl:4b,1
capture_1457,tools/dataset/captures/live_surveillance_20260629T1003Z/capture_1457.jpg,28,48,965,88,26,true,validation,auto_consensus,automated_consensus,auto-consensus,2026-07-21T20:10:35+00:00,qwen3-vl:4b,aqs-five-field-v2,tools/dataset/captures/live_surveillance_20260629T1003Z/labels_ollama_proposals.csv,promoted,single_model_temporal_plausible,qwen3-vl:4b,1
capture_1458,tools/dataset/captures/live_surveillance_20260629T1003Z/capture_1458.jpg,28,48,965,88,26,true,validation,auto_consensus,automated_consensus,auto-consensus,2026-07-21T20:10:35+00:00,qwen3-vl:4b,aqs-five-field-v2,tools/dataset/captures/live_surveillance_20260629T1003Z/labels_ollama_proposals.csv,promoted,single_model_temporal_plausible,qwen3-vl:4b,1
capture_1459,tools/dataset/captures/live_surveillance_20260629T1003Z/capture_1459.jpg,,,,,,false,validation,,excluded,auto-consensus,2026-07-21T20:10:35+00:00,,,tools/dataset/captures/live_surveillance_20260629T1003Z/labels_ollama_proposals.csv,excluded,no_valid_votes,qwen3-vl:4b,0
capture_1460,tools/dataset/captures/live_surveillance_20260629T1003Z/capture_1460.jpg,,,,,,false,validation,,excluded,auto-consensus,2026-07-21T20:10:35+00:00,,,tools/dataset/captures/live_surveillance_20260629T1003Z/labels_ollama_proposals.csv,excluded,no_valid_votes,qwen3-vl:4b,0
capture_1461,tools/dataset/captures/live_surveillance_20260629T1003Z/capture_1461.jpg,,,,,,false,validation,,excluded,auto-consensus,2026-07-21T20:10:35+00:00,,,tools/dataset/captures/live_surveillance_20260629T1003Z/labels_ollama_proposals.csv,excluded,no_valid_votes,qwen3-vl:4b,0
capture_1462,tools/dataset/captures/live_surveillance_20260629T1003Z/capture_1462.jpg,,,,,,false,validation,,excluded,auto-consensus,2026-07-21T20:10:35+00:00,,,tools/dataset/captures/live_surveillance_20260629T1003Z/labels_ollama_proposals.csv,excluded,no_valid_votes,qwen3-vl:4b,0
capture_1463,tools/dataset/captures/live_surveillance_20260629T1003Z/capture_1463.jpg,,,,,,false,validation,,excluded,auto-consensus,2026-07-21T20:10:35+00:00,,,tools/dataset/captures/live_surveillance_20260629T1003Z/labels_ollama_proposals.csv,excluded,no_valid_votes,qwen3-vl:4b,0
capture_1464,tools/dataset/captures/live_surveillance_20260629T1003Z/capture_1464.jpg,,,,,,false,validation,,excluded,auto-consensus,2026-07-21T20:10:35+00:00,,,tools/dataset/captures/live_surveillance_20260629T1003Z/labels_ollama_proposals.csv,excluded,no_valid_votes,qwen3-vl:4b,0
capture_1465,tools/dataset/captures/live_surveillance_20260629T1003Z/capture_1465.jpg,,,,,,false,validation,,excluded,auto-consensus,2026-07-21T20:10:35+00:00,,,tools/dataset/captures/live_surveillance_20260629T1003Z/labels_ollama_proposals.csv,excluded,no_valid_votes,qwen3-vl:4b,0
capture_1466,tools/dataset/captures/live_surveillance_20260629T1003Z/capture_1466.jpg,,,,,,false,validation,,excluded,auto-consensus,2026-07-21T20:10:35+00:00,,,tools/dataset/captures/live_surveillance_20260629T1003Z/labels_ollama_proposals.csv,excluded,no_valid_votes,qwen3-vl:4b,0
capture_1467,tools/dataset/captures/live_surveillance_20260629T1003Z/capture_1467.jpg,,,,,,false,validation,,excluded,auto-consensus,2026-07-21T20:10:35+00:00,,,tools/dataset/captures/live_surveillance_20260629T1003Z/labels_ollama_proposals.csv,excluded,no_valid_votes,qwen3-vl:4b,0
capture_1468,tools/dataset/captures/live_surveillance_20260629T1003Z/capture_1468.jpg,,,,,,false,validation,,excluded,auto-consensus,2026-07-21T20:10:35+00:00,,,tools/dataset/captures/live_surveillance_20260629T1003Z/labels_ollama_proposals.csv,excluded,no_valid_votes,qwen3-vl:4b,0
capture_1469,tools/dataset/captures/live_surveillance_20260629T1003Z/capture_1469.jpg,,,,,,false,validation,,excluded,auto-consensus,2026-07-21T20:10:35+00:00,,,tools/dataset/captures/live_surveillance_20260629T1003Z/labels_ollama_proposals.csv,excluded,no_valid_votes,qwen3-vl:4b,0
capture_1470,tools/dataset/captures/live_surveillance_20260629T1003Z/capture_1470.jpg,,,,,,false,validation,,excluded,auto-consensus,2026-07-21T20:10:35+00:00,,,tools/dataset/captures/live_surveillance_20260629T1003Z/labels_ollama_proposals.csv,excluded,no_valid_votes,qwen3-vl:4b,0
capture_1471,tools/dataset/captures/live_surveillance_20260629T1003Z/capture_1471.jpg,,,,,,false,validation,,excluded,auto-consensus,2026-07-21T20:10:35+00:00,,,tools/dataset/captures/live_surveillance_20260629T1003Z/labels_ollama_proposals.csv,excluded,no_valid_votes,qwen3-vl:4b,0
capture_1472,tools/dataset/captures/live_surveillance_20260629T1003Z/capture_1472.jpg,,,,,,false,validation,,excluded,auto-consensus,2026-07-21T20:10:35+00:00,,,tools/dataset/captures/live_surveillance_20260629T1003Z/labels_ollama_proposals.csv,excluded,no_valid_votes,qwen3-vl:4b,0
capture_1473,tools/dataset/captures/live_surveillance_20260629T1003Z/capture_1473.jpg,,,,,,false,validation,,excluded,auto-consensus,2026-07-21T20:10:35+00:00,,,tools/dataset/captures/live_surveillance_20260629T1003Z/labels_ollama_proposals.csv,excluded,no_valid_votes,qwen3-vl:4b,0
capture_1474,tools/dataset/captures/live_surveillance_20260629T1003Z/capture_1474.jpg,,,,,,false,validation,,excluded,auto-consensus,2026-07-21T20:10:35+00:00,,,tools/dataset/captures/live_surveillance_20260629T1003Z/labels_ollama_proposals.csv,excluded,no_valid_votes,qwen3-vl:4b,0
capture_1475,tools/dataset/captures/live_surveillance_20260629T1003Z/capture_1475.jpg,,,,,,false,validation,,excluded,auto-consensus,2026-07-21T20:10:35+00:00,,,tools/dataset/captures/live_surveillance_20260629T1003Z/labels_ollama_proposals.csv,excluded,no_valid_votes,qwen3-vl:4b,0
capture_1476,tools/dataset/captures/live_surveillance_20260629T1003Z/capture_1476.jpg,,,,,,false,validation,,excluded,auto-consensus,2026-07-21T20:10:35+00:00,,,tools/dataset/captures/live_surveillance_20260629T1003Z/labels_ollama_proposals.csv,excluded,no_valid_votes,qwen3-vl:4b,0
capture_1477,tools/dataset/captures/live_surveillance_20260629T1003Z/capture_1477.jpg,,,,,,false,validation,,excluded,auto-consensus,2026-07-21T20:10:35+00:00,,,tools/dataset/captures/live_surveillance_20260629T1003Z/labels_ollama_proposals.csv,excluded,no_valid_votes,qwen3-vl:4b,0
capture_1478,tools/dataset/captures/live_surveillance_20260629T1003Z/capture_1478.jpg,,,,,,false,validation,,excluded,auto-consensus,2026-07-21T20:10:35+00:00,,,tools/dataset/captures/live_surveillance_20260629T1003Z/labels_ollama_proposals.csv,excluded,no_valid_votes,qwen3-vl:4b,0
capture_1479,tools/dataset/captures/live_surveillance_20260629T1003Z/capture_1479.jpg,,,,,,false,validation,,excluded,auto-consensus,2026-07-21T20:10:35+00:00,,,tools/dataset/captures/live_surveillance_20260629T1003Z/labels_ollama_proposals.csv,excluded,no_valid_votes,qwen3-vl:4b,0
capture_1480,tools/dataset/captures/live_surveillance_20260629T1003Z/capture_1480.jpg,,,,,,false,validation,,excluded,auto-consensus,2026-07-21T20:10:35+00:00,,,tools/dataset/captures/live_surveillance_20260629T1003Z/labels_ollama_proposals.csv,excluded,no_valid_votes,qwen3-vl:4b,0
capture_1481,tools/dataset/captures/live_surveillance_20260629T1003Z/capture_1481.jpg,,,,,,false,validation,,excluded,auto-consensus,2026-07-21T20:10:35+00:00,,,tools/dataset/captures/live_surveillance_20260629T1003Z/labels_ollama_proposals.csv,excluded,no_valid_votes,qwen3-vl:4b,0
capture_1482,tools/dataset/captures/live_surveillance_20260629T1003Z/capture_1482.jpg,,,,,,false,validation,,excluded,auto-consensus,2026-07-21T20:10:35+00:00,,,tools/dataset/captures/live_surveillance_20260629T1003Z/labels_ollama_proposals.csv,excluded,no_valid_votes,qwen3-vl:4b,0
capture_1483,tools/dataset/captures/live_surveillance_20260629T1003Z/capture_1483.jpg,,,,,,false,test,,excluded,auto-consensus,2026-07-21T20:10:35+00:00,,,tools/dataset/captures/live_surveillance_20260629T1003Z/labels_ollama_proposals.csv,excluded,no_valid_votes,qwen3-vl:4b,0
capture_1484,tools/dataset/captures/live_surveillance_20260629T1003Z/capture_1484.jpg,,,,,,false,test,,excluded,auto-consensus,2026-07-21T20:10:35+00:00,,,tools/dataset/captures/live_surveillance_20260629T1003Z/labels_ollama_proposals.csv,excluded,no_valid_votes,qwen3-vl:4b,0
capture_1485,tools/dataset/captures/live_surveillance_20260629T1003Z/capture_1485.jpg,,,,,,false,test,,excluded,auto-consensus,2026-07-21T20:10:35+00:00,,,tools/dataset/captures/live_surveillance_20260629T1003Z/labels_ollama_proposals.csv,excluded,no_valid_votes,qwen3-vl:4b,0
capture_1486,tools/dataset/captures/live_surveillance_20260629T1003Z/capture_1486.jpg,,,,,,false,test,,excluded,auto-consensus,2026-07-21T20:10:35+00:00,,,tools/dataset/captures/live_surveillance_20260629T1003Z/labels_ollama_proposals.csv,excluded,no_valid_votes,qwen3-vl:4b,0
capture_1487,tools/dataset/captures/live_surveillance_20260629T1003Z/capture_1487.jpg,,,,,,false,test,,excluded,auto-consensus,2026-07-21T20:10:35+00:00,,,tools/dataset/captures/live_surveillance_20260629T1003Z/labels_ollama_proposals.csv,excluded,no_valid_votes,qwen3-vl:4b,0
capture_1488,tools/dataset/captures/live_surveillance_20260629T1003Z/capture_1488.jpg,,,,,,false,test,,excluded,auto-consensus,2026-07-21T20:10:35+00:00,,,tools/dataset/captures/live_surveillance_20260629T1003Z/labels_ollama_proposals.csv,excluded,no_valid_votes,qwen3-vl:4b,0
capture_1489,tools/dataset/captures/live_surveillance_20260629T1003Z/capture_1489.jpg,,,,,,false,test,,excluded,auto-consensus,2026-07-21T20:10:35+00:00,,,tools/dataset/captures/live_surveillance_20260629T1003Z/labels_ollama_proposals.csv,excluded,no_valid_votes,qwen3-vl:4b,0
capture_1490,tools/dataset/captures/live_surveillance_20260629T1003Z/capture_1490.jpg,,,,,,false,test,,excluded,auto-consensus,2026-07-21T20:10:35+00:00,,,tools/dataset/captures/live_surveillance_20260629T1003Z/labels_ollama_proposals.csv,excluded,no_valid_votes,qwen3-vl:4b,0
capture_1491,tools/dataset/captures/live_surveillance_20260629T1003Z/capture_1491.jpg,,,,,,false,test,,excluded,auto-consensus,2026-07-21T20:10:35+00:00,,,tools/dataset/captures/live_surveillance_20260629T1003Z/labels_ollama_proposals.csv,excluded,no_valid_votes,qwen3-vl:4b,0
capture_1492,tools/dataset/captures/live_surveillance_20260629T1003Z/capture_1492.jpg,,,,,,false,test,,excluded,auto-consensus,2026-07-21T20:10:35+00:00,,,tools/dataset/captures/live_surveillance_20260629T1003Z/labels_ollama_proposals.csv,excluded,no_valid_votes,qwen3-vl:4b,0
capture_1493,tools/dataset/captures/live_surveillance_20260629T1003Z/capture_1493.jpg,,,,,,false,test,,excluded,auto-consensus,2026-07-21T20:10:35+00:00,,,tools/dataset/captures/live_surveillance_20260629T1003Z/labels_ollama_proposals.csv,excluded,no_valid_votes,qwen3-vl:4b,0
capture_1494,tools/dataset/captures/live_surveillance_20260629T1003Z/capture_1494.jpg,,,,,,false,test,,excluded,auto-consensus,2026-07-21T20:10:35+00:00,,,tools/dataset/captures/live_surveillance_20260629T1003Z/labels_ollama_proposals.csv,excluded,display_not_found,qwen3-vl:4b,0
capture_1495,tools/dataset/captures/live_surveillance_20260629T1003Z/capture_1495.jpg,,,,,,false,test,,excluded,auto-consensus,2026-07-21T20:10:35+00:00,,,tools/dataset/captures/live_surveillance_20260629T1003Z/labels_ollama_proposals.csv,excluded,no_valid_votes,qwen3-vl:4b,0
capture_1496,tools/dataset/captures/live_surveillance_20260629T1003Z/capture_1496.jpg,,,,,,false,test,,excluded,auto-consensus,2026-07-21T20:10:35+00:00,,,tools/dataset/captures/live_surveillance_20260629T1003Z/labels_ollama_proposals.csv,excluded,no_valid_votes,qwen3-vl:4b,0
capture_1497,tools/dataset/captures/live_surveillance_20260629T1003Z/capture_1497.jpg,,,,,,false,test,,excluded,auto-consensus,2026-07-21T20:10:35+00:00,,,tools/dataset/captures/live_surveillance_20260629T1003Z/labels_ollama_proposals.csv,excluded,no_valid_votes,qwen3-vl:4b,0
capture_1498,tools/dataset/captures/live_surveillance_20260629T1003Z/capture_1498.jpg,,,,,,false,test,,excluded,auto-consensus,2026-07-21T20:10:35+00:00,,,tools/dataset/captures/live_surveillance_20260629T1003Z/labels_ollama_proposals.csv,excluded,no_valid_votes,qwen3-vl:4b,0
capture_1499,tools/dataset/captures/live_surveillance_20260629T1003Z/capture_1499.jpg,,,,,,false,test,,excluded,auto-consensus,2026-07-21T20:10:35+00:00,,,tools/dataset/captures/live_surveillance_20260629T1003Z/labels_ollama_proposals.csv,excluded,no_valid_votes,qwen3-vl:4b,0
capture_1500,tools/dataset/captures/live_surveillance_20260629T1003Z/capture_1500.jpg,,,,,,false,test,,excluded,auto-consensus,2026-07-21T20:10:35+00:00,,,tools/dataset/captures/live_surveillance_20260629T1003Z/labels_ollama_proposals.csv,excluded,no_valid_votes,qwen3-vl:4b,0
capture_1501,tools/dataset/captures/live_surveillance_20260629T1003Z/capture_1501.jpg,,,,,,false,test,,excluded,auto-consensus,2026-07-21T20:10:35+00:00,,,tools/dataset/captures/live_surveillance_20260629T1003Z/labels_ollama_proposals.csv,excluded,no_valid_votes,qwen3-vl:4b,0
capture_1502,tools/dataset/captures/live_surveillance_20260629T1003Z/capture_1502.jpg,,,,,,false,test,,excluded,auto-consensus,2026-07-21T20:10:35+00:00,,,tools/dataset/captures/live_surveillance_20260629T1003Z/labels_ollama_proposals.csv,excluded,display_not_found,qwen3-vl:4b,0
capture_1503,tools/dataset/captures/live_surveillance_20260629T1003Z/capture_1503.jpg,,,,,,false,test,,excluded,auto-consensus,2026-07-21T20:10:35+00:00,,,tools/dataset/captures/live_surveillance_20260629T1003Z/labels_ollama_proposals.csv,excluded,no_valid_votes,qwen3-vl:4b,0
capture_1504,tools/dataset/captures/live_surveillance_20260629T1003Z/capture_1504.jpg,,,,,,false,test,,excluded,auto-consensus,2026-07-21T20:10:35+00:00,,,tools/dataset/captures/live_surveillance_20260629T1003Z/labels_ollama_proposals.csv,excluded,no_valid_votes,qwen3-vl:4b,0
capture_1505,tools/dataset/captures/live_surveillance_20260629T1003Z/capture_1505.jpg,,,,,,false,test,,excluded,auto-consensus,2026-07-21T20:10:35+00:00,,,tools/dataset/captures/live_surveillance_20260629T1003Z/labels_ollama_proposals.csv,excluded,no_valid_votes,qwen3-vl:4b,0
capture_1506,tools/dataset/captures/live_surveillance_20260629T1003Z/capture_1506.jpg,,,,,,false,test,,excluded,auto-consensus,2026-07-21T20:10:35+00:00,,,tools/dataset/captures/live_surveillance_20260629T1003Z/labels_ollama_proposals.csv,excluded,no_valid_votes,qwen3-vl:4b,0
capture_1507,tools/dataset/captures/live_surveillance_20260629T1003Z/capture_1507.jpg,,,,,,false,test,,excluded,auto-consensus,2026-07-21T20:10:35+00:00,,,tools/dataset/captures/live_surveillance_20260629T1003Z/labels_ollama_proposals.csv,excluded,no_valid_votes,qwen3-vl:4b,0
capture_1508,tools/dataset/captures/live_surveillance_20260629T1003Z/capture_1508.jpg,,,,,,false,test,,excluded,auto-consensus,2026-07-21T20:10:35+00:00,,,tools/dataset/captures/live_surveillance_20260629T1003Z/labels_ollama_proposals.csv,excluded,no_valid_votes,qwen3-vl:4b,0
capture_1509,tools/dataset/captures/live_surveillance_20260629T1003Z/capture_1509.jpg,,,,,,false,test,,excluded,auto-consensus,2026-07-21T20:10:35+00:00,,,tools/dataset/captures/live_surveillance_20260629T1003Z/labels_ollama_proposals.csv,excluded,no_valid_votes,qwen3-vl:4b,0
capture_1510,tools/dataset/captures/live_surveillance_20260629T1003Z/capture_1510.jpg,,,,,,false,test,,excluded,auto-consensus,2026-07-21T20:10:35+00:00,,,tools/dataset/captures/live_surveillance_20260629T1003Z/labels_ollama_proposals.csv,excluded,no_valid_votes,qwen3-vl:4b,0
capture_1511,tools/dataset/captures/live_surveillance_20260629T1003Z/capture_1511.jpg,,,,,,false,test,,excluded,auto-consensus,2026-07-21T20:10:35+00:00,,,tools/dataset/captures/live_surveillance_20260629T1003Z/labels_ollama_proposals.csv,excluded,no_valid_votes,qwen3-vl:4b,0
capture_1512,tools/dataset/captures/live_surveillance_20260629T1003Z/capture_1512.jpg,,,,,,false,test,,excluded,auto-consensus,2026-07-21T20:10:35+00:00,,,tools/dataset/captures/live_surveillance_20260629T1003Z/labels_ollama_proposals.csv,excluded,display_not_found,qwen3-vl:4b,0
capture_1513,tools/dataset/captures/live_surveillance_20260629T1003Z/capture_1513.jpg,,,,,,false,test,,excluded,auto-consensus,2026-07-21T20:10:35+00:00,,,tools/dataset/captures/live_surveillance_20260629T1003Z/labels_ollama_proposals.csv,excluded,no_valid_votes,qwen3-vl:4b,0
capture_1514,tools/dataset/captures/live_surveillance_20260629T1003Z/capture_1514.jpg,,,,,,false,test,,excluded,auto-consensus,2026-07-21T20:10:35+00:00,,,tools/dataset/captures/live_surveillance_20260629T1003Z/labels_ollama_proposals.csv,excluded,no_valid_votes,qwen3-vl:4b,0
capture_1515,tools/dataset/captures/live_surveillance_20260629T1003Z/capture_1515.jpg,,,,,,false,test,,excluded,auto-consensus,2026-07-21T20:10:35+00:00,,,tools/dataset/captures/live_surveillance_20260629T1003Z/labels_ollama_proposals.csv,excluded,no_valid_votes,qwen3-vl:4b,0
capture_1516,tools/dataset/captures/live_surveillance_20260629T1003Z/capture_1516.jpg,,,,,,false,test,,excluded,auto-consensus,2026-07-21T20:10:35+00:00,,,tools/dataset/captures/live_surveillance_20260629T1003Z/labels_ollama_proposals.csv,excluded,no_valid_votes,qwen3-vl:4b,0
capture_1517,tools/dataset/captures/live_surveillance_20260629T1003Z/capture_1517.jpg,,,,,,false,test,,excluded,auto-consensus,2026-07-21T20:10:35+00:00,,,tools/dataset/captures/live_surveillance_20260629T1003Z/labels_ollama_proposals.csv,excluded,no_valid_votes,qwen3-vl:4b,0
capture_1518,tools/dataset/captures/live_surveillance_20260629T1003Z/capture_1518.jpg,,,,,,false,test,,excluded,auto-consensus,2026-07-21T20:10:35+00:00,,,tools/dataset/captures/live_surveillance_20260629T1003Z/labels_ollama_proposals.csv,excluded,no_valid_votes,qwen3-vl:4b,0
capture_1519,tools/dataset/captures/live_surveillance_20260629T1003Z/capture_1519.jpg,,,,,,false,test,,excluded,auto-consensus,2026-07-21T20:10:35+00:00,,,tools/dataset/captures/live_surveillance_20260629T1003Z/labels_ollama_proposals.csv,excluded,no_valid_votes,qwen3-vl:4b,0
capture_1520,tools/dataset/captures/live_surveillance_20260629T1003Z/capture_1520.jpg,,,,,,false,test,,excluded,auto-consensus,2026-07-21T20:10:35+00:00,,,tools/dataset/captures/live_surveillance_20260629T1003Z/labels_ollama_proposals.csv,excluded,no_valid_votes,qwen3-vl:4b,0
capture_1521,tools/dataset/captures/live_surveillance_20260629T1003Z/capture_1521.jpg,,,,,,false,test,,excluded,auto-consensus,2026-07-21T20:10:35+00:00,,,tools/dataset/captures/live_surveillance_20260629T1003Z/labels_ollama_proposals.csv,excluded,no_valid_votes,qwen3-vl:4b,0
capture_1522,tools/dataset/captures/live_surveillance_20260629T1003Z/capture_1522.jpg,,,,,,false,test,,excluded,auto-consensus,2026-07-21T20:10:35+00:00,,,tools/dataset/captures/live_surveillance_20260629T1003Z/labels_ollama_proposals.csv,excluded,no_valid_votes,qwen3-vl:4b,0
capture_1523,tools/dataset/captures/live_surveillance_20260629T1003Z/capture_1523.jpg,23,45,400,13,36,true,test,auto_consensus,automated_consensus,auto-consensus,2026-07-21T20:10:35+00:00,qwen3-vl:4b,aqs-five-field-v2,tools/dataset/captures/live_surveillance_20260629T1003Z/labels_ollama_proposals.csv,promoted,single_model_temporal_plausible,qwen3-vl:4b,1
capture_1524,tools/dataset/captures/live_surveillance_20260629T1003Z/capture_1524.jpg,23,45,400,13,36,true,test,auto_consensus,automated_consensus,auto-consensus,2026-07-21T20:10:35+00:00,qwen3-vl:4b,aqs-five-field-v2,tools/dataset/captures/live_surveillance_20260629T1003Z/labels_ollama_proposals.csv,promoted,single_model_temporal_plausible,qwen3-vl:4b,1
capture_1525,tools/dataset/captures/live_surveillance_20260629T1003Z/capture_1525.jpg,23,45,400,13,36,true,test,auto_consensus,automated_consensus,auto-consensus,2026-07-21T20:10:35+00:00,qwen3-vl:4b,aqs-five-field-v2,tools/dataset/captures/live_surveillance_20260629T1003Z/labels_ollama_proposals.csv,promoted,single_model_temporal_plausible,qwen3-vl:4b,1
capture_1526,tools/dataset/captures/live_surveillance_20260629T1003Z/capture_1526.jpg,23,45,400,13,36,true,test,auto_consensus,automated_consensus,auto-consensus,2026-07-21T20:10:35+00:00,qwen3-vl:4b,aqs-five-field-v2,tools/dataset/captures/live_surveillance_20260629T1003Z/labels_ollama_proposals.csv,promoted,single_model_temporal_plausible,qwen3-vl:4b,1
capture_1527,tools/dataset/captures/live_surveillance_20260629T1003Z/capture_1527.jpg,23,45,456,13,36,true,test,auto_consensus,automated_consensus,auto-consensus,2026-07-21T20:10:35+00:00,qwen3-vl:4b,aqs-five-field-v2,tools/dataset/captures/live_surveillance_20260629T1003Z/labels_ollama_proposals.csv,promoted,single_model_temporal_plausible,qwen3-vl:4b,1
capture_1528,tools/dataset/captures/live_surveillance_20260629T1003Z/capture_1528.jpg,23,45,400,13,36,true,test,auto_consensus,automated_consensus,auto-consensus,2026-07-21T20:10:35+00:00,qwen3-vl:4b,aqs-five-field-v2,tools/dataset/captures/live_surveillance_20260629T1003Z/labels_ollama_proposals.csv,promoted,single_model_temporal_plausible,qwen3-vl:4b,1
capture_1529,tools/dataset/captures/live_surveillance_20260629T1003Z/capture_1529.jpg,,,,,,false,test,,excluded,auto-consensus,2026-07-21T20:10:35+00:00,,,tools/dataset/captures/live_surveillance_20260629T1003Z/labels_ollama_proposals.csv,excluded,display_not_found,qwen3-vl:4b,0
capture_1530,tools/dataset/captures/live_surveillance_20260629T1003Z/capture_1530.jpg,,,,,,false,test,,excluded,auto-consensus,2026-07-21T20:10:35+00:00,,,tools/dataset/captures/live_surveillance_20260629T1003Z/labels_ollama_proposals.csv,excluded,display_not_found,qwen3-vl:4b,0
capture_1531,tools/dataset/captures/live_surveillance_20260629T1003Z/capture_1531.jpg,23,45,456,13,36,true,test,auto_consensus,automated_consensus,auto-consensus,2026-07-21T20:10:35+00:00,qwen3-vl:4b,aqs-five-field-v2,tools/dataset/captures/live_surveillance_20260629T1003Z/labels_ollama_proposals.csv,promoted,single_model_temporal_plausible,qwen3-vl:4b,1
capture_1532,tools/dataset/captures/live_surveillance_20260629T1003Z/capture_1532.jpg,23,45,456,13,36,true,test,auto_consensus,automated_consensus,auto-consensus,2026-07-21T20:10:35+00:00,qwen3-vl:4b,aqs-five-field-v2,tools/dataset/captures/live_surveillance_20260629T1003Z/labels_ollama_proposals.csv,promoted,single_model_temporal_plausible,qwen3-vl:4b,1
capture_1533,tools/dataset/captures/live_surveillance_20260629T1003Z/capture_1533.jpg,23,45,400,13,36,true,test,auto_consensus,automated_consensus,auto-consensus,2026-07-21T20:10:35+00:00,qwen3-vl:4b,aqs-five-field-v2,tools/dataset/captures/live_surveillance_20260629T1003Z/labels_ollama_proposals.csv,promoted,single_model_temporal_plausible,qwen3-vl:4b,1
capture_1534,tools/dataset/captures/live_surveillance_20260629T1003Z/capture_1534.jpg,23,45,400,13,36,true,test,auto_consensus,automated_consensus,auto-consensus,2026-07-21T20:10:35+00:00,qwen3-vl:4b,aqs-five-field-v2,tools/dataset/captures/live_surveillance_20260629T1003Z/labels_ollama_proposals.csv,promoted,single_model_temporal_plausible,qwen3-vl:4b,1
capture_1535,tools/dataset/captures/live_surveillance_20260629T1003Z/capture_1535.jpg,23,45,456,13,36,true,test,auto_consensus,automated_consensus,auto-consensus,2026-07-21T20:10:35+00:00,qwen3-vl:4b,aqs-five-field-v2,tools/dataset/captures/live_surveillance_20260629T1003Z/labels_ollama_proposals.csv,promoted,single_model_temporal_plausible,qwen3-vl:4b,1
capture_1536,tools/dataset/captures/live_surveillance_20260629T1003Z/capture_1536.jpg,23,45,400,13,36,true,test,auto_consensus,automated_consensus,auto-consensus,2026-07-21T20:10:35+00:00,qwen3-vl:4b,aqs-five-field-v2,tools/dataset/captures/live_surveillance_20260629T1003Z/labels_ollama_proposals.csv,promoted,single_model_temporal_plausible,qwen3-vl:4b,1
capture_1537,tools/dataset/captures/live_surveillance_20260629T1003Z/capture_1537.jpg,23,45,400,13,36,true,test,auto_consensus,automated_consensus,auto-consensus,2026-07-21T20:10:35+00:00,qwen3-vl:4b,aqs-five-field-v2,tools/dataset/captures/live_surveillance_20260629T1003Z/labels_ollama_proposals.csv,promoted,single_model_temporal_plausible,qwen3-vl:4b,1
capture_1538,tools/dataset/captures/live_surveillance_20260629T1003Z/capture_1538.jpg,23,45,400,13,36,true,test,auto_consensus,automated_consensus,auto-consensus,2026-07-21T20:10:35+00:00,qwen3-vl:4b,aqs-five-field-v2,tools/dataset/captures/live_surveillance_20260629T1003Z/labels_ollama_proposals.csv,promoted,single_model_temporal_plausible,qwen3-vl:4b,1
capture_1539,tools/dataset/captures/live_surveillance_20260629T1003Z/capture_1539.jpg,23,45,400,13,36,true,test,auto_consensus,automated_consensus,auto-consensus,2026-07-21T20:10:35+00:00,qwen3-vl:4b,aqs-five-field-v2,tools/dataset/captures/live_surveillance_20260629T1003Z/labels_ollama_proposals.csv,promoted,single_model_temporal_plausible,qwen3-vl:4b,1
capture_1540,tools/dataset/captures/live_surveillance_20260629T1003Z/capture_1540.jpg,23,45,456,13,36,true,test,auto_consensus,automated_consensus,auto-consensus,2026-07-21T20:10:35+00:00,qwen3-vl:4b,aqs-five-field-v2,tools/dataset/captures/live_surveillance_20260629T1003Z/labels_ollama_proposals.csv,promoted,single_model_temporal_plausible,qwen3-vl:4b,1
capture_1541,tools/dataset/captures/live_surveillance_20260629T1003Z/capture_1541.jpg,23,45,400,13,36,true,test,auto_consensus,automated_consensus,auto-consensus,2026-07-21T20:10:35+00:00,qwen3-vl:4b,aqs-five-field-v2,tools/dataset/captures/live_surveillance_20260629T1003Z/labels_ollama_proposals.csv,promoted,single_model_temporal_plausible,qwen3-vl:4b,1
capture_1542,tools/dataset/captures/live_surveillance_20260629T1003Z/capture_1542.jpg,23,45,400,13,36,true,test,auto_consensus,automated_consensus,auto-consensus,2026-07-21T20:10:35+00:00,qwen3-vl:4b,aqs-five-field-v2,tools/dataset/captures/live_surveillance_20260629T1003Z/labels_ollama_proposals.csv,promoted,single_model_temporal_plausible,qwen3-vl:4b,1
capture_1543,tools/dataset/captures/live_surveillance_20260629T1003Z/capture_1543.jpg,23,45,400,13,36,true,test,auto_consensus,automated_consensus,auto-consensus,2026-07-21T20:10:35+00:00,qwen3-vl:4b,aqs-five-field-v2,tools/dataset/captures/live_surveillance_20260629T1003Z/labels_ollama_proposals.csv,promoted,single_model_temporal_plausible,qwen3-vl:4b,1
capture_1544,tools/dataset/captures/live_surveillance_20260629T1003Z/capture_1544.jpg,23,45,400,13,36,true,test,auto_consensus,automated_consensus,auto-consensus,2026-07-21T20:10:35+00:00,qwen3-vl:4b,aqs-five-field-v2,tools/dataset/captures/live_surveillance_20260629T1003Z/labels_ollama_proposals.csv,promoted,single_model_temporal_plausible,qwen3-vl:4b,1
capture_1545,tools/dataset/captures/live_surveillance_20260629T1003Z/capture_1545.jpg,,,,,,false,test,,excluded,auto-consensus,2026-07-21T20:10:35+00:00,,,tools/dataset/captures/live_surveillance_20260629T1003Z/labels_ollama_proposals.csv,excluded,display_not_found,qwen3-vl:4b,0
capture_1546,tools/dataset/captures/live_surveillance_20260629T1003Z/capture_1546.jpg,,,,,,false,test,,excluded,auto-consensus,2026-07-21T20:10:35+00:00,,,tools/dataset/captures/live_surveillance_20260629T1003Z/labels_ollama_proposals.csv,excluded,display_not_found,qwen3-vl:4b,0
capture_1547,tools/dataset/captures/live_surveillance_20260629T1003Z/capture_1547.jpg,,,,,,false,test,,excluded,auto-consensus,2026-07-21T20:10:35+00:00,,,tools/dataset/captures/live_surveillance_20260629T1003Z/labels_ollama_proposals.csv,excluded,display_not_found,qwen3-vl:4b,0
capture_1548,tools/dataset/captures/live_surveillance_20260629T1003Z/capture_1548.jpg,,,,,,false,test,,excluded,auto-consensus,2026-07-21T20:10:35+00:00,,,tools/dataset/captures/live_surveillance_20260629T1003Z/labels_ollama_proposals.csv,excluded,display_not_found,qwen3-vl:4b,0
capture_1549,tools/dataset/captures/live_surveillance_20260629T1003Z/capture_1549.jpg,23,45,400,13,36,true,test,auto_consensus,automated_consensus,auto-consensus,2026-07-21T20:10:35+00:00,qwen3-vl:4b,aqs-five-field-v2,tools/dataset/captures/live_surveillance_20260629T1003Z/labels_ollama_proposals.csv,promoted,single_model_temporal_plausible,qwen3-vl:4b,1
capture_1550,tools/dataset/captures/live_surveillance_20260629T1003Z/capture_1550.jpg,,,,,,false,test,,excluded,auto-consensus,2026-07-21T20:10:35+00:00,,,tools/dataset/captures/live_surveillance_20260629T1003Z/labels_ollama_proposals.csv,excluded,display_not_found,qwen3-vl:4b,0
capture_1551,tools/dataset/captures/live_surveillance_20260629T1003Z/capture_1551.jpg,,,,,,false,test,,excluded,auto-consensus,2026-07-21T20:10:35+00:00,,,tools/dataset/captures/live_surveillance_20260629T1003Z/labels_ollama_proposals.csv,excluded,display_not_found,qwen3-vl:4b,0
capture_1552,tools/dataset/captures/live_surveillance_20260629T1003Z/capture_1552.jpg,,,,,,false,test,,excluded,auto-consensus,2026-07-21T20:10:35+00:00,,,tools/dataset/captures/live_surveillance_20260629T1003Z/labels_ollama_proposals.csv,excluded,display_not_found,qwen3-vl:4b,0
capture_1553,tools/dataset/captures/live_surveillance_20260629T1003Z/capture_1553.jpg,,,,,,false,test,,excluded,auto-consensus,2026-07-21T20:10:35+00:00,,,tools/dataset/captures/live_surveillance_20260629T1003Z/labels_ollama_proposals.csv,excluded,display_not_found,qwen3-vl:4b,0
capture_1554,tools/dataset/captures/live_surveillance_20260629T1003Z/capture_1554.jpg,23,45,400,13,36,true,test,auto_consensus,automated_consensus,auto-consensus,2026-07-21T20:10:35+00:00,qwen3-vl:4b,aqs-five-field-v2,tools/dataset/captures/live_surveillance_20260629T1003Z/labels_ollama_proposals.csv,promoted,single_model_temporal_plausible,qwen3-vl:4b,1
capture_1555,tools/dataset/captures/live_surveillance_20260629T1003Z/capture_1555.jpg,23,45,400,13,36,true,test,auto_consensus,automated_consensus,auto-consensus,2026-07-21T20:10:35+00:00,qwen3-vl:4b,aqs-five-field-v2,tools/dataset/captures/live_surveillance_20260629T1003Z/labels_ollama_proposals.csv,promoted,single_model_temporal_plausible,qwen3-vl:4b,1
capture_1556,tools/dataset/captures/live_surveillance_20260629T1003Z/capture_1556.jpg,23,45,400,13,36,true,test,auto_consensus,automated_consensus,auto-consensus,2026-07-21T20:10:35+00:00,qwen3-vl:4b,aqs-five-field-v2,tools/dataset/captures/live_surveillance_20260629T1003Z/labels_ollama_proposals.csv,promoted,single_model_temporal_plausible,qwen3-vl:4b,1
capture_1557,tools/dataset/captures/live_surveillance_20260629T1003Z/capture_1557.jpg,,,,,,false,test,,excluded,auto-consensus,2026-07-21T20:10:35+00:00,,,tools/dataset/captures/live_surveillance_20260629T1003Z/labels_ollama_proposals.csv,excluded,display_not_found,qwen3-vl:4b,0
capture_1558,tools/dataset/captures/live_surveillance_20260629T1003Z/capture_1558.jpg,23,45,400,13,36,true,test,auto_consensus,automated_consensus,auto-consensus,2026-07-21T20:10:35+00:00,qwen3-vl:4b,aqs-five-field-v2,tools/dataset/captures/live_surveillance_20260629T1003Z/labels_ollama_proposals.csv,promoted,single_model_temporal_plausible,qwen3-vl:4b,1
capture_1559,tools/dataset/captures/live_surveillance_20260629T1003Z/capture_1559.jpg,,,,,,false,test,,excluded,auto-consensus,2026-07-21T20:10:35+00:00,,,tools/dataset/captures/live_surveillance_20260629T1003Z/labels_ollama_proposals.csv,excluded,display_not_found,qwen3-vl:4b,0
capture_1560,tools/dataset/captures/live_surveillance_20260629T1003Z/capture_1560.jpg,,,,,,false,test,,excluded,auto-consensus,2026-07-21T20:10:35+00:00,,,tools/dataset/captures/live_surveillance_20260629T1003Z/labels_ollama_proposals.csv,excluded,display_not_found,qwen3-vl:4b,0
capture_1561,tools/dataset/captures/live_surveillance_20260629T1003Z/capture_1561.jpg,,,,,,false,test,,excluded,auto-consensus,2026-07-21T20:10:35+00:00,,,tools/dataset/captures/live_surveillance_20260629T1003Z/labels_ollama_proposals.csv,excluded,display_not_found,qwen3-vl:4b,0
capture_1562,tools/dataset/captures/live_surveillance_20260629T1003Z/capture_1562.jpg,23,45,456,13,36,true,test,auto_consensus,automated_consensus,auto-consensus,2026-07-21T20:10:35+00:00,qwen3-vl:4b,aqs-five-field-v2,tools/dataset/captures/live_surveillance_20260629T1003Z/labels_ollama_proposals.csv,promoted,single_model_temporal_plausible,qwen3-vl:4b,1
capture_1563,tools/dataset/captures/live_surveillance_20260629T1003Z/capture_1563.jpg,,,,,,false,test,,excluded,auto-consensus,2026-07-21T20:10:35+00:00,,,tools/dataset/captures/live_surveillance_20260629T1003Z/labels_ollama_proposals.csv,excluded,display_not_found,qwen3-vl:4b,0
capture_1564,tools/dataset/captures/live_surveillance_20260629T1003Z/capture_1564.jpg,,,,,,false,test,,excluded,auto-consensus,2026-07-21T20:10:35+00:00,,,tools/dataset/captures/live_surveillance_20260629T1003Z/labels_ollama_proposals.csv,excluded,display_not_found,qwen3-vl:4b,0
capture_1565,tools/dataset/captures/live_surveillance_20260629T1003Z/capture_1565.jpg,23,45,400,13,36,true,test,auto_consensus,automated_consensus,auto-consensus,2026-07-21T20:10:35+00:00,qwen3-vl:4b,aqs-five-field-v2,tools/dataset/captures/live_surveillance_20260629T1003Z/labels_ollama_proposals.csv,promoted,single_model_temporal_plausible,qwen3-vl:4b,1
capture_1566,tools/dataset/captures/live_surveillance_20260629T1003Z/capture_1566.jpg,,,,,,false,test,,excluded,auto-consensus,2026-07-21T20:10:35+00:00,,,tools/dataset/captures/live_surveillance_20260629T1003Z/labels_ollama_proposals.csv,excluded,display_not_found,qwen3-vl:4b,0
capture_1567,tools/dataset/captures/live_surveillance_20260629T1003Z/capture_1567.jpg,23,45,456,13,36,true,test,auto_consensus,automated_consensus,auto-consensus,2026-07-21T20:10:35+00:00,qwen3-vl:4b,aqs-five-field-v2,tools/dataset/captures/live_surveillance_20260629T1003Z/labels_ollama_proposals.csv,promoted,single_model_temporal_plausible,qwen3-vl:4b,1
capture_1568,tools/dataset/captures/live_surveillance_20260629T1003Z/capture_1568.jpg,,,,,,false,test,,excluded,auto-consensus,2026-07-21T20:10:35+00:00,,,tools/dataset/captures/live_surveillance_20260629T1003Z/labels_ollama_proposals.csv,excluded,display_not_found,qwen3-vl:4b,0
capture_1569,tools/dataset/captures/live_surveillance_20260629T1003Z/capture_1569.jpg,23,45,400,13,36,true,test,auto_consensus,automated_consensus,auto-consensus,2026-07-21T20:10:35+00:00,qwen3-vl:4b,aqs-five-field-v2,tools/dataset/captures/live_surveillance_20260629T1003Z/labels_ollama_proposals.csv,promoted,single_model_temporal_plausible,qwen3-vl:4b,1
capture_1570,tools/dataset/captures/live_surveillance_20260629T1003Z/capture_1570.jpg,,,,,,false,test,,excluded,auto-consensus,2026-07-21T20:10:35+00:00,,,tools/dataset/captures/live_surveillance_20260629T1003Z/labels_ollama_proposals.csv,excluded,display_not_found,qwen3-vl:4b,0
capture_1571,tools/dataset/captures/live_surveillance_20260629T1003Z/capture_1571.jpg,,,,,,false,test,,excluded,auto-consensus,2026-07-21T20:10:35+00:00,,,tools/dataset/captures/live_surveillance_20260629T1003Z/labels_ollama_proposals.csv,excluded,display_not_found,qwen3-vl:4b,0
capture_1572,tools/dataset/captures/live_surveillance_20260629T1003Z/capture_1572.jpg,,,,,,false,test,,excluded,auto-consensus,2026-07-21T20:10:35+00:00,,,tools/dataset/captures/live_surveillance_20260629T1003Z/labels_ollama_proposals.csv,excluded,display_not_found,qwen3-vl:4b,0
capture_1573,tools/dataset/captures/live_surveillance_20260629T1003Z/capture_1573.jpg,,,,,,false,test,,excluded,auto-consensus,2026-07-21T20:10:35+00:00,,,tools/dataset/captures/live_surveillance_20260629T1003Z/labels_ollama_proposals.csv,excluded,display_not_found,qwen3-vl:4b,0
capture_1574,tools/dataset/captures/live_surveillance_20260629T1003Z/capture_1574.jpg,,,,,,false,test,,excluded,auto-consensus,2026-07-21T20:10:35+00:00,,,tools/dataset/captures/live_surveillance_20260629T1003Z/labels_ollama_proposals.csv,excluded,display_not_found,qwen3-vl:4b,0
capture_1575,tools/dataset/captures/live_surveillance_20260629T1003Z/capture_1575.jpg,,,,,,false,test,,excluded,auto-consensus,2026-07-21T20:10:35+00:00,,,tools/dataset/captures/live_surveillance_20260629T1003Z/labels_ollama_proposals.csv,excluded,display_not_found,qwen3-vl:4b,0
capture_1576,tools/dataset/captures/live_surveillance_20260629T1003Z/capture_1576.jpg,,,,,,false,test,,excluded,auto-consensus,2026-07-21T20:10:35+00:00,,,tools/dataset/captures/live_surveillance_20260629T1003Z/labels_ollama_proposals.csv,excluded,display_not_found,qwen3-vl:4b,0
capture_1577,tools/dataset/captures/live_surveillance_20260629T1003Z/capture_1577.jpg,,,,,,false,test,,excluded,auto-consensus,2026-07-21T20:10:35+00:00,,,tools/dataset/captures/live_surveillance_20260629T1003Z/labels_ollama_proposals.csv,excluded,display_not_found,qwen3-vl:4b,0
capture_1578,tools/dataset/captures/live_surveillance_20260629T1003Z/capture_1578.jpg,,,,,,false,test,,excluded,auto-consensus,2026-07-21T20:10:35+00:00,,,tools/dataset/captures/live_surveillance_20260629T1003Z/labels_ollama_proposals.csv,excluded,display_not_found,qwen3-vl:4b,0
capture_1579,tools/dataset/captures/live_surveillance_20260629T1003Z/capture_1579.jpg,,,,,,false,test,,excluded,auto-consensus,2026-07-21T20:10:35+00:00,,,tools/dataset/captures/live_surveillance_20260629T1003Z/labels_ollama_proposals.csv,excluded,display_not_found,qwen3-vl:4b,0
capture_1580,tools/dataset/captures/live_surveillance_20260629T1003Z/capture_1580.jpg,,,,,,false,test,,excluded,auto-consensus,2026-07-21T20:10:35+00:00,,,tools/dataset/captures/live_surveillance_20260629T1003Z/labels_ollama_proposals.csv,excluded,display_not_found,qwen3-vl:4b,0
capture_1581,tools/dataset/captures/live_surveillance_20260629T1003Z/capture_1581.jpg,,,,,,false,test,,excluded,auto-consensus,2026-07-21T20:10:35+00:00,,,tools/dataset/captures/live_surveillance_20260629T1003Z/labels_ollama_proposals.csv,excluded,display_not_found,qwen3-vl:4b,0
capture_1582,tools/dataset/captures/live_surveillance_20260629T1003Z/capture_1582.jpg,23,45,400,13,36,true,test,auto_consensus,automated_consensus,auto-consensus,2026-07-21T20:10:35+00:00,qwen3-vl:4b,aqs-five-field-v2,tools/dataset/captures/live_surveillance_20260629T1003Z/labels_ollama_proposals.csv,promoted,single_model_temporal_plausible,qwen3-vl:4b,1
capture_1583,tools/dataset/captures/live_surveillance_20260629T1003Z/capture_1583.jpg,23,45,400,13,36,true,test,auto_consensus,automated_consensus,auto-consensus,2026-07-21T20:10:35+00:00,qwen3-vl:4b,aqs-five-field-v2,tools/dataset/captures/live_surveillance_20260629T1003Z/labels_ollama_proposals.csv,promoted,single_model_temporal_plausible,qwen3-vl:4b,1
capture_1584,tools/dataset/captures/live_surveillance_20260629T1003Z/capture_1584.jpg,23,45,456,13,36,true,test,auto_consensus,automated_consensus,auto-consensus,2026-07-21T20:10:35+00:00,qwen3-vl:4b,aqs-five-field-v2,tools/dataset/captures/live_surveillance_20260629T1003Z/labels_ollama_proposals.csv,promoted,single_model_temporal_plausible,qwen3-vl:4b,1
capture_1585,tools/dataset/captures/live_surveillance_20260629T1003Z/capture_1585.jpg,23,45,400,13,36,true,test,auto_consensus,automated_consensus,auto-consensus,2026-07-21T20:10:35+00:00,qwen3-vl:4b,aqs-five-field-v2,tools/dataset/captures/live_surveillance_20260629T1003Z/labels_ollama_proposals.csv,promoted,single_model_temporal_plausible,qwen3-vl:4b,1
capture_1586,tools/dataset/captures/live_surveillance_20260629T1003Z/capture_1586.jpg,,,,,,false,test,,excluded,auto-consensus,2026-07-21T20:10:35+00:00,,,tools/dataset/captures/live_surveillance_20260629T1003Z/labels_ollama_proposals.csv,excluded,display_not_found,qwen3-vl:4b,0
capture_1587,tools/dataset/captures/live_surveillance_20260629T1003Z/capture_1587.jpg,,,,,,false,test,,excluded,auto-consensus,2026-07-21T20:10:35+00:00,,,tools/dataset/captures/live_surveillance_20260629T1003Z/labels_ollama_proposals.csv,excluded,display_not_found,qwen3-vl:4b,0
capture_1588,tools/dataset/captures/live_surveillance_20260629T1003Z/capture_1588.jpg,23,45,400,13,36,true,test,auto_consensus,automated_consensus,auto-consensus,2026-07-21T20:10:35+00:00,qwen3-vl:4b,aqs-five-field-v2,tools/dataset/captures/live_surveillance_20260629T1003Z/labels_ollama_proposals.csv,promoted,single_model_temporal_plausible,qwen3-vl:4b,1
capture_1589,tools/dataset/captures/live_surveillance_20260629T1003Z/capture_1589.jpg,23,45,400,13,36,true,test,auto_consensus,automated_consensus,auto-consensus,2026-07-21T20:10:35+00:00,qwen3-vl:4b,aqs-five-field-v2,tools/dataset/captures/live_surveillance_20260629T1003Z/labels_ollama_proposals.csv,promoted,single_model_temporal_plausible,qwen3-vl:4b,1
capture_1590,tools/dataset/captures/live_surveillance_20260629T1003Z/capture_1590.jpg,23,45,400,13,36,true,test,auto_consensus,automated_consensus,auto-consensus,2026-07-21T20:10:35+00:00,qwen3-vl:4b,aqs-five-field-v2,tools/dataset/captures/live_surveillance_20260629T1003Z/labels_ollama_proposals.csv,promoted,single_model_temporal_plausible,qwen3-vl:4b,1
capture_1591,tools/dataset/captures/live_surveillance_20260629T1003Z/capture_1591.jpg,,,,,,false,test,,excluded,auto-consensus,2026-07-21T20:10:35+00:00,,,tools/dataset/captures/live_surveillance_20260629T1003Z/labels_ollama_proposals.csv,excluded,display_not_found,qwen3-vl:4b,0
capture_1592,tools/dataset/captures/live_surveillance_20260629T1003Z/capture_1592.jpg,,,,,,false,test,,excluded,auto-consensus,2026-07-21T20:10:35+00:00,,,tools/dataset/captures/live_surveillance_20260629T1003Z/labels_ollama_proposals.csv,excluded,display_not_found,qwen3-vl:4b,0
capture_1593,tools/dataset/captures/live_surveillance_20260629T1003Z/capture_1593.jpg,,,,,,false,test,,excluded,auto-consensus,2026-07-21T20:10:35+00:00,,,tools/dataset/captures/live_surveillance_20260629T1003Z/labels_ollama_proposals.csv,excluded,display_not_found,qwen3-vl:4b,0
capture_1594,tools/dataset/captures/live_surveillance_20260629T1003Z/capture_1594.jpg,,,,,,false,test,,excluded,auto-consensus,2026-07-21T20:10:35+00:00,,,tools/dataset/captures/live_surveillance_20260629T1003Z/labels_ollama_proposals.csv,excluded,display_not_found,qwen3-vl:4b,0
capture_1595,tools/dataset/captures/live_surveillance_20260629T1003Z/capture_1595.jpg,,,,,,false,test,,excluded,auto-consensus,2026-07-21T20:10:35+00:00,,,tools/dataset/captures/live_surveillance_20260629T1003Z/labels_ollama_proposals.csv,excluded,display_not_found,qwen3-vl:4b,0
capture_1596,tools/dataset/captures/live_surveillance_20260629T1003Z/capture_1596.jpg,23,45,400,13,36,true,test,auto_consensus,automated_consensus,auto-consensus,2026-07-21T20:10:35+00:00,qwen3-vl:4b,aqs-five-field-v2,tools/dataset/captures/live_surveillance_20260629T1003Z/labels_ollama_proposals.csv,promoted,single_model_temporal_plausible,qwen3-vl:4b,1
capture_1597,tools/dataset/captures/live_surveillance_20260629T1003Z/capture_1597.jpg,23,45,400,13,36,true,test,auto_consensus,automated_consensus,auto-consensus,2026-07-21T20:10:35+00:00,qwen3-vl:4b,aqs-five-field-v2,tools/dataset/captures/live_surveillance_20260629T1003Z/labels_ollama_proposals.csv,promoted,single_model_temporal_plausible,qwen3-vl:4b,1
capture_1598,tools/dataset/captures/live_surveillance_20260629T1003Z/capture_1598.jpg,23,45,400,13,36,true,test,auto_consensus,automated_consensus,auto-consensus,2026-07-21T20:10:35+00:00,qwen3-vl:4b,aqs-five-field-v2,tools/dataset/captures/live_surveillance_20260629T1003Z/labels_ollama_proposals.csv,promoted,single_model_temporal_plausible,qwen3-vl:4b,1
capture_1599,tools/dataset/captures/live_surveillance_20260629T1003Z/capture_1599.jpg,23,45,456,13,36,true,test,auto_consensus,automated_consensus,auto-consensus,2026-07-21T20:10:35+00:00,qwen3-vl:4b,aqs-five-field-v2,tools/dataset/captures/live_surveillance_20260629T1003Z/labels_ollama_proposals.csv,promoted,single_model_temporal_plausible,qwen3-vl:4b,1
capture_1600,tools/dataset/captures/live_surveillance_20260629T1003Z/capture_1600.jpg,23,45,400,13,36,true,test,auto_consensus,automated_consensus,auto-consensus,2026-07-21T20:10:35+00:00,qwen3-vl:4b,aqs-five-field-v2,tools/dataset/captures/live_surveillance_20260629T1003Z/labels_ollama_proposals.csv,promoted,single_model_temporal_plausible,qwen3-vl:4b,1
capture_1601,tools/dataset/captures/live_surveillance_20260629T1003Z/capture_1601.jpg,23,45,400,13,36,true,test,auto_consensus,automated_consensus,auto-consensus,2026-07-21T20:10:35+00:00,qwen3-vl:4b,aqs-five-field-v2,tools/dataset/captures/live_surveillance_20260629T1003Z/labels_ollama_proposals.csv,promoted,single_model_temporal_plausible,qwen3-vl:4b,1
capture_1602,tools/dataset/captures/live_surveillance_20260629T1003Z/capture_1602.jpg,23,45,400,13,36,true,test,auto_consensus,automated_consensus,auto-consensus,2026-07-21T20:10:35+00:00,qwen3-vl:4b,aqs-five-field-v2,tools/dataset/captures/live_surveillance_20260629T1003Z/labels_ollama_proposals.csv,promoted,single_model_temporal_plausible,qwen3-vl:4b,1
capture_1603,tools/dataset/captures/live_surveillance_20260629T1003Z/capture_1603.jpg,23,45,456,13,36,true,test,auto_consensus,automated_consensus,auto-consensus,2026-07-21T20:10:35+00:00,qwen3-vl:4b,aqs-five-field-v2,tools/dataset/captures/live_surveillance_20260629T1003Z/labels_ollama_proposals.csv,promoted,single_model_temporal_plausible,qwen3-vl:4b,1
capture_1604,tools/dataset/captures/live_surveillance_20260629T1003Z/capture_1604.jpg,23,45,400,13,36,true,test,auto_consensus,automated_consensus,auto-consensus,2026-07-21T20:10:35+00:00,qwen3-vl:4b,aqs-five-field-v2,tools/dataset/captures/live_surveillance_20260629T1003Z/labels_ollama_proposals.csv,promoted,single_model_temporal_plausible,qwen3-vl:4b,1
capture_1605,tools/dataset/captures/live_surveillance_20260629T1003Z/capture_1605.jpg,,,,,,false,test,,excluded,auto-consensus,2026-07-21T20:10:35+00:00,,,tools/dataset/captures/live_surveillance_20260629T1003Z/labels_ollama_proposals.csv,excluded,display_not_found,qwen3-vl:4b,0
capture_1606,tools/dataset/captures/live_surveillance_20260629T1003Z/capture_1606.jpg,23,45,400,13,36,true,test,auto_consensus,automated_consensus,auto-consensus,2026-07-21T20:10:35+00:00,qwen3-vl:4b,aqs-five-field-v2,tools/dataset/captures/live_surveillance_20260629T1003Z/labels_ollama_proposals.csv,promoted,single_model_temporal_plausible,qwen3-vl:4b,1
capture_1607,tools/dataset/captures/live_surveillance_20260629T1003Z/capture_1607.jpg,23,45,456,13,36,true,test,auto_consensus,automated_consensus,auto-consensus,2026-07-21T20:10:35+00:00,qwen3-vl:4b,aqs-five-field-v2,tools/dataset/captures/live_surveillance_20260629T1003Z/labels_ollama_proposals.csv,promoted,single_model_temporal_plausible,qwen3-vl:4b,1
capture_1608,tools/dataset/captures/live_surveillance_20260629T1003Z/capture_1608.jpg,23,45,400,13,36,true,test,auto_consensus,automated_consensus,auto-consensus,2026-07-21T20:10:35+00:00,qwen3-vl:4b,aqs-five-field-v2,tools/dataset/captures/live_surveillance_20260629T1003Z/labels_ollama_proposals.csv,promoted,single_model_temporal_plausible,qwen3-vl:4b,1
capture_1609,tools/dataset/captures/live_surveillance_20260629T1003Z/capture_1609.jpg,23,45,400,13,36,true,test,auto_consensus,automated_consensus,auto-consensus,2026-07-21T20:10:35+00:00,qwen3-vl:4b,aqs-five-field-v2,tools/dataset/captures/live_surveillance_20260629T1003Z/labels_ollama_proposals.csv,promoted,single_model_temporal_plausible,qwen3-vl:4b,1
capture_1610,tools/dataset/captures/live_surveillance_20260629T1003Z/capture_1610.jpg,23,45,400,13,36,true,test,auto_consensus,automated_consensus,auto-consensus,2026-07-21T20:10:35+00:00,qwen3-vl:4b,aqs-five-field-v2,tools/dataset/captures/live_surveillance_20260629T1003Z/labels_ollama_proposals.csv,promoted,single_model_temporal_plausible,qwen3-vl:4b,1
capture_1611,tools/dataset/captures/live_surveillance_20260629T1003Z/capture_1611.jpg,23,45,400,13,36,true,test,auto_consensus,automated_consensus,auto-consensus,2026-07-21T20:10:35+00:00,qwen3-vl:4b,aqs-five-field-v2,tools/dataset/captures/live_surveillance_20260629T1003Z/labels_ollama_proposals.csv,promoted,single_model_temporal_plausible,qwen3-vl:4b,1
capture_1612,tools/dataset/captures/live_surveillance_20260629T1003Z/capture_1612.jpg,23,45,400,13,36,true,test,auto_consensus,automated_consensus,auto-consensus,2026-07-21T20:10:35+00:00,qwen3-vl:4b,aqs-five-field-v2,tools/dataset/captures/live_surveillance_20260629T1003Z/labels_ollama_proposals.csv,promoted,single_model_temporal_plausible,qwen3-vl:4b,1
capture_1613,tools/dataset/captures/live_surveillance_20260629T1003Z/capture_1613.jpg,23,45,400,13,36,true,test,auto_consensus,automated_consensus,auto-consensus,2026-07-21T20:10:35+00:00,qwen3-vl:4b,aqs-five-field-v2,tools/dataset/captures/live_surveillance_20260629T1003Z/labels_ollama_proposals.csv,promoted,single_model_temporal_plausible,qwen3-vl:4b,1
capture_1614,tools/dataset/captures/live_surveillance_20260629T1003Z/capture_1614.jpg,23,45,400,13,36,true,test,auto_consensus,automated_consensus,auto-consensus,2026-07-21T20:10:35+00:00,qwen3-vl:4b,aqs-five-field-v2,tools/dataset/captures/live_surveillance_20260629T1003Z/labels_ollama_proposals.csv,promoted,single_model_temporal_plausible,qwen3-vl:4b,1
capture_1615,tools/dataset/captures/live_surveillance_20260629T1003Z/capture_1615.jpg,23,45,400,13,36,true,test,auto_consensus,automated_consensus,auto-consensus,2026-07-21T20:10:35+00:00,qwen3-vl:4b,aqs-five-field-v2,tools/dataset/captures/live_surveillance_20260629T1003Z/labels_ollama_proposals.csv,promoted,single_model_temporal_plausible,qwen3-vl:4b,1
capture_1616,tools/dataset/captures/live_surveillance_20260629T1003Z/capture_1616.jpg,23,45,400,13,36,true,test,auto_consensus,automated_consensus,auto-consensus,2026-07-21T20:10:35+00:00,qwen3-vl:4b,aqs-five-field-v2,tools/dataset/captures/live_surveillance_20260629T1003Z/labels_ollama_proposals.csv,promoted,single_model_temporal_plausible,qwen3-vl:4b,1
capture_1617,tools/dataset/captures/live_surveillance_20260629T1003Z/capture_1617.jpg,23,45,456,13,36,true,test,auto_consensus,automated_consensus,auto-consensus,2026-07-21T20:10:35+00:00,qwen3-vl:4b,aqs-five-field-v2,tools/dataset/captures/live_surveillance_20260629T1003Z/labels_ollama_proposals.csv,promoted,single_model_temporal_plausible,qwen3-vl:4b,1
capture_1618,tools/dataset/captures/live_surveillance_20260629T1003Z/capture_1618.jpg,23,45,456,13,36,true,test,auto_consensus,automated_consensus,auto-consensus,2026-07-21T20:10:35+00:00,qwen3-vl:4b,aqs-five-field-v2,tools/dataset/captures/live_surveillance_20260629T1003Z/labels_ollama_proposals.csv,promoted,single_model_temporal_plausible,qwen3-vl:4b,1
capture_1619,tools/dataset/captures/live_surveillance_20260629T1003Z/capture_1619.jpg,23,45,400,13,36,true,test,auto_consensus,automated_consensus,auto-consensus,2026-07-21T20:10:35+00:00,qwen3-vl:4b,aqs-five-field-v2,tools/dataset/captures/live_surveillance_20260629T1003Z/labels_ollama_proposals.csv,promoted,single_model_temporal_plausible,qwen3-vl:4b,1
capture_1620,tools/dataset/captures/live_surveillance_20260629T1003Z/capture_1620.jpg,23,45,400,13,36,true,test,auto_consensus,automated_consensus,auto-consensus,2026-07-21T20:10:35+00:00,qwen3-vl:4b,aqs-five-field-v2,tools/dataset/captures/live_surveillance_20260629T1003Z/labels_ollama_proposals.csv,promoted,single_model_temporal_plausible,qwen3-vl:4b,1
capture_1621,tools/dataset/captures/live_surveillance_20260629T1003Z/capture_1621.jpg,23,45,456,13,36,true,test,auto_consensus,automated_consensus,auto-consensus,2026-07-21T20:10:35+00:00,qwen3-vl:4b,aqs-five-field-v2,tools/dataset/captures/live_surveillance_20260629T1003Z/labels_ollama_proposals.csv,promoted,single_model_temporal_plausible,qwen3-vl:4b,1
capture_1622,tools/dataset/captures/live_surveillance_20260629T1003Z/capture_1622.jpg,23,45,400,13,36,true,test,auto_consensus,automated_consensus,auto-consensus,2026-07-21T20:10:35+00:00,qwen3-vl:4b,aqs-five-field-v2,tools/dataset/captures/live_surveillance_20260629T1003Z/labels_ollama_proposals.csv,promoted,single_model_temporal_plausible,qwen3-vl:4b,1
capture_1623,tools/dataset/captures/live_surveillance_20260629T1003Z/capture_1623.jpg,23,45,400,13,36,true,test,auto_consensus,automated_consensus,auto-consensus,2026-07-21T20:10:35+00:00,qwen3-vl:4b,aqs-five-field-v2,tools/dataset/captures/live_surveillance_20260629T1003Z/labels_ollama_proposals.csv,promoted,single_model_temporal_plausible,qwen3-vl:4b,1
capture_1624,tools/dataset/captures/live_surveillance_20260629T1003Z/capture_1624.jpg,23,45,456,13,36,true,test,auto_consensus,automated_consensus,auto-consensus,2026-07-21T20:10:35+00:00,qwen3-vl:4b,aqs-five-field-v2,tools/dataset/captures/live_surveillance_20260629T1003Z/labels_ollama_proposals.csv,promoted,single_model_temporal_plausible,qwen3-vl:4b,1
capture_1625,tools/dataset/captures/live_surveillance_20260629T1003Z/capture_1625.jpg,23,45,456,13,36,true,test,auto_consensus,automated_consensus,auto-consensus,2026-07-21T20:10:35+00:00,qwen3-vl:4b,aqs-five-field-v2,tools/dataset/captures/live_surveillance_20260629T1003Z/labels_ollama_proposals.csv,promoted,single_model_temporal_plausible,qwen3-vl:4b,1
capture_1626,tools/dataset/captures/live_surveillance_20260629T1003Z/capture_1626.jpg,23,45,400,13,36,true,test,auto_consensus,automated_consensus,auto-consensus,2026-07-21T20:10:35+00:00,qwen3-vl:4b,aqs-five-field-v2,tools/dataset/captures/live_surveillance_20260629T1003Z/labels_ollama_proposals.csv,promoted,single_model_temporal_plausible,qwen3-vl:4b,1
capture_1627,tools/dataset/captures/live_surveillance_20260629T1003Z/capture_1627.jpg,23,45,400,13,36,true,test,auto_consensus,automated_consensus,auto-consensus,2026-07-21T20:10:35+00:00,qwen3-vl:4b,aqs-five-field-v2,tools/dataset/captures/live_surveillance_20260629T1003Z/labels_ollama_proposals.csv,promoted,single_model_temporal_plausible,qwen3-vl:4b,1
capture_1628,tools/dataset/captures/live_surveillance_20260629T1003Z/capture_1628.jpg,,,,,,false,test,,excluded,auto-consensus,2026-07-21T20:10:35+00:00,,,tools/dataset/captures/live_surveillance_20260629T1003Z/labels_ollama_proposals.csv,excluded,display_not_found,qwen3-vl:4b,0
capture_1629,tools/dataset/captures/live_surveillance_20260629T1003Z/capture_1629.jpg,,,,,,false,test,,excluded,auto-consensus,2026-07-21T20:10:35+00:00,,,tools/dataset/captures/live_surveillance_20260629T1003Z/labels_ollama_proposals.csv,excluded,display_not_found,qwen3-vl:4b,0
capture_1630,tools/dataset/captures/live_surveillance_20260629T1003Z/capture_1630.jpg,23,45,400,13,36,true,test,auto_consensus,automated_consensus,auto-consensus,2026-07-21T20:10:35+00:00,qwen3-vl:4b,aqs-five-field-v2,tools/dataset/captures/live_surveillance_20260629T1003Z/labels_ollama_proposals.csv,promoted,single_model_temporal_plausible,qwen3-vl:4b,1
capture_1631,tools/dataset/captures/live_surveillance_20260629T1003Z/capture_1631.jpg,,,,,,false,test,,excluded,auto-consensus,2026-07-21T20:10:35+00:00,,,tools/dataset/captures/live_surveillance_20260629T1003Z/labels_ollama_proposals.csv,excluded,display_not_found,qwen3-vl:4b,0
capture_1632,tools/dataset/captures/live_surveillance_20260629T1003Z/capture_1632.jpg,23,45,456,13,36,true,test,auto_consensus,automated_consensus,auto-consensus,2026-07-21T20:10:35+00:00,qwen3-vl:4b,aqs-five-field-v2,tools/dataset/captures/live_surveillance_20260629T1003Z/labels_ollama_proposals.csv,promoted,single_model_temporal_plausible,qwen3-vl:4b,1
capture_1633,tools/dataset/captures/live_surveillance_20260629T1003Z/capture_1633.jpg,23,45,456,13,36,true,test,auto_consensus,automated_consensus,auto-consensus,2026-07-21T20:10:35+00:00,qwen3-vl:4b,aqs-five-field-v2,tools/dataset/captures/live_surveillance_20260629T1003Z/labels_ollama_proposals.csv,promoted,single_model_temporal_plausible,qwen3-vl:4b,1
capture_1634,tools/dataset/captures/live_surveillance_20260629T1003Z/capture_1634.jpg,23,45,400,13,36,true,test,auto_consensus,automated_consensus,auto-consensus,2026-07-21T20:10:35+00:00,qwen3-vl:4b,aqs-five-field-v2,tools/dataset/captures/live_surveillance_20260629T1003Z/labels_ollama_proposals.csv,promoted,single_model_temporal_plausible,qwen3-vl:4b,1
capture_1635,tools/dataset/captures/live_surveillance_20260629T1003Z/capture_1635.jpg,,,,,,false,test,,excluded,auto-consensus,2026-07-21T20:10:35+00:00,,,tools/dataset/captures/live_surveillance_20260629T1003Z/labels_ollama_proposals.csv,excluded,display_not_found,qwen3-vl:4b,0
capture_1636,tools/dataset/captures/live_surveillance_20260629T1003Z/capture_1636.jpg,23,45,400,13,36,true,test,auto_consensus,automated_consensus,auto-consensus,2026-07-21T20:10:35+00:00,qwen3-vl:4b,aqs-five-field-v2,tools/dataset/captures/live_surveillance_20260629T1003Z/labels_ollama_proposals.csv,promoted,single_model_temporal_plausible,qwen3-vl:4b,1
capture_1637,tools/dataset/captures/live_surveillance_20260629T1003Z/capture_1637.jpg,23,45,456,13,36,true,test,auto_consensus,automated_consensus,auto-consensus,2026-07-21T20:10:35+00:00,qwen3-vl:4b,aqs-five-field-v2,tools/dataset/captures/live_surveillance_20260629T1003Z/labels_ollama_proposals.csv,promoted,single_model_temporal_plausible,qwen3-vl:4b,1
capture_1638,tools/dataset/captures/live_surveillance_20260629T1003Z/capture_1638.jpg,,,,,,false,test,,excluded,auto-consensus,2026-07-21T20:10:35+00:00,,,tools/dataset/captures/live_surveillance_20260629T1003Z/labels_ollama_proposals.csv,excluded,display_not_found,qwen3-vl:4b,0
capture_1639,tools/dataset/captures/live_surveillance_20260629T1003Z/capture_1639.jpg,,,,,,false,test,,excluded,auto-consensus,2026-07-21T20:10:35+00:00,,,tools/dataset/captures/live_surveillance_20260629T1003Z/labels_ollama_proposals.csv,excluded,display_not_found,qwen3-vl:4b,0
capture_1640,tools/dataset/captures/live_surveillance_20260629T1003Z/capture_1640.jpg,,,,,,false,test,,excluded,auto-consensus,2026-07-21T20:10:35+00:00,,,tools/dataset/captures/live_surveillance_20260629T1003Z/labels_ollama_proposals.csv,excluded,display_not_found,qwen3-vl:4b,0
capture_1641,tools/dataset/captures/live_surveillance_20260629T1003Z/capture_1641.jpg,,,,,,false,test,,excluded,auto-consensus,2026-07-21T20:10:35+00:00,,,tools/dataset/captures/live_surveillance_20260629T1003Z/labels_ollama_proposals.csv,excluded,display_not_found,qwen3-vl:4b,0
capture_1642,tools/dataset/captures/live_surveillance_20260629T1003Z/capture_1642.jpg,,,,,,false,test,,excluded,auto-consensus,2026-07-21T20:10:35+00:00,,,tools/dataset/captures/live_surveillance_20260629T1003Z/labels_ollama_proposals.csv,excluded,display_not_found,qwen3-vl:4b,0
capture_1643,tools/dataset/captures/live_surveillance_20260629T1003Z/capture_1643.jpg,,,,,,false,test,,excluded,auto-consensus,2026-07-21T20:10:35+00:00,,,tools/dataset/captures/live_surveillance_20260629T1003Z/labels_ollama_proposals.csv,excluded,display_not_found,qwen3-vl:4b,0
capture_1644,tools/dataset/captures/live_surveillance_20260629T1003Z/capture_1644.jpg,23,45,400,13,36,true,test,auto_consensus,automated_consensus,auto-consensus,2026-07-21T20:10:35+00:00,qwen3-vl:4b,aqs-five-field-v2,tools/dataset/captures/live_surveillance_20260629T1003Z/labels_ollama_proposals.csv,promoted,single_model_temporal_plausible,qwen3-vl:4b,1
capture_1645,tools/dataset/captures/live_surveillance_20260629T1003Z/capture_1645.jpg,23,45,400,13,36,true,test,auto_consensus,automated_consensus,auto-consensus,2026-07-21T20:10:35+00:00,qwen3-vl:4b,aqs-five-field-v2,tools/dataset/captures/live_surveillance_20260629T1003Z/labels_ollama_proposals.csv,promoted,single_model_temporal_plausible,qwen3-vl:4b,1
capture_1646,tools/dataset/captures/live_surveillance_20260629T1003Z/capture_1646.jpg,,,,,,false,test,,excluded,auto-consensus,2026-07-21T20:10:35+00:00,,,tools/dataset/captures/live_surveillance_20260629T1003Z/labels_ollama_proposals.csv,excluded,display_not_found,qwen3-vl:4b,0
capture_1647,tools/dataset/captures/live_surveillance_20260629T1003Z/capture_1647.jpg,23,45,400,13,36,true,test,auto_consensus,automated_consensus,auto-consensus,2026-07-21T20:10:35+00:00,qwen3-vl:4b,aqs-five-field-v2,tools/dataset/captures/live_surveillance_20260629T1003Z/labels_ollama_proposals.csv,promoted,single_model_temporal_plausible,qwen3-vl:4b,1
