sample_id,image_path,temperature_c,humidity_percent,co2_ppm,hcho_raw,tvoc_raw,valid,split,notes,review_status,reviewer,reviewed_at_utc,proposal_model,prompt_version,source_proposals,source_labels
serial_timed_fast_20260627T1205Z_capture_0015,tools/dataset/captures/serial_timed_fast_20260627T1205Z/capture_0015.jpg,28,46,838,64,178,true,train,timed_daylight_usb ollama_ocr,approved,owner-bulk-approved,2026-06-29T06:46:10+00:00,,,tools/dataset/captures/serial_timed_fast_20260627T1205Z/labels_ollama_review_queue.csv,tools/dataset/captures/serial_timed_fast_20260627T1205Z/labels_environment.csv
serial_timed_fast_20260627T1205Z_capture_0018,tools/dataset/captures/serial_timed_fast_20260627T1205Z/capture_0018.jpg,28,46,833,64,173,true,train,timed_daylight_usb ollama_ocr,approved,owner-bulk-approved,2026-06-29T06:46:10+00:00,,,tools/dataset/captures/serial_timed_fast_20260627T1205Z/labels_ollama_review_queue.csv,tools/dataset/captures/serial_timed_fast_20260627T1205Z/labels_environment.csv
serial_timed_fast_20260627T1205Z_capture_0041,tools/dataset/captures/serial_timed_fast_20260627T1205Z/capture_0041.jpg,28,46,833,64,173,true,validation,timed_daylight_usb ollama_ocr,approved,owner-bulk-approved,2026-06-29T06:46:10+00:00,,,tools/dataset/captures/serial_timed_fast_20260627T1205Z/labels_ollama_review_queue.csv,tools/dataset/captures/serial_timed_fast_20260627T1205Z/labels_environment.csv
serial_timed_fast_20260627T1205Z_capture_0044,tools/dataset/captures/serial_timed_fast_20260627T1205Z/capture_0044.jpg,28,46,833,54,173,true,train,timed_daylight_usb ollama_ocr,approved,owner-bulk-approved,2026-06-29T06:46:10+00:00,,,tools/dataset/captures/serial_timed_fast_20260627T1205Z/labels_ollama_review_queue.csv,tools/dataset/captures/serial_timed_fast_20260627T1205Z/labels_environment.csv
serial_timed_fast_20260627T1205Z_capture_0047,tools/dataset/captures/serial_timed_fast_20260627T1205Z/capture_0047.jpg,28,46,833,54,173,true,train,timed_daylight_usb ollama_ocr,approved,owner-bulk-approved,2026-06-29T06:46:10+00:00,,,tools/dataset/captures/serial_timed_fast_20260627T1205Z/labels_ollama_review_queue.csv,tools/dataset/captures/serial_timed_fast_20260627T1205Z/labels_environment.csv
serial_timed_fast_20260627T1205Z_capture_0053,tools/dataset/captures/serial_timed_fast_20260627T1205Z/capture_0053.jpg,28,46,833,54,173,true,train,timed_daylight_usb ollama_ocr,approved,owner-bulk-approved,2026-06-29T06:46:10+00:00,,,tools/dataset/captures/serial_timed_fast_20260627T1205Z/labels_ollama_review_queue.csv,tools/dataset/captures/serial_timed_fast_20260627T1205Z/labels_environment.csv
serial_timed_fast_20260627T1205Z_capture_0062,tools/dataset/captures/serial_timed_fast_20260627T1205Z/capture_0062.jpg,28,46,827,63,16,true,train,timed_daylight_usb ollama_ocr,approved,owner-bulk-approved,2026-06-29T06:46:10+00:00,qwen3-vl:4b,aqs-five-field-v2,tools/dataset/captures/serial_timed_fast_20260627T1205Z/labels_ollama_review_queue.csv,tools/dataset/captures/serial_timed_fast_20260627T1205Z/labels_environment.csv
serial_timed_fast_20260627T1205Z_capture_0065,tools/dataset/captures/serial_timed_fast_20260627T1205Z/capture_0065.jpg,28,46,827,63,16,true,validation,timed_daylight_usb ollama_ocr,approved,owner-bulk-approved,2026-06-29T06:46:10+00:00,qwen3-vl:4b,aqs-five-field-v2,tools/dataset/captures/serial_timed_fast_20260627T1205Z/labels_ollama_review_queue.csv,tools/dataset/captures/serial_timed_fast_20260627T1205Z/labels_environment.csv
serial_timed_fast_20260627T1205Z_capture_0068,tools/dataset/captures/serial_timed_fast_20260627T1205Z/capture_0068.jpg,28,46,833,64,18,true,train,timed_daylight_usb ollama_ocr,approved,owner-bulk-approved,2026-06-29T06:46:10+00:00,qwen3-vl:4b,aqs-five-field-v2,tools/dataset/captures/serial_timed_fast_20260627T1205Z/labels_ollama_review_queue.csv,tools/dataset/captures/serial_timed_fast_20260627T1205Z/labels_environment.csv
serial_timed_fast_20260627T1205Z_capture_0071,tools/dataset/captures/serial_timed_fast_20260627T1205Z/capture_0071.jpg,28,46,833,64,13,true,train,timed_daylight_usb ollama_ocr,approved,owner-bulk-approved,2026-06-29T06:46:10+00:00,qwen3-vl:4b,aqs-five-field-v2,tools/dataset/captures/serial_timed_fast_20260627T1205Z/labels_ollama_review_queue.csv,tools/dataset/captures/serial_timed_fast_20260627T1205Z/labels_environment.csv
serial_timed_fast_20260627T1205Z_capture_0074,tools/dataset/captures/serial_timed_fast_20260627T1205Z/capture_0074.jpg,28,46,833,64,13,true,train,timed_daylight_usb ollama_ocr,approved,owner-bulk-approved,2026-06-29T06:46:10+00:00,qwen3-vl:4b,aqs-five-field-v2,tools/dataset/captures/serial_timed_fast_20260627T1205Z/labels_ollama_review_queue.csv,tools/dataset/captures/serial_timed_fast_20260627T1205Z/labels_environment.csv
serial_timed_fast_20260627T1205Z_capture_0077,tools/dataset/captures/serial_timed_fast_20260627T1205Z/capture_0077.jpg,28,46,827,64,13,true,train,timed_daylight_usb ollama_ocr,approved,owner-bulk-approved,2026-06-29T06:46:10+00:00,qwen3-vl:4b,aqs-five-field-v2,tools/dataset/captures/serial_timed_fast_20260627T1205Z/labels_ollama_review_queue.csv,tools/dataset/captures/serial_timed_fast_20260627T1205Z/labels_environment.csv
serial_timed_fast_20260627T1205Z_capture_0079,tools/dataset/captures/serial_timed_fast_20260627T1205Z/capture_0079.jpg,28,46,827,63,18,true,validation,timed_daylight_usb ollama_ocr,approved,owner-bulk-approved,2026-06-29T06:46:10+00:00,qwen3-vl:4b,aqs-five-field-v2,tools/dataset/captures/serial_timed_fast_20260627T1205Z/labels_ollama_review_queue.csv,tools/dataset/captures/serial_timed_fast_20260627T1205Z/labels_environment.csv
serial_timed_fast_20260627T1205Z_capture_0082,tools/dataset/captures/serial_timed_fast_20260627T1205Z/capture_0082.jpg,28,46,827,63,18,true,train,timed_daylight_usb ollama_ocr,approved,owner-bulk-approved,2026-06-29T06:46:10+00:00,qwen3-vl:4b,aqs-five-field-v2,tools/dataset/captures/serial_timed_fast_20260627T1205Z/labels_ollama_review_queue.csv,tools/dataset/captures/serial_timed_fast_20260627T1205Z/labels_environment.csv
serial_timed_fast_20260627T1205Z_capture_0085,tools/dataset/captures/serial_timed_fast_20260627T1205Z/capture_0085.jpg,28,46,827,63,13,true,train,timed_daylight_usb ollama_ocr,approved,owner-bulk-approved,2026-06-29T06:46:10+00:00,qwen3-vl:4b,aqs-five-field-v2,tools/dataset/captures/serial_timed_fast_20260627T1205Z/labels_ollama_review_queue.csv,tools/dataset/captures/serial_timed_fast_20260627T1205Z/labels_environment.csv
serial_timed_fast_20260627T1205Z_capture_0091,tools/dataset/captures/serial_timed_fast_20260627T1205Z/capture_0091.jpg,28,46,822,62,13,true,train,timed_daylight_usb ollama_ocr,approved,owner-bulk-approved,2026-06-29T06:46:10+00:00,qwen3-vl:4b,aqs-five-field-v2,tools/dataset/captures/serial_timed_fast_20260627T1205Z/labels_ollama_review_queue.csv,tools/dataset/captures/serial_timed_fast_20260627T1205Z/labels_environment.csv
serial_timed_fast_20260627T1205Z_capture_0094,tools/dataset/captures/serial_timed_fast_20260627T1205Z/capture_0094.jpg,28,46,827,63,16,true,train,timed_daylight_usb ollama_ocr,approved,owner-bulk-approved,2026-06-29T06:46:10+00:00,qwen3-vl:4b,aqs-five-field-v2,tools/dataset/captures/serial_timed_fast_20260627T1205Z/labels_ollama_review_queue.csv,tools/dataset/captures/serial_timed_fast_20260627T1205Z/labels_environment.csv
serial_timed_fast_20260627T1205Z_capture_0097,tools/dataset/captures/serial_timed_fast_20260627T1205Z/capture_0097.jpg,28,46,827,63,16,true,validation,timed_daylight_usb ollama_ocr,approved,owner-bulk-approved,2026-06-29T06:46:10+00:00,qwen3-vl:4b,aqs-five-field-v2,tools/dataset/captures/serial_timed_fast_20260627T1205Z/labels_ollama_review_queue.csv,tools/dataset/captures/serial_timed_fast_20260627T1205Z/labels_environment.csv
serial_timed_fast_20260627T1205Z_capture_0100,tools/dataset/captures/serial_timed_fast_20260627T1205Z/capture_0100.jpg,28,46,794,57,62,true,train,timed_daylight_usb ollama_ocr,approved,owner-bulk-approved,2026-06-29T06:46:10+00:00,qwen3-vl:4b,aqs-five-field-v2,tools/dataset/captures/serial_timed_fast_20260627T1205Z/labels_ollama_review_queue.csv,tools/dataset/captures/serial_timed_fast_20260627T1205Z/labels_environment.csv
serial_timed_fast_20260627T1205Z_capture_0103,tools/dataset/captures/serial_timed_fast_20260627T1205Z/capture_0103.jpg,28,46,794,57,62,true,train,timed_daylight_usb ollama_ocr,approved,owner-bulk-approved,2026-06-29T06:46:10+00:00,qwen3-vl:4b,aqs-five-field-v2,tools/dataset/captures/serial_timed_fast_20260627T1205Z/labels_ollama_review_queue.csv,tools/dataset/captures/serial_timed_fast_20260627T1205Z/labels_environment.csv
serial_timed_fast_20260627T1205Z_capture_0106,tools/dataset/captures/serial_timed_fast_20260627T1205Z/capture_0106.jpg,28,46,794,57,62,true,train,timed_daylight_usb ollama_ocr,approved,owner-bulk-approved,2026-06-29T06:46:10+00:00,qwen3-vl:4b,aqs-five-field-v2,tools/dataset/captures/serial_timed_fast_20260627T1205Z/labels_ollama_review_queue.csv,tools/dataset/captures/serial_timed_fast_20260627T1205Z/labels_environment.csv
serial_timed_fast_20260627T1205Z_capture_0109,tools/dataset/captures/serial_timed_fast_20260627T1205Z/capture_0109.jpg,28,46,789,56,56,true,train,timed_daylight_usb ollama_ocr,approved,owner-bulk-approved,2026-06-29T06:46:10+00:00,qwen3-vl:4b,aqs-five-field-v2,tools/dataset/captures/serial_timed_fast_20260627T1205Z/labels_ollama_review_queue.csv,tools/dataset/captures/serial_timed_fast_20260627T1205Z/labels_environment.csv
serial_timed_fast_20260627T1205Z_capture_0112,tools/dataset/captures/serial_timed_fast_20260627T1205Z/capture_0112.jpg,28,46,789,56,56,true,validation,timed_daylight_usb ollama_ocr,approved,owner-bulk-approved,2026-06-29T06:46:10+00:00,qwen3-vl:4b,aqs-five-field-v2,tools/dataset/captures/serial_timed_fast_20260627T1205Z/labels_ollama_review_queue.csv,tools/dataset/captures/serial_timed_fast_20260627T1205Z/labels_environment.csv
serial_timed_fast_20260627T1205Z_capture_0118,tools/dataset/captures/serial_timed_fast_20260627T1205Z/capture_0118.jpg,28,46,789,56,56,true,train,timed_daylight_usb ollama_ocr,approved,owner-bulk-approved,2026-06-29T06:46:10+00:00,qwen3-vl:4b,aqs-five-field-v2,tools/dataset/captures/serial_timed_fast_20260627T1205Z/labels_ollama_review_queue.csv,tools/dataset/captures/serial_timed_fast_20260627T1205Z/labels_environment.csv
serial_timed_fast_20260627T1205Z_capture_0121,tools/dataset/captures/serial_timed_fast_20260627T1205Z/capture_0121.jpg,28,46,794,56,56,true,train,timed_daylight_usb ollama_ocr,approved,owner-bulk-approved,2026-06-29T06:46:10+00:00,qwen3-vl:4b,aqs-five-field-v2,tools/dataset/captures/serial_timed_fast_20260627T1205Z/labels_ollama_review_queue.csv,tools/dataset/captures/serial_timed_fast_20260627T1205Z/labels_environment.csv
serial_timed_fast_20260627T1205Z_capture_0124,tools/dataset/captures/serial_timed_fast_20260627T1205Z/capture_0124.jpg,28,46,789,56,56,true,train,timed_daylight_usb ollama_ocr,approved,owner-bulk-approved,2026-06-29T06:46:10+00:00,qwen3-vl:4b,aqs-five-field-v2,tools/dataset/captures/serial_timed_fast_20260627T1205Z/labels_ollama_review_queue.csv,tools/dataset/captures/serial_timed_fast_20260627T1205Z/labels_environment.csv
serial_timed_fast_20260627T1205Z_capture_0127,tools/dataset/captures/serial_timed_fast_20260627T1205Z/capture_0127.jpg,28,46,789,56,56,true,train,timed_daylight_usb ollama_ocr,approved,owner-bulk-approved,2026-06-29T06:46:10+00:00,qwen3-vl:4b,aqs-five-field-v2,tools/dataset/captures/serial_timed_fast_20260627T1205Z/labels_ollama_review_queue.csv,tools/dataset/captures/serial_timed_fast_20260627T1205Z/labels_environment.csv
serial_timed_fast_20260627T1205Z_capture_0130,tools/dataset/captures/serial_timed_fast_20260627T1205Z/capture_0130.jpg,28,46,794,57,59,true,validation,timed_daylight_usb ollama_ocr,approved,owner-bulk-approved,2026-06-29T06:46:10+00:00,qwen3-vl:4b,aqs-five-field-v2,tools/dataset/captures/serial_timed_fast_20260627T1205Z/labels_ollama_review_queue.csv,tools/dataset/captures/serial_timed_fast_20260627T1205Z/labels_environment.csv
serial_timed_fast_20260627T1205Z_capture_0133,tools/dataset/captures/serial_timed_fast_20260627T1205Z/capture_0133.jpg,28,46,794,57,59,true,train,timed_daylight_usb ollama_ocr,approved,owner-bulk-approved,2026-06-29T06:46:10+00:00,qwen3-vl:4b,aqs-five-field-v2,tools/dataset/captures/serial_timed_fast_20260627T1205Z/labels_ollama_review_queue.csv,tools/dataset/captures/serial_timed_fast_20260627T1205Z/labels_environment.csv
serial_timed_fast_20260627T1205Z_capture_0142,tools/dataset/captures/serial_timed_fast_20260627T1205Z/capture_0142.jpg,28,46,772,54,18,true,train,timed_daylight_usb ollama_ocr,approved,owner-bulk-approved,2026-06-29T06:46:10+00:00,qwen3-vl:4b,aqs-five-field-v2,tools/dataset/captures/serial_timed_fast_20260627T1205Z/labels_ollama_review_queue.csv,tools/dataset/captures/serial_timed_fast_20260627T1205Z/labels_environment.csv
serial_timed_fast_20260627T1205Z_capture_0145,tools/dataset/captures/serial_timed_fast_20260627T1205Z/capture_0145.jpg,28,46,767,52,15,true,train,timed_daylight_usb ollama_ocr,approved,owner-bulk-approved,2026-06-29T06:46:10+00:00,qwen3-vl:4b,aqs-five-field-v2,tools/dataset/captures/serial_timed_fast_20260627T1205Z/labels_ollama_review_queue.csv,tools/dataset/captures/serial_timed_fast_20260627T1205Z/labels_environment.csv
serial_timed_fast_20260627T1205Z_capture_0148,tools/dataset/captures/serial_timed_fast_20260627T1205Z/capture_0148.jpg,28,46,783,55,54,true,train,timed_daylight_usb ollama_ocr,approved,owner-bulk-approved,2026-06-29T06:46:10+00:00,qwen3-vl:4b,aqs-five-field-v2,tools/dataset/captures/serial_timed_fast_20260627T1205Z/labels_ollama_review_queue.csv,tools/dataset/captures/serial_timed_fast_20260627T1205Z/labels_environment.csv
serial_timed_fast_20260627T1205Z_capture_0151,tools/dataset/captures/serial_timed_fast_20260627T1205Z/capture_0151.jpg,28,46,789,55,54,true,validation,timed_daylight_usb ollama_ocr,approved,owner-bulk-approved,2026-06-29T06:46:10+00:00,qwen3-vl:4b,aqs-five-field-v2,tools/dataset/captures/serial_timed_fast_20260627T1205Z/labels_ollama_review_queue.csv,tools/dataset/captures/serial_timed_fast_20260627T1205Z/labels_environment.csv
serial_timed_fast_20260627T1205Z_capture_0154,tools/dataset/captures/serial_timed_fast_20260627T1205Z/capture_0154.jpg,28,46,783,55,54,true,train,timed_daylight_usb ollama_ocr,approved,owner-bulk-approved,2026-06-29T06:46:10+00:00,qwen3-vl:4b,aqs-five-field-v2,tools/dataset/captures/serial_timed_fast_20260627T1205Z/labels_ollama_review_queue.csv,tools/dataset/captures/serial_timed_fast_20260627T1205Z/labels_environment.csv
serial_timed_fast_20260627T1205Z_capture_0160,tools/dataset/captures/serial_timed_fast_20260627T1205Z/capture_0160.jpg,28,46,783,55,54,true,train,timed_daylight_usb ollama_ocr,approved,owner-bulk-approved,2026-06-29T06:46:10+00:00,qwen3-vl:4b,aqs-five-field-v2,tools/dataset/captures/serial_timed_fast_20260627T1205Z/labels_ollama_review_queue.csv,tools/dataset/captures/serial_timed_fast_20260627T1205Z/labels_environment.csv
serial_timed_fast_20260627T1205Z_capture_0163,tools/dataset/captures/serial_timed_fast_20260627T1205Z/capture_0163.jpg,28,46,789,56,56,true,train,timed_daylight_usb ollama_ocr,approved,owner-bulk-approved,2026-06-29T06:46:10+00:00,qwen3-vl:4b,aqs-five-field-v2,tools/dataset/captures/serial_timed_fast_20260627T1205Z/labels_ollama_review_queue.csv,tools/dataset/captures/serial_timed_fast_20260627T1205Z/labels_environment.csv
serial_timed_fast_20260627T1205Z_capture_0166,tools/dataset/captures/serial_timed_fast_20260627T1205Z/capture_0166.jpg,28,46,789,56,56,true,train,timed_daylight_usb ollama_ocr,approved,owner-bulk-approved,2026-06-29T06:46:10+00:00,qwen3-vl:4b,aqs-five-field-v2,tools/dataset/captures/serial_timed_fast_20260627T1205Z/labels_ollama_review_queue.csv,tools/dataset/captures/serial_timed_fast_20260627T1205Z/labels_environment.csv
serial_timed_fast_20260627T1205Z_capture_0169,tools/dataset/captures/serial_timed_fast_20260627T1205Z/capture_0169.jpg,28,46,783,55,54,true,validation,timed_daylight_usb ollama_ocr,approved,owner-bulk-approved,2026-06-29T06:46:10+00:00,qwen3-vl:4b,aqs-five-field-v2,tools/dataset/captures/serial_timed_fast_20260627T1205Z/labels_ollama_review_queue.csv,tools/dataset/captures/serial_timed_fast_20260627T1205Z/labels_environment.csv
serial_timed_fast_20260627T1205Z_capture_0172,tools/dataset/captures/serial_timed_fast_20260627T1205Z/capture_0172.jpg,28,46,778,54,54,true,train,timed_daylight_usb ollama_ocr,approved,owner-bulk-approved,2026-06-29T06:46:10+00:00,qwen3-vl:4b,aqs-five-field-v2,tools/dataset/captures/serial_timed_fast_20260627T1205Z/labels_ollama_review_queue.csv,tools/dataset/captures/serial_timed_fast_20260627T1205Z/labels_environment.csv
serial_timed_fast_20260627T1205Z_capture_0175,tools/dataset/captures/serial_timed_fast_20260627T1205Z/capture_0175.jpg,28,46,783,54,54,true,train,timed_daylight_usb ollama_ocr,approved,owner-bulk-approved,2026-06-29T06:46:10+00:00,qwen3-vl:4b,aqs-five-field-v2,tools/dataset/captures/serial_timed_fast_20260627T1205Z/labels_ollama_review_queue.csv,tools/dataset/captures/serial_timed_fast_20260627T1205Z/labels_environment.csv
serial_timed_fast_20260627T1205Z_capture_0186,tools/dataset/captures/serial_timed_fast_20260627T1205Z/capture_0186.jpg,28,46,778,53,18,true,train,timed_daylight_usb ollama_ocr,approved,owner-bulk-approved,2026-06-29T06:46:10+00:00,qwen3-vl:4b,aqs-five-field-v2,tools/dataset/captures/serial_timed_fast_20260627T1205Z/labels_ollama_review_queue.csv,tools/dataset/captures/serial_timed_fast_20260627T1205Z/labels_environment.csv
serial_timed_fast_20260627T1205Z_capture_0228,tools/dataset/captures/serial_timed_fast_20260627T1205Z/capture_0228.jpg,28,45,750,0,137,true,train,timed_daylight_usb ollama_ocr,approved,owner-bulk-approved,2026-06-29T06:46:10+00:00,qwen3-vl:4b,aqs-five-field-v2,tools/dataset/captures/serial_timed_fast_20260627T1205Z/labels_ollama_review_queue.csv,tools/dataset/captures/serial_timed_fast_20260627T1205Z/labels_environment.csv
serial_timed_fast_20260627T1205Z_capture_0231,tools/dataset/captures/serial_timed_fast_20260627T1205Z/capture_0231.jpg,28,45,750,9,137,true,validation,timed_daylight_usb ollama_ocr,approved,owner-bulk-approved,2026-06-29T06:46:10+00:00,,,tools/dataset/captures/serial_timed_fast_20260627T1205Z/labels_ollama_review_queue.csv,tools/dataset/captures/serial_timed_fast_20260627T1205Z/labels_environment.csv
serial_timed_fast_20260627T1205Z_capture_0237,tools/dataset/captures/serial_timed_fast_20260627T1205Z/capture_0237.jpg,28,45,750,13,137,true,train,timed_daylight_usb ollama_ocr,approved,owner-bulk-approved,2026-06-29T06:46:10+00:00,qwen3-vl:4b,aqs-five-field-v2,tools/dataset/captures/serial_timed_fast_20260627T1205Z/labels_ollama_review_queue.csv,tools/dataset/captures/serial_timed_fast_20260627T1205Z/labels_environment.csv
serial_timed_fast_20260627T1205Z_capture_0243,tools/dataset/captures/serial_timed_fast_20260627T1205Z/capture_0243.jpg,28,45,750,13,137,true,train,timed_daylight_usb ollama_ocr,approved,owner-bulk-approved,2026-06-29T06:46:10+00:00,qwen3-vl:4b,aqs-five-field-v2,tools/dataset/captures/serial_timed_fast_20260627T1205Z/labels_ollama_review_queue.csv,tools/dataset/captures/serial_timed_fast_20260627T1205Z/labels_environment.csv
serial_timed_fast_20260627T1205Z_capture_0246,tools/dataset/captures/serial_timed_fast_20260627T1205Z/capture_0246.jpg,28,45,750,13,137,true,train,timed_daylight_usb ollama_ocr,approved,owner-bulk-approved,2026-06-29T06:46:10+00:00,qwen3-vl:4b,aqs-five-field-v2,tools/dataset/captures/serial_timed_fast_20260627T1205Z/labels_ollama_review_queue.csv,tools/dataset/captures/serial_timed_fast_20260627T1205Z/labels_environment.csv
serial_timed_fast_20260627T1205Z_capture_0249,tools/dataset/captures/serial_timed_fast_20260627T1205Z/capture_0249.jpg,28,45,750,13,137,true,train,timed_daylight_usb ollama_ocr,approved,owner-bulk-approved,2026-06-29T06:46:10+00:00,qwen3-vl:4b,aqs-five-field-v2,tools/dataset/captures/serial_timed_fast_20260627T1205Z/labels_ollama_review_queue.csv,tools/dataset/captures/serial_timed_fast_20260627T1205Z/labels_environment.csv
serial_timed_fast_20260627T1205Z_capture_0255,tools/dataset/captures/serial_timed_fast_20260627T1205Z/capture_0255.jpg,28,45,750,13,137,true,validation,timed_daylight_usb ollama_ocr,approved,owner-bulk-approved,2026-06-29T06:46:10+00:00,qwen3-vl:4b,aqs-five-field-v2,tools/dataset/captures/serial_timed_fast_20260627T1205Z/labels_ollama_review_queue.csv,tools/dataset/captures/serial_timed_fast_20260627T1205Z/labels_environment.csv
serial_timed_fast_20260627T1205Z_capture_0258,tools/dataset/captures/serial_timed_fast_20260627T1205Z/capture_0258.jpg,28,45,750,13,137,true,train,timed_daylight_usb ollama_ocr,approved,owner-bulk-approved,2026-06-29T06:46:10+00:00,qwen3-vl:4b,aqs-five-field-v2,tools/dataset/captures/serial_timed_fast_20260627T1205Z/labels_ollama_review_queue.csv,tools/dataset/captures/serial_timed_fast_20260627T1205Z/labels_environment.csv
serial_timed_fast_20260627T1205Z_capture_0288,tools/dataset/captures/serial_timed_fast_20260627T1205Z/capture_0288.jpg,28,45,750,13,137,true,train,timed_daylight_usb ollama_ocr,approved,owner-bulk-approved,2026-06-29T06:46:10+00:00,qwen3-vl:4b,aqs-five-field-v2,tools/dataset/captures/serial_timed_fast_20260627T1205Z/labels_ollama_review_queue.csv,tools/dataset/captures/serial_timed_fast_20260627T1205Z/labels_environment.csv
serial_timed_fast_20260627T1205Z_capture_0300,tools/dataset/captures/serial_timed_fast_20260627T1205Z/capture_0300.jpg,28,45,750,13,87,true,train,timed_daylight_usb ollama_ocr,approved,owner-bulk-approved,2026-06-29T06:46:10+00:00,qwen3-vl:4b,aqs-five-field-v2,tools/dataset/captures/serial_timed_fast_20260627T1205Z/labels_ollama_review_queue.csv,tools/dataset/captures/serial_timed_fast_20260627T1205Z/labels_environment.csv
serial_timed_fast_20260627T1205Z_capture_0318,tools/dataset/captures/serial_timed_fast_20260627T1205Z/capture_0318.jpg,28,45,750,49,87,true,train,timed_daylight_usb ollama_ocr,approved,owner-bulk-approved,2026-06-29T06:46:10+00:00,qwen3-vl:4b,aqs-five-field-v2,tools/dataset/captures/serial_timed_fast_20260627T1205Z/labels_ollama_review_queue.csv,tools/dataset/captures/serial_timed_fast_20260627T1205Z/labels_environment.csv
serial_timed_fast_20260627T1205Z_capture_0330,tools/dataset/captures/serial_timed_fast_20260627T1205Z/capture_0330.jpg,28,45,750,0,137,true,validation,timed_daylight_usb ollama_ocr,approved,owner-bulk-approved,2026-06-29T06:46:10+00:00,qwen3-vl:4b,aqs-five-field-v2,tools/dataset/captures/serial_timed_fast_20260627T1205Z/labels_ollama_review_queue.csv,tools/dataset/captures/serial_timed_fast_20260627T1205Z/labels_environment.csv
serial_timed_fast_20260627T1205Z_capture_0333,tools/dataset/captures/serial_timed_fast_20260627T1205Z/capture_0333.jpg,28,45,750,0,137,true,train,timed_daylight_usb ollama_ocr,approved,owner-bulk-approved,2026-06-29T06:46:10+00:00,qwen3-vl:4b,aqs-five-field-v2,tools/dataset/captures/serial_timed_fast_20260627T1205Z/labels_ollama_review_queue.csv,tools/dataset/captures/serial_timed_fast_20260627T1205Z/labels_environment.csv
serial_timed_fast_20260627T1205Z_capture_0336,tools/dataset/captures/serial_timed_fast_20260627T1205Z/capture_0336.jpg,28,45,750,0,137,true,train,timed_daylight_usb ollama_ocr,approved,owner-bulk-approved,2026-06-29T06:46:10+00:00,qwen3-vl:4b,aqs-five-field-v2,tools/dataset/captures/serial_timed_fast_20260627T1205Z/labels_ollama_review_queue.csv,tools/dataset/captures/serial_timed_fast_20260627T1205Z/labels_environment.csv
serial_timed_fast_20260627T1205Z_capture_0345,tools/dataset/captures/serial_timed_fast_20260627T1205Z/capture_0345.jpg,28,45,750,13,137,true,train,timed_daylight_usb ollama_ocr,approved,owner-bulk-approved,2026-06-29T06:46:10+00:00,qwen3-vl:4b,aqs-five-field-v2,tools/dataset/captures/serial_timed_fast_20260627T1205Z/labels_ollama_review_queue.csv,tools/dataset/captures/serial_timed_fast_20260627T1205Z/labels_environment.csv
serial_timed_fast_20260627T1205Z_capture_0351,tools/dataset/captures/serial_timed_fast_20260627T1205Z/capture_0351.jpg,28,45,750,13,137,true,train,timed_daylight_usb ollama_ocr,approved,owner-bulk-approved,2026-06-29T06:46:10+00:00,qwen3-vl:4b,aqs-five-field-v2,tools/dataset/captures/serial_timed_fast_20260627T1205Z/labels_ollama_review_queue.csv,tools/dataset/captures/serial_timed_fast_20260627T1205Z/labels_environment.csv
serial_timed_fast_20260627T1205Z_capture_0366,tools/dataset/captures/serial_timed_fast_20260627T1205Z/capture_0366.jpg,28,45,750,13,137,true,validation,timed_daylight_usb ollama_ocr,approved,owner-bulk-approved,2026-06-29T06:46:10+00:00,qwen3-vl:4b,aqs-five-field-v2,tools/dataset/captures/serial_timed_fast_20260627T1205Z/labels_ollama_review_queue.csv,tools/dataset/captures/serial_timed_fast_20260627T1205Z/labels_environment.csv
serial_timed_fast_20260627T1205Z_capture_0372,tools/dataset/captures/serial_timed_fast_20260627T1205Z/capture_0372.jpg,28,45,750,13,137,true,train,timed_daylight_usb ollama_ocr,approved,owner-bulk-approved,2026-06-29T06:46:10+00:00,qwen3-vl:4b,aqs-five-field-v2,tools/dataset/captures/serial_timed_fast_20260627T1205Z/labels_ollama_review_queue.csv,tools/dataset/captures/serial_timed_fast_20260627T1205Z/labels_environment.csv
serial_timed_fast_20260627T1205Z_capture_0375,tools/dataset/captures/serial_timed_fast_20260627T1205Z/capture_0375.jpg,28,45,750,0,137,true,train,timed_daylight_usb ollama_ocr,approved,owner-bulk-approved,2026-06-29T06:46:10+00:00,qwen3-vl:4b,aqs-five-field-v2,tools/dataset/captures/serial_timed_fast_20260627T1205Z/labels_ollama_review_queue.csv,tools/dataset/captures/serial_timed_fast_20260627T1205Z/labels_environment.csv
serial_timed_fast_20260627T1205Z_capture_0378,tools/dataset/captures/serial_timed_fast_20260627T1205Z/capture_0378.jpg,28,45,750,0,137,true,train,timed_daylight_usb ollama_ocr,approved,owner-bulk-approved,2026-06-29T06:46:10+00:00,qwen3-vl:4b,aqs-five-field-v2,tools/dataset/captures/serial_timed_fast_20260627T1205Z/labels_ollama_review_queue.csv,tools/dataset/captures/serial_timed_fast_20260627T1205Z/labels_environment.csv
serial_timed_fast_20260627T1205Z_capture_0380,tools/dataset/captures/serial_timed_fast_20260627T1205Z/capture_0380.jpg,28,45,750,0,137,true,train,timed_daylight_usb ollama_ocr,approved,owner-bulk-approved,2026-06-29T06:46:10+00:00,qwen3-vl:4b,aqs-five-field-v2,tools/dataset/captures/serial_timed_fast_20260627T1205Z/labels_ollama_review_queue.csv,tools/dataset/captures/serial_timed_fast_20260627T1205Z/labels_environment.csv
serial_timed_fast_20260627T1205Z_capture_0392,tools/dataset/captures/serial_timed_fast_20260627T1205Z/capture_0392.jpg,28,45,745,8,134,true,validation,timed_daylight_usb ollama_ocr,approved,owner-bulk-approved,2026-06-29T06:46:10+00:00,qwen3-vl:4b,aqs-five-field-v2,tools/dataset/captures/serial_timed_fast_20260627T1205Z/labels_ollama_review_queue.csv,tools/dataset/captures/serial_timed_fast_20260627T1205Z/labels_environment.csv
serial_timed_fast_20260627T1205Z_capture_0398,tools/dataset/captures/serial_timed_fast_20260627T1205Z/capture_0398.jpg,28,45,750,13,137,true,train,timed_daylight_usb ollama_ocr,approved,owner-bulk-approved,2026-06-29T06:46:10+00:00,qwen3-vl:4b,aqs-five-field-v2,tools/dataset/captures/serial_timed_fast_20260627T1205Z/labels_ollama_review_queue.csv,tools/dataset/captures/serial_timed_fast_20260627T1205Z/labels_environment.csv
serial_timed_fast_20260627T1205Z_capture_0404,tools/dataset/captures/serial_timed_fast_20260627T1205Z/capture_0404.jpg,28,45,750,0,137,true,train,timed_daylight_usb ollama_ocr,approved,owner-bulk-approved,2026-06-29T06:46:10+00:00,qwen3-vl:4b,aqs-five-field-v2,tools/dataset/captures/serial_timed_fast_20260627T1205Z/labels_ollama_review_queue.csv,tools/dataset/captures/serial_timed_fast_20260627T1205Z/labels_environment.csv
serial_timed_fast_20260627T1205Z_capture_0413,tools/dataset/captures/serial_timed_fast_20260627T1205Z/capture_0413.jpg,28,45,745,8,137,true,train,timed_daylight_usb ollama_ocr,approved,owner-bulk-approved,2026-06-29T06:46:10+00:00,qwen3-vl:4b,aqs-five-field-v2,tools/dataset/captures/serial_timed_fast_20260627T1205Z/labels_ollama_review_queue.csv,tools/dataset/captures/serial_timed_fast_20260627T1205Z/labels_environment.csv
serial_timed_fast_20260627T1205Z_capture_0416,tools/dataset/captures/serial_timed_fast_20260627T1205Z/capture_0416.jpg,28,45,750,0,137,true,train,timed_daylight_usb ollama_ocr,approved,owner-bulk-approved,2026-06-29T06:46:10+00:00,qwen3-vl:4b,aqs-five-field-v2,tools/dataset/captures/serial_timed_fast_20260627T1205Z/labels_ollama_review_queue.csv,tools/dataset/captures/serial_timed_fast_20260627T1205Z/labels_environment.csv
serial_timed_fast_20260627T1205Z_capture_0419,tools/dataset/captures/serial_timed_fast_20260627T1205Z/capture_0419.jpg,28,45,750,13,137,true,validation,timed_daylight_usb ollama_ocr,approved,owner-bulk-approved,2026-06-29T06:46:10+00:00,qwen3-vl:4b,aqs-five-field-v2,tools/dataset/captures/serial_timed_fast_20260627T1205Z/labels_ollama_review_queue.csv,tools/dataset/captures/serial_timed_fast_20260627T1205Z/labels_environment.csv
serial_timed_fast_20260627T1205Z_capture_0422,tools/dataset/captures/serial_timed_fast_20260627T1205Z/capture_0422.jpg,28,45,745,8,134,true,train,timed_daylight_usb ollama_ocr,approved,owner-bulk-approved,2026-06-29T06:46:10+00:00,qwen3-vl:4b,aqs-five-field-v2,tools/dataset/captures/serial_timed_fast_20260627T1205Z/labels_ollama_review_queue.csv,tools/dataset/captures/serial_timed_fast_20260627T1205Z/labels_environment.csv
serial_timed_fast_20260627T1205Z_capture_0425,tools/dataset/captures/serial_timed_fast_20260627T1205Z/capture_0425.jpg,28,45,750,13,137,true,train,timed_daylight_usb ollama_ocr,approved,owner-bulk-approved,2026-06-29T06:46:10+00:00,qwen3-vl:4b,aqs-five-field-v2,tools/dataset/captures/serial_timed_fast_20260627T1205Z/labels_ollama_review_queue.csv,tools/dataset/captures/serial_timed_fast_20260627T1205Z/labels_environment.csv
serial_timed_fast_20260627T1205Z_capture_0434,tools/dataset/captures/serial_timed_fast_20260627T1205Z/capture_0434.jpg,28,45,728,13,31,true,train,timed_daylight_usb ollama_ocr,approved,owner-bulk-approved,2026-06-29T06:46:10+00:00,qwen3-vl:4b,aqs-five-field-v2,tools/dataset/captures/serial_timed_fast_20260627T1205Z/labels_ollama_review_queue.csv,tools/dataset/captures/serial_timed_fast_20260627T1205Z/labels_environment.csv
serial_timed_fast_20260627T1205Z_capture_0449,tools/dataset/captures/serial_timed_fast_20260627T1205Z/capture_0449.jpg,28,45,712,4,20,true,train,timed_daylight_usb ollama_ocr,approved,owner-bulk-approved,2026-06-29T06:46:10+00:00,qwen3-vl:4b,aqs-five-field-v2,tools/dataset/captures/serial_timed_fast_20260627T1205Z/labels_ollama_review_queue.csv,tools/dataset/captures/serial_timed_fast_20260627T1205Z/labels_environment.csv
serial_timed_fast_20260627T1205Z_capture_0452,tools/dataset/captures/serial_timed_fast_20260627T1205Z/capture_0452.jpg,28,45,706,1,14,true,validation,timed_daylight_usb ollama_ocr,approved,owner-bulk-approved,2026-06-29T06:46:10+00:00,qwen3-vl:4b,aqs-five-field-v2,tools/dataset/captures/serial_timed_fast_20260627T1205Z/labels_ollama_review_queue.csv,tools/dataset/captures/serial_timed_fast_20260627T1205Z/labels_environment.csv
serial_timed_fast_20260627T1205Z_capture_0455,tools/dataset/captures/serial_timed_fast_20260627T1205Z/capture_0455.jpg,28,45,706,1,14,true,train,timed_daylight_usb ollama_ocr,approved,owner-bulk-approved,2026-06-29T06:46:10+00:00,qwen3-vl:4b,aqs-five-field-v2,tools/dataset/captures/serial_timed_fast_20260627T1205Z/labels_ollama_review_queue.csv,tools/dataset/captures/serial_timed_fast_20260627T1205Z/labels_environment.csv
serial_timed_fast_20260627T1205Z_capture_0458,tools/dataset/captures/serial_timed_fast_20260627T1205Z/capture_0458.jpg,28,45,706,1,14,true,train,timed_daylight_usb ollama_ocr,approved,owner-bulk-approved,2026-06-29T06:46:10+00:00,qwen3-vl:4b,aqs-five-field-v2,tools/dataset/captures/serial_timed_fast_20260627T1205Z/labels_ollama_review_queue.csv,tools/dataset/captures/serial_timed_fast_20260627T1205Z/labels_environment.csv
serial_timed_fast_20260627T1205Z_capture_0461,tools/dataset/captures/serial_timed_fast_20260627T1205Z/capture_0461.jpg,28,45,706,1,14,true,train,timed_daylight_usb ollama_ocr,approved,owner-bulk-approved,2026-06-29T06:46:10+00:00,qwen3-vl:4b,aqs-five-field-v2,tools/dataset/captures/serial_timed_fast_20260627T1205Z/labels_ollama_review_queue.csv,tools/dataset/captures/serial_timed_fast_20260627T1205Z/labels_environment.csv
serial_timed_fast_20260627T1205Z_capture_0467,tools/dataset/captures/serial_timed_fast_20260627T1205Z/capture_0467.jpg,28,45,706,0,14,true,train,timed_daylight_usb ollama_ocr,approved,owner-bulk-approved,2026-06-29T06:46:10+00:00,qwen3-vl:4b,aqs-five-field-v2,tools/dataset/captures/serial_timed_fast_20260627T1205Z/labels_ollama_review_queue.csv,tools/dataset/captures/serial_timed_fast_20260627T1205Z/labels_environment.csv
serial_timed_fast_20260627T1205Z_capture_0473,tools/dataset/captures/serial_timed_fast_20260627T1205Z/capture_0473.jpg,28,45,706,1,14,true,validation,timed_daylight_usb ollama_ocr,approved,owner-bulk-approved,2026-06-29T06:46:10+00:00,qwen3-vl:4b,aqs-five-field-v2,tools/dataset/captures/serial_timed_fast_20260627T1205Z/labels_ollama_review_queue.csv,tools/dataset/captures/serial_timed_fast_20260627T1205Z/labels_environment.csv
serial_timed_fast_20260627T1205Z_capture_0476,tools/dataset/captures/serial_timed_fast_20260627T1205Z/capture_0476.jpg,28,45,706,1,14,true,train,timed_daylight_usb ollama_ocr,approved,owner-bulk-approved,2026-06-29T06:46:10+00:00,qwen3-vl:4b,aqs-five-field-v2,tools/dataset/captures/serial_timed_fast_20260627T1205Z/labels_ollama_review_queue.csv,tools/dataset/captures/serial_timed_fast_20260627T1205Z/labels_environment.csv
serial_timed_fast_20260627T1205Z_capture_0482,tools/dataset/captures/serial_timed_fast_20260627T1205Z/capture_0482.jpg,28,45,706,1,14,true,train,timed_daylight_usb ollama_ocr,approved,owner-bulk-approved,2026-06-29T06:46:10+00:00,qwen3-vl:4b,aqs-five-field-v2,tools/dataset/captures/serial_timed_fast_20260627T1205Z/labels_ollama_review_queue.csv,tools/dataset/captures/serial_timed_fast_20260627T1205Z/labels_environment.csv
serial_timed_fast_20260627T1205Z_capture_0488,tools/dataset/captures/serial_timed_fast_20260627T1205Z/capture_0488.jpg,28,45,706,1,14,true,train,timed_daylight_usb ollama_ocr,approved,owner-bulk-approved,2026-06-29T06:46:10+00:00,qwen3-vl:4b,aqs-five-field-v2,tools/dataset/captures/serial_timed_fast_20260627T1205Z/labels_ollama_review_queue.csv,tools/dataset/captures/serial_timed_fast_20260627T1205Z/labels_environment.csv
serial_timed_fast_20260627T1205Z_capture_0491,tools/dataset/captures/serial_timed_fast_20260627T1205Z/capture_0491.jpg,28,45,706,1,14,true,train,timed_daylight_usb ollama_ocr,approved,owner-bulk-approved,2026-06-29T06:46:10+00:00,qwen3-vl:4b,aqs-five-field-v2,tools/dataset/captures/serial_timed_fast_20260627T1205Z/labels_ollama_review_queue.csv,tools/dataset/captures/serial_timed_fast_20260627T1205Z/labels_environment.csv
serial_timed_fast_20260627T1205Z_capture_0494,tools/dataset/captures/serial_timed_fast_20260627T1205Z/capture_0494.jpg,28,45,706,1,14,true,validation,timed_daylight_usb ollama_ocr,approved,owner-bulk-approved,2026-06-29T06:46:10+00:00,qwen3-vl:4b,aqs-five-field-v2,tools/dataset/captures/serial_timed_fast_20260627T1205Z/labels_ollama_review_queue.csv,tools/dataset/captures/serial_timed_fast_20260627T1205Z/labels_environment.csv
serial_timed_fast_20260627T1205Z_capture_0515,tools/dataset/captures/serial_timed_fast_20260627T1205Z/capture_0515.jpg,28,45,706,1,14,true,train,timed_daylight_usb ollama_ocr,approved,owner-bulk-approved,2026-06-29T06:46:10+00:00,qwen3-vl:4b,aqs-five-field-v2,tools/dataset/captures/serial_timed_fast_20260627T1205Z/labels_ollama_review_queue.csv,tools/dataset/captures/serial_timed_fast_20260627T1205Z/labels_environment.csv
serial_timed_fast_20260627T1205Z_capture_0518,tools/dataset/captures/serial_timed_fast_20260627T1205Z/capture_0518.jpg,28,45,706,1,14,true,train,timed_daylight_usb ollama_ocr,approved,owner-bulk-approved,2026-06-29T06:46:10+00:00,qwen3-vl:4b,aqs-five-field-v2,tools/dataset/captures/serial_timed_fast_20260627T1205Z/labels_ollama_review_queue.csv,tools/dataset/captures/serial_timed_fast_20260627T1205Z/labels_environment.csv
serial_timed_fast_20260627T1205Z_capture_0521,tools/dataset/captures/serial_timed_fast_20260627T1205Z/capture_0521.jpg,28,45,706,4,14,true,train,timed_daylight_usb ollama_ocr,approved,owner-bulk-approved,2026-06-29T06:46:10+00:00,,,tools/dataset/captures/serial_timed_fast_20260627T1205Z/labels_ollama_review_queue.csv,tools/dataset/captures/serial_timed_fast_20260627T1205Z/labels_environment.csv
serial_timed_fast_20260627T1205Z_capture_0527,tools/dataset/captures/serial_timed_fast_20260627T1205Z/capture_0527.jpg,28,45,701,13,14,true,train,timed_daylight_usb ollama_ocr,approved,owner-bulk-approved,2026-06-29T06:46:10+00:00,qwen3-vl:4b,aqs-five-field-v2,tools/dataset/captures/serial_timed_fast_20260627T1205Z/labels_ollama_review_queue.csv,tools/dataset/captures/serial_timed_fast_20260627T1205Z/labels_environment.csv
serial_timed_fast_20260627T1205Z_capture_0539,tools/dataset/captures/serial_timed_fast_20260627T1205Z/capture_0539.jpg,28,45,706,1,14,true,validation,timed_daylight_usb ollama_ocr,approved,owner-bulk-approved,2026-06-29T06:46:10+00:00,qwen3-vl:4b,aqs-five-field-v2,tools/dataset/captures/serial_timed_fast_20260627T1205Z/labels_ollama_review_queue.csv,tools/dataset/captures/serial_timed_fast_20260627T1205Z/labels_environment.csv
serial_timed_fast_20260627T1205Z_capture_0542,tools/dataset/captures/serial_timed_fast_20260627T1205Z/capture_0542.jpg,28,45,706,0,12,true,train,timed_daylight_usb ollama_ocr,approved,owner-bulk-approved,2026-06-29T06:46:10+00:00,qwen3-vl:4b,aqs-five-field-v2,tools/dataset/captures/serial_timed_fast_20260627T1205Z/labels_ollama_review_queue.csv,tools/dataset/captures/serial_timed_fast_20260627T1205Z/labels_environment.csv
serial_timed_fast_20260627T1205Z_capture_0545,tools/dataset/captures/serial_timed_fast_20260627T1205Z/capture_0545.jpg,28,45,706,0,14,true,train,timed_daylight_usb ollama_ocr,approved,owner-bulk-approved,2026-06-29T06:46:10+00:00,qwen3-vl:4b,aqs-five-field-v2,tools/dataset/captures/serial_timed_fast_20260627T1205Z/labels_ollama_review_queue.csv,tools/dataset/captures/serial_timed_fast_20260627T1205Z/labels_environment.csv
serial_timed_fast_20260627T1205Z_capture_0557,tools/dataset/captures/serial_timed_fast_20260627T1205Z/capture_0557.jpg,28,45,668,35,95,true,train,timed_daylight_usb ollama_ocr,approved,owner-bulk-approved,2026-06-29T06:46:10+00:00,qwen3-vl:4b,aqs-five-field-v2,tools/dataset/captures/serial_timed_fast_20260627T1205Z/labels_ollama_review_queue.csv,tools/dataset/captures/serial_timed_fast_20260627T1205Z/labels_environment.csv
serial_timed_fast_20260627T1205Z_capture_0560,tools/dataset/captures/serial_timed_fast_20260627T1205Z/capture_0560.jpg,28,45,662,33,92,true,train,timed_daylight_usb ollama_ocr,approved,owner-bulk-approved,2026-06-29T06:46:10+00:00,qwen3-vl:4b,aqs-five-field-v2,tools/dataset/captures/serial_timed_fast_20260627T1205Z/labels_ollama_review_queue.csv,tools/dataset/captures/serial_timed_fast_20260627T1205Z/labels_environment.csv
serial_timed_fast_20260627T1205Z_capture_0563,tools/dataset/captures/serial_timed_fast_20260627T1205Z/capture_0563.jpg,28,45,662,33,92,true,validation,timed_daylight_usb ollama_ocr,approved,owner-bulk-approved,2026-06-29T06:46:10+00:00,qwen3-vl:4b,aqs-five-field-v2,tools/dataset/captures/serial_timed_fast_20260627T1205Z/labels_ollama_review_queue.csv,tools/dataset/captures/serial_timed_fast_20260627T1205Z/labels_environment.csv
serial_timed_fast_20260627T1205Z_capture_0565,tools/dataset/captures/serial_timed_fast_20260627T1205Z/capture_0565.jpg,28,45,662,33,92,true,train,timed_daylight_usb ollama_ocr,approved,owner-bulk-approved,2026-06-29T06:46:10+00:00,qwen3-vl:4b,aqs-five-field-v2,tools/dataset/captures/serial_timed_fast_20260627T1205Z/labels_ollama_review_queue.csv,tools/dataset/captures/serial_timed_fast_20260627T1205Z/labels_environment.csv
serial_timed_fast_20260627T1205Z_capture_0568,tools/dataset/captures/serial_timed_fast_20260627T1205Z/capture_0568.jpg,28,45,662,33,92,true,train,timed_daylight_usb ollama_ocr,approved,owner-bulk-approved,2026-06-29T06:46:10+00:00,qwen3-vl:4b,aqs-five-field-v2,tools/dataset/captures/serial_timed_fast_20260627T1205Z/labels_ollama_review_queue.csv,tools/dataset/captures/serial_timed_fast_20260627T1205Z/labels_environment.csv
serial_timed_fast_20260627T1205Z_capture_0571,tools/dataset/captures/serial_timed_fast_20260627T1205Z/capture_0571.jpg,28,45,662,33,92,true,train,timed_daylight_usb ollama_ocr,approved,owner-bulk-approved,2026-06-29T06:46:10+00:00,qwen3-vl:4b,aqs-five-field-v2,tools/dataset/captures/serial_timed_fast_20260627T1205Z/labels_ollama_review_queue.csv,tools/dataset/captures/serial_timed_fast_20260627T1205Z/labels_environment.csv
serial_timed_fast_20260627T1205Z_capture_0574,tools/dataset/captures/serial_timed_fast_20260627T1205Z/capture_0574.jpg,28,45,662,33,92,true,train,timed_daylight_usb ollama_ocr,approved,owner-bulk-approved,2026-06-29T06:46:10+00:00,qwen3-vl:4b,aqs-five-field-v2,tools/dataset/captures/serial_timed_fast_20260627T1205Z/labels_ollama_review_queue.csv,tools/dataset/captures/serial_timed_fast_20260627T1205Z/labels_environment.csv
serial_timed_fast_20260627T1205Z_capture_0577,tools/dataset/captures/serial_timed_fast_20260627T1205Z/capture_0577.jpg,28,45,662,33,92,true,validation,timed_daylight_usb ollama_ocr,approved,owner-bulk-approved,2026-06-29T06:46:10+00:00,qwen3-vl:4b,aqs-five-field-v2,tools/dataset/captures/serial_timed_fast_20260627T1205Z/labels_ollama_review_queue.csv,tools/dataset/captures/serial_timed_fast_20260627T1205Z/labels_environment.csv
serial_timed_fast_20260627T1205Z_capture_0580,tools/dataset/captures/serial_timed_fast_20260627T1205Z/capture_0580.jpg,28,45,662,33,92,true,train,timed_daylight_usb ollama_ocr,approved,owner-bulk-approved,2026-06-29T06:46:10+00:00,qwen3-vl:4b,aqs-five-field-v2,tools/dataset/captures/serial_timed_fast_20260627T1205Z/labels_ollama_review_queue.csv,tools/dataset/captures/serial_timed_fast_20260627T1205Z/labels_environment.csv
serial_timed_fast_20260627T1205Z_capture_0583,tools/dataset/captures/serial_timed_fast_20260627T1205Z/capture_0583.jpg,28,45,662,33,92,true,train,timed_daylight_usb ollama_ocr,approved,owner-bulk-approved,2026-06-29T06:46:10+00:00,qwen3-vl:4b,aqs-five-field-v2,tools/dataset/captures/serial_timed_fast_20260627T1205Z/labels_ollama_review_queue.csv,tools/dataset/captures/serial_timed_fast_20260627T1205Z/labels_environment.csv
serial_timed_fast_20260627T1205Z_capture_0586,tools/dataset/captures/serial_timed_fast_20260627T1205Z/capture_0586.jpg,28,45,668,34,95,true,train,timed_daylight_usb ollama_ocr,approved,owner-bulk-approved,2026-06-29T06:46:10+00:00,qwen3-vl:4b,aqs-five-field-v2,tools/dataset/captures/serial_timed_fast_20260627T1205Z/labels_ollama_review_queue.csv,tools/dataset/captures/serial_timed_fast_20260627T1205Z/labels_environment.csv
serial_timed_fast_20260627T1205Z_capture_0589,tools/dataset/captures/serial_timed_fast_20260627T1205Z/capture_0589.jpg,28,45,662,33,92,true,train,timed_daylight_usb ollama_ocr,approved,owner-bulk-approved,2026-06-29T06:46:10+00:00,qwen3-vl:4b,aqs-five-field-v2,tools/dataset/captures/serial_timed_fast_20260627T1205Z/labels_ollama_review_queue.csv,tools/dataset/captures/serial_timed_fast_20260627T1205Z/labels_environment.csv
serial_timed_fast_20260627T1205Z_capture_0592,tools/dataset/captures/serial_timed_fast_20260627T1205Z/capture_0592.jpg,28,45,662,33,92,true,validation,timed_daylight_usb ollama_ocr,approved,owner-bulk-approved,2026-06-29T06:46:10+00:00,qwen3-vl:4b,aqs-five-field-v2,tools/dataset/captures/serial_timed_fast_20260627T1205Z/labels_ollama_review_queue.csv,tools/dataset/captures/serial_timed_fast_20260627T1205Z/labels_environment.csv
serial_timed_fast_20260627T1205Z_capture_0595,tools/dataset/captures/serial_timed_fast_20260627T1205Z/capture_0595.jpg,28,45,662,33,92,true,train,timed_daylight_usb ollama_ocr,approved,owner-bulk-approved,2026-06-29T06:46:10+00:00,qwen3-vl:4b,aqs-five-field-v2,tools/dataset/captures/serial_timed_fast_20260627T1205Z/labels_ollama_review_queue.csv,tools/dataset/captures/serial_timed_fast_20260627T1205Z/labels_environment.csv
serial_timed_fast_20260627T1205Z_capture_0598,tools/dataset/captures/serial_timed_fast_20260627T1205Z/capture_0598.jpg,28,45,662,33,92,true,train,timed_daylight_usb ollama_ocr,approved,owner-bulk-approved,2026-06-29T06:46:10+00:00,qwen3-vl:4b,aqs-five-field-v2,tools/dataset/captures/serial_timed_fast_20260627T1205Z/labels_ollama_review_queue.csv,tools/dataset/captures/serial_timed_fast_20260627T1205Z/labels_environment.csv
serial_timed_fast_20260627T1205Z_capture_0601,tools/dataset/captures/serial_timed_fast_20260627T1205Z/capture_0601.jpg,28,45,662,33,92,true,train,timed_daylight_usb ollama_ocr,approved,owner-bulk-approved,2026-06-29T06:46:10+00:00,qwen3-vl:4b,aqs-five-field-v2,tools/dataset/captures/serial_timed_fast_20260627T1205Z/labels_ollama_review_queue.csv,tools/dataset/captures/serial_timed_fast_20260627T1205Z/labels_environment.csv
serial_timed_fast_20260627T1205Z_capture_0604,tools/dataset/captures/serial_timed_fast_20260627T1205Z/capture_0604.jpg,28,45,662,33,92,true,train,timed_daylight_usb ollama_ocr,approved,owner-bulk-approved,2026-06-29T06:46:10+00:00,qwen3-vl:4b,aqs-five-field-v2,tools/dataset/captures/serial_timed_fast_20260627T1205Z/labels_ollama_review_queue.csv,tools/dataset/captures/serial_timed_fast_20260627T1205Z/labels_environment.csv
serial_timed_fast_20260627T1205Z_capture_0607,tools/dataset/captures/serial_timed_fast_20260627T1205Z/capture_0607.jpg,28,45,662,33,92,true,validation,timed_daylight_usb ollama_ocr,approved,owner-bulk-approved,2026-06-29T06:46:10+00:00,qwen3-vl:4b,aqs-five-field-v2,tools/dataset/captures/serial_timed_fast_20260627T1205Z/labels_ollama_review_queue.csv,tools/dataset/captures/serial_timed_fast_20260627T1205Z/labels_environment.csv
serial_timed_fast_20260627T1205Z_capture_0610,tools/dataset/captures/serial_timed_fast_20260627T1205Z/capture_0610.jpg,28,45,662,33,92,true,train,timed_daylight_usb ollama_ocr,approved,owner-bulk-approved,2026-06-29T06:46:10+00:00,qwen3-vl:4b,aqs-five-field-v2,tools/dataset/captures/serial_timed_fast_20260627T1205Z/labels_ollama_review_queue.csv,tools/dataset/captures/serial_timed_fast_20260627T1205Z/labels_environment.csv
serial_timed_fast_20260627T1205Z_capture_0613,tools/dataset/captures/serial_timed_fast_20260627T1205Z/capture_0613.jpg,28,45,662,33,92,true,train,timed_daylight_usb ollama_ocr,approved,owner-bulk-approved,2026-06-29T06:46:10+00:00,qwen3-vl:4b,aqs-five-field-v2,tools/dataset/captures/serial_timed_fast_20260627T1205Z/labels_ollama_review_queue.csv,tools/dataset/captures/serial_timed_fast_20260627T1205Z/labels_environment.csv
serial_timed_fast_20260627T1205Z_capture_0616,tools/dataset/captures/serial_timed_fast_20260627T1205Z/capture_0616.jpg,28,45,662,33,92,true,train,timed_daylight_usb ollama_ocr,approved,owner-bulk-approved,2026-06-29T06:46:10+00:00,qwen3-vl:4b,aqs-five-field-v2,tools/dataset/captures/serial_timed_fast_20260627T1205Z/labels_ollama_review_queue.csv,tools/dataset/captures/serial_timed_fast_20260627T1205Z/labels_environment.csv
serial_timed_fast_20260627T1205Z_capture_0622,tools/dataset/captures/serial_timed_fast_20260627T1205Z/capture_0622.jpg,28,45,662,33,92,true,train,timed_daylight_usb ollama_ocr,approved,owner-bulk-approved,2026-06-29T06:46:10+00:00,qwen3-vl:4b,aqs-five-field-v2,tools/dataset/captures/serial_timed_fast_20260627T1205Z/labels_ollama_review_queue.csv,tools/dataset/captures/serial_timed_fast_20260627T1205Z/labels_environment.csv
serial_timed_fast_20260627T1205Z_capture_0625,tools/dataset/captures/serial_timed_fast_20260627T1205Z/capture_0625.jpg,28,45,662,33,92,true,validation,timed_daylight_usb ollama_ocr,approved,owner-bulk-approved,2026-06-29T06:46:10+00:00,qwen3-vl:4b,aqs-five-field-v2,tools/dataset/captures/serial_timed_fast_20260627T1205Z/labels_ollama_review_queue.csv,tools/dataset/captures/serial_timed_fast_20260627T1205Z/labels_environment.csv
serial_timed_fast_20260627T1205Z_capture_0628,tools/dataset/captures/serial_timed_fast_20260627T1205Z/capture_0628.jpg,28,45,662,33,92,true,train,timed_daylight_usb ollama_ocr,approved,owner-bulk-approved,2026-06-29T06:46:10+00:00,qwen3-vl:4b,aqs-five-field-v2,tools/dataset/captures/serial_timed_fast_20260627T1205Z/labels_ollama_review_queue.csv,tools/dataset/captures/serial_timed_fast_20260627T1205Z/labels_environment.csv
serial_timed_fast_20260627T1205Z_capture_0631,tools/dataset/captures/serial_timed_fast_20260627T1205Z/capture_0631.jpg,28,45,662,33,92,true,train,timed_daylight_usb ollama_ocr,approved,owner-bulk-approved,2026-06-29T06:46:10+00:00,qwen3-vl:4b,aqs-five-field-v2,tools/dataset/captures/serial_timed_fast_20260627T1205Z/labels_ollama_review_queue.csv,tools/dataset/captures/serial_timed_fast_20260627T1205Z/labels_environment.csv
serial_timed_fast_20260627T1205Z_capture_0634,tools/dataset/captures/serial_timed_fast_20260627T1205Z/capture_0634.jpg,28,45,662,33,92,true,train,timed_daylight_usb ollama_ocr,approved,owner-bulk-approved,2026-06-29T06:46:10+00:00,qwen3-vl:4b,aqs-five-field-v2,tools/dataset/captures/serial_timed_fast_20260627T1205Z/labels_ollama_review_queue.csv,tools/dataset/captures/serial_timed_fast_20260627T1205Z/labels_environment.csv
serial_timed_fast_20260627T1205Z_capture_0637,tools/dataset/captures/serial_timed_fast_20260627T1205Z/capture_0637.jpg,28,45,662,33,92,true,train,timed_daylight_usb ollama_ocr,approved,owner-bulk-approved,2026-06-29T06:46:10+00:00,qwen3-vl:4b,aqs-five-field-v2,tools/dataset/captures/serial_timed_fast_20260627T1205Z/labels_ollama_review_queue.csv,tools/dataset/captures/serial_timed_fast_20260627T1205Z/labels_environment.csv
serial_timed_fast_20260627T1205Z_capture_0640,tools/dataset/captures/serial_timed_fast_20260627T1205Z/capture_0640.jpg,28,45,662,33,92,true,validation,timed_daylight_usb ollama_ocr,approved,owner-bulk-approved,2026-06-29T06:46:10+00:00,qwen3-vl:4b,aqs-five-field-v2,tools/dataset/captures/serial_timed_fast_20260627T1205Z/labels_ollama_review_queue.csv,tools/dataset/captures/serial_timed_fast_20260627T1205Z/labels_environment.csv
serial_timed_fast_20260627T1205Z_capture_0643,tools/dataset/captures/serial_timed_fast_20260627T1205Z/capture_0643.jpg,28,45,662,33,92,true,train,timed_daylight_usb ollama_ocr,approved,owner-bulk-approved,2026-06-29T06:46:10+00:00,qwen3-vl:4b,aqs-five-field-v2,tools/dataset/captures/serial_timed_fast_20260627T1205Z/labels_ollama_review_queue.csv,tools/dataset/captures/serial_timed_fast_20260627T1205Z/labels_environment.csv
serial_timed_fast_20260627T1205Z_capture_0646,tools/dataset/captures/serial_timed_fast_20260627T1205Z/capture_0646.jpg,28,45,662,33,92,true,train,timed_daylight_usb ollama_ocr,approved,owner-bulk-approved,2026-06-29T06:46:10+00:00,qwen3-vl:4b,aqs-five-field-v2,tools/dataset/captures/serial_timed_fast_20260627T1205Z/labels_ollama_review_queue.csv,tools/dataset/captures/serial_timed_fast_20260627T1205Z/labels_environment.csv
serial_timed_fast_20260627T1205Z_capture_0649,tools/dataset/captures/serial_timed_fast_20260627T1205Z/capture_0649.jpg,28,45,662,33,92,true,train,timed_daylight_usb ollama_ocr,approved,owner-bulk-approved,2026-06-29T06:46:10+00:00,qwen3-vl:4b,aqs-five-field-v2,tools/dataset/captures/serial_timed_fast_20260627T1205Z/labels_ollama_review_queue.csv,tools/dataset/captures/serial_timed_fast_20260627T1205Z/labels_environment.csv
serial_timed_fast_20260627T1205Z_capture_0652,tools/dataset/captures/serial_timed_fast_20260627T1205Z/capture_0652.jpg,28,45,662,33,92,true,train,timed_daylight_usb ollama_ocr,approved,owner-bulk-approved,2026-06-29T06:46:10+00:00,qwen3-vl:4b,aqs-five-field-v2,tools/dataset/captures/serial_timed_fast_20260627T1205Z/labels_ollama_review_queue.csv,tools/dataset/captures/serial_timed_fast_20260627T1205Z/labels_environment.csv
serial_timed_fast_20260627T1205Z_capture_0655,tools/dataset/captures/serial_timed_fast_20260627T1205Z/capture_0655.jpg,28,45,662,33,92,true,validation,timed_daylight_usb ollama_ocr,approved,owner-bulk-approved,2026-06-29T06:46:10+00:00,qwen3-vl:4b,aqs-five-field-v2,tools/dataset/captures/serial_timed_fast_20260627T1205Z/labels_ollama_review_queue.csv,tools/dataset/captures/serial_timed_fast_20260627T1205Z/labels_environment.csv
serial_timed_fast_20260627T1205Z_capture_0658,tools/dataset/captures/serial_timed_fast_20260627T1205Z/capture_0658.jpg,28,45,662,33,92,true,train,timed_daylight_usb ollama_ocr,approved,owner-bulk-approved,2026-06-29T06:46:10+00:00,qwen3-vl:4b,aqs-five-field-v2,tools/dataset/captures/serial_timed_fast_20260627T1205Z/labels_ollama_review_queue.csv,tools/dataset/captures/serial_timed_fast_20260627T1205Z/labels_environment.csv
serial_timed_fast_20260627T1205Z_capture_0661,tools/dataset/captures/serial_timed_fast_20260627T1205Z/capture_0661.jpg,28,45,662,33,92,true,train,timed_daylight_usb ollama_ocr,approved,owner-bulk-approved,2026-06-29T06:46:10+00:00,qwen3-vl:4b,aqs-five-field-v2,tools/dataset/captures/serial_timed_fast_20260627T1205Z/labels_ollama_review_queue.csv,tools/dataset/captures/serial_timed_fast_20260627T1205Z/labels_environment.csv
serial_timed_fast_20260627T1205Z_capture_0663,tools/dataset/captures/serial_timed_fast_20260627T1205Z/capture_0663.jpg,28,45,662,33,92,true,train,timed_daylight_usb ollama_ocr,approved,owner-bulk-approved,2026-06-29T06:46:10+00:00,qwen3-vl:4b,aqs-five-field-v2,tools/dataset/captures/serial_timed_fast_20260627T1205Z/labels_ollama_review_queue.csv,tools/dataset/captures/serial_timed_fast_20260627T1205Z/labels_environment.csv
serial_timed_fast_20260627T1205Z_capture_0666,tools/dataset/captures/serial_timed_fast_20260627T1205Z/capture_0666.jpg,28,45,662,33,92,true,train,timed_daylight_usb ollama_ocr,approved,owner-bulk-approved,2026-06-29T06:46:10+00:00,qwen3-vl:4b,aqs-five-field-v2,tools/dataset/captures/serial_timed_fast_20260627T1205Z/labels_ollama_review_queue.csv,tools/dataset/captures/serial_timed_fast_20260627T1205Z/labels_environment.csv
serial_timed_fast_20260627T1205Z_capture_0669,tools/dataset/captures/serial_timed_fast_20260627T1205Z/capture_0669.jpg,28,45,662,33,92,true,validation,timed_daylight_usb ollama_ocr,approved,owner-bulk-approved,2026-06-29T06:46:10+00:00,qwen3-vl:4b,aqs-five-field-v2,tools/dataset/captures/serial_timed_fast_20260627T1205Z/labels_ollama_review_queue.csv,tools/dataset/captures/serial_timed_fast_20260627T1205Z/labels_environment.csv
serial_timed_fast_20260627T1205Z_capture_0672,tools/dataset/captures/serial_timed_fast_20260627T1205Z/capture_0672.jpg,28,45,662,33,92,true,train,timed_daylight_usb ollama_ocr,approved,owner-bulk-approved,2026-06-29T06:46:10+00:00,qwen3-vl:4b,aqs-five-field-v2,tools/dataset/captures/serial_timed_fast_20260627T1205Z/labels_ollama_review_queue.csv,tools/dataset/captures/serial_timed_fast_20260627T1205Z/labels_environment.csv
serial_timed_fast_20260627T1205Z_capture_0675,tools/dataset/captures/serial_timed_fast_20260627T1205Z/capture_0675.jpg,28,45,662,33,92,true,train,timed_daylight_usb ollama_ocr,approved,owner-bulk-approved,2026-06-29T06:46:10+00:00,qwen3-vl:4b,aqs-five-field-v2,tools/dataset/captures/serial_timed_fast_20260627T1205Z/labels_ollama_review_queue.csv,tools/dataset/captures/serial_timed_fast_20260627T1205Z/labels_environment.csv
serial_timed_fast_20260627T1205Z_capture_0678,tools/dataset/captures/serial_timed_fast_20260627T1205Z/capture_0678.jpg,28,45,662,33,92,true,train,timed_daylight_usb ollama_ocr,approved,owner-bulk-approved,2026-06-29T06:46:10+00:00,qwen3-vl:4b,aqs-five-field-v2,tools/dataset/captures/serial_timed_fast_20260627T1205Z/labels_ollama_review_queue.csv,tools/dataset/captures/serial_timed_fast_20260627T1205Z/labels_environment.csv
serial_timed_fast_20260627T1205Z_capture_0681,tools/dataset/captures/serial_timed_fast_20260627T1205Z/capture_0681.jpg,28,45,662,33,92,true,train,timed_daylight_usb ollama_ocr,approved,owner-bulk-approved,2026-06-29T06:46:10+00:00,qwen3-vl:4b,aqs-five-field-v2,tools/dataset/captures/serial_timed_fast_20260627T1205Z/labels_ollama_review_queue.csv,tools/dataset/captures/serial_timed_fast_20260627T1205Z/labels_environment.csv
serial_timed_fast_20260627T1205Z_capture_0684,tools/dataset/captures/serial_timed_fast_20260627T1205Z/capture_0684.jpg,28,45,662,33,92,true,validation,timed_daylight_usb ollama_ocr,approved,owner-bulk-approved,2026-06-29T06:46:10+00:00,qwen3-vl:4b,aqs-five-field-v2,tools/dataset/captures/serial_timed_fast_20260627T1205Z/labels_ollama_review_queue.csv,tools/dataset/captures/serial_timed_fast_20260627T1205Z/labels_environment.csv
serial_timed_fast_20260627T1205Z_capture_0687,tools/dataset/captures/serial_timed_fast_20260627T1205Z/capture_0687.jpg,28,45,662,33,92,true,train,timed_daylight_usb ollama_ocr,approved,owner-bulk-approved,2026-06-29T06:46:10+00:00,qwen3-vl:4b,aqs-five-field-v2,tools/dataset/captures/serial_timed_fast_20260627T1205Z/labels_ollama_review_queue.csv,tools/dataset/captures/serial_timed_fast_20260627T1205Z/labels_environment.csv
serial_timed_fast_20260627T1205Z_capture_0690,tools/dataset/captures/serial_timed_fast_20260627T1205Z/capture_0690.jpg,28,45,662,33,92,true,train,timed_daylight_usb ollama_ocr,approved,owner-bulk-approved,2026-06-29T06:46:10+00:00,qwen3-vl:4b,aqs-five-field-v2,tools/dataset/captures/serial_timed_fast_20260627T1205Z/labels_ollama_review_queue.csv,tools/dataset/captures/serial_timed_fast_20260627T1205Z/labels_environment.csv
serial_timed_fast_20260627T1205Z_capture_0693,tools/dataset/captures/serial_timed_fast_20260627T1205Z/capture_0693.jpg,28,45,662,33,92,true,train,timed_daylight_usb ollama_ocr,approved,owner-bulk-approved,2026-06-29T06:46:10+00:00,qwen3-vl:4b,aqs-five-field-v2,tools/dataset/captures/serial_timed_fast_20260627T1205Z/labels_ollama_review_queue.csv,tools/dataset/captures/serial_timed_fast_20260627T1205Z/labels_environment.csv
serial_timed_fast_20260627T1205Z_capture_0696,tools/dataset/captures/serial_timed_fast_20260627T1205Z/capture_0696.jpg,28,45,662,33,92,true,train,timed_daylight_usb ollama_ocr,approved,owner-bulk-approved,2026-06-29T06:46:10+00:00,qwen3-vl:4b,aqs-five-field-v2,tools/dataset/captures/serial_timed_fast_20260627T1205Z/labels_ollama_review_queue.csv,tools/dataset/captures/serial_timed_fast_20260627T1205Z/labels_environment.csv
serial_timed_fast_20260627T1205Z_capture_0699,tools/dataset/captures/serial_timed_fast_20260627T1205Z/capture_0699.jpg,28,45,662,33,92,true,validation,timed_daylight_usb ollama_ocr,approved,owner-bulk-approved,2026-06-29T06:46:10+00:00,qwen3-vl:4b,aqs-five-field-v2,tools/dataset/captures/serial_timed_fast_20260627T1205Z/labels_ollama_review_queue.csv,tools/dataset/captures/serial_timed_fast_20260627T1205Z/labels_environment.csv
serial_timed_fast_20260627T1205Z_capture_0702,tools/dataset/captures/serial_timed_fast_20260627T1205Z/capture_0702.jpg,28,45,662,33,92,true,train,timed_daylight_usb ollama_ocr,approved,owner-bulk-approved,2026-06-29T06:46:10+00:00,qwen3-vl:4b,aqs-five-field-v2,tools/dataset/captures/serial_timed_fast_20260627T1205Z/labels_ollama_review_queue.csv,tools/dataset/captures/serial_timed_fast_20260627T1205Z/labels_environment.csv
serial_timed_fast_20260627T1205Z_capture_0705,tools/dataset/captures/serial_timed_fast_20260627T1205Z/capture_0705.jpg,28,45,662,33,92,true,train,timed_daylight_usb ollama_ocr,approved,owner-bulk-approved,2026-06-29T06:46:10+00:00,qwen3-vl:4b,aqs-five-field-v2,tools/dataset/captures/serial_timed_fast_20260627T1205Z/labels_ollama_review_queue.csv,tools/dataset/captures/serial_timed_fast_20260627T1205Z/labels_environment.csv
serial_timed_fast_20260627T1205Z_capture_0708,tools/dataset/captures/serial_timed_fast_20260627T1205Z/capture_0708.jpg,28,45,662,33,92,true,train,timed_daylight_usb ollama_ocr,approved,owner-bulk-approved,2026-06-29T06:46:10+00:00,qwen3-vl:4b,aqs-five-field-v2,tools/dataset/captures/serial_timed_fast_20260627T1205Z/labels_ollama_review_queue.csv,tools/dataset/captures/serial_timed_fast_20260627T1205Z/labels_environment.csv
serial_timed_fast_20260627T1205Z_capture_0711,tools/dataset/captures/serial_timed_fast_20260627T1205Z/capture_0711.jpg,28,45,662,33,92,true,train,timed_daylight_usb ollama_ocr,approved,owner-bulk-approved,2026-06-29T06:46:10+00:00,qwen3-vl:4b,aqs-five-field-v2,tools/dataset/captures/serial_timed_fast_20260627T1205Z/labels_ollama_review_queue.csv,tools/dataset/captures/serial_timed_fast_20260627T1205Z/labels_environment.csv
serial_timed_fast_20260627T1205Z_capture_0714,tools/dataset/captures/serial_timed_fast_20260627T1205Z/capture_0714.jpg,28,45,662,33,92,true,validation,timed_daylight_usb ollama_ocr,approved,owner-bulk-approved,2026-06-29T06:46:10+00:00,qwen3-vl:4b,aqs-five-field-v2,tools/dataset/captures/serial_timed_fast_20260627T1205Z/labels_ollama_review_queue.csv,tools/dataset/captures/serial_timed_fast_20260627T1205Z/labels_environment.csv
serial_timed_fast_20260627T1205Z_capture_0723,tools/dataset/captures/serial_timed_fast_20260627T1205Z/capture_0723.jpg,28,45,662,33,92,true,train,timed_daylight_usb ollama_ocr,approved,owner-bulk-approved,2026-06-29T06:46:10+00:00,qwen3-vl:4b,aqs-five-field-v2,tools/dataset/captures/serial_timed_fast_20260627T1205Z/labels_ollama_review_queue.csv,tools/dataset/captures/serial_timed_fast_20260627T1205Z/labels_environment.csv
serial_timed_fast_20260627T1205Z_capture_0726,tools/dataset/captures/serial_timed_fast_20260627T1205Z/capture_0726.jpg,28,45,662,33,92,true,train,timed_daylight_usb ollama_ocr,approved,owner-bulk-approved,2026-06-29T06:46:10+00:00,qwen3-vl:4b,aqs-five-field-v2,tools/dataset/captures/serial_timed_fast_20260627T1205Z/labels_ollama_review_queue.csv,tools/dataset/captures/serial_timed_fast_20260627T1205Z/labels_environment.csv
serial_timed_fast_20260627T1205Z_capture_0729,tools/dataset/captures/serial_timed_fast_20260627T1205Z/capture_0729.jpg,28,45,662,33,92,true,train,timed_daylight_usb ollama_ocr,approved,owner-bulk-approved,2026-06-29T06:46:10+00:00,qwen3-vl:4b,aqs-five-field-v2,tools/dataset/captures/serial_timed_fast_20260627T1205Z/labels_ollama_review_queue.csv,tools/dataset/captures/serial_timed_fast_20260627T1205Z/labels_environment.csv
serial_timed_fast_20260627T1205Z_capture_0731,tools/dataset/captures/serial_timed_fast_20260627T1205Z/capture_0731.jpg,28,45,662,33,92,true,train,timed_daylight_usb ollama_ocr,approved,owner-bulk-approved,2026-06-29T06:46:10+00:00,qwen3-vl:4b,aqs-five-field-v2,tools/dataset/captures/serial_timed_fast_20260627T1205Z/labels_ollama_review_queue.csv,tools/dataset/captures/serial_timed_fast_20260627T1205Z/labels_environment.csv
serial_timed_fast_20260627T1205Z_capture_0734,tools/dataset/captures/serial_timed_fast_20260627T1205Z/capture_0734.jpg,28,45,662,33,92,true,validation,timed_daylight_usb ollama_ocr,approved,owner-bulk-approved,2026-06-29T06:46:10+00:00,qwen3-vl:4b,aqs-five-field-v2,tools/dataset/captures/serial_timed_fast_20260627T1205Z/labels_ollama_review_queue.csv,tools/dataset/captures/serial_timed_fast_20260627T1205Z/labels_environment.csv
serial_timed_fast_20260627T1205Z_capture_0737,tools/dataset/captures/serial_timed_fast_20260627T1205Z/capture_0737.jpg,28,45,662,33,92,true,train,timed_daylight_usb ollama_ocr,approved,owner-bulk-approved,2026-06-29T06:46:10+00:00,qwen3-vl:4b,aqs-five-field-v2,tools/dataset/captures/serial_timed_fast_20260627T1205Z/labels_ollama_review_queue.csv,tools/dataset/captures/serial_timed_fast_20260627T1205Z/labels_environment.csv
serial_timed_fast_20260627T1205Z_capture_0740,tools/dataset/captures/serial_timed_fast_20260627T1205Z/capture_0740.jpg,28,45,662,33,92,true,train,timed_daylight_usb ollama_ocr,approved,owner-bulk-approved,2026-06-29T06:46:10+00:00,qwen3-vl:4b,aqs-five-field-v2,tools/dataset/captures/serial_timed_fast_20260627T1205Z/labels_ollama_review_queue.csv,tools/dataset/captures/serial_timed_fast_20260627T1205Z/labels_environment.csv
serial_timed_fast_20260627T1205Z_capture_0743,tools/dataset/captures/serial_timed_fast_20260627T1205Z/capture_0743.jpg,27,45,662,33,92,true,train,timed_daylight_usb ollama_ocr,approved,owner-bulk-approved,2026-06-29T06:46:10+00:00,qwen3-vl:4b,aqs-five-field-v2,tools/dataset/captures/serial_timed_fast_20260627T1205Z/labels_ollama_review_queue.csv,tools/dataset/captures/serial_timed_fast_20260627T1205Z/labels_environment.csv
serial_timed_fast_20260627T1205Z_capture_0746,tools/dataset/captures/serial_timed_fast_20260627T1205Z/capture_0746.jpg,27,45,662,33,92,true,train,timed_daylight_usb ollama_ocr,approved,owner-bulk-approved,2026-06-29T06:46:10+00:00,,,tools/dataset/captures/serial_timed_fast_20260627T1205Z/labels_ollama_review_queue.csv,tools/dataset/captures/serial_timed_fast_20260627T1205Z/labels_environment.csv
serial_timed_fast_20260627T1205Z_capture_0749,tools/dataset/captures/serial_timed_fast_20260627T1205Z/capture_0749.jpg,27,45,662,33,92,true,validation,timed_daylight_usb ollama_ocr,approved,owner-bulk-approved,2026-06-29T06:46:10+00:00,qwen3-vl:4b,aqs-five-field-v2,tools/dataset/captures/serial_timed_fast_20260627T1205Z/labels_ollama_review_queue.csv,tools/dataset/captures/serial_timed_fast_20260627T1205Z/labels_environment.csv
serial_timed_fast_20260627T1205Z_capture_0752,tools/dataset/captures/serial_timed_fast_20260627T1205Z/capture_0752.jpg,27,45,662,33,92,true,train,timed_daylight_usb ollama_ocr,approved,owner-bulk-approved,2026-06-29T06:46:10+00:00,qwen3-vl:4b,aqs-five-field-v2,tools/dataset/captures/serial_timed_fast_20260627T1205Z/labels_ollama_review_queue.csv,tools/dataset/captures/serial_timed_fast_20260627T1205Z/labels_environment.csv
serial_timed_fast_20260627T1205Z_capture_0755,tools/dataset/captures/serial_timed_fast_20260627T1205Z/capture_0755.jpg,27,45,662,33,92,true,train,timed_daylight_usb ollama_ocr,approved,owner-bulk-approved,2026-06-29T06:46:10+00:00,qwen3-vl:4b,aqs-five-field-v2,tools/dataset/captures/serial_timed_fast_20260627T1205Z/labels_ollama_review_queue.csv,tools/dataset/captures/serial_timed_fast_20260627T1205Z/labels_environment.csv
serial_timed_fast_20260627T1205Z_capture_0758,tools/dataset/captures/serial_timed_fast_20260627T1205Z/capture_0758.jpg,27,45,662,33,92,true,train,timed_daylight_usb ollama_ocr,approved,owner-bulk-approved,2026-06-29T06:46:10+00:00,qwen3-vl:4b,aqs-five-field-v2,tools/dataset/captures/serial_timed_fast_20260627T1205Z/labels_ollama_review_queue.csv,tools/dataset/captures/serial_timed_fast_20260627T1205Z/labels_environment.csv
serial_timed_fast_20260627T1205Z_capture_0761,tools/dataset/captures/serial_timed_fast_20260627T1205Z/capture_0761.jpg,27,45,662,33,92,true,train,timed_daylight_usb ollama_ocr,approved,owner-bulk-approved,2026-06-29T06:46:10+00:00,qwen3-vl:4b,aqs-five-field-v2,tools/dataset/captures/serial_timed_fast_20260627T1205Z/labels_ollama_review_queue.csv,tools/dataset/captures/serial_timed_fast_20260627T1205Z/labels_environment.csv
serial_timed_fast_20260627T1205Z_capture_0764,tools/dataset/captures/serial_timed_fast_20260627T1205Z/capture_0764.jpg,27,45,662,33,92,true,validation,timed_daylight_usb ollama_ocr,approved,owner-bulk-approved,2026-06-29T06:46:10+00:00,qwen3-vl:4b,aqs-five-field-v2,tools/dataset/captures/serial_timed_fast_20260627T1205Z/labels_ollama_review_queue.csv,tools/dataset/captures/serial_timed_fast_20260627T1205Z/labels_environment.csv
serial_timed_fast_20260627T1205Z_capture_0767,tools/dataset/captures/serial_timed_fast_20260627T1205Z/capture_0767.jpg,27,45,662,33,92,true,train,timed_daylight_usb ollama_ocr,approved,owner-bulk-approved,2026-06-29T06:46:10+00:00,qwen3-vl:4b,aqs-five-field-v2,tools/dataset/captures/serial_timed_fast_20260627T1205Z/labels_ollama_review_queue.csv,tools/dataset/captures/serial_timed_fast_20260627T1205Z/labels_environment.csv
serial_timed_fast_20260627T1205Z_capture_0770,tools/dataset/captures/serial_timed_fast_20260627T1205Z/capture_0770.jpg,27,45,662,33,92,true,train,timed_daylight_usb ollama_ocr,approved,owner-bulk-approved,2026-06-29T06:46:10+00:00,,,tools/dataset/captures/serial_timed_fast_20260627T1205Z/labels_ollama_review_queue.csv,tools/dataset/captures/serial_timed_fast_20260627T1205Z/labels_environment.csv
serial_timed_fast_20260627T1205Z_capture_0773,tools/dataset/captures/serial_timed_fast_20260627T1205Z/capture_0773.jpg,27,45,662,33,92,true,train,timed_daylight_usb ollama_ocr,approved,owner-bulk-approved,2026-06-29T06:46:10+00:00,,,tools/dataset/captures/serial_timed_fast_20260627T1205Z/labels_ollama_review_queue.csv,tools/dataset/captures/serial_timed_fast_20260627T1205Z/labels_environment.csv
serial_timed_fast_20260627T1205Z_capture_0776,tools/dataset/captures/serial_timed_fast_20260627T1205Z/capture_0776.jpg,27,45,662,33,92,true,train,timed_daylight_usb ollama_ocr,approved,owner-bulk-approved,2026-06-29T06:46:10+00:00,qwen3-vl:4b,aqs-five-field-v2,tools/dataset/captures/serial_timed_fast_20260627T1205Z/labels_ollama_review_queue.csv,tools/dataset/captures/serial_timed_fast_20260627T1205Z/labels_environment.csv
serial_timed_fast_20260627T1205Z_capture_0779,tools/dataset/captures/serial_timed_fast_20260627T1205Z/capture_0779.jpg,27,45,662,33,92,true,validation,timed_daylight_usb ollama_ocr,approved,owner-bulk-approved,2026-06-29T06:46:10+00:00,qwen3-vl:4b,aqs-five-field-v2,tools/dataset/captures/serial_timed_fast_20260627T1205Z/labels_ollama_review_queue.csv,tools/dataset/captures/serial_timed_fast_20260627T1205Z/labels_environment.csv
serial_timed_fast_20260627T1205Z_capture_0782,tools/dataset/captures/serial_timed_fast_20260627T1205Z/capture_0782.jpg,27,45,662,33,92,true,train,timed_daylight_usb ollama_ocr,approved,owner-bulk-approved,2026-06-29T06:46:10+00:00,qwen3-vl:4b,aqs-five-field-v2,tools/dataset/captures/serial_timed_fast_20260627T1205Z/labels_ollama_review_queue.csv,tools/dataset/captures/serial_timed_fast_20260627T1205Z/labels_environment.csv
serial_timed_fast_20260627T1205Z_capture_0785,tools/dataset/captures/serial_timed_fast_20260627T1205Z/capture_0785.jpg,27,45,662,33,92,true,train,timed_daylight_usb ollama_ocr,approved,owner-bulk-approved,2026-06-29T06:46:10+00:00,qwen3-vl:4b,aqs-five-field-v2,tools/dataset/captures/serial_timed_fast_20260627T1205Z/labels_ollama_review_queue.csv,tools/dataset/captures/serial_timed_fast_20260627T1205Z/labels_environment.csv
serial_timed_fast_20260627T1205Z_capture_0788,tools/dataset/captures/serial_timed_fast_20260627T1205Z/capture_0788.jpg,27,45,662,33,92,true,train,timed_daylight_usb ollama_ocr,approved,owner-bulk-approved,2026-06-29T06:46:10+00:00,qwen3-vl:4b,aqs-five-field-v2,tools/dataset/captures/serial_timed_fast_20260627T1205Z/labels_ollama_review_queue.csv,tools/dataset/captures/serial_timed_fast_20260627T1205Z/labels_environment.csv
serial_timed_fast_20260627T1205Z_capture_0791,tools/dataset/captures/serial_timed_fast_20260627T1205Z/capture_0791.jpg,27,45,662,33,92,true,train,timed_daylight_usb ollama_ocr,approved,owner-bulk-approved,2026-06-29T06:46:10+00:00,qwen3-vl:4b,aqs-five-field-v2,tools/dataset/captures/serial_timed_fast_20260627T1205Z/labels_ollama_review_queue.csv,tools/dataset/captures/serial_timed_fast_20260627T1205Z/labels_environment.csv
serial_timed_fast_20260627T1205Z_capture_0794,tools/dataset/captures/serial_timed_fast_20260627T1205Z/capture_0794.jpg,27,45,662,33,92,true,validation,timed_daylight_usb ollama_ocr,approved,owner-bulk-approved,2026-06-29T06:46:10+00:00,qwen3-vl:4b,aqs-five-field-v2,tools/dataset/captures/serial_timed_fast_20260627T1205Z/labels_ollama_review_queue.csv,tools/dataset/captures/serial_timed_fast_20260627T1205Z/labels_environment.csv
serial_timed_fast_20260627T1205Z_capture_0797,tools/dataset/captures/serial_timed_fast_20260627T1205Z/capture_0797.jpg,27,45,662,33,92,true,train,timed_daylight_usb ollama_ocr,approved,owner-bulk-approved,2026-06-29T06:46:10+00:00,qwen3-vl:4b,aqs-five-field-v2,tools/dataset/captures/serial_timed_fast_20260627T1205Z/labels_ollama_review_queue.csv,tools/dataset/captures/serial_timed_fast_20260627T1205Z/labels_environment.csv
serial_timed_fast_20260627T1205Z_capture_0800,tools/dataset/captures/serial_timed_fast_20260627T1205Z/capture_0800.jpg,27,45,662,33,92,true,train,timed_daylight_usb ollama_ocr,approved,owner-bulk-approved,2026-06-29T06:46:10+00:00,qwen3-vl:4b,aqs-five-field-v2,tools/dataset/captures/serial_timed_fast_20260627T1205Z/labels_ollama_review_queue.csv,tools/dataset/captures/serial_timed_fast_20260627T1205Z/labels_environment.csv
serial_timed_fast_20260627T1205Z_capture_0803,tools/dataset/captures/serial_timed_fast_20260627T1205Z/capture_0803.jpg,27,45,662,33,92,true,train,timed_daylight_usb ollama_ocr,approved,owner-bulk-approved,2026-06-29T06:46:10+00:00,qwen3-vl:4b,aqs-five-field-v2,tools/dataset/captures/serial_timed_fast_20260627T1205Z/labels_ollama_review_queue.csv,tools/dataset/captures/serial_timed_fast_20260627T1205Z/labels_environment.csv
serial_timed_fast_20260627T1205Z_capture_0806,tools/dataset/captures/serial_timed_fast_20260627T1205Z/capture_0806.jpg,27,45,662,33,92,true,train,timed_daylight_usb ollama_ocr,approved,owner-bulk-approved,2026-06-29T06:46:10+00:00,qwen3-vl:4b,aqs-five-field-v2,tools/dataset/captures/serial_timed_fast_20260627T1205Z/labels_ollama_review_queue.csv,tools/dataset/captures/serial_timed_fast_20260627T1205Z/labels_environment.csv
serial_timed_fast_20260627T1205Z_capture_0809,tools/dataset/captures/serial_timed_fast_20260627T1205Z/capture_0809.jpg,27,45,662,33,92,true,validation,timed_daylight_usb ollama_ocr,approved,owner-bulk-approved,2026-06-29T06:46:10+00:00,qwen3-vl:4b,aqs-five-field-v2,tools/dataset/captures/serial_timed_fast_20260627T1205Z/labels_ollama_review_queue.csv,tools/dataset/captures/serial_timed_fast_20260627T1205Z/labels_environment.csv
serial_timed_fast_20260627T1205Z_capture_0812,tools/dataset/captures/serial_timed_fast_20260627T1205Z/capture_0812.jpg,27,45,662,33,92,true,train,timed_daylight_usb ollama_ocr,approved,owner-bulk-approved,2026-06-29T06:46:10+00:00,qwen3-vl:4b,aqs-five-field-v2,tools/dataset/captures/serial_timed_fast_20260627T1205Z/labels_ollama_review_queue.csv,tools/dataset/captures/serial_timed_fast_20260627T1205Z/labels_environment.csv
serial_timed_fast_20260627T1205Z_capture_0815,tools/dataset/captures/serial_timed_fast_20260627T1205Z/capture_0815.jpg,27,45,662,33,92,true,train,timed_daylight_usb ollama_ocr,approved,owner-bulk-approved,2026-06-29T06:46:10+00:00,qwen3-vl:4b,aqs-five-field-v2,tools/dataset/captures/serial_timed_fast_20260627T1205Z/labels_ollama_review_queue.csv,tools/dataset/captures/serial_timed_fast_20260627T1205Z/labels_environment.csv
serial_timed_fast_20260627T1205Z_capture_0818,tools/dataset/captures/serial_timed_fast_20260627T1205Z/capture_0818.jpg,27,45,662,33,92,true,train,timed_daylight_usb ollama_ocr,approved,owner-bulk-approved,2026-06-29T06:46:10+00:00,qwen3-vl:4b,aqs-five-field-v2,tools/dataset/captures/serial_timed_fast_20260627T1205Z/labels_ollama_review_queue.csv,tools/dataset/captures/serial_timed_fast_20260627T1205Z/labels_environment.csv
serial_timed_fast_20260627T1205Z_capture_0821,tools/dataset/captures/serial_timed_fast_20260627T1205Z/capture_0821.jpg,27,45,662,32,88,true,train,timed_daylight_usb ollama_ocr,approved,owner-bulk-approved,2026-06-29T06:46:10+00:00,qwen3-vl:4b,aqs-five-field-v2,tools/dataset/captures/serial_timed_fast_20260627T1205Z/labels_ollama_review_queue.csv,tools/dataset/captures/serial_timed_fast_20260627T1205Z/labels_environment.csv
serial_timed_fast_20260627T1205Z_capture_0824,tools/dataset/captures/serial_timed_fast_20260627T1205Z/capture_0824.jpg,27,45,657,32,86,true,validation,timed_daylight_usb ollama_ocr,approved,owner-bulk-approved,2026-06-29T06:46:10+00:00,qwen3-vl:4b,aqs-five-field-v2,tools/dataset/captures/serial_timed_fast_20260627T1205Z/labels_ollama_review_queue.csv,tools/dataset/captures/serial_timed_fast_20260627T1205Z/labels_environment.csv
serial_timed_fast_20260627T1205Z_capture_0827,tools/dataset/captures/serial_timed_fast_20260627T1205Z/capture_0827.jpg,27,45,657,32,92,true,train,timed_daylight_usb ollama_ocr,approved,owner-bulk-approved,2026-06-29T06:46:10+00:00,qwen3-vl:4b,aqs-five-field-v2,tools/dataset/captures/serial_timed_fast_20260627T1205Z/labels_ollama_review_queue.csv,tools/dataset/captures/serial_timed_fast_20260627T1205Z/labels_environment.csv
serial_timed_fast_20260627T1205Z_capture_0841,tools/dataset/captures/serial_timed_fast_20260627T1205Z/capture_0841.jpg,27,45,640,29,84,true,train,timed_daylight_usb ollama_ocr,approved,owner-bulk-approved,2026-06-29T06:46:10+00:00,qwen3-vl:4b,aqs-five-field-v2,tools/dataset/captures/serial_timed_fast_20260627T1205Z/labels_ollama_review_queue.csv,tools/dataset/captures/serial_timed_fast_20260627T1205Z/labels_environment.csv
serial_timed_fast_20260627T1205Z_capture_0844,tools/dataset/captures/serial_timed_fast_20260627T1205Z/capture_0844.jpg,27,45,624,27,78,true,train,timed_daylight_usb ollama_ocr,approved,owner-bulk-approved,2026-06-29T06:46:10+00:00,qwen3-vl:4b,aqs-five-field-v2,tools/dataset/captures/serial_timed_fast_20260627T1205Z/labels_ollama_review_queue.csv,tools/dataset/captures/serial_timed_fast_20260627T1205Z/labels_environment.csv
serial_timed_fast_20260627T1205Z_capture_0862,tools/dataset/captures/serial_timed_fast_20260627T1205Z/capture_0862.jpg,27,45,635,28,78,true,train,timed_daylight_usb ollama_ocr,approved,owner-bulk-approved,2026-06-29T06:46:10+00:00,qwen3-vl:4b,aqs-five-field-v2,tools/dataset/captures/serial_timed_fast_20260627T1205Z/labels_ollama_review_queue.csv,tools/dataset/captures/serial_timed_fast_20260627T1205Z/labels_environment.csv
serial_timed_fast_20260627T1205Z_capture_0865,tools/dataset/captures/serial_timed_fast_20260627T1205Z/capture_0865.jpg,27,45,640,27,78,true,validation,timed_daylight_usb ollama_ocr,approved,owner-bulk-approved,2026-06-29T06:46:10+00:00,qwen3-vl:4b,aqs-five-field-v2,tools/dataset/captures/serial_timed_fast_20260627T1205Z/labels_ollama_review_queue.csv,tools/dataset/captures/serial_timed_fast_20260627T1205Z/labels_environment.csv
serial_timed_fast_20260627T1205Z_capture_0868,tools/dataset/captures/serial_timed_fast_20260627T1205Z/capture_0868.jpg,27,45,618,24,54,true,train,timed_daylight_usb ollama_ocr,approved,owner-bulk-approved,2026-06-29T06:46:10+00:00,qwen3-vl:4b,aqs-five-field-v2,tools/dataset/captures/serial_timed_fast_20260627T1205Z/labels_ollama_review_queue.csv,tools/dataset/captures/serial_timed_fast_20260627T1205Z/labels_environment.csv
serial_timed_fast_20260627T1205Z_capture_0874,tools/dataset/captures/serial_timed_fast_20260627T1205Z/capture_0874.jpg,27,45,629,28,78,true,train,timed_daylight_usb ollama_ocr,approved,owner-bulk-approved,2026-06-29T06:46:10+00:00,qwen3-vl:4b,aqs-five-field-v2,tools/dataset/captures/serial_timed_fast_20260627T1205Z/labels_ollama_review_queue.csv,tools/dataset/captures/serial_timed_fast_20260627T1205Z/labels_environment.csv
serial_timed_fast_20260627T1205Z_capture_0877,tools/dataset/captures/serial_timed_fast_20260627T1205Z/capture_0877.jpg,27,45,624,27,78,true,train,timed_daylight_usb ollama_ocr,approved,owner-bulk-approved,2026-06-29T06:46:10+00:00,qwen3-vl:4b,aqs-five-field-v2,tools/dataset/captures/serial_timed_fast_20260627T1205Z/labels_ollama_review_queue.csv,tools/dataset/captures/serial_timed_fast_20260627T1205Z/labels_environment.csv
serial_timed_fast_20260627T1205Z_capture_0880,tools/dataset/captures/serial_timed_fast_20260627T1205Z/capture_0880.jpg,27,45,657,32,89,true,train,timed_daylight_usb ollama_ocr,approved,owner-bulk-approved,2026-06-29T06:46:10+00:00,qwen3-vl:4b,aqs-five-field-v2,tools/dataset/captures/serial_timed_fast_20260627T1205Z/labels_ollama_review_queue.csv,tools/dataset/captures/serial_timed_fast_20260627T1205Z/labels_environment.csv
serial_timed_fast_20260627T1205Z_capture_0883,tools/dataset/captures/serial_timed_fast_20260627T1205Z/capture_0883.jpg,27,45,651,32,86,true,validation,timed_daylight_usb ollama_ocr,approved,owner-bulk-approved,2026-06-29T06:46:10+00:00,qwen3-vl:4b,aqs-five-field-v2,tools/dataset/captures/serial_timed_fast_20260627T1205Z/labels_ollama_review_queue.csv,tools/dataset/captures/serial_timed_fast_20260627T1205Z/labels_environment.csv
serial_timed_fast_20260627T1205Z_capture_0889,tools/dataset/captures/serial_timed_fast_20260627T1205Z/capture_0889.jpg,27,45,657,32,89,true,train,timed_daylight_usb ollama_ocr,approved,owner-bulk-approved,2026-06-29T06:46:10+00:00,qwen3-vl:4b,aqs-five-field-v2,tools/dataset/captures/serial_timed_fast_20260627T1205Z/labels_ollama_review_queue.csv,tools/dataset/captures/serial_timed_fast_20260627T1205Z/labels_environment.csv
serial_timed_fast_20260627T1205Z_capture_0892,tools/dataset/captures/serial_timed_fast_20260627T1205Z/capture_0892.jpg,27,45,657,33,86,true,train,timed_daylight_usb ollama_ocr,approved,owner-bulk-approved,2026-06-29T06:46:10+00:00,qwen3-vl:4b,aqs-five-field-v2,tools/dataset/captures/serial_timed_fast_20260627T1205Z/labels_ollama_review_queue.csv,tools/dataset/captures/serial_timed_fast_20260627T1205Z/labels_environment.csv
serial_timed_fast_20260627T1205Z_capture_0895,tools/dataset/captures/serial_timed_fast_20260627T1205Z/capture_0895.jpg,27,45,657,33,92,true,train,timed_daylight_usb ollama_ocr,approved,owner-bulk-approved,2026-06-29T06:46:10+00:00,qwen3-vl:4b,aqs-five-field-v2,tools/dataset/captures/serial_timed_fast_20260627T1205Z/labels_ollama_review_queue.csv,tools/dataset/captures/serial_timed_fast_20260627T1205Z/labels_environment.csv
serial_timed_fast_20260627T1205Z_capture_0898,tools/dataset/captures/serial_timed_fast_20260627T1205Z/capture_0898.jpg,27,45,662,33,92,true,train,timed_daylight_usb ollama_ocr,approved,owner-bulk-approved,2026-06-29T06:46:10+00:00,qwen3-vl:4b,aqs-five-field-v2,tools/dataset/captures/serial_timed_fast_20260627T1205Z/labels_ollama_review_queue.csv,tools/dataset/captures/serial_timed_fast_20260627T1205Z/labels_environment.csv
serial_timed_fast_20260627T1205Z_capture_0901,tools/dataset/captures/serial_timed_fast_20260627T1205Z/capture_0901.jpg,27,45,662,33,92,true,validation,timed_daylight_usb ollama_ocr,approved,owner-bulk-approved,2026-06-29T06:46:10+00:00,qwen3-vl:4b,aqs-five-field-v2,tools/dataset/captures/serial_timed_fast_20260627T1205Z/labels_ollama_review_queue.csv,tools/dataset/captures/serial_timed_fast_20260627T1205Z/labels_environment.csv
serial_timed_fast_20260627T1205Z_capture_0904,tools/dataset/captures/serial_timed_fast_20260627T1205Z/capture_0904.jpg,27,45,662,33,92,true,train,timed_daylight_usb ollama_ocr,approved,owner-bulk-approved,2026-06-29T06:46:10+00:00,qwen3-vl:4b,aqs-five-field-v2,tools/dataset/captures/serial_timed_fast_20260627T1205Z/labels_ollama_review_queue.csv,tools/dataset/captures/serial_timed_fast_20260627T1205Z/labels_environment.csv
serial_timed_fast_20260627T1205Z_capture_0907,tools/dataset/captures/serial_timed_fast_20260627T1205Z/capture_0907.jpg,27,45,657,32,89,true,train,timed_daylight_usb ollama_ocr,approved,owner-bulk-approved,2026-06-29T06:46:10+00:00,qwen3-vl:4b,aqs-five-field-v2,tools/dataset/captures/serial_timed_fast_20260627T1205Z/labels_ollama_review_queue.csv,tools/dataset/captures/serial_timed_fast_20260627T1205Z/labels_environment.csv
serial_timed_fast_20260627T1205Z_capture_0919,tools/dataset/captures/serial_timed_fast_20260627T1205Z/capture_0919.jpg,27,45,662,32,88,true,train,timed_daylight_usb ollama_ocr,approved,owner-bulk-approved,2026-06-29T06:46:10+00:00,qwen3-vl:4b,aqs-five-field-v2,tools/dataset/captures/serial_timed_fast_20260627T1205Z/labels_ollama_review_queue.csv,tools/dataset/captures/serial_timed_fast_20260627T1205Z/labels_environment.csv
serial_timed_fast_20260627T1205Z_capture_0925,tools/dataset/captures/serial_timed_fast_20260627T1205Z/capture_0925.jpg,27,45,657,32,89,true,train,timed_daylight_usb ollama_ocr,approved,owner-bulk-approved,2026-06-29T06:46:10+00:00,qwen3-vl:4b,aqs-five-field-v2,tools/dataset/captures/serial_timed_fast_20260627T1205Z/labels_ollama_review_queue.csv,tools/dataset/captures/serial_timed_fast_20260627T1205Z/labels_environment.csv
serial_timed_fast_20260627T1205Z_capture_0931,tools/dataset/captures/serial_timed_fast_20260627T1205Z/capture_0931.jpg,27,45,651,32,89,true,validation,timed_daylight_usb ollama_ocr,approved,owner-bulk-approved,2026-06-29T06:46:10+00:00,qwen3-vl:4b,aqs-five-field-v2,tools/dataset/captures/serial_timed_fast_20260627T1205Z/labels_ollama_review_queue.csv,tools/dataset/captures/serial_timed_fast_20260627T1205Z/labels_environment.csv
serial_timed_fast_20260627T1205Z_capture_0937,tools/dataset/captures/serial_timed_fast_20260627T1205Z/capture_0937.jpg,27,45,635,29,84,true,train,timed_daylight_usb ollama_ocr,approved,owner-bulk-approved,2026-06-29T06:46:10+00:00,qwen3-vl:4b,aqs-five-field-v2,tools/dataset/captures/serial_timed_fast_20260627T1205Z/labels_ollama_review_queue.csv,tools/dataset/captures/serial_timed_fast_20260627T1205Z/labels_environment.csv
serial_timed_fast_20260627T1205Z_capture_0939,tools/dataset/captures/serial_timed_fast_20260627T1205Z/capture_0939.jpg,27,45,618,25,72,true,train,timed_daylight_usb ollama_ocr,approved,owner-bulk-approved,2026-06-29T06:46:10+00:00,qwen3-vl:4b,aqs-five-field-v2,tools/dataset/captures/serial_timed_fast_20260627T1205Z/labels_ollama_review_queue.csv,tools/dataset/captures/serial_timed_fast_20260627T1205Z/labels_environment.csv
serial_timed_fast_20260627T1205Z_capture_0942,tools/dataset/captures/serial_timed_fast_20260627T1205Z/capture_0942.jpg,27,45,629,27,72,true,train,timed_daylight_usb ollama_ocr,approved,owner-bulk-approved,2026-06-29T06:46:10+00:00,qwen3-vl:4b,aqs-five-field-v2,tools/dataset/captures/serial_timed_fast_20260627T1205Z/labels_ollama_review_queue.csv,tools/dataset/captures/serial_timed_fast_20260627T1205Z/labels_environment.csv
serial_timed_fast_20260627T1205Z_capture_0945,tools/dataset/captures/serial_timed_fast_20260627T1205Z/capture_0945.jpg,27,45,624,26,70,true,train,timed_daylight_usb ollama_ocr,approved,owner-bulk-approved,2026-06-29T06:46:10+00:00,qwen3-vl:4b,aqs-five-field-v2,tools/dataset/captures/serial_timed_fast_20260627T1205Z/labels_ollama_review_queue.csv,tools/dataset/captures/serial_timed_fast_20260627T1205Z/labels_environment.csv
serial_timed_fast_20260627T1205Z_capture_0948,tools/dataset/captures/serial_timed_fast_20260627T1205Z/capture_0948.jpg,27,45,635,28,78,true,validation,timed_daylight_usb ollama_ocr,approved,owner-bulk-approved,2026-06-29T06:46:10+00:00,qwen3-vl:4b,aqs-five-field-v2,tools/dataset/captures/serial_timed_fast_20260627T1205Z/labels_ollama_review_queue.csv,tools/dataset/captures/serial_timed_fast_20260627T1205Z/labels_environment.csv
serial_timed_fast_20260627T1205Z_capture_0951,tools/dataset/captures/serial_timed_fast_20260627T1205Z/capture_0951.jpg,27,45,635,28,78,true,train,timed_daylight_usb ollama_ocr,approved,owner-bulk-approved,2026-06-29T06:46:10+00:00,qwen3-vl:4b,aqs-five-field-v2,tools/dataset/captures/serial_timed_fast_20260627T1205Z/labels_ollama_review_queue.csv,tools/dataset/captures/serial_timed_fast_20260627T1205Z/labels_environment.csv
serial_timed_fast_20260627T1205Z_capture_0954,tools/dataset/captures/serial_timed_fast_20260627T1205Z/capture_0954.jpg,27,45,618,23,64,true,train,timed_daylight_usb ollama_ocr,approved,owner-bulk-approved,2026-06-29T06:46:10+00:00,qwen3-vl:4b,aqs-five-field-v2,tools/dataset/captures/serial_timed_fast_20260627T1205Z/labels_ollama_review_queue.csv,tools/dataset/captures/serial_timed_fast_20260627T1205Z/labels_environment.csv
serial_timed_fast_20260627T1205Z_capture_0957,tools/dataset/captures/serial_timed_fast_20260627T1205Z/capture_0957.jpg,27,45,607,25,67,true,train,timed_daylight_usb ollama_ocr,approved,owner-bulk-approved,2026-06-29T06:46:10+00:00,qwen3-vl:4b,aqs-five-field-v2,tools/dataset/captures/serial_timed_fast_20260627T1205Z/labels_ollama_review_queue.csv,tools/dataset/captures/serial_timed_fast_20260627T1205Z/labels_environment.csv
serial_timed_fast_20260627T1205Z_capture_0960,tools/dataset/captures/serial_timed_fast_20260627T1205Z/capture_0960.jpg,27,45,618,25,67,true,train,timed_daylight_usb ollama_ocr,approved,owner-bulk-approved,2026-06-29T06:46:10+00:00,qwen3-vl:4b,aqs-five-field-v2,tools/dataset/captures/serial_timed_fast_20260627T1205Z/labels_ollama_review_queue.csv,tools/dataset/captures/serial_timed_fast_20260627T1205Z/labels_environment.csv
serial_timed_fast_20260627T1205Z_capture_0963,tools/dataset/captures/serial_timed_fast_20260627T1205Z/capture_0963.jpg,27,45,618,25,72,true,validation,timed_daylight_usb ollama_ocr,approved,owner-bulk-approved,2026-06-29T06:46:10+00:00,qwen3-vl:4b,aqs-five-field-v2,tools/dataset/captures/serial_timed_fast_20260627T1205Z/labels_ollama_review_queue.csv,tools/dataset/captures/serial_timed_fast_20260627T1205Z/labels_environment.csv
serial_timed_fast_20260627T1205Z_capture_0969,tools/dataset/captures/serial_timed_fast_20260627T1205Z/capture_0969.jpg,27,45,635,30,84,true,train,timed_daylight_usb ollama_ocr,approved,owner-bulk-approved,2026-06-29T06:46:10+00:00,qwen3-vl:4b,aqs-five-field-v2,tools/dataset/captures/serial_timed_fast_20260627T1205Z/labels_ollama_review_queue.csv,tools/dataset/captures/serial_timed_fast_20260627T1205Z/labels_environment.csv
serial_timed_fast_20260627T1205Z_capture_0972,tools/dataset/captures/serial_timed_fast_20260627T1205Z/capture_0972.jpg,27,45,629,28,84,true,train,timed_daylight_usb ollama_ocr,approved,owner-bulk-approved,2026-06-29T06:46:10+00:00,qwen3-vl:4b,aqs-five-field-v2,tools/dataset/captures/serial_timed_fast_20260627T1205Z/labels_ollama_review_queue.csv,tools/dataset/captures/serial_timed_fast_20260627T1205Z/labels_environment.csv
serial_timed_fast_20260627T1205Z_capture_0975,tools/dataset/captures/serial_timed_fast_20260627T1205Z/capture_0975.jpg,27,45,607,24,70,true,train,timed_daylight_usb ollama_ocr,approved,owner-bulk-approved,2026-06-29T06:46:10+00:00,qwen3-vl:4b,aqs-five-field-v2,tools/dataset/captures/serial_timed_fast_20260627T1205Z/labels_ollama_review_queue.csv,tools/dataset/captures/serial_timed_fast_20260627T1205Z/labels_environment.csv
serial_timed_fast_20260627T1205Z_capture_0978,tools/dataset/captures/serial_timed_fast_20260627T1205Z/capture_0978.jpg,27,45,618,26,75,true,train,timed_daylight_usb ollama_ocr,approved,owner-bulk-approved,2026-06-29T06:46:10+00:00,qwen3-vl:4b,aqs-five-field-v2,tools/dataset/captures/serial_timed_fast_20260627T1205Z/labels_ollama_review_queue.csv,tools/dataset/captures/serial_timed_fast_20260627T1205Z/labels_environment.csv
serial_timed_fast_20260627T1205Z_capture_0984,tools/dataset/captures/serial_timed_fast_20260627T1205Z/capture_0984.jpg,27,45,635,23,67,true,validation,timed_daylight_usb ollama_ocr,approved,owner-bulk-approved,2026-06-29T06:46:10+00:00,qwen3-vl:4b,aqs-five-field-v2,tools/dataset/captures/serial_timed_fast_20260627T1205Z/labels_ollama_review_queue.csv,tools/dataset/captures/serial_timed_fast_20260627T1205Z/labels_environment.csv
serial_timed_fast_20260627T1205Z_capture_0987,tools/dataset/captures/serial_timed_fast_20260627T1205Z/capture_0987.jpg,27,45,624,26,75,true,train,timed_daylight_usb ollama_ocr,approved,owner-bulk-approved,2026-06-29T06:46:10+00:00,qwen3-vl:4b,aqs-five-field-v2,tools/dataset/captures/serial_timed_fast_20260627T1205Z/labels_ollama_review_queue.csv,tools/dataset/captures/serial_timed_fast_20260627T1205Z/labels_environment.csv
serial_timed_fast_20260627T1205Z_capture_0990,tools/dataset/captures/serial_timed_fast_20260627T1205Z/capture_0990.jpg,27,45,613,24,67,true,train,timed_daylight_usb ollama_ocr,approved,owner-bulk-approved,2026-06-29T06:46:10+00:00,qwen3-vl:4b,aqs-five-field-v2,tools/dataset/captures/serial_timed_fast_20260627T1205Z/labels_ollama_review_queue.csv,tools/dataset/captures/serial_timed_fast_20260627T1205Z/labels_environment.csv
serial_timed_fast_20260627T1205Z_capture_0993,tools/dataset/captures/serial_timed_fast_20260627T1205Z/capture_0993.jpg,27,45,607,23,64,true,train,timed_daylight_usb ollama_ocr,approved,owner-bulk-approved,2026-06-29T06:46:10+00:00,qwen3-vl:4b,aqs-five-field-v2,tools/dataset/captures/serial_timed_fast_20260627T1205Z/labels_ollama_review_queue.csv,tools/dataset/captures/serial_timed_fast_20260627T1205Z/labels_environment.csv
serial_timed_fast_20260627T1205Z_capture_0999,tools/dataset/captures/serial_timed_fast_20260627T1205Z/capture_0999.jpg,27,45,607,24,67,true,train,timed_daylight_usb ollama_ocr,approved,owner-bulk-approved,2026-06-29T06:46:10+00:00,qwen3-vl:4b,aqs-five-field-v2,tools/dataset/captures/serial_timed_fast_20260627T1205Z/labels_ollama_review_queue.csv,tools/dataset/captures/serial_timed_fast_20260627T1205Z/labels_environment.csv
serial_timed_fast_20260627T1205Z_capture_1002,tools/dataset/captures/serial_timed_fast_20260627T1205Z/capture_1002.jpg,27,45,591,20,58,true,validation,timed_daylight_usb ollama_ocr,approved,owner-bulk-approved,2026-06-29T06:46:10+00:00,qwen3-vl:4b,aqs-five-field-v2,tools/dataset/captures/serial_timed_fast_20260627T1205Z/labels_ollama_review_queue.csv,tools/dataset/captures/serial_timed_fast_20260627T1205Z/labels_environment.csv
serial_timed_fast_20260627T1205Z_capture_1005,tools/dataset/captures/serial_timed_fast_20260627T1205Z/capture_1005.jpg,27,45,602,23,70,true,train,timed_daylight_usb ollama_ocr,approved,owner-bulk-approved,2026-06-29T06:46:10+00:00,qwen3-vl:4b,aqs-five-field-v2,tools/dataset/captures/serial_timed_fast_20260627T1205Z/labels_ollama_review_queue.csv,tools/dataset/captures/serial_timed_fast_20260627T1205Z/labels_environment.csv
serial_timed_fast_20260627T1205Z_capture_1008,tools/dataset/captures/serial_timed_fast_20260627T1205Z/capture_1008.jpg,27,45,602,20,53,true,train,timed_daylight_usb ollama_ocr,approved,owner-bulk-approved,2026-06-29T06:46:10+00:00,qwen3-vl:4b,aqs-five-field-v2,tools/dataset/captures/serial_timed_fast_20260627T1205Z/labels_ollama_review_queue.csv,tools/dataset/captures/serial_timed_fast_20260627T1205Z/labels_environment.csv
serial_timed_fast_20260627T1205Z_capture_1011,tools/dataset/captures/serial_timed_fast_20260627T1205Z/capture_1011.jpg,27,45,580,8,50,true,train,timed_daylight_usb ollama_ocr,approved,owner-bulk-approved,2026-06-29T06:46:10+00:00,qwen3-vl:4b,aqs-five-field-v2,tools/dataset/captures/serial_timed_fast_20260627T1205Z/labels_ollama_review_queue.csv,tools/dataset/captures/serial_timed_fast_20260627T1205Z/labels_environment.csv
serial_timed_fast_20260627T1205Z_capture_1014,tools/dataset/captures/serial_timed_fast_20260627T1205Z/capture_1014.jpg,27,45,585,9,56,true,train,timed_daylight_usb ollama_ocr,approved,owner-bulk-approved,2026-06-29T06:46:10+00:00,,,tools/dataset/captures/serial_timed_fast_20260627T1205Z/labels_ollama_review_queue.csv,tools/dataset/captures/serial_timed_fast_20260627T1205Z/labels_environment.csv
serial_timed_fast_20260627T1205Z_capture_1017,tools/dataset/captures/serial_timed_fast_20260627T1205Z/capture_1017.jpg,27,45,585,8,53,true,validation,timed_daylight_usb ollama_ocr,approved,owner-bulk-approved,2026-06-29T06:46:10+00:00,qwen3-vl:4b,aqs-five-field-v2,tools/dataset/captures/serial_timed_fast_20260627T1205Z/labels_ollama_review_queue.csv,tools/dataset/captures/serial_timed_fast_20260627T1205Z/labels_environment.csv
serial_timed_fast_20260627T1205Z_capture_1020,tools/dataset/captures/serial_timed_fast_20260627T1205Z/capture_1020.jpg,27,45,580,8,50,true,train,timed_daylight_usb ollama_ocr,approved,owner-bulk-approved,2026-06-29T06:46:10+00:00,qwen3-vl:4b,aqs-five-field-v2,tools/dataset/captures/serial_timed_fast_20260627T1205Z/labels_ollama_review_queue.csv,tools/dataset/captures/serial_timed_fast_20260627T1205Z/labels_environment.csv
serial_timed_fast_20260627T1205Z_capture_1023,tools/dataset/captures/serial_timed_fast_20260627T1205Z/capture_1023.jpg,27,45,585,9,53,true,train,timed_daylight_usb ollama_ocr,approved,owner-bulk-approved,2026-06-29T06:46:10+00:00,,,tools/dataset/captures/serial_timed_fast_20260627T1205Z/labels_ollama_review_queue.csv,tools/dataset/captures/serial_timed_fast_20260627T1205Z/labels_environment.csv
serial_timed_fast_20260627T1205Z_capture_1025,tools/dataset/captures/serial_timed_fast_20260627T1205Z/capture_1025.jpg,27,45,585,9,53,true,train,timed_daylight_usb ollama_ocr,approved,owner-bulk-approved,2026-06-29T06:46:10+00:00,qwen3-vl:4b,aqs-five-field-v2,tools/dataset/captures/serial_timed_fast_20260627T1205Z/labels_ollama_review_queue.csv,tools/dataset/captures/serial_timed_fast_20260627T1205Z/labels_environment.csv
serial_timed_fast_20260627T1205Z_capture_1028,tools/dataset/captures/serial_timed_fast_20260627T1205Z/capture_1028.jpg,27,45,585,9,53,true,train,timed_daylight_usb ollama_ocr,approved,owner-bulk-approved,2026-06-29T06:46:10+00:00,qwen3-vl:4b,aqs-five-field-v2,tools/dataset/captures/serial_timed_fast_20260627T1205Z/labels_ollama_review_queue.csv,tools/dataset/captures/serial_timed_fast_20260627T1205Z/labels_environment.csv
serial_timed_fast_20260627T1205Z_capture_1031,tools/dataset/captures/serial_timed_fast_20260627T1205Z/capture_1031.jpg,27,45,574,17,47,true,validation,timed_daylight_usb ollama_ocr,approved,owner-bulk-approved,2026-06-29T06:46:10+00:00,qwen3-vl:4b,aqs-five-field-v2,tools/dataset/captures/serial_timed_fast_20260627T1205Z/labels_ollama_review_queue.csv,tools/dataset/captures/serial_timed_fast_20260627T1205Z/labels_environment.csv
serial_timed_fast_20260627T1205Z_capture_1034,tools/dataset/captures/serial_timed_fast_20260627T1205Z/capture_1034.jpg,27,45,580,8,53,true,train,timed_daylight_usb ollama_ocr,approved,owner-bulk-approved,2026-06-29T06:46:10+00:00,qwen3-vl:4b,aqs-five-field-v2,tools/dataset/captures/serial_timed_fast_20260627T1205Z/labels_ollama_review_queue.csv,tools/dataset/captures/serial_timed_fast_20260627T1205Z/labels_environment.csv
serial_timed_fast_20260627T1205Z_capture_1037,tools/dataset/captures/serial_timed_fast_20260627T1205Z/capture_1037.jpg,27,45,591,13,53,true,train,timed_daylight_usb ollama_ocr,approved,owner-bulk-approved,2026-06-29T06:46:10+00:00,qwen3-vl:4b,aqs-five-field-v2,tools/dataset/captures/serial_timed_fast_20260627T1205Z/labels_ollama_review_queue.csv,tools/dataset/captures/serial_timed_fast_20260627T1205Z/labels_environment.csv
serial_timed_fast_20260627T1205Z_capture_1040,tools/dataset/captures/serial_timed_fast_20260627T1205Z/capture_1040.jpg,27,45,591,8,53,true,train,timed_daylight_usb ollama_ocr,approved,owner-bulk-approved,2026-06-29T06:46:10+00:00,qwen3-vl:4b,aqs-five-field-v2,tools/dataset/captures/serial_timed_fast_20260627T1205Z/labels_ollama_review_queue.csv,tools/dataset/captures/serial_timed_fast_20260627T1205Z/labels_environment.csv
serial_timed_fast_20260627T1205Z_capture_1043,tools/dataset/captures/serial_timed_fast_20260627T1205Z/capture_1043.jpg,27,45,580,8,50,true,train,timed_daylight_usb ollama_ocr,approved,owner-bulk-approved,2026-06-29T06:46:10+00:00,qwen3-vl:4b,aqs-five-field-v2,tools/dataset/captures/serial_timed_fast_20260627T1205Z/labels_ollama_review_queue.csv,tools/dataset/captures/serial_timed_fast_20260627T1205Z/labels_environment.csv
serial_timed_fast_20260627T1205Z_capture_1046,tools/dataset/captures/serial_timed_fast_20260627T1205Z/capture_1046.jpg,27,45,574,17,47,true,validation,timed_daylight_usb ollama_ocr,approved,owner-bulk-approved,2026-06-29T06:46:10+00:00,qwen3-vl:4b,aqs-five-field-v2,tools/dataset/captures/serial_timed_fast_20260627T1205Z/labels_ollama_review_queue.csv,tools/dataset/captures/serial_timed_fast_20260627T1205Z/labels_environment.csv
serial_timed_fast_20260627T1205Z_capture_1049,tools/dataset/captures/serial_timed_fast_20260627T1205Z/capture_1049.jpg,27,45,580,8,50,true,train,timed_daylight_usb ollama_ocr,approved,owner-bulk-approved,2026-06-29T06:46:10+00:00,qwen3-vl:4b,aqs-five-field-v2,tools/dataset/captures/serial_timed_fast_20260627T1205Z/labels_ollama_review_queue.csv,tools/dataset/captures/serial_timed_fast_20260627T1205Z/labels_environment.csv
serial_timed_fast_20260627T1205Z_capture_1052,tools/dataset/captures/serial_timed_fast_20260627T1205Z/capture_1052.jpg,27,45,574,17,47,true,train,timed_daylight_usb ollama_ocr,approved,owner-bulk-approved,2026-06-29T06:46:10+00:00,qwen3-vl:4b,aqs-five-field-v2,tools/dataset/captures/serial_timed_fast_20260627T1205Z/labels_ollama_review_queue.csv,tools/dataset/captures/serial_timed_fast_20260627T1205Z/labels_environment.csv
serial_timed_fast_20260627T1205Z_capture_1055,tools/dataset/captures/serial_timed_fast_20260627T1205Z/capture_1055.jpg,27,45,580,8,50,true,train,timed_daylight_usb ollama_ocr,approved,owner-bulk-approved,2026-06-29T06:46:10+00:00,qwen3-vl:4b,aqs-five-field-v2,tools/dataset/captures/serial_timed_fast_20260627T1205Z/labels_ollama_review_queue.csv,tools/dataset/captures/serial_timed_fast_20260627T1205Z/labels_environment.csv
serial_timed_fast_20260627T1205Z_capture_1058,tools/dataset/captures/serial_timed_fast_20260627T1205Z/capture_1058.jpg,27,45,580,8,50,true,train,timed_daylight_usb ollama_ocr,approved,owner-bulk-approved,2026-06-29T06:46:10+00:00,qwen3-vl:4b,aqs-five-field-v2,tools/dataset/captures/serial_timed_fast_20260627T1205Z/labels_ollama_review_queue.csv,tools/dataset/captures/serial_timed_fast_20260627T1205Z/labels_environment.csv
serial_timed_fast_20260627T1205Z_capture_1061,tools/dataset/captures/serial_timed_fast_20260627T1205Z/capture_1061.jpg,27,45,574,8,47,true,validation,timed_daylight_usb ollama_ocr,approved,owner-bulk-approved,2026-06-29T06:46:10+00:00,qwen3-vl:4b,aqs-five-field-v2,tools/dataset/captures/serial_timed_fast_20260627T1205Z/labels_ollama_review_queue.csv,tools/dataset/captures/serial_timed_fast_20260627T1205Z/labels_environment.csv
serial_timed_fast_20260627T1205Z_capture_1064,tools/dataset/captures/serial_timed_fast_20260627T1205Z/capture_1064.jpg,27,45,574,17,47,true,train,timed_daylight_usb ollama_ocr,approved,owner-bulk-approved,2026-06-29T06:46:10+00:00,qwen3-vl:4b,aqs-five-field-v2,tools/dataset/captures/serial_timed_fast_20260627T1205Z/labels_ollama_review_queue.csv,tools/dataset/captures/serial_timed_fast_20260627T1205Z/labels_environment.csv
serial_timed_fast_20260627T1205Z_capture_1067,tools/dataset/captures/serial_timed_fast_20260627T1205Z/capture_1067.jpg,27,45,574,17,47,true,train,timed_daylight_usb ollama_ocr,approved,owner-bulk-approved,2026-06-29T06:46:10+00:00,qwen3-vl:4b,aqs-five-field-v2,tools/dataset/captures/serial_timed_fast_20260627T1205Z/labels_ollama_review_queue.csv,tools/dataset/captures/serial_timed_fast_20260627T1205Z/labels_environment.csv
serial_timed_fast_20260627T1205Z_capture_1070,tools/dataset/captures/serial_timed_fast_20260627T1205Z/capture_1070.jpg,27,45,574,17,47,true,train,timed_daylight_usb ollama_ocr,approved,owner-bulk-approved,2026-06-29T06:46:10+00:00,qwen3-vl:4b,aqs-five-field-v2,tools/dataset/captures/serial_timed_fast_20260627T1205Z/labels_ollama_review_queue.csv,tools/dataset/captures/serial_timed_fast_20260627T1205Z/labels_environment.csv
serial_timed_fast_20260627T1205Z_capture_1073,tools/dataset/captures/serial_timed_fast_20260627T1205Z/capture_1073.jpg,27,45,574,17,47,true,train,timed_daylight_usb ollama_ocr,approved,owner-bulk-approved,2026-06-29T06:46:10+00:00,qwen3-vl:4b,aqs-five-field-v2,tools/dataset/captures/serial_timed_fast_20260627T1205Z/labels_ollama_review_queue.csv,tools/dataset/captures/serial_timed_fast_20260627T1205Z/labels_environment.csv
serial_timed_fast_20260627T1205Z_capture_1076,tools/dataset/captures/serial_timed_fast_20260627T1205Z/capture_1076.jpg,27,45,574,17,47,true,validation,timed_daylight_usb ollama_ocr,approved,owner-bulk-approved,2026-06-29T06:46:10+00:00,qwen3-vl:4b,aqs-five-field-v2,tools/dataset/captures/serial_timed_fast_20260627T1205Z/labels_ollama_review_queue.csv,tools/dataset/captures/serial_timed_fast_20260627T1205Z/labels_environment.csv
serial_timed_fast_20260627T1205Z_capture_1079,tools/dataset/captures/serial_timed_fast_20260627T1205Z/capture_1079.jpg,27,45,574,8,50,true,train,timed_daylight_usb ollama_ocr,approved,owner-bulk-approved,2026-06-29T06:46:10+00:00,qwen3-vl:4b,aqs-five-field-v2,tools/dataset/captures/serial_timed_fast_20260627T1205Z/labels_ollama_review_queue.csv,tools/dataset/captures/serial_timed_fast_20260627T1205Z/labels_environment.csv
serial_timed_fast_20260627T1205Z_capture_1082,tools/dataset/captures/serial_timed_fast_20260627T1205Z/capture_1082.jpg,27,45,580,8,50,true,train,timed_daylight_usb ollama_ocr,approved,owner-bulk-approved,2026-06-29T06:46:10+00:00,qwen3-vl:4b,aqs-five-field-v2,tools/dataset/captures/serial_timed_fast_20260627T1205Z/labels_ollama_review_queue.csv,tools/dataset/captures/serial_timed_fast_20260627T1205Z/labels_environment.csv
serial_timed_fast_20260627T1205Z_capture_1085,tools/dataset/captures/serial_timed_fast_20260627T1205Z/capture_1085.jpg,27,45,574,17,47,true,train,timed_daylight_usb ollama_ocr,approved,owner-bulk-approved,2026-06-29T06:46:10+00:00,qwen3-vl:4b,aqs-five-field-v2,tools/dataset/captures/serial_timed_fast_20260627T1205Z/labels_ollama_review_queue.csv,tools/dataset/captures/serial_timed_fast_20260627T1205Z/labels_environment.csv
serial_timed_fast_20260627T1205Z_capture_1088,tools/dataset/captures/serial_timed_fast_20260627T1205Z/capture_1088.jpg,27,45,580,8,50,true,train,timed_daylight_usb ollama_ocr,approved,owner-bulk-approved,2026-06-29T06:46:10+00:00,qwen3-vl:4b,aqs-five-field-v2,tools/dataset/captures/serial_timed_fast_20260627T1205Z/labels_ollama_review_queue.csv,tools/dataset/captures/serial_timed_fast_20260627T1205Z/labels_environment.csv
serial_timed_fast_20260627T1205Z_capture_1091,tools/dataset/captures/serial_timed_fast_20260627T1205Z/capture_1091.jpg,27,45,585,9,53,true,validation,timed_daylight_usb ollama_ocr,approved,owner-bulk-approved,2026-06-29T06:46:10+00:00,qwen3-vl:4b,aqs-five-field-v2,tools/dataset/captures/serial_timed_fast_20260627T1205Z/labels_ollama_review_queue.csv,tools/dataset/captures/serial_timed_fast_20260627T1205Z/labels_environment.csv
serial_timed_fast_20260627T1205Z_capture_1094,tools/dataset/captures/serial_timed_fast_20260627T1205Z/capture_1094.jpg,27,45,585,9,50,true,train,timed_daylight_usb ollama_ocr,approved,owner-bulk-approved,2026-06-29T06:46:10+00:00,qwen3-vl:4b,aqs-five-field-v2,tools/dataset/captures/serial_timed_fast_20260627T1205Z/labels_ollama_review_queue.csv,tools/dataset/captures/serial_timed_fast_20260627T1205Z/labels_environment.csv
serial_timed_fast_20260627T1205Z_capture_1097,tools/dataset/captures/serial_timed_fast_20260627T1205Z/capture_1097.jpg,27,45,580,8,50,true,train,timed_daylight_usb ollama_ocr,approved,owner-bulk-approved,2026-06-29T06:46:10+00:00,qwen3-vl:4b,aqs-five-field-v2,tools/dataset/captures/serial_timed_fast_20260627T1205Z/labels_ollama_review_queue.csv,tools/dataset/captures/serial_timed_fast_20260627T1205Z/labels_environment.csv
serial_timed_fast_20260627T1205Z_capture_1100,tools/dataset/captures/serial_timed_fast_20260627T1205Z/capture_1100.jpg,27,45,580,8,50,true,train,timed_daylight_usb ollama_ocr,approved,owner-bulk-approved,2026-06-29T06:46:10+00:00,qwen3-vl:4b,aqs-five-field-v2,tools/dataset/captures/serial_timed_fast_20260627T1205Z/labels_ollama_review_queue.csv,tools/dataset/captures/serial_timed_fast_20260627T1205Z/labels_environment.csv
serial_timed_fast_20260627T1205Z_capture_1103,tools/dataset/captures/serial_timed_fast_20260627T1205Z/capture_1103.jpg,27,45,580,17,47,true,train,timed_daylight_usb ollama_ocr,approved,owner-bulk-approved,2026-06-29T06:46:10+00:00,qwen3-vl:4b,aqs-five-field-v2,tools/dataset/captures/serial_timed_fast_20260627T1205Z/labels_ollama_review_queue.csv,tools/dataset/captures/serial_timed_fast_20260627T1205Z/labels_environment.csv
serial_timed_fast_20260627T1205Z_capture_1108,tools/dataset/captures/serial_timed_fast_20260627T1205Z/capture_1108.jpg,27,45,574,17,47,true,validation,timed_daylight_usb ollama_ocr,approved,owner-bulk-approved,2026-06-29T06:46:10+00:00,qwen3-vl:4b,aqs-five-field-v2,tools/dataset/captures/serial_timed_fast_20260627T1205Z/labels_ollama_review_queue.csv,tools/dataset/captures/serial_timed_fast_20260627T1205Z/labels_environment.csv
serial_timed_fast_20260627T1205Z_capture_1111,tools/dataset/captures/serial_timed_fast_20260627T1205Z/capture_1111.jpg,27,45,574,17,47,true,train,timed_daylight_usb ollama_ocr,approved,owner-bulk-approved,2026-06-29T06:46:10+00:00,qwen3-vl:4b,aqs-five-field-v2,tools/dataset/captures/serial_timed_fast_20260627T1205Z/labels_ollama_review_queue.csv,tools/dataset/captures/serial_timed_fast_20260627T1205Z/labels_environment.csv
serial_timed_fast_20260627T1205Z_capture_1114,tools/dataset/captures/serial_timed_fast_20260627T1205Z/capture_1114.jpg,27,45,574,17,47,true,train,timed_daylight_usb ollama_ocr,approved,owner-bulk-approved,2026-06-29T06:46:10+00:00,qwen3-vl:4b,aqs-five-field-v2,tools/dataset/captures/serial_timed_fast_20260627T1205Z/labels_ollama_review_queue.csv,tools/dataset/captures/serial_timed_fast_20260627T1205Z/labels_environment.csv
serial_timed_fast_20260627T1205Z_capture_1117,tools/dataset/captures/serial_timed_fast_20260627T1205Z/capture_1117.jpg,27,45,574,17,47,true,train,timed_daylight_usb ollama_ocr,approved,owner-bulk-approved,2026-06-29T06:46:10+00:00,qwen3-vl:4b,aqs-five-field-v2,tools/dataset/captures/serial_timed_fast_20260627T1205Z/labels_ollama_review_queue.csv,tools/dataset/captures/serial_timed_fast_20260627T1205Z/labels_environment.csv
serial_timed_fast_20260627T1205Z_capture_1120,tools/dataset/captures/serial_timed_fast_20260627T1205Z/capture_1120.jpg,27,45,574,17,47,true,train,timed_daylight_usb ollama_ocr,approved,owner-bulk-approved,2026-06-29T06:46:10+00:00,qwen3-vl:4b,aqs-five-field-v2,tools/dataset/captures/serial_timed_fast_20260627T1205Z/labels_ollama_review_queue.csv,tools/dataset/captures/serial_timed_fast_20260627T1205Z/labels_environment.csv
serial_timed_fast_20260627T1205Z_capture_1123,tools/dataset/captures/serial_timed_fast_20260627T1205Z/capture_1123.jpg,27,45,574,17,47,true,validation,timed_daylight_usb ollama_ocr,approved,owner-bulk-approved,2026-06-29T06:46:10+00:00,qwen3-vl:4b,aqs-five-field-v2,tools/dataset/captures/serial_timed_fast_20260627T1205Z/labels_ollama_review_queue.csv,tools/dataset/captures/serial_timed_fast_20260627T1205Z/labels_environment.csv
serial_timed_fast_20260627T1205Z_capture_1126,tools/dataset/captures/serial_timed_fast_20260627T1205Z/capture_1126.jpg,27,45,574,17,47,true,train,timed_daylight_usb ollama_ocr,approved,owner-bulk-approved,2026-06-29T06:46:10+00:00,qwen3-vl:4b,aqs-five-field-v2,tools/dataset/captures/serial_timed_fast_20260627T1205Z/labels_ollama_review_queue.csv,tools/dataset/captures/serial_timed_fast_20260627T1205Z/labels_environment.csv
serial_timed_fast_20260627T1205Z_capture_1129,tools/dataset/captures/serial_timed_fast_20260627T1205Z/capture_1129.jpg,27,45,574,17,47,true,train,timed_daylight_usb ollama_ocr,approved,owner-bulk-approved,2026-06-29T06:46:10+00:00,qwen3-vl:4b,aqs-five-field-v2,tools/dataset/captures/serial_timed_fast_20260627T1205Z/labels_ollama_review_queue.csv,tools/dataset/captures/serial_timed_fast_20260627T1205Z/labels_environment.csv
serial_timed_fast_20260627T1205Z_capture_1132,tools/dataset/captures/serial_timed_fast_20260627T1205Z/capture_1132.jpg,27,45,574,17,47,true,train,timed_daylight_usb ollama_ocr,approved,owner-bulk-approved,2026-06-29T06:46:10+00:00,qwen3-vl:4b,aqs-five-field-v2,tools/dataset/captures/serial_timed_fast_20260627T1205Z/labels_ollama_review_queue.csv,tools/dataset/captures/serial_timed_fast_20260627T1205Z/labels_environment.csv
serial_timed_fast_20260627T1205Z_capture_1135,tools/dataset/captures/serial_timed_fast_20260627T1205Z/capture_1135.jpg,27,45,574,17,47,true,train,timed_daylight_usb ollama_ocr,approved,owner-bulk-approved,2026-06-29T06:46:10+00:00,qwen3-vl:4b,aqs-five-field-v2,tools/dataset/captures/serial_timed_fast_20260627T1205Z/labels_ollama_review_queue.csv,tools/dataset/captures/serial_timed_fast_20260627T1205Z/labels_environment.csv
serial_timed_fast_20260627T1205Z_capture_1138,tools/dataset/captures/serial_timed_fast_20260627T1205Z/capture_1138.jpg,27,45,574,17,47,true,validation,timed_daylight_usb ollama_ocr,approved,owner-bulk-approved,2026-06-29T06:46:10+00:00,qwen3-vl:4b,aqs-five-field-v2,tools/dataset/captures/serial_timed_fast_20260627T1205Z/labels_ollama_review_queue.csv,tools/dataset/captures/serial_timed_fast_20260627T1205Z/labels_environment.csv
serial_timed_fast_20260627T1205Z_capture_1141,tools/dataset/captures/serial_timed_fast_20260627T1205Z/capture_1141.jpg,27,45,574,17,47,true,train,timed_daylight_usb ollama_ocr,approved,owner-bulk-approved,2026-06-29T06:46:10+00:00,qwen3-vl:4b,aqs-five-field-v2,tools/dataset/captures/serial_timed_fast_20260627T1205Z/labels_ollama_review_queue.csv,tools/dataset/captures/serial_timed_fast_20260627T1205Z/labels_environment.csv
serial_timed_fast_20260627T1205Z_capture_1144,tools/dataset/captures/serial_timed_fast_20260627T1205Z/capture_1144.jpg,27,45,574,17,47,true,train,timed_daylight_usb ollama_ocr,approved,owner-bulk-approved,2026-06-29T06:46:10+00:00,qwen3-vl:4b,aqs-five-field-v2,tools/dataset/captures/serial_timed_fast_20260627T1205Z/labels_ollama_review_queue.csv,tools/dataset/captures/serial_timed_fast_20260627T1205Z/labels_environment.csv
serial_timed_fast_20260627T1205Z_capture_1147,tools/dataset/captures/serial_timed_fast_20260627T1205Z/capture_1147.jpg,27,45,574,17,47,true,train,timed_daylight_usb ollama_ocr,approved,owner-bulk-approved,2026-06-29T06:46:10+00:00,qwen3-vl:4b,aqs-five-field-v2,tools/dataset/captures/serial_timed_fast_20260627T1205Z/labels_ollama_review_queue.csv,tools/dataset/captures/serial_timed_fast_20260627T1205Z/labels_environment.csv
serial_timed_fast_20260627T1205Z_capture_1150,tools/dataset/captures/serial_timed_fast_20260627T1205Z/capture_1150.jpg,27,45,574,17,47,true,train,timed_daylight_usb ollama_ocr,approved,owner-bulk-approved,2026-06-29T06:46:10+00:00,qwen3-vl:4b,aqs-five-field-v2,tools/dataset/captures/serial_timed_fast_20260627T1205Z/labels_ollama_review_queue.csv,tools/dataset/captures/serial_timed_fast_20260627T1205Z/labels_environment.csv
serial_timed_fast_20260627T1205Z_capture_1153,tools/dataset/captures/serial_timed_fast_20260627T1205Z/capture_1153.jpg,27,45,574,17,47,true,validation,timed_daylight_usb ollama_ocr,approved,owner-bulk-approved,2026-06-29T06:46:10+00:00,qwen3-vl:4b,aqs-five-field-v2,tools/dataset/captures/serial_timed_fast_20260627T1205Z/labels_ollama_review_queue.csv,tools/dataset/captures/serial_timed_fast_20260627T1205Z/labels_environment.csv
serial_timed_fast_20260627T1205Z_capture_1156,tools/dataset/captures/serial_timed_fast_20260627T1205Z/capture_1156.jpg,27,45,574,17,47,true,train,timed_daylight_usb ollama_ocr,approved,owner-bulk-approved,2026-06-29T06:46:10+00:00,qwen3-vl:4b,aqs-five-field-v2,tools/dataset/captures/serial_timed_fast_20260627T1205Z/labels_ollama_review_queue.csv,tools/dataset/captures/serial_timed_fast_20260627T1205Z/labels_environment.csv
serial_timed_fast_20260627T1205Z_capture_1159,tools/dataset/captures/serial_timed_fast_20260627T1205Z/capture_1159.jpg,27,45,574,17,47,true,train,timed_daylight_usb ollama_ocr,approved,owner-bulk-approved,2026-06-29T06:46:10+00:00,qwen3-vl:4b,aqs-five-field-v2,tools/dataset/captures/serial_timed_fast_20260627T1205Z/labels_ollama_review_queue.csv,tools/dataset/captures/serial_timed_fast_20260627T1205Z/labels_environment.csv
serial_timed_fast_20260627T1205Z_capture_1162,tools/dataset/captures/serial_timed_fast_20260627T1205Z/capture_1162.jpg,27,45,574,17,47,true,train,timed_daylight_usb ollama_ocr,approved,owner-bulk-approved,2026-06-29T06:46:10+00:00,qwen3-vl:4b,aqs-five-field-v2,tools/dataset/captures/serial_timed_fast_20260627T1205Z/labels_ollama_review_queue.csv,tools/dataset/captures/serial_timed_fast_20260627T1205Z/labels_environment.csv
serial_timed_fast_20260627T1205Z_capture_1165,tools/dataset/captures/serial_timed_fast_20260627T1205Z/capture_1165.jpg,27,45,574,17,47,true,train,timed_daylight_usb ollama_ocr,approved,owner-bulk-approved,2026-06-29T06:46:10+00:00,qwen3-vl:4b,aqs-five-field-v2,tools/dataset/captures/serial_timed_fast_20260627T1205Z/labels_ollama_review_queue.csv,tools/dataset/captures/serial_timed_fast_20260627T1205Z/labels_environment.csv
serial_timed_fast_20260627T1205Z_capture_1168,tools/dataset/captures/serial_timed_fast_20260627T1205Z/capture_1168.jpg,27,45,574,17,47,true,validation,timed_daylight_usb ollama_ocr,approved,owner-bulk-approved,2026-06-29T06:46:10+00:00,qwen3-vl:4b,aqs-five-field-v2,tools/dataset/captures/serial_timed_fast_20260627T1205Z/labels_ollama_review_queue.csv,tools/dataset/captures/serial_timed_fast_20260627T1205Z/labels_environment.csv
serial_timed_fast_20260627T1205Z_capture_1171,tools/dataset/captures/serial_timed_fast_20260627T1205Z/capture_1171.jpg,27,45,574,17,47,true,train,timed_daylight_usb ollama_ocr,approved,owner-bulk-approved,2026-06-29T06:46:10+00:00,qwen3-vl:4b,aqs-five-field-v2,tools/dataset/captures/serial_timed_fast_20260627T1205Z/labels_ollama_review_queue.csv,tools/dataset/captures/serial_timed_fast_20260627T1205Z/labels_environment.csv
serial_timed_fast_20260627T1205Z_capture_1174,tools/dataset/captures/serial_timed_fast_20260627T1205Z/capture_1174.jpg,27,45,574,17,47,true,train,timed_daylight_usb ollama_ocr,approved,owner-bulk-approved,2026-06-29T06:46:10+00:00,qwen3-vl:4b,aqs-five-field-v2,tools/dataset/captures/serial_timed_fast_20260627T1205Z/labels_ollama_review_queue.csv,tools/dataset/captures/serial_timed_fast_20260627T1205Z/labels_environment.csv
serial_timed_fast_20260627T1205Z_capture_1177,tools/dataset/captures/serial_timed_fast_20260627T1205Z/capture_1177.jpg,27,45,574,17,47,true,train,timed_daylight_usb ollama_ocr,approved,owner-bulk-approved,2026-06-29T06:46:10+00:00,qwen3-vl:4b,aqs-five-field-v2,tools/dataset/captures/serial_timed_fast_20260627T1205Z/labels_ollama_review_queue.csv,tools/dataset/captures/serial_timed_fast_20260627T1205Z/labels_environment.csv
serial_timed_fast_20260627T1205Z_capture_1180,tools/dataset/captures/serial_timed_fast_20260627T1205Z/capture_1180.jpg,27,45,574,17,47,true,train,timed_daylight_usb ollama_ocr,approved,owner-bulk-approved,2026-06-29T06:46:10+00:00,qwen3-vl:4b,aqs-five-field-v2,tools/dataset/captures/serial_timed_fast_20260627T1205Z/labels_ollama_review_queue.csv,tools/dataset/captures/serial_timed_fast_20260627T1205Z/labels_environment.csv
serial_timed_fast_20260627T1205Z_capture_1183,tools/dataset/captures/serial_timed_fast_20260627T1205Z/capture_1183.jpg,27,45,574,17,47,true,validation,timed_daylight_usb ollama_ocr,approved,owner-bulk-approved,2026-06-29T06:46:10+00:00,qwen3-vl:4b,aqs-five-field-v2,tools/dataset/captures/serial_timed_fast_20260627T1205Z/labels_ollama_review_queue.csv,tools/dataset/captures/serial_timed_fast_20260627T1205Z/labels_environment.csv
serial_timed_fast_20260627T1205Z_capture_1186,tools/dataset/captures/serial_timed_fast_20260627T1205Z/capture_1186.jpg,27,45,574,17,47,true,train,timed_daylight_usb ollama_ocr,approved,owner-bulk-approved,2026-06-29T06:46:10+00:00,qwen3-vl:4b,aqs-five-field-v2,tools/dataset/captures/serial_timed_fast_20260627T1205Z/labels_ollama_review_queue.csv,tools/dataset/captures/serial_timed_fast_20260627T1205Z/labels_environment.csv
serial_timed_fast_20260627T1205Z_capture_1189,tools/dataset/captures/serial_timed_fast_20260627T1205Z/capture_1189.jpg,27,45,574,17,47,true,train,timed_daylight_usb ollama_ocr,approved,owner-bulk-approved,2026-06-29T06:46:10+00:00,qwen3-vl:4b,aqs-five-field-v2,tools/dataset/captures/serial_timed_fast_20260627T1205Z/labels_ollama_review_queue.csv,tools/dataset/captures/serial_timed_fast_20260627T1205Z/labels_environment.csv
serial_timed_fast_20260627T1205Z_capture_1192,tools/dataset/captures/serial_timed_fast_20260627T1205Z/capture_1192.jpg,27,45,574,17,47,true,train,timed_daylight_usb ollama_ocr,approved,owner-bulk-approved,2026-06-29T06:46:10+00:00,qwen3-vl:4b,aqs-five-field-v2,tools/dataset/captures/serial_timed_fast_20260627T1205Z/labels_ollama_review_queue.csv,tools/dataset/captures/serial_timed_fast_20260627T1205Z/labels_environment.csv
serial_timed_fast_20260627T1205Z_capture_1197,tools/dataset/captures/serial_timed_fast_20260627T1205Z/capture_1197.jpg,27,45,574,17,47,true,train,timed_daylight_usb ollama_ocr,approved,owner-bulk-approved,2026-06-29T06:46:10+00:00,qwen3-vl:4b,aqs-five-field-v2,tools/dataset/captures/serial_timed_fast_20260627T1205Z/labels_ollama_review_queue.csv,tools/dataset/captures/serial_timed_fast_20260627T1205Z/labels_environment.csv
serial_timed_fast_20260627T1205Z_capture_1200,tools/dataset/captures/serial_timed_fast_20260627T1205Z/capture_1200.jpg,27,45,574,17,47,true,validation,timed_daylight_usb ollama_ocr,approved,owner-bulk-approved,2026-06-29T06:46:10+00:00,qwen3-vl:4b,aqs-five-field-v2,tools/dataset/captures/serial_timed_fast_20260627T1205Z/labels_ollama_review_queue.csv,tools/dataset/captures/serial_timed_fast_20260627T1205Z/labels_environment.csv
serial_timed_fast_20260627T1205Z_capture_1203,tools/dataset/captures/serial_timed_fast_20260627T1205Z/capture_1203.jpg,27,45,574,17,47,true,train,timed_daylight_usb ollama_ocr,approved,owner-bulk-approved,2026-06-29T06:46:10+00:00,qwen3-vl:4b,aqs-five-field-v2,tools/dataset/captures/serial_timed_fast_20260627T1205Z/labels_ollama_review_queue.csv,tools/dataset/captures/serial_timed_fast_20260627T1205Z/labels_environment.csv
serial_timed_fast_20260627T1205Z_capture_1206,tools/dataset/captures/serial_timed_fast_20260627T1205Z/capture_1206.jpg,27,45,574,17,47,true,train,timed_daylight_usb ollama_ocr,approved,owner-bulk-approved,2026-06-29T06:46:10+00:00,qwen3-vl:4b,aqs-five-field-v2,tools/dataset/captures/serial_timed_fast_20260627T1205Z/labels_ollama_review_queue.csv,tools/dataset/captures/serial_timed_fast_20260627T1205Z/labels_environment.csv
serial_timed_fast_20260627T1205Z_capture_1209,tools/dataset/captures/serial_timed_fast_20260627T1205Z/capture_1209.jpg,27,45,574,17,47,true,train,timed_daylight_usb ollama_ocr,approved,owner-bulk-approved,2026-06-29T06:46:10+00:00,qwen3-vl:4b,aqs-five-field-v2,tools/dataset/captures/serial_timed_fast_20260627T1205Z/labels_ollama_review_queue.csv,tools/dataset/captures/serial_timed_fast_20260627T1205Z/labels_environment.csv
serial_timed_fast_20260627T1205Z_capture_1212,tools/dataset/captures/serial_timed_fast_20260627T1205Z/capture_1212.jpg,27,45,574,17,47,true,train,timed_daylight_usb ollama_ocr,approved,owner-bulk-approved,2026-06-29T06:46:10+00:00,qwen3-vl:4b,aqs-five-field-v2,tools/dataset/captures/serial_timed_fast_20260627T1205Z/labels_ollama_review_queue.csv,tools/dataset/captures/serial_timed_fast_20260627T1205Z/labels_environment.csv
serial_timed_fast_20260627T1205Z_capture_1215,tools/dataset/captures/serial_timed_fast_20260627T1205Z/capture_1215.jpg,27,45,574,17,47,true,validation,timed_daylight_usb ollama_ocr,approved,owner-bulk-approved,2026-06-29T06:46:10+00:00,qwen3-vl:4b,aqs-five-field-v2,tools/dataset/captures/serial_timed_fast_20260627T1205Z/labels_ollama_review_queue.csv,tools/dataset/captures/serial_timed_fast_20260627T1205Z/labels_environment.csv
serial_timed_fast_20260627T1205Z_capture_1218,tools/dataset/captures/serial_timed_fast_20260627T1205Z/capture_1218.jpg,27,45,574,17,47,true,train,timed_daylight_usb ollama_ocr,approved,owner-bulk-approved,2026-06-29T06:46:10+00:00,qwen3-vl:4b,aqs-five-field-v2,tools/dataset/captures/serial_timed_fast_20260627T1205Z/labels_ollama_review_queue.csv,tools/dataset/captures/serial_timed_fast_20260627T1205Z/labels_environment.csv
serial_timed_fast_20260627T1205Z_capture_1221,tools/dataset/captures/serial_timed_fast_20260627T1205Z/capture_1221.jpg,27,45,574,17,47,true,train,timed_daylight_usb ollama_ocr,approved,owner-bulk-approved,2026-06-29T06:46:10+00:00,qwen3-vl:4b,aqs-five-field-v2,tools/dataset/captures/serial_timed_fast_20260627T1205Z/labels_ollama_review_queue.csv,tools/dataset/captures/serial_timed_fast_20260627T1205Z/labels_environment.csv
serial_timed_fast_20260627T1205Z_capture_1224,tools/dataset/captures/serial_timed_fast_20260627T1205Z/capture_1224.jpg,27,45,574,17,47,true,train,timed_daylight_usb ollama_ocr,approved,owner-bulk-approved,2026-06-29T06:46:10+00:00,qwen3-vl:4b,aqs-five-field-v2,tools/dataset/captures/serial_timed_fast_20260627T1205Z/labels_ollama_review_queue.csv,tools/dataset/captures/serial_timed_fast_20260627T1205Z/labels_environment.csv
serial_timed_fast_20260627T1205Z_capture_1227,tools/dataset/captures/serial_timed_fast_20260627T1205Z/capture_1227.jpg,27,45,574,17,47,true,train,timed_daylight_usb ollama_ocr,approved,owner-bulk-approved,2026-06-29T06:46:10+00:00,qwen3-vl:4b,aqs-five-field-v2,tools/dataset/captures/serial_timed_fast_20260627T1205Z/labels_ollama_review_queue.csv,tools/dataset/captures/serial_timed_fast_20260627T1205Z/labels_environment.csv
serial_timed_fast_20260627T1205Z_capture_1230,tools/dataset/captures/serial_timed_fast_20260627T1205Z/capture_1230.jpg,27,45,574,17,47,true,validation,timed_daylight_usb ollama_ocr,approved,owner-bulk-approved,2026-06-29T06:46:10+00:00,qwen3-vl:4b,aqs-five-field-v2,tools/dataset/captures/serial_timed_fast_20260627T1205Z/labels_ollama_review_queue.csv,tools/dataset/captures/serial_timed_fast_20260627T1205Z/labels_environment.csv
serial_timed_fast_20260627T1205Z_capture_1233,tools/dataset/captures/serial_timed_fast_20260627T1205Z/capture_1233.jpg,27,45,574,17,47,true,train,timed_daylight_usb ollama_ocr,approved,owner-bulk-approved,2026-06-29T06:46:10+00:00,qwen3-vl:4b,aqs-five-field-v2,tools/dataset/captures/serial_timed_fast_20260627T1205Z/labels_ollama_review_queue.csv,tools/dataset/captures/serial_timed_fast_20260627T1205Z/labels_environment.csv
serial_timed_fast_20260627T1205Z_capture_1236,tools/dataset/captures/serial_timed_fast_20260627T1205Z/capture_1236.jpg,27,45,574,17,47,true,train,timed_daylight_usb ollama_ocr,approved,owner-bulk-approved,2026-06-29T06:46:10+00:00,qwen3-vl:4b,aqs-five-field-v2,tools/dataset/captures/serial_timed_fast_20260627T1205Z/labels_ollama_review_queue.csv,tools/dataset/captures/serial_timed_fast_20260627T1205Z/labels_environment.csv
serial_timed_fast_20260627T1205Z_capture_1239,tools/dataset/captures/serial_timed_fast_20260627T1205Z/capture_1239.jpg,27,45,574,17,47,true,train,timed_daylight_usb ollama_ocr,approved,owner-bulk-approved,2026-06-29T06:46:10+00:00,qwen3-vl:4b,aqs-five-field-v2,tools/dataset/captures/serial_timed_fast_20260627T1205Z/labels_ollama_review_queue.csv,tools/dataset/captures/serial_timed_fast_20260627T1205Z/labels_environment.csv
serial_timed_fast_20260627T1205Z_capture_1242,tools/dataset/captures/serial_timed_fast_20260627T1205Z/capture_1242.jpg,27,45,574,17,47,true,train,timed_daylight_usb ollama_ocr,approved,owner-bulk-approved,2026-06-29T06:46:10+00:00,qwen3-vl:4b,aqs-five-field-v2,tools/dataset/captures/serial_timed_fast_20260627T1205Z/labels_ollama_review_queue.csv,tools/dataset/captures/serial_timed_fast_20260627T1205Z/labels_environment.csv
serial_timed_fast_20260627T1205Z_capture_1245,tools/dataset/captures/serial_timed_fast_20260627T1205Z/capture_1245.jpg,27,45,574,17,47,true,validation,timed_daylight_usb ollama_ocr,approved,owner-bulk-approved,2026-06-29T06:46:10+00:00,qwen3-vl:4b,aqs-five-field-v2,tools/dataset/captures/serial_timed_fast_20260627T1205Z/labels_ollama_review_queue.csv,tools/dataset/captures/serial_timed_fast_20260627T1205Z/labels_environment.csv
serial_timed_fast_20260627T1205Z_capture_1248,tools/dataset/captures/serial_timed_fast_20260627T1205Z/capture_1248.jpg,27,45,574,17,47,true,train,timed_daylight_usb ollama_ocr,approved,owner-bulk-approved,2026-06-29T06:46:10+00:00,qwen3-vl:4b,aqs-five-field-v2,tools/dataset/captures/serial_timed_fast_20260627T1205Z/labels_ollama_review_queue.csv,tools/dataset/captures/serial_timed_fast_20260627T1205Z/labels_environment.csv
serial_timed_fast_20260627T1205Z_capture_1251,tools/dataset/captures/serial_timed_fast_20260627T1205Z/capture_1251.jpg,27,45,574,17,47,true,train,timed_daylight_usb ollama_ocr,approved,owner-bulk-approved,2026-06-29T06:46:10+00:00,qwen3-vl:4b,aqs-five-field-v2,tools/dataset/captures/serial_timed_fast_20260627T1205Z/labels_ollama_review_queue.csv,tools/dataset/captures/serial_timed_fast_20260627T1205Z/labels_environment.csv
serial_timed_fast_20260627T1205Z_capture_1254,tools/dataset/captures/serial_timed_fast_20260627T1205Z/capture_1254.jpg,27,45,574,17,47,true,train,timed_daylight_usb ollama_ocr,approved,owner-bulk-approved,2026-06-29T06:46:10+00:00,qwen3-vl:4b,aqs-five-field-v2,tools/dataset/captures/serial_timed_fast_20260627T1205Z/labels_ollama_review_queue.csv,tools/dataset/captures/serial_timed_fast_20260627T1205Z/labels_environment.csv
serial_timed_fast_20260627T1205Z_capture_1257,tools/dataset/captures/serial_timed_fast_20260627T1205Z/capture_1257.jpg,27,45,574,17,47,true,train,timed_daylight_usb ollama_ocr,approved,owner-bulk-approved,2026-06-29T06:46:10+00:00,qwen3-vl:4b,aqs-five-field-v2,tools/dataset/captures/serial_timed_fast_20260627T1205Z/labels_ollama_review_queue.csv,tools/dataset/captures/serial_timed_fast_20260627T1205Z/labels_environment.csv
serial_timed_fast_20260627T1205Z_capture_1260,tools/dataset/captures/serial_timed_fast_20260627T1205Z/capture_1260.jpg,27,45,574,17,47,true,validation,timed_daylight_usb ollama_ocr,approved,owner-bulk-approved,2026-06-29T06:46:10+00:00,qwen3-vl:4b,aqs-five-field-v2,tools/dataset/captures/serial_timed_fast_20260627T1205Z/labels_ollama_review_queue.csv,tools/dataset/captures/serial_timed_fast_20260627T1205Z/labels_environment.csv
serial_timed_fast_20260627T1205Z_capture_1263,tools/dataset/captures/serial_timed_fast_20260627T1205Z/capture_1263.jpg,27,45,574,17,47,true,train,timed_daylight_usb ollama_ocr,approved,owner-bulk-approved,2026-06-29T06:46:10+00:00,qwen3-vl:4b,aqs-five-field-v2,tools/dataset/captures/serial_timed_fast_20260627T1205Z/labels_ollama_review_queue.csv,tools/dataset/captures/serial_timed_fast_20260627T1205Z/labels_environment.csv
serial_timed_fast_20260627T1205Z_capture_1266,tools/dataset/captures/serial_timed_fast_20260627T1205Z/capture_1266.jpg,27,45,574,17,47,true,train,timed_daylight_usb ollama_ocr,approved,owner-bulk-approved,2026-06-29T06:46:10+00:00,qwen3-vl:4b,aqs-five-field-v2,tools/dataset/captures/serial_timed_fast_20260627T1205Z/labels_ollama_review_queue.csv,tools/dataset/captures/serial_timed_fast_20260627T1205Z/labels_environment.csv
serial_timed_fast_20260627T1205Z_capture_1269,tools/dataset/captures/serial_timed_fast_20260627T1205Z/capture_1269.jpg,27,45,574,17,47,true,train,timed_daylight_usb ollama_ocr,approved,owner-bulk-approved,2026-06-29T06:46:10+00:00,qwen3-vl:4b,aqs-five-field-v2,tools/dataset/captures/serial_timed_fast_20260627T1205Z/labels_ollama_review_queue.csv,tools/dataset/captures/serial_timed_fast_20260627T1205Z/labels_environment.csv
serial_timed_fast_20260627T1205Z_capture_1272,tools/dataset/captures/serial_timed_fast_20260627T1205Z/capture_1272.jpg,27,45,574,17,47,true,train,timed_daylight_usb ollama_ocr,approved,owner-bulk-approved,2026-06-29T06:46:10+00:00,qwen3-vl:4b,aqs-five-field-v2,tools/dataset/captures/serial_timed_fast_20260627T1205Z/labels_ollama_review_queue.csv,tools/dataset/captures/serial_timed_fast_20260627T1205Z/labels_environment.csv
serial_timed_fast_20260627T1205Z_capture_1275,tools/dataset/captures/serial_timed_fast_20260627T1205Z/capture_1275.jpg,27,45,574,17,47,true,validation,timed_daylight_usb ollama_ocr,approved,owner-bulk-approved,2026-06-29T06:46:10+00:00,qwen3-vl:4b,aqs-five-field-v2,tools/dataset/captures/serial_timed_fast_20260627T1205Z/labels_ollama_review_queue.csv,tools/dataset/captures/serial_timed_fast_20260627T1205Z/labels_environment.csv
serial_timed_fast_20260627T1205Z_capture_1278,tools/dataset/captures/serial_timed_fast_20260627T1205Z/capture_1278.jpg,27,45,574,17,47,true,train,timed_daylight_usb ollama_ocr,approved,owner-bulk-approved,2026-06-29T06:46:10+00:00,qwen3-vl:4b,aqs-five-field-v2,tools/dataset/captures/serial_timed_fast_20260627T1205Z/labels_ollama_review_queue.csv,tools/dataset/captures/serial_timed_fast_20260627T1205Z/labels_environment.csv
serial_timed_fast_20260627T1205Z_capture_1281,tools/dataset/captures/serial_timed_fast_20260627T1205Z/capture_1281.jpg,27,45,574,17,47,true,train,timed_daylight_usb ollama_ocr,approved,owner-bulk-approved,2026-06-29T06:46:10+00:00,qwen3-vl:4b,aqs-five-field-v2,tools/dataset/captures/serial_timed_fast_20260627T1205Z/labels_ollama_review_queue.csv,tools/dataset/captures/serial_timed_fast_20260627T1205Z/labels_environment.csv
serial_timed_fast_20260627T1205Z_capture_1284,tools/dataset/captures/serial_timed_fast_20260627T1205Z/capture_1284.jpg,27,45,574,17,47,true,train,timed_daylight_usb ollama_ocr,approved,owner-bulk-approved,2026-06-29T06:46:10+00:00,qwen3-vl:4b,aqs-five-field-v2,tools/dataset/captures/serial_timed_fast_20260627T1205Z/labels_ollama_review_queue.csv,tools/dataset/captures/serial_timed_fast_20260627T1205Z/labels_environment.csv
serial_timed_fast_20260627T1205Z_capture_1287,tools/dataset/captures/serial_timed_fast_20260627T1205Z/capture_1287.jpg,27,45,574,17,47,true,train,timed_daylight_usb ollama_ocr,approved,owner-bulk-approved,2026-06-29T06:46:10+00:00,qwen3-vl:4b,aqs-five-field-v2,tools/dataset/captures/serial_timed_fast_20260627T1205Z/labels_ollama_review_queue.csv,tools/dataset/captures/serial_timed_fast_20260627T1205Z/labels_environment.csv
serial_timed_fast_20260627T1205Z_capture_1290,tools/dataset/captures/serial_timed_fast_20260627T1205Z/capture_1290.jpg,27,45,574,17,47,true,validation,timed_daylight_usb ollama_ocr,approved,owner-bulk-approved,2026-06-29T06:46:10+00:00,qwen3-vl:4b,aqs-five-field-v2,tools/dataset/captures/serial_timed_fast_20260627T1205Z/labels_ollama_review_queue.csv,tools/dataset/captures/serial_timed_fast_20260627T1205Z/labels_environment.csv
serial_timed_fast_20260627T1205Z_capture_1293,tools/dataset/captures/serial_timed_fast_20260627T1205Z/capture_1293.jpg,27,45,574,17,47,true,train,timed_daylight_usb ollama_ocr,approved,owner-bulk-approved,2026-06-29T06:46:10+00:00,qwen3-vl:4b,aqs-five-field-v2,tools/dataset/captures/serial_timed_fast_20260627T1205Z/labels_ollama_review_queue.csv,tools/dataset/captures/serial_timed_fast_20260627T1205Z/labels_environment.csv
serial_timed_fast_20260627T1205Z_capture_1296,tools/dataset/captures/serial_timed_fast_20260627T1205Z/capture_1296.jpg,27,45,574,17,47,true,train,timed_daylight_usb ollama_ocr,approved,owner-bulk-approved,2026-06-29T06:46:10+00:00,,,tools/dataset/captures/serial_timed_fast_20260627T1205Z/labels_ollama_review_queue.csv,tools/dataset/captures/serial_timed_fast_20260627T1205Z/labels_environment.csv
serial_timed_fast_20260627T1205Z_capture_1302,tools/dataset/captures/serial_timed_fast_20260627T1205Z/capture_1302.jpg,27,45,574,17,47,true,train,timed_daylight_usb ollama_ocr,approved,owner-bulk-approved,2026-06-29T06:46:10+00:00,qwen3-vl:4b,aqs-five-field-v2,tools/dataset/captures/serial_timed_fast_20260627T1205Z/labels_ollama_review_queue.csv,tools/dataset/captures/serial_timed_fast_20260627T1205Z/labels_environment.csv
serial_timed_fast_20260627T1205Z_capture_1305,tools/dataset/captures/serial_timed_fast_20260627T1205Z/capture_1305.jpg,27,45,574,17,47,true,train,timed_daylight_usb ollama_ocr,approved,owner-bulk-approved,2026-06-29T06:46:10+00:00,qwen3-vl:4b,aqs-five-field-v2,tools/dataset/captures/serial_timed_fast_20260627T1205Z/labels_ollama_review_queue.csv,tools/dataset/captures/serial_timed_fast_20260627T1205Z/labels_environment.csv
serial_timed_fast_20260627T1205Z_capture_1308,tools/dataset/captures/serial_timed_fast_20260627T1205Z/capture_1308.jpg,27,45,574,17,47,true,validation,timed_daylight_usb ollama_ocr,approved,owner-bulk-approved,2026-06-29T06:46:10+00:00,qwen3-vl:4b,aqs-five-field-v2,tools/dataset/captures/serial_timed_fast_20260627T1205Z/labels_ollama_review_queue.csv,tools/dataset/captures/serial_timed_fast_20260627T1205Z/labels_environment.csv
serial_timed_fast_20260627T1205Z_capture_1311,tools/dataset/captures/serial_timed_fast_20260627T1205Z/capture_1311.jpg,27,45,574,17,47,true,train,timed_daylight_usb ollama_ocr,approved,owner-bulk-approved,2026-06-29T06:46:10+00:00,qwen3-vl:4b,aqs-five-field-v2,tools/dataset/captures/serial_timed_fast_20260627T1205Z/labels_ollama_review_queue.csv,tools/dataset/captures/serial_timed_fast_20260627T1205Z/labels_environment.csv
serial_timed_fast_20260627T1205Z_capture_1314,tools/dataset/captures/serial_timed_fast_20260627T1205Z/capture_1314.jpg,27,45,574,17,47,true,train,timed_daylight_usb ollama_ocr,approved,owner-bulk-approved,2026-06-29T06:46:10+00:00,qwen3-vl:4b,aqs-five-field-v2,tools/dataset/captures/serial_timed_fast_20260627T1205Z/labels_ollama_review_queue.csv,tools/dataset/captures/serial_timed_fast_20260627T1205Z/labels_environment.csv
serial_timed_fast_20260627T1205Z_capture_1317,tools/dataset/captures/serial_timed_fast_20260627T1205Z/capture_1317.jpg,27,45,574,17,47,true,train,timed_daylight_usb ollama_ocr,approved,owner-bulk-approved,2026-06-29T06:46:10+00:00,qwen3-vl:4b,aqs-five-field-v2,tools/dataset/captures/serial_timed_fast_20260627T1205Z/labels_ollama_review_queue.csv,tools/dataset/captures/serial_timed_fast_20260627T1205Z/labels_environment.csv
serial_timed_fast_20260627T1205Z_capture_1320,tools/dataset/captures/serial_timed_fast_20260627T1205Z/capture_1320.jpg,27,45,574,17,47,true,train,timed_daylight_usb ollama_ocr,approved,owner-bulk-approved,2026-06-29T06:46:10+00:00,qwen3-vl:4b,aqs-five-field-v2,tools/dataset/captures/serial_timed_fast_20260627T1205Z/labels_ollama_review_queue.csv,tools/dataset/captures/serial_timed_fast_20260627T1205Z/labels_environment.csv
serial_timed_fast_20260627T1205Z_capture_1323,tools/dataset/captures/serial_timed_fast_20260627T1205Z/capture_1323.jpg,27,45,574,17,47,true,validation,timed_daylight_usb ollama_ocr,approved,owner-bulk-approved,2026-06-29T06:46:10+00:00,qwen3-vl:4b,aqs-five-field-v2,tools/dataset/captures/serial_timed_fast_20260627T1205Z/labels_ollama_review_queue.csv,tools/dataset/captures/serial_timed_fast_20260627T1205Z/labels_environment.csv
serial_timed_fast_20260627T1205Z_capture_1326,tools/dataset/captures/serial_timed_fast_20260627T1205Z/capture_1326.jpg,27,45,574,17,47,true,train,timed_daylight_usb ollama_ocr,approved,owner-bulk-approved,2026-06-29T06:46:10+00:00,qwen3-vl:4b,aqs-five-field-v2,tools/dataset/captures/serial_timed_fast_20260627T1205Z/labels_ollama_review_queue.csv,tools/dataset/captures/serial_timed_fast_20260627T1205Z/labels_environment.csv
serial_timed_fast_20260627T1205Z_capture_1329,tools/dataset/captures/serial_timed_fast_20260627T1205Z/capture_1329.jpg,27,45,574,17,47,true,train,timed_daylight_usb ollama_ocr,approved,owner-bulk-approved,2026-06-29T06:46:10+00:00,,,tools/dataset/captures/serial_timed_fast_20260627T1205Z/labels_ollama_review_queue.csv,tools/dataset/captures/serial_timed_fast_20260627T1205Z/labels_environment.csv
serial_timed_fast_20260627T1205Z_capture_1334,tools/dataset/captures/serial_timed_fast_20260627T1205Z/capture_1334.jpg,27,45,574,17,47,true,train,timed_daylight_usb ollama_ocr,approved,owner-bulk-approved,2026-06-29T06:46:10+00:00,qwen3-vl:4b,aqs-five-field-v2,tools/dataset/captures/serial_timed_fast_20260627T1205Z/labels_ollama_review_queue.csv,tools/dataset/captures/serial_timed_fast_20260627T1205Z/labels_environment.csv
serial_timed_fast_20260627T1205Z_capture_1337,tools/dataset/captures/serial_timed_fast_20260627T1205Z/capture_1337.jpg,27,45,574,17,47,true,train,timed_daylight_usb ollama_ocr,approved,owner-bulk-approved,2026-06-29T06:46:10+00:00,,,tools/dataset/captures/serial_timed_fast_20260627T1205Z/labels_ollama_review_queue.csv,tools/dataset/captures/serial_timed_fast_20260627T1205Z/labels_environment.csv
serial_timed_fast_20260627T1205Z_capture_1340,tools/dataset/captures/serial_timed_fast_20260627T1205Z/capture_1340.jpg,27,45,574,17,47,true,validation,timed_daylight_usb ollama_ocr,approved,owner-bulk-approved,2026-06-29T06:46:10+00:00,qwen3-vl:4b,aqs-five-field-v2,tools/dataset/captures/serial_timed_fast_20260627T1205Z/labels_ollama_review_queue.csv,tools/dataset/captures/serial_timed_fast_20260627T1205Z/labels_environment.csv
serial_timed_fast_20260627T1205Z_capture_1343,tools/dataset/captures/serial_timed_fast_20260627T1205Z/capture_1343.jpg,27,45,574,17,47,true,train,timed_daylight_usb ollama_ocr,approved,owner-bulk-approved,2026-06-29T06:46:10+00:00,qwen3-vl:4b,aqs-five-field-v2,tools/dataset/captures/serial_timed_fast_20260627T1205Z/labels_ollama_review_queue.csv,tools/dataset/captures/serial_timed_fast_20260627T1205Z/labels_environment.csv
serial_timed_fast_20260627T1205Z_capture_1346,tools/dataset/captures/serial_timed_fast_20260627T1205Z/capture_1346.jpg,27,45,574,17,47,true,train,timed_daylight_usb ollama_ocr,approved,owner-bulk-approved,2026-06-29T06:46:10+00:00,qwen3-vl:4b,aqs-five-field-v2,tools/dataset/captures/serial_timed_fast_20260627T1205Z/labels_ollama_review_queue.csv,tools/dataset/captures/serial_timed_fast_20260627T1205Z/labels_environment.csv
serial_timed_fast_20260627T1205Z_capture_1349,tools/dataset/captures/serial_timed_fast_20260627T1205Z/capture_1349.jpg,27,45,574,17,47,true,train,timed_daylight_usb ollama_ocr,approved,owner-bulk-approved,2026-06-29T06:46:10+00:00,qwen3-vl:4b,aqs-five-field-v2,tools/dataset/captures/serial_timed_fast_20260627T1205Z/labels_ollama_review_queue.csv,tools/dataset/captures/serial_timed_fast_20260627T1205Z/labels_environment.csv
serial_timed_fast_20260627T1205Z_capture_1352,tools/dataset/captures/serial_timed_fast_20260627T1205Z/capture_1352.jpg,27,45,574,17,47,true,train,timed_daylight_usb ollama_ocr,approved,owner-bulk-approved,2026-06-29T06:46:10+00:00,qwen3-vl:4b,aqs-five-field-v2,tools/dataset/captures/serial_timed_fast_20260627T1205Z/labels_ollama_review_queue.csv,tools/dataset/captures/serial_timed_fast_20260627T1205Z/labels_environment.csv
serial_timed_fast_20260627T1205Z_capture_1355,tools/dataset/captures/serial_timed_fast_20260627T1205Z/capture_1355.jpg,27,45,574,17,47,true,validation,timed_daylight_usb ollama_ocr,approved,owner-bulk-approved,2026-06-29T06:46:10+00:00,qwen3-vl:4b,aqs-five-field-v2,tools/dataset/captures/serial_timed_fast_20260627T1205Z/labels_ollama_review_queue.csv,tools/dataset/captures/serial_timed_fast_20260627T1205Z/labels_environment.csv
serial_timed_fast_20260627T1205Z_capture_1358,tools/dataset/captures/serial_timed_fast_20260627T1205Z/capture_1358.jpg,27,45,574,17,47,true,train,timed_daylight_usb ollama_ocr,approved,owner-bulk-approved,2026-06-29T06:46:10+00:00,qwen3-vl:4b,aqs-five-field-v2,tools/dataset/captures/serial_timed_fast_20260627T1205Z/labels_ollama_review_queue.csv,tools/dataset/captures/serial_timed_fast_20260627T1205Z/labels_environment.csv
serial_timed_fast_20260627T1205Z_capture_1361,tools/dataset/captures/serial_timed_fast_20260627T1205Z/capture_1361.jpg,27,45,574,17,47,true,train,timed_daylight_usb ollama_ocr,approved,owner-bulk-approved,2026-06-29T06:46:10+00:00,qwen3-vl:4b,aqs-five-field-v2,tools/dataset/captures/serial_timed_fast_20260627T1205Z/labels_ollama_review_queue.csv,tools/dataset/captures/serial_timed_fast_20260627T1205Z/labels_environment.csv
serial_timed_fast_20260627T1205Z_capture_1364,tools/dataset/captures/serial_timed_fast_20260627T1205Z/capture_1364.jpg,27,45,574,17,47,true,train,timed_daylight_usb ollama_ocr,approved,owner-bulk-approved,2026-06-29T06:46:10+00:00,qwen3-vl:4b,aqs-five-field-v2,tools/dataset/captures/serial_timed_fast_20260627T1205Z/labels_ollama_review_queue.csv,tools/dataset/captures/serial_timed_fast_20260627T1205Z/labels_environment.csv
serial_timed_fast_20260627T1205Z_capture_1367,tools/dataset/captures/serial_timed_fast_20260627T1205Z/capture_1367.jpg,27,45,574,17,47,true,train,timed_daylight_usb ollama_ocr,approved,owner-bulk-approved,2026-06-29T06:46:10+00:00,qwen3-vl:4b,aqs-five-field-v2,tools/dataset/captures/serial_timed_fast_20260627T1205Z/labels_ollama_review_queue.csv,tools/dataset/captures/serial_timed_fast_20260627T1205Z/labels_environment.csv
serial_timed_fast_20260627T1205Z_capture_1370,tools/dataset/captures/serial_timed_fast_20260627T1205Z/capture_1370.jpg,27,45,574,17,47,true,validation,timed_daylight_usb ollama_ocr,approved,owner-bulk-approved,2026-06-29T06:46:10+00:00,qwen3-vl:4b,aqs-five-field-v2,tools/dataset/captures/serial_timed_fast_20260627T1205Z/labels_ollama_review_queue.csv,tools/dataset/captures/serial_timed_fast_20260627T1205Z/labels_environment.csv
serial_timed_fast_20260627T1205Z_capture_1373,tools/dataset/captures/serial_timed_fast_20260627T1205Z/capture_1373.jpg,27,45,574,17,47,true,train,timed_daylight_usb ollama_ocr,approved,owner-bulk-approved,2026-06-29T06:46:10+00:00,qwen3-vl:4b,aqs-five-field-v2,tools/dataset/captures/serial_timed_fast_20260627T1205Z/labels_ollama_review_queue.csv,tools/dataset/captures/serial_timed_fast_20260627T1205Z/labels_environment.csv
serial_timed_fast_20260627T1205Z_capture_1376,tools/dataset/captures/serial_timed_fast_20260627T1205Z/capture_1376.jpg,27,45,574,17,47,true,train,timed_daylight_usb ollama_ocr,approved,owner-bulk-approved,2026-06-29T06:46:10+00:00,qwen3-vl:4b,aqs-five-field-v2,tools/dataset/captures/serial_timed_fast_20260627T1205Z/labels_ollama_review_queue.csv,tools/dataset/captures/serial_timed_fast_20260627T1205Z/labels_environment.csv
serial_timed_fast_20260627T1205Z_capture_1379,tools/dataset/captures/serial_timed_fast_20260627T1205Z/capture_1379.jpg,27,45,574,17,47,true,train,timed_daylight_usb ollama_ocr,approved,owner-bulk-approved,2026-06-29T06:46:10+00:00,qwen3-vl:4b,aqs-five-field-v2,tools/dataset/captures/serial_timed_fast_20260627T1205Z/labels_ollama_review_queue.csv,tools/dataset/captures/serial_timed_fast_20260627T1205Z/labels_environment.csv
serial_timed_fast_20260627T1205Z_capture_1382,tools/dataset/captures/serial_timed_fast_20260627T1205Z/capture_1382.jpg,27,45,574,17,47,true,train,timed_daylight_usb ollama_ocr,approved,owner-bulk-approved,2026-06-29T06:46:10+00:00,,,tools/dataset/captures/serial_timed_fast_20260627T1205Z/labels_ollama_review_queue.csv,tools/dataset/captures/serial_timed_fast_20260627T1205Z/labels_environment.csv
serial_timed_fast_20260627T1205Z_capture_1385,tools/dataset/captures/serial_timed_fast_20260627T1205Z/capture_1385.jpg,27,45,574,17,47,true,validation,timed_daylight_usb ollama_ocr,approved,owner-bulk-approved,2026-06-29T06:46:10+00:00,qwen3-vl:4b,aqs-five-field-v2,tools/dataset/captures/serial_timed_fast_20260627T1205Z/labels_ollama_review_queue.csv,tools/dataset/captures/serial_timed_fast_20260627T1205Z/labels_environment.csv
serial_timed_fast_20260627T1205Z_capture_1388,tools/dataset/captures/serial_timed_fast_20260627T1205Z/capture_1388.jpg,27,45,574,17,47,true,train,timed_daylight_usb ollama_ocr,approved,owner-bulk-approved,2026-06-29T06:46:10+00:00,,,tools/dataset/captures/serial_timed_fast_20260627T1205Z/labels_ollama_review_queue.csv,tools/dataset/captures/serial_timed_fast_20260627T1205Z/labels_environment.csv
serial_timed_fast_20260627T1205Z_capture_1391,tools/dataset/captures/serial_timed_fast_20260627T1205Z/capture_1391.jpg,27,45,574,17,47,true,train,timed_daylight_usb ollama_ocr,approved,owner-bulk-approved,2026-06-29T06:46:10+00:00,qwen3-vl:4b,aqs-five-field-v2,tools/dataset/captures/serial_timed_fast_20260627T1205Z/labels_ollama_review_queue.csv,tools/dataset/captures/serial_timed_fast_20260627T1205Z/labels_environment.csv
serial_timed_fast_20260627T1205Z_capture_1394,tools/dataset/captures/serial_timed_fast_20260627T1205Z/capture_1394.jpg,27,45,574,17,47,true,train,timed_daylight_usb ollama_ocr,approved,owner-bulk-approved,2026-06-29T06:46:10+00:00,qwen3-vl:4b,aqs-five-field-v2,tools/dataset/captures/serial_timed_fast_20260627T1205Z/labels_ollama_review_queue.csv,tools/dataset/captures/serial_timed_fast_20260627T1205Z/labels_environment.csv
serial_timed_fast_20260627T1205Z_capture_1397,tools/dataset/captures/serial_timed_fast_20260627T1205Z/capture_1397.jpg,27,45,574,17,47,true,train,timed_daylight_usb ollama_ocr,approved,owner-bulk-approved,2026-06-29T06:46:10+00:00,qwen3-vl:4b,aqs-five-field-v2,tools/dataset/captures/serial_timed_fast_20260627T1205Z/labels_ollama_review_queue.csv,tools/dataset/captures/serial_timed_fast_20260627T1205Z/labels_environment.csv
serial_timed_fast_20260627T1205Z_capture_1400,tools/dataset/captures/serial_timed_fast_20260627T1205Z/capture_1400.jpg,27,45,574,17,47,true,validation,timed_daylight_usb ollama_ocr,approved,owner-bulk-approved,2026-06-29T06:46:10+00:00,qwen3-vl:4b,aqs-five-field-v2,tools/dataset/captures/serial_timed_fast_20260627T1205Z/labels_ollama_review_queue.csv,tools/dataset/captures/serial_timed_fast_20260627T1205Z/labels_environment.csv
serial_timed_fast_20260627T1205Z_capture_1403,tools/dataset/captures/serial_timed_fast_20260627T1205Z/capture_1403.jpg,27,45,574,17,47,true,train,timed_daylight_usb ollama_ocr,approved,owner-bulk-approved,2026-06-29T06:46:10+00:00,qwen3-vl:4b,aqs-five-field-v2,tools/dataset/captures/serial_timed_fast_20260627T1205Z/labels_ollama_review_queue.csv,tools/dataset/captures/serial_timed_fast_20260627T1205Z/labels_environment.csv
serial_timed_fast_20260627T1205Z_capture_1406,tools/dataset/captures/serial_timed_fast_20260627T1205Z/capture_1406.jpg,27,45,574,17,47,true,train,timed_daylight_usb ollama_ocr,approved,owner-bulk-approved,2026-06-29T06:46:10+00:00,qwen3-vl:4b,aqs-five-field-v2,tools/dataset/captures/serial_timed_fast_20260627T1205Z/labels_ollama_review_queue.csv,tools/dataset/captures/serial_timed_fast_20260627T1205Z/labels_environment.csv
serial_timed_fast_20260627T1205Z_capture_1409,tools/dataset/captures/serial_timed_fast_20260627T1205Z/capture_1409.jpg,27,45,574,17,47,true,train,timed_daylight_usb ollama_ocr,approved,owner-bulk-approved,2026-06-29T06:46:10+00:00,qwen3-vl:4b,aqs-five-field-v2,tools/dataset/captures/serial_timed_fast_20260627T1205Z/labels_ollama_review_queue.csv,tools/dataset/captures/serial_timed_fast_20260627T1205Z/labels_environment.csv
serial_timed_fast_20260627T1205Z_capture_1412,tools/dataset/captures/serial_timed_fast_20260627T1205Z/capture_1412.jpg,27,45,574,17,47,true,train,timed_daylight_usb ollama_ocr,approved,owner-bulk-approved,2026-06-29T06:46:10+00:00,,,tools/dataset/captures/serial_timed_fast_20260627T1205Z/labels_ollama_review_queue.csv,tools/dataset/captures/serial_timed_fast_20260627T1205Z/labels_environment.csv
serial_timed_fast_20260627T1205Z_capture_1415,tools/dataset/captures/serial_timed_fast_20260627T1205Z/capture_1415.jpg,27,45,574,17,47,true,validation,timed_daylight_usb ollama_ocr,approved,owner-bulk-approved,2026-06-29T06:46:10+00:00,qwen3-vl:4b,aqs-five-field-v2,tools/dataset/captures/serial_timed_fast_20260627T1205Z/labels_ollama_review_queue.csv,tools/dataset/captures/serial_timed_fast_20260627T1205Z/labels_environment.csv
serial_timed_fast_20260627T1205Z_capture_1418,tools/dataset/captures/serial_timed_fast_20260627T1205Z/capture_1418.jpg,27,45,574,17,47,true,train,timed_daylight_usb ollama_ocr,approved,owner-bulk-approved,2026-06-29T06:46:10+00:00,qwen3-vl:4b,aqs-five-field-v2,tools/dataset/captures/serial_timed_fast_20260627T1205Z/labels_ollama_review_queue.csv,tools/dataset/captures/serial_timed_fast_20260627T1205Z/labels_environment.csv
serial_timed_fast_20260627T1205Z_capture_1421,tools/dataset/captures/serial_timed_fast_20260627T1205Z/capture_1421.jpg,27,45,574,17,47,true,train,timed_daylight_usb ollama_ocr,approved,owner-bulk-approved,2026-06-29T06:46:10+00:00,qwen3-vl:4b,aqs-five-field-v2,tools/dataset/captures/serial_timed_fast_20260627T1205Z/labels_ollama_review_queue.csv,tools/dataset/captures/serial_timed_fast_20260627T1205Z/labels_environment.csv
serial_timed_fast_20260627T1205Z_capture_1424,tools/dataset/captures/serial_timed_fast_20260627T1205Z/capture_1424.jpg,27,45,574,17,47,true,train,timed_daylight_usb ollama_ocr,approved,owner-bulk-approved,2026-06-29T06:46:10+00:00,qwen3-vl:4b,aqs-five-field-v2,tools/dataset/captures/serial_timed_fast_20260627T1205Z/labels_ollama_review_queue.csv,tools/dataset/captures/serial_timed_fast_20260627T1205Z/labels_environment.csv
serial_timed_fast_20260627T1205Z_capture_1429,tools/dataset/captures/serial_timed_fast_20260627T1205Z/capture_1429.jpg,27,45,574,17,47,true,train,timed_daylight_usb ollama_ocr,approved,owner-bulk-approved,2026-06-29T06:46:10+00:00,qwen3-vl:4b,aqs-five-field-v2,tools/dataset/captures/serial_timed_fast_20260627T1205Z/labels_ollama_review_queue.csv,tools/dataset/captures/serial_timed_fast_20260627T1205Z/labels_environment.csv
serial_timed_fast_20260627T1205Z_capture_1432,tools/dataset/captures/serial_timed_fast_20260627T1205Z/capture_1432.jpg,27,45,574,17,47,true,validation,timed_daylight_usb ollama_ocr,approved,owner-bulk-approved,2026-06-29T06:46:10+00:00,qwen3-vl:4b,aqs-five-field-v2,tools/dataset/captures/serial_timed_fast_20260627T1205Z/labels_ollama_review_queue.csv,tools/dataset/captures/serial_timed_fast_20260627T1205Z/labels_environment.csv
serial_timed_fast_20260627T1205Z_capture_1435,tools/dataset/captures/serial_timed_fast_20260627T1205Z/capture_1435.jpg,27,45,574,17,47,true,train,timed_daylight_usb ollama_ocr,approved,owner-bulk-approved,2026-06-29T06:46:10+00:00,qwen3-vl:4b,aqs-five-field-v2,tools/dataset/captures/serial_timed_fast_20260627T1205Z/labels_ollama_review_queue.csv,tools/dataset/captures/serial_timed_fast_20260627T1205Z/labels_environment.csv
serial_timed_fast_20260627T1205Z_capture_1441,tools/dataset/captures/serial_timed_fast_20260627T1205Z/capture_1441.jpg,27,45,574,17,47,true,train,timed_daylight_usb ollama_ocr,approved,owner-bulk-approved,2026-06-29T06:46:10+00:00,qwen3-vl:4b,aqs-five-field-v2,tools/dataset/captures/serial_timed_fast_20260627T1205Z/labels_ollama_review_queue.csv,tools/dataset/captures/serial_timed_fast_20260627T1205Z/labels_environment.csv
serial_timed_fast_20260627T1205Z_capture_1444,tools/dataset/captures/serial_timed_fast_20260627T1205Z/capture_1444.jpg,27,45,574,17,47,true,train,timed_daylight_usb ollama_ocr,approved,owner-bulk-approved,2026-06-29T06:46:10+00:00,qwen3-vl:4b,aqs-five-field-v2,tools/dataset/captures/serial_timed_fast_20260627T1205Z/labels_ollama_review_queue.csv,tools/dataset/captures/serial_timed_fast_20260627T1205Z/labels_environment.csv
serial_timed_fast_20260627T1205Z_capture_1447,tools/dataset/captures/serial_timed_fast_20260627T1205Z/capture_1447.jpg,27,45,574,17,47,true,train,timed_daylight_usb ollama_ocr,approved,owner-bulk-approved,2026-06-29T06:46:10+00:00,qwen3-vl:4b,aqs-five-field-v2,tools/dataset/captures/serial_timed_fast_20260627T1205Z/labels_ollama_review_queue.csv,tools/dataset/captures/serial_timed_fast_20260627T1205Z/labels_environment.csv
serial_timed_fast_20260627T1205Z_capture_1450,tools/dataset/captures/serial_timed_fast_20260627T1205Z/capture_1450.jpg,27,45,574,17,47,true,validation,timed_daylight_usb ollama_ocr,approved,owner-bulk-approved,2026-06-29T06:46:10+00:00,qwen3-vl:4b,aqs-five-field-v2,tools/dataset/captures/serial_timed_fast_20260627T1205Z/labels_ollama_review_queue.csv,tools/dataset/captures/serial_timed_fast_20260627T1205Z/labels_environment.csv
serial_timed_fast_20260627T1205Z_capture_1453,tools/dataset/captures/serial_timed_fast_20260627T1205Z/capture_1453.jpg,27,45,574,17,47,true,train,timed_daylight_usb ollama_ocr,approved,owner-bulk-approved,2026-06-29T06:46:10+00:00,qwen3-vl:4b,aqs-five-field-v2,tools/dataset/captures/serial_timed_fast_20260627T1205Z/labels_ollama_review_queue.csv,tools/dataset/captures/serial_timed_fast_20260627T1205Z/labels_environment.csv
serial_timed_fast_20260627T1205Z_capture_1456,tools/dataset/captures/serial_timed_fast_20260627T1205Z/capture_1456.jpg,27,46,574,17,47,true,train,timed_daylight_usb ollama_ocr,approved,owner-bulk-approved,2026-06-29T06:46:10+00:00,qwen3-vl:4b,aqs-five-field-v2,tools/dataset/captures/serial_timed_fast_20260627T1205Z/labels_ollama_review_queue.csv,tools/dataset/captures/serial_timed_fast_20260627T1205Z/labels_environment.csv
serial_timed_fast_20260627T1205Z_capture_1459,tools/dataset/captures/serial_timed_fast_20260627T1205Z/capture_1459.jpg,27,45,574,17,47,true,train,timed_daylight_usb ollama_ocr,approved,owner-bulk-approved,2026-06-29T06:46:10+00:00,qwen3-vl:4b,aqs-five-field-v2,tools/dataset/captures/serial_timed_fast_20260627T1205Z/labels_ollama_review_queue.csv,tools/dataset/captures/serial_timed_fast_20260627T1205Z/labels_environment.csv
serial_timed_fast_20260627T1205Z_capture_1462,tools/dataset/captures/serial_timed_fast_20260627T1205Z/capture_1462.jpg,27,46,574,17,47,true,train,timed_daylight_usb ollama_ocr,approved,owner-bulk-approved,2026-06-29T06:46:10+00:00,qwen3-vl:4b,aqs-five-field-v2,tools/dataset/captures/serial_timed_fast_20260627T1205Z/labels_ollama_review_queue.csv,tools/dataset/captures/serial_timed_fast_20260627T1205Z/labels_environment.csv
serial_timed_fast_20260627T1205Z_capture_1465,tools/dataset/captures/serial_timed_fast_20260627T1205Z/capture_1465.jpg,27,46,574,17,47,true,validation,timed_daylight_usb ollama_ocr,approved,owner-bulk-approved,2026-06-29T06:46:10+00:00,qwen3-vl:4b,aqs-five-field-v2,tools/dataset/captures/serial_timed_fast_20260627T1205Z/labels_ollama_review_queue.csv,tools/dataset/captures/serial_timed_fast_20260627T1205Z/labels_environment.csv
serial_timed_fast_20260627T1205Z_capture_1468,tools/dataset/captures/serial_timed_fast_20260627T1205Z/capture_1468.jpg,27,46,574,17,47,true,train,timed_daylight_usb ollama_ocr,approved,owner-bulk-approved,2026-06-29T06:46:10+00:00,qwen3-vl:4b,aqs-five-field-v2,tools/dataset/captures/serial_timed_fast_20260627T1205Z/labels_ollama_review_queue.csv,tools/dataset/captures/serial_timed_fast_20260627T1205Z/labels_environment.csv
serial_timed_fast_20260627T1205Z_capture_1471,tools/dataset/captures/serial_timed_fast_20260627T1205Z/capture_1471.jpg,27,45,574,17,47,true,train,timed_daylight_usb ollama_ocr,approved,owner-bulk-approved,2026-06-29T06:46:10+00:00,qwen3-vl:4b,aqs-five-field-v2,tools/dataset/captures/serial_timed_fast_20260627T1205Z/labels_ollama_review_queue.csv,tools/dataset/captures/serial_timed_fast_20260627T1205Z/labels_environment.csv
serial_timed_fast_20260627T1205Z_capture_1474,tools/dataset/captures/serial_timed_fast_20260627T1205Z/capture_1474.jpg,27,46,574,17,47,true,train,timed_daylight_usb ollama_ocr,approved,owner-bulk-approved,2026-06-29T06:46:10+00:00,qwen3-vl:4b,aqs-five-field-v2,tools/dataset/captures/serial_timed_fast_20260627T1205Z/labels_ollama_review_queue.csv,tools/dataset/captures/serial_timed_fast_20260627T1205Z/labels_environment.csv
serial_timed_fast_20260627T1205Z_capture_1477,tools/dataset/captures/serial_timed_fast_20260627T1205Z/capture_1477.jpg,27,46,574,17,47,true,train,timed_daylight_usb ollama_ocr,approved,owner-bulk-approved,2026-06-29T06:46:10+00:00,qwen3-vl:4b,aqs-five-field-v2,tools/dataset/captures/serial_timed_fast_20260627T1205Z/labels_ollama_review_queue.csv,tools/dataset/captures/serial_timed_fast_20260627T1205Z/labels_environment.csv
serial_timed_fast_20260627T1205Z_capture_1480,tools/dataset/captures/serial_timed_fast_20260627T1205Z/capture_1480.jpg,27,46,574,17,47,true,validation,timed_daylight_usb ollama_ocr,approved,owner-bulk-approved,2026-06-29T06:46:10+00:00,qwen3-vl:4b,aqs-five-field-v2,tools/dataset/captures/serial_timed_fast_20260627T1205Z/labels_ollama_review_queue.csv,tools/dataset/captures/serial_timed_fast_20260627T1205Z/labels_environment.csv
serial_timed_fast_20260627T1205Z_capture_1485,tools/dataset/captures/serial_timed_fast_20260627T1205Z/capture_1485.jpg,27,45,574,17,47,true,train,timed_daylight_usb ollama_ocr,approved,owner-bulk-approved,2026-06-29T06:46:10+00:00,qwen3-vl:4b,aqs-five-field-v2,tools/dataset/captures/serial_timed_fast_20260627T1205Z/labels_ollama_review_queue.csv,tools/dataset/captures/serial_timed_fast_20260627T1205Z/labels_environment.csv
serial_timed_fast_20260627T1205Z_capture_1488,tools/dataset/captures/serial_timed_fast_20260627T1205Z/capture_1488.jpg,27,46,574,17,47,true,train,timed_daylight_usb ollama_ocr,approved,owner-bulk-approved,2026-06-29T06:46:10+00:00,qwen3-vl:4b,aqs-five-field-v2,tools/dataset/captures/serial_timed_fast_20260627T1205Z/labels_ollama_review_queue.csv,tools/dataset/captures/serial_timed_fast_20260627T1205Z/labels_environment.csv
serial_timed_fast_20260627T1205Z_capture_1491,tools/dataset/captures/serial_timed_fast_20260627T1205Z/capture_1491.jpg,27,46,574,17,47,true,train,timed_daylight_usb ollama_ocr,approved,owner-bulk-approved,2026-06-29T06:46:10+00:00,qwen3-vl:4b,aqs-five-field-v2,tools/dataset/captures/serial_timed_fast_20260627T1205Z/labels_ollama_review_queue.csv,tools/dataset/captures/serial_timed_fast_20260627T1205Z/labels_environment.csv
serial_timed_fast_20260627T1205Z_capture_1494,tools/dataset/captures/serial_timed_fast_20260627T1205Z/capture_1494.jpg,27,46,574,17,47,true,train,timed_daylight_usb ollama_ocr,approved,owner-bulk-approved,2026-06-29T06:46:10+00:00,qwen3-vl:4b,aqs-five-field-v2,tools/dataset/captures/serial_timed_fast_20260627T1205Z/labels_ollama_review_queue.csv,tools/dataset/captures/serial_timed_fast_20260627T1205Z/labels_environment.csv
serial_timed_fast_20260627T1205Z_capture_1500,tools/dataset/captures/serial_timed_fast_20260627T1205Z/capture_1500.jpg,27,46,574,17,47,true,validation,timed_daylight_usb ollama_ocr,approved,owner-bulk-approved,2026-06-29T06:46:10+00:00,qwen3-vl:4b,aqs-five-field-v2,tools/dataset/captures/serial_timed_fast_20260627T1205Z/labels_ollama_review_queue.csv,tools/dataset/captures/serial_timed_fast_20260627T1205Z/labels_environment.csv
serial_timed_fast_20260627T1205Z_capture_1506,tools/dataset/captures/serial_timed_fast_20260627T1205Z/capture_1506.jpg,27,45,574,17,47,true,train,timed_daylight_usb ollama_ocr,approved,owner-bulk-approved,2026-06-29T06:46:10+00:00,qwen3-vl:4b,aqs-five-field-v2,tools/dataset/captures/serial_timed_fast_20260627T1205Z/labels_ollama_review_queue.csv,tools/dataset/captures/serial_timed_fast_20260627T1205Z/labels_environment.csv
serial_timed_fast_20260627T1205Z_capture_1509,tools/dataset/captures/serial_timed_fast_20260627T1205Z/capture_1509.jpg,27,45,574,17,47,true,train,timed_daylight_usb ollama_ocr,approved,owner-bulk-approved,2026-06-29T06:46:10+00:00,qwen3-vl:4b,aqs-five-field-v2,tools/dataset/captures/serial_timed_fast_20260627T1205Z/labels_ollama_review_queue.csv,tools/dataset/captures/serial_timed_fast_20260627T1205Z/labels_environment.csv
serial_timed_fast_20260627T1205Z_capture_1512,tools/dataset/captures/serial_timed_fast_20260627T1205Z/capture_1512.jpg,27,45,574,17,47,true,train,timed_daylight_usb ollama_ocr,approved,owner-bulk-approved,2026-06-29T06:46:10+00:00,,,tools/dataset/captures/serial_timed_fast_20260627T1205Z/labels_ollama_review_queue.csv,tools/dataset/captures/serial_timed_fast_20260627T1205Z/labels_environment.csv
serial_timed_fast_20260627T1205Z_capture_1515,tools/dataset/captures/serial_timed_fast_20260627T1205Z/capture_1515.jpg,27,45,574,17,47,true,train,timed_daylight_usb ollama_ocr,approved,owner-bulk-approved,2026-06-29T06:46:10+00:00,,,tools/dataset/captures/serial_timed_fast_20260627T1205Z/labels_ollama_review_queue.csv,tools/dataset/captures/serial_timed_fast_20260627T1205Z/labels_environment.csv
serial_timed_fast_20260627T1205Z_capture_1518,tools/dataset/captures/serial_timed_fast_20260627T1205Z/capture_1518.jpg,27,45,574,17,47,true,validation,timed_daylight_usb ollama_ocr,approved,owner-bulk-approved,2026-06-29T06:46:10+00:00,qwen3-vl:4b,aqs-five-field-v2,tools/dataset/captures/serial_timed_fast_20260627T1205Z/labels_ollama_review_queue.csv,tools/dataset/captures/serial_timed_fast_20260627T1205Z/labels_environment.csv
serial_timed_fast_20260627T1205Z_capture_1520,tools/dataset/captures/serial_timed_fast_20260627T1205Z/capture_1520.jpg,27,46,574,17,47,true,train,timed_daylight_usb ollama_ocr,approved,owner-bulk-approved,2026-06-29T06:46:10+00:00,qwen3-vl:4b,aqs-five-field-v2,tools/dataset/captures/serial_timed_fast_20260627T1205Z/labels_ollama_review_queue.csv,tools/dataset/captures/serial_timed_fast_20260627T1205Z/labels_environment.csv
serial_timed_fast_20260627T1205Z_capture_1523,tools/dataset/captures/serial_timed_fast_20260627T1205Z/capture_1523.jpg,27,45,574,17,47,true,train,timed_daylight_usb ollama_ocr,approved,owner-bulk-approved,2026-06-29T06:46:10+00:00,qwen3-vl:4b,aqs-five-field-v2,tools/dataset/captures/serial_timed_fast_20260627T1205Z/labels_ollama_review_queue.csv,tools/dataset/captures/serial_timed_fast_20260627T1205Z/labels_environment.csv
serial_timed_fast_20260627T1205Z_capture_1526,tools/dataset/captures/serial_timed_fast_20260627T1205Z/capture_1526.jpg,27,45,574,17,47,true,train,timed_daylight_usb ollama_ocr,approved,owner-bulk-approved,2026-06-29T06:46:10+00:00,qwen3-vl:4b,aqs-five-field-v2,tools/dataset/captures/serial_timed_fast_20260627T1205Z/labels_ollama_review_queue.csv,tools/dataset/captures/serial_timed_fast_20260627T1205Z/labels_environment.csv
serial_timed_fast_20260627T1205Z_capture_1529,tools/dataset/captures/serial_timed_fast_20260627T1205Z/capture_1529.jpg,27,45,574,17,47,true,train,timed_daylight_usb ollama_ocr,approved,owner-bulk-approved,2026-06-29T06:46:10+00:00,qwen3-vl:4b,aqs-five-field-v2,tools/dataset/captures/serial_timed_fast_20260627T1205Z/labels_ollama_review_queue.csv,tools/dataset/captures/serial_timed_fast_20260627T1205Z/labels_environment.csv
serial_timed_fast_20260627T1205Z_capture_1535,tools/dataset/captures/serial_timed_fast_20260627T1205Z/capture_1535.jpg,27,45,574,17,47,true,validation,timed_daylight_usb ollama_ocr,approved,owner-bulk-approved,2026-06-29T06:46:10+00:00,qwen3-vl:4b,aqs-five-field-v2,tools/dataset/captures/serial_timed_fast_20260627T1205Z/labels_ollama_review_queue.csv,tools/dataset/captures/serial_timed_fast_20260627T1205Z/labels_environment.csv
serial_timed_fast_20260627T1205Z_capture_1541,tools/dataset/captures/serial_timed_fast_20260627T1205Z/capture_1541.jpg,27,46,574,17,47,true,train,timed_daylight_usb ollama_ocr,approved,owner-bulk-approved,2026-06-29T06:46:10+00:00,qwen3-vl:4b,aqs-five-field-v2,tools/dataset/captures/serial_timed_fast_20260627T1205Z/labels_ollama_review_queue.csv,tools/dataset/captures/serial_timed_fast_20260627T1205Z/labels_environment.csv
serial_timed_fast_20260627T1205Z_capture_1544,tools/dataset/captures/serial_timed_fast_20260627T1205Z/capture_1544.jpg,27,46,574,17,47,true,train,timed_daylight_usb ollama_ocr,approved,owner-bulk-approved,2026-06-29T06:46:10+00:00,qwen3-vl:4b,aqs-five-field-v2,tools/dataset/captures/serial_timed_fast_20260627T1205Z/labels_ollama_review_queue.csv,tools/dataset/captures/serial_timed_fast_20260627T1205Z/labels_environment.csv
serial_timed_fast_20260627T1205Z_capture_1547,tools/dataset/captures/serial_timed_fast_20260627T1205Z/capture_1547.jpg,27,46,574,17,47,true,train,timed_daylight_usb ollama_ocr,approved,owner-bulk-approved,2026-06-29T06:46:10+00:00,qwen3-vl:4b,aqs-five-field-v2,tools/dataset/captures/serial_timed_fast_20260627T1205Z/labels_ollama_review_queue.csv,tools/dataset/captures/serial_timed_fast_20260627T1205Z/labels_environment.csv
serial_timed_fast_20260627T1205Z_capture_1550,tools/dataset/captures/serial_timed_fast_20260627T1205Z/capture_1550.jpg,27,46,574,17,47,true,train,timed_daylight_usb ollama_ocr,approved,owner-bulk-approved,2026-06-29T06:46:10+00:00,qwen3-vl:4b,aqs-five-field-v2,tools/dataset/captures/serial_timed_fast_20260627T1205Z/labels_ollama_review_queue.csv,tools/dataset/captures/serial_timed_fast_20260627T1205Z/labels_environment.csv
serial_timed_fast_20260627T1205Z_capture_1553,tools/dataset/captures/serial_timed_fast_20260627T1205Z/capture_1553.jpg,27,46,574,17,47,true,validation,timed_daylight_usb ollama_ocr,approved,owner-bulk-approved,2026-06-29T06:46:10+00:00,qwen3-vl:4b,aqs-five-field-v2,tools/dataset/captures/serial_timed_fast_20260627T1205Z/labels_ollama_review_queue.csv,tools/dataset/captures/serial_timed_fast_20260627T1205Z/labels_environment.csv
live_surveillance_20260629T1003Z_capture_0001,tools/dataset/captures/live_surveillance_20260629T1003Z/capture_0001.jpg,28,53,1498,85,58,true,train,ollama_ocr,approved,owner-bulk-approved,2026-06-29T20:15:49+00:00,qwen3-vl:4b,aqs-five-field-v2,tools/dataset/captures/live_surveillance_20260629T1003Z/labels_ollama_review_queue.csv,tools/dataset/captures/live_surveillance_20260629T1003Z/labels_environment.csv
live_surveillance_20260629T1003Z_capture_0002,tools/dataset/captures/live_surveillance_20260629T1003Z/capture_0002.jpg,28,53,1498,85,58,true,train,ollama_ocr,approved,owner-bulk-approved,2026-06-29T20:15:49+00:00,qwen3-vl:4b,aqs-five-field-v2,tools/dataset/captures/live_surveillance_20260629T1003Z/labels_ollama_review_queue.csv,tools/dataset/captures/live_surveillance_20260629T1003Z/labels_environment.csv
live_surveillance_20260629T1003Z_capture_0003,tools/dataset/captures/live_surveillance_20260629T1003Z/capture_0003.jpg,28,53,1498,85,58,true,validation,ollama_ocr,approved,owner-bulk-approved,2026-06-29T20:15:49+00:00,qwen3-vl:4b,aqs-five-field-v2,tools/dataset/captures/live_surveillance_20260629T1003Z/labels_ollama_review_queue.csv,tools/dataset/captures/live_surveillance_20260629T1003Z/labels_environment.csv
live_surveillance_20260629T1003Z_capture_0021,tools/dataset/captures/live_surveillance_20260629T1003Z/capture_0021.jpg,28,52,1966,469,324,true,train,ollama_ocr,approved,owner-bulk-approved,2026-06-29T20:15:49+00:00,qwen3-vl:4b,aqs-five-field-v2,tools/dataset/captures/live_surveillance_20260629T1003Z/labels_ollama_review_queue.csv,tools/dataset/captures/live_surveillance_20260629T1003Z/labels_environment.csv
live_surveillance_20260629T1003Z_capture_0023,tools/dataset/captures/live_surveillance_20260629T1003Z/capture_0023.jpg,28,52,2026,530,484,true,test,ollama_ocr,approved,owner-bulk-approved,2026-06-29T20:15:49+00:00,qwen3-vl:4b,aqs-five-field-v2,tools/dataset/captures/live_surveillance_20260629T1003Z/labels_ollama_review_queue.csv,tools/dataset/captures/live_surveillance_20260629T1003Z/labels_environment.csv
live_surveillance_20260629T1003Z_capture_0024,tools/dataset/captures/live_surveillance_20260629T1003Z/capture_0024.jpg,28,52,2026,530,484,true,train,ollama_ocr,approved,owner-bulk-approved,2026-06-29T20:15:49+00:00,qwen3-vl:4b,aqs-five-field-v2,tools/dataset/captures/live_surveillance_20260629T1003Z/labels_ollama_review_queue.csv,tools/dataset/captures/live_surveillance_20260629T1003Z/labels_environment.csv
live_surveillance_20260629T1003Z_capture_0025,tools/dataset/captures/live_surveillance_20260629T1003Z/capture_0025.jpg,28,52,2026,530,484,true,train,ollama_ocr,approved,owner-bulk-approved,2026-06-29T20:15:49+00:00,qwen3-vl:4b,aqs-five-field-v2,tools/dataset/captures/live_surveillance_20260629T1003Z/labels_ollama_review_queue.csv,tools/dataset/captures/live_surveillance_20260629T1003Z/labels_environment.csv
live_surveillance_20260629T1003Z_capture_0026,tools/dataset/captures/live_surveillance_20260629T1003Z/capture_0026.jpg,28,52,2026,530,484,true,train,ollama_ocr,approved,owner-bulk-approved,2026-06-29T20:15:49+00:00,qwen3-vl:4b,aqs-five-field-v2,tools/dataset/captures/live_surveillance_20260629T1003Z/labels_ollama_review_queue.csv,tools/dataset/captures/live_surveillance_20260629T1003Z/labels_environment.csv
live_surveillance_20260629T1003Z_capture_0027,tools/dataset/captures/live_surveillance_20260629T1003Z/capture_0027.jpg,28,52,2026,530,484,true,validation,ollama_ocr,approved,owner-bulk-approved,2026-06-29T20:15:49+00:00,qwen3-vl:4b,aqs-five-field-v2,tools/dataset/captures/live_surveillance_20260629T1003Z/labels_ollama_review_queue.csv,tools/dataset/captures/live_surveillance_20260629T1003Z/labels_environment.csv
live_surveillance_20260629T1003Z_capture_0028,tools/dataset/captures/live_surveillance_20260629T1003Z/capture_0028.jpg,28,52,2026,530,484,true,train,ollama_ocr,approved,owner-bulk-approved,2026-06-29T20:15:49+00:00,qwen3-vl:4b,aqs-five-field-v2,tools/dataset/captures/live_surveillance_20260629T1003Z/labels_ollama_review_queue.csv,tools/dataset/captures/live_surveillance_20260629T1003Z/labels_environment.csv
live_surveillance_20260629T1003Z_capture_0029,tools/dataset/captures/live_surveillance_20260629T1003Z/capture_0029.jpg,28,52,2026,530,484,true,train,ollama_ocr,approved,owner-bulk-approved,2026-06-29T20:15:49+00:00,qwen3-vl:4b,aqs-five-field-v2,tools/dataset/captures/live_surveillance_20260629T1003Z/labels_ollama_review_queue.csv,tools/dataset/captures/live_surveillance_20260629T1003Z/labels_environment.csv
live_surveillance_20260629T1003Z_capture_0030,tools/dataset/captures/live_surveillance_20260629T1003Z/capture_0030.jpg,28,52,2026,530,484,true,test,ollama_ocr,approved,owner-bulk-approved,2026-06-29T20:15:49+00:00,qwen3-vl:4b,aqs-five-field-v2,tools/dataset/captures/live_surveillance_20260629T1003Z/labels_ollama_review_queue.csv,tools/dataset/captures/live_surveillance_20260629T1003Z/labels_environment.csv
live_surveillance_20260629T1003Z_capture_0031,tools/dataset/captures/live_surveillance_20260629T1003Z/capture_0031.jpg,28,52,2026,530,484,true,train,ollama_ocr,approved,owner-bulk-approved,2026-06-29T20:15:49+00:00,qwen3-vl:4b,aqs-five-field-v2,tools/dataset/captures/live_surveillance_20260629T1003Z/labels_ollama_review_queue.csv,tools/dataset/captures/live_surveillance_20260629T1003Z/labels_environment.csv
live_surveillance_20260629T1003Z_capture_0033,tools/dataset/captures/live_surveillance_20260629T1003Z/capture_0033.jpg,28,52,2026,530,484,true,train,ollama_ocr,approved,owner-bulk-approved,2026-06-29T20:15:49+00:00,qwen3-vl:4b,aqs-five-field-v2,tools/dataset/captures/live_surveillance_20260629T1003Z/labels_ollama_review_queue.csv,tools/dataset/captures/live_surveillance_20260629T1003Z/labels_environment.csv
live_surveillance_20260629T1003Z_capture_0049,tools/dataset/captures/live_surveillance_20260629T1003Z/capture_0049.jpg,28,52,2043,545,526,true,train,ollama_ocr,approved,owner-bulk-approved,2026-06-29T20:15:49+00:00,qwen3-vl:4b,aqs-five-field-v2,tools/dataset/captures/live_surveillance_20260629T1003Z/labels_ollama_review_queue.csv,tools/dataset/captures/live_surveillance_20260629T1003Z/labels_environment.csv
live_surveillance_20260629T1003Z_capture_0051,tools/dataset/captures/live_surveillance_20260629T1003Z/capture_0051.jpg,28,52,2037,534,485,true,validation,ollama_ocr,approved,owner-bulk-approved,2026-06-29T20:15:49+00:00,qwen3-vl:4b,aqs-five-field-v2,tools/dataset/captures/live_surveillance_20260629T1003Z/labels_ollama_review_queue.csv,tools/dataset/captures/live_surveillance_20260629T1003Z/labels_environment.csv
live_surveillance_20260629T1003Z_capture_0052,tools/dataset/captures/live_surveillance_20260629T1003Z/capture_0052.jpg,28,52,2026,530,484,true,train,ollama_ocr,approved,owner-bulk-approved,2026-06-29T20:15:49+00:00,qwen3-vl:4b,aqs-five-field-v2,tools/dataset/captures/live_surveillance_20260629T1003Z/labels_ollama_review_queue.csv,tools/dataset/captures/live_surveillance_20260629T1003Z/labels_environment.csv
live_surveillance_20260629T1003Z_capture_0053,tools/dataset/captures/live_surveillance_20260629T1003Z/capture_0053.jpg,28,52,2026,530,484,true,test,ollama_ocr,approved,owner-bulk-approved,2026-06-29T20:15:49+00:00,qwen3-vl:4b,aqs-five-field-v2,tools/dataset/captures/live_surveillance_20260629T1003Z/labels_ollama_review_queue.csv,tools/dataset/captures/live_surveillance_20260629T1003Z/labels_environment.csv
live_surveillance_20260629T1003Z_capture_0054,tools/dataset/captures/live_surveillance_20260629T1003Z/capture_0054.jpg,28,52,2026,530,484,true,train,ollama_ocr,approved,owner-bulk-approved,2026-06-29T20:15:49+00:00,qwen3-vl:4b,aqs-five-field-v2,tools/dataset/captures/live_surveillance_20260629T1003Z/labels_ollama_review_queue.csv,tools/dataset/captures/live_surveillance_20260629T1003Z/labels_environment.csv
live_surveillance_20260629T1003Z_capture_0055,tools/dataset/captures/live_surveillance_20260629T1003Z/capture_0055.jpg,28,52,2026,530,484,true,train,ollama_ocr,approved,owner-bulk-approved,2026-06-29T20:15:49+00:00,qwen3-vl:4b,aqs-five-field-v2,tools/dataset/captures/live_surveillance_20260629T1003Z/labels_ollama_review_queue.csv,tools/dataset/captures/live_surveillance_20260629T1003Z/labels_environment.csv
live_surveillance_20260629T1003Z_capture_0084,tools/dataset/captures/live_surveillance_20260629T1003Z/capture_0084.jpg,28,51,806,386,880,true,train,ollama_ocr,approved,owner-bulk-approved,2026-06-29T20:15:49+00:00,qwen3-vl:4b,aqs-five-field-v2,tools/dataset/captures/live_surveillance_20260629T1003Z/labels_ollama_review_queue.csv,tools/dataset/captures/live_surveillance_20260629T1003Z/labels_environment.csv
live_surveillance_20260629T1003Z_capture_0085,tools/dataset/captures/live_surveillance_20260629T1003Z/capture_0085.jpg,28,51,806,386,880,true,train,ollama_ocr,approved,owner-bulk-approved,2026-06-29T20:15:49+00:00,qwen3-vl:4b,aqs-five-field-v2,tools/dataset/captures/live_surveillance_20260629T1003Z/labels_ollama_review_queue.csv,tools/dataset/captures/live_surveillance_20260629T1003Z/labels_environment.csv
live_surveillance_20260629T1003Z_capture_0086,tools/dataset/captures/live_surveillance_20260629T1003Z/capture_0086.jpg,28,51,806,386,880,true,validation,ollama_ocr,approved,owner-bulk-approved,2026-06-29T20:15:49+00:00,qwen3-vl:4b,aqs-five-field-v2,tools/dataset/captures/live_surveillance_20260629T1003Z/labels_ollama_review_queue.csv,tools/dataset/captures/live_surveillance_20260629T1003Z/labels_environment.csv
live_surveillance_20260629T1003Z_capture_0087,tools/dataset/captures/live_surveillance_20260629T1003Z/capture_0087.jpg,28,51,806,386,880,true,train,ollama_ocr,approved,owner-bulk-approved,2026-06-29T20:15:49+00:00,qwen3-vl:4b,aqs-five-field-v2,tools/dataset/captures/live_surveillance_20260629T1003Z/labels_ollama_review_queue.csv,tools/dataset/captures/live_surveillance_20260629T1003Z/labels_environment.csv
live_surveillance_20260629T1003Z_capture_0104,tools/dataset/captures/live_surveillance_20260629T1003Z/capture_0104.jpg,28,51,1762,357,999,true,test,ollama_ocr,approved,owner-bulk-approved,2026-06-29T20:15:49+00:00,qwen3-vl:4b,aqs-five-field-v2,tools/dataset/captures/live_surveillance_20260629T1003Z/labels_ollama_review_queue.csv,tools/dataset/captures/live_surveillance_20260629T1003Z/labels_environment.csv
live_surveillance_20260629T1003Z_capture_0105,tools/dataset/captures/live_surveillance_20260629T1003Z/capture_0105.jpg,28,51,1762,357,999,true,train,ollama_ocr,approved,owner-bulk-approved,2026-06-29T20:15:49+00:00,qwen3-vl:4b,aqs-five-field-v2,tools/dataset/captures/live_surveillance_20260629T1003Z/labels_ollama_review_queue.csv,tools/dataset/captures/live_surveillance_20260629T1003Z/labels_environment.csv
live_surveillance_20260629T1003Z_capture_0111,tools/dataset/captures/live_surveillance_20260629T1003Z/capture_0111.jpg,28,51,1685,303,88,true,train,ollama_ocr,approved,owner-bulk-approved,2026-06-29T20:15:49+00:00,qwen3-vl:4b,aqs-five-field-v2,tools/dataset/captures/live_surveillance_20260629T1003Z/labels_ollama_review_queue.csv,tools/dataset/captures/live_surveillance_20260629T1003Z/labels_environment.csv
live_surveillance_20260629T1003Z_capture_0112,tools/dataset/captures/live_surveillance_20260629T1003Z/capture_0112.jpg,28,51,1680,303,88,true,train,ollama_ocr,approved,owner-bulk-approved,2026-06-29T20:15:49+00:00,qwen3-vl:4b,aqs-five-field-v2,tools/dataset/captures/live_surveillance_20260629T1003Z/labels_ollama_review_queue.csv,tools/dataset/captures/live_surveillance_20260629T1003Z/labels_environment.csv
live_surveillance_20260629T1003Z_capture_0119,tools/dataset/captures/live_surveillance_20260629T1003Z/capture_0119.jpg,28,51,1762,357,999,true,validation,ollama_ocr,approved,owner-bulk-approved,2026-06-29T20:15:49+00:00,qwen3-vl:4b,aqs-five-field-v2,tools/dataset/captures/live_surveillance_20260629T1003Z/labels_ollama_review_queue.csv,tools/dataset/captures/live_surveillance_20260629T1003Z/labels_environment.csv
live_surveillance_20260629T1003Z_capture_0120,tools/dataset/captures/live_surveillance_20260629T1003Z/capture_0120.jpg,28,51,1762,357,999,true,train,ollama_ocr,approved,owner-bulk-approved,2026-06-29T20:15:49+00:00,qwen3-vl:4b,aqs-five-field-v2,tools/dataset/captures/live_surveillance_20260629T1003Z/labels_ollama_review_queue.csv,tools/dataset/captures/live_surveillance_20260629T1003Z/labels_environment.csv
live_surveillance_20260629T1003Z_capture_0121,tools/dataset/captures/live_surveillance_20260629T1003Z/capture_0121.jpg,28,51,1762,357,999,true,train,ollama_ocr,approved,owner-bulk-approved,2026-06-29T20:15:49+00:00,qwen3-vl:4b,aqs-five-field-v2,tools/dataset/captures/live_surveillance_20260629T1003Z/labels_ollama_review_queue.csv,tools/dataset/captures/live_surveillance_20260629T1003Z/labels_environment.csv
live_surveillance_20260629T1003Z_capture_0122,tools/dataset/captures/live_surveillance_20260629T1003Z/capture_0122.jpg,28,51,1762,357,999,true,test,ollama_ocr,approved,owner-bulk-approved,2026-06-29T20:15:49+00:00,qwen3-vl:4b,aqs-five-field-v2,tools/dataset/captures/live_surveillance_20260629T1003Z/labels_ollama_review_queue.csv,tools/dataset/captures/live_surveillance_20260629T1003Z/labels_environment.csv
live_surveillance_20260629T1003Z_capture_0123,tools/dataset/captures/live_surveillance_20260629T1003Z/capture_0123.jpg,28,51,1762,357,999,true,train,ollama_ocr,approved,owner-bulk-approved,2026-06-29T20:15:49+00:00,qwen3-vl:4b,aqs-five-field-v2,tools/dataset/captures/live_surveillance_20260629T1003Z/labels_ollama_review_queue.csv,tools/dataset/captures/live_surveillance_20260629T1003Z/labels_environment.csv
live_surveillance_20260629T1003Z_capture_0124,tools/dataset/captures/live_surveillance_20260629T1003Z/capture_0124.jpg,28,51,1762,357,999,true,train,ollama_ocr,approved,owner-bulk-approved,2026-06-29T20:15:49+00:00,qwen3-vl:4b,aqs-five-field-v2,tools/dataset/captures/live_surveillance_20260629T1003Z/labels_ollama_review_queue.csv,tools/dataset/captures/live_surveillance_20260629T1003Z/labels_environment.csv
live_surveillance_20260629T1003Z_capture_0125,tools/dataset/captures/live_surveillance_20260629T1003Z/capture_0125.jpg,28,51,1762,357,999,true,train,ollama_ocr,approved,owner-bulk-approved,2026-06-29T20:15:49+00:00,qwen3-vl:4b,aqs-five-field-v2,tools/dataset/captures/live_surveillance_20260629T1003Z/labels_ollama_review_queue.csv,tools/dataset/captures/live_surveillance_20260629T1003Z/labels_environment.csv
live_surveillance_20260629T1003Z_capture_0130,tools/dataset/captures/live_surveillance_20260629T1003Z/capture_0130.jpg,28,51,806,386,880,true,validation,ollama_ocr,approved,owner-bulk-approved,2026-06-29T20:15:49+00:00,qwen3-vl:4b,aqs-five-field-v2,tools/dataset/captures/live_surveillance_20260629T1003Z/labels_ollama_review_queue.csv,tools/dataset/captures/live_surveillance_20260629T1003Z/labels_environment.csv
live_surveillance_20260629T1003Z_capture_0131,tools/dataset/captures/live_surveillance_20260629T1003Z/capture_0131.jpg,28,51,806,386,880,true,train,ollama_ocr,approved,owner-bulk-approved,2026-06-29T20:15:49+00:00,qwen3-vl:4b,aqs-five-field-v2,tools/dataset/captures/live_surveillance_20260629T1003Z/labels_ollama_review_queue.csv,tools/dataset/captures/live_surveillance_20260629T1003Z/labels_environment.csv
live_surveillance_20260629T1003Z_capture_0132,tools/dataset/captures/live_surveillance_20260629T1003Z/capture_0132.jpg,28,51,806,386,880,true,test,ollama_ocr,approved,owner-bulk-approved,2026-06-29T20:15:49+00:00,qwen3-vl:4b,aqs-five-field-v2,tools/dataset/captures/live_surveillance_20260629T1003Z/labels_ollama_review_queue.csv,tools/dataset/captures/live_surveillance_20260629T1003Z/labels_environment.csv
live_surveillance_20260629T1003Z_capture_0133,tools/dataset/captures/live_surveillance_20260629T1003Z/capture_0133.jpg,28,51,806,386,880,true,train,ollama_ocr,approved,owner-bulk-approved,2026-06-29T20:15:49+00:00,qwen3-vl:4b,aqs-five-field-v2,tools/dataset/captures/live_surveillance_20260629T1003Z/labels_ollama_review_queue.csv,tools/dataset/captures/live_surveillance_20260629T1003Z/labels_environment.csv
live_surveillance_20260629T1003Z_capture_0134,tools/dataset/captures/live_surveillance_20260629T1003Z/capture_0134.jpg,28,51,806,386,880,true,train,ollama_ocr,approved,owner-bulk-approved,2026-06-29T20:15:49+00:00,qwen3-vl:4b,aqs-five-field-v2,tools/dataset/captures/live_surveillance_20260629T1003Z/labels_ollama_review_queue.csv,tools/dataset/captures/live_surveillance_20260629T1003Z/labels_environment.csv
live_surveillance_20260629T1003Z_capture_0135,tools/dataset/captures/live_surveillance_20260629T1003Z/capture_0135.jpg,28,51,806,386,880,true,train,ollama_ocr,approved,owner-bulk-approved,2026-06-29T20:15:49+00:00,qwen3-vl:4b,aqs-five-field-v2,tools/dataset/captures/live_surveillance_20260629T1003Z/labels_ollama_review_queue.csv,tools/dataset/captures/live_surveillance_20260629T1003Z/labels_environment.csv
live_surveillance_20260629T1003Z_capture_0136,tools/dataset/captures/live_surveillance_20260629T1003Z/capture_0136.jpg,28,51,806,386,880,true,train,ollama_ocr,approved,owner-bulk-approved,2026-06-29T20:15:49+00:00,qwen3-vl:4b,aqs-five-field-v2,tools/dataset/captures/live_surveillance_20260629T1003Z/labels_ollama_review_queue.csv,tools/dataset/captures/live_surveillance_20260629T1003Z/labels_environment.csv
live_surveillance_20260629T1003Z_capture_0137,tools/dataset/captures/live_surveillance_20260629T1003Z/capture_0137.jpg,28,51,806,386,880,true,validation,ollama_ocr,approved,owner-bulk-approved,2026-06-29T20:15:49+00:00,qwen3-vl:4b,aqs-five-field-v2,tools/dataset/captures/live_surveillance_20260629T1003Z/labels_ollama_review_queue.csv,tools/dataset/captures/live_surveillance_20260629T1003Z/labels_environment.csv
live_surveillance_20260629T1003Z_capture_0138,tools/dataset/captures/live_surveillance_20260629T1003Z/capture_0138.jpg,28,51,806,386,880,true,train,ollama_ocr,approved,owner-bulk-approved,2026-06-29T20:15:49+00:00,qwen3-vl:4b,aqs-five-field-v2,tools/dataset/captures/live_surveillance_20260629T1003Z/labels_ollama_review_queue.csv,tools/dataset/captures/live_surveillance_20260629T1003Z/labels_environment.csv
live_surveillance_20260629T1003Z_capture_0139,tools/dataset/captures/live_surveillance_20260629T1003Z/capture_0139.jpg,28,51,806,386,880,true,test,ollama_ocr,approved,owner-bulk-approved,2026-06-29T20:15:49+00:00,qwen3-vl:4b,aqs-five-field-v2,tools/dataset/captures/live_surveillance_20260629T1003Z/labels_ollama_review_queue.csv,tools/dataset/captures/live_surveillance_20260629T1003Z/labels_environment.csv
live_surveillance_20260629T1003Z_capture_0140,tools/dataset/captures/live_surveillance_20260629T1003Z/capture_0140.jpg,28,52,806,386,880,true,train,ollama_ocr,approved,owner-bulk-approved,2026-06-29T20:15:49+00:00,qwen3-vl:4b,aqs-five-field-v2,tools/dataset/captures/live_surveillance_20260629T1003Z/labels_ollama_review_queue.csv,tools/dataset/captures/live_surveillance_20260629T1003Z/labels_environment.csv
live_surveillance_20260629T1003Z_capture_0141,tools/dataset/captures/live_surveillance_20260629T1003Z/capture_0141.jpg,28,52,806,386,880,true,train,ollama_ocr,approved,owner-bulk-approved,2026-06-29T20:15:49+00:00,qwen3-vl:4b,aqs-five-field-v2,tools/dataset/captures/live_surveillance_20260629T1003Z/labels_ollama_review_queue.csv,tools/dataset/captures/live_surveillance_20260629T1003Z/labels_environment.csv
live_surveillance_20260629T1003Z_capture_0143,tools/dataset/captures/live_surveillance_20260629T1003Z/capture_0143.jpg,28,52,806,386,880,true,train,ollama_ocr,approved,owner-bulk-approved,2026-06-29T20:15:49+00:00,qwen3-vl:4b,aqs-five-field-v2,tools/dataset/captures/live_surveillance_20260629T1003Z/labels_ollama_review_queue.csv,tools/dataset/captures/live_surveillance_20260629T1003Z/labels_environment.csv
live_surveillance_20260629T1003Z_capture_0144,tools/dataset/captures/live_surveillance_20260629T1003Z/capture_0144.jpg,28,52,806,386,880,true,validation,ollama_ocr,approved,owner-bulk-approved,2026-06-29T20:15:49+00:00,qwen3-vl:4b,aqs-five-field-v2,tools/dataset/captures/live_surveillance_20260629T1003Z/labels_ollama_review_queue.csv,tools/dataset/captures/live_surveillance_20260629T1003Z/labels_environment.csv
live_surveillance_20260629T1003Z_capture_0145,tools/dataset/captures/live_surveillance_20260629T1003Z/capture_0145.jpg,28,52,806,386,880,true,train,ollama_ocr,approved,owner-bulk-approved,2026-06-29T20:15:49+00:00,qwen3-vl:4b,aqs-five-field-v2,tools/dataset/captures/live_surveillance_20260629T1003Z/labels_ollama_review_queue.csv,tools/dataset/captures/live_surveillance_20260629T1003Z/labels_environment.csv
live_surveillance_20260629T1003Z_capture_0150,tools/dataset/captures/live_surveillance_20260629T1003Z/capture_0150.jpg,28,52,1762,357,999,true,train,ollama_ocr,approved,owner-bulk-approved,2026-06-29T20:15:49+00:00,qwen3-vl:4b,aqs-five-field-v2,tools/dataset/captures/live_surveillance_20260629T1003Z/labels_ollama_review_queue.csv,tools/dataset/captures/live_surveillance_20260629T1003Z/labels_environment.csv
live_surveillance_20260629T1003Z_capture_0151,tools/dataset/captures/live_surveillance_20260629T1003Z/capture_0151.jpg,28,52,1762,357,999,true,test,ollama_ocr,approved,owner-bulk-approved,2026-06-29T20:15:49+00:00,qwen3-vl:4b,aqs-five-field-v2,tools/dataset/captures/live_surveillance_20260629T1003Z/labels_ollama_review_queue.csv,tools/dataset/captures/live_surveillance_20260629T1003Z/labels_environment.csv
live_surveillance_20260629T1003Z_capture_0152,tools/dataset/captures/live_surveillance_20260629T1003Z/capture_0152.jpg,28,52,1762,357,999,true,train,ollama_ocr,approved,owner-bulk-approved,2026-06-29T20:15:49+00:00,qwen3-vl:4b,aqs-five-field-v2,tools/dataset/captures/live_surveillance_20260629T1003Z/labels_ollama_review_queue.csv,tools/dataset/captures/live_surveillance_20260629T1003Z/labels_environment.csv
live_surveillance_20260629T1003Z_capture_0153,tools/dataset/captures/live_surveillance_20260629T1003Z/capture_0153.jpg,28,52,1762,357,999,true,train,ollama_ocr,approved,owner-bulk-approved,2026-06-29T20:15:49+00:00,qwen3-vl:4b,aqs-five-field-v2,tools/dataset/captures/live_surveillance_20260629T1003Z/labels_ollama_review_queue.csv,tools/dataset/captures/live_surveillance_20260629T1003Z/labels_environment.csv
live_surveillance_20260629T1003Z_capture_0154,tools/dataset/captures/live_surveillance_20260629T1003Z/capture_0154.jpg,28,52,1762,357,999,true,train,ollama_ocr,approved,owner-bulk-approved,2026-06-29T20:15:49+00:00,qwen3-vl:4b,aqs-five-field-v2,tools/dataset/captures/live_surveillance_20260629T1003Z/labels_ollama_review_queue.csv,tools/dataset/captures/live_surveillance_20260629T1003Z/labels_environment.csv
live_surveillance_20260629T1003Z_capture_0155,tools/dataset/captures/live_surveillance_20260629T1003Z/capture_0155.jpg,28,52,1762,357,999,true,validation,ollama_ocr,approved,owner-bulk-approved,2026-06-29T20:15:49+00:00,qwen3-vl:4b,aqs-five-field-v2,tools/dataset/captures/live_surveillance_20260629T1003Z/labels_ollama_review_queue.csv,tools/dataset/captures/live_surveillance_20260629T1003Z/labels_environment.csv
live_surveillance_20260629T1003Z_capture_0156,tools/dataset/captures/live_surveillance_20260629T1003Z/capture_0156.jpg,28,52,1762,357,999,true,train,ollama_ocr,approved,owner-bulk-approved,2026-06-29T20:15:49+00:00,qwen3-vl:4b,aqs-five-field-v2,tools/dataset/captures/live_surveillance_20260629T1003Z/labels_ollama_review_queue.csv,tools/dataset/captures/live_surveillance_20260629T1003Z/labels_environment.csv
live_surveillance_20260629T1003Z_capture_0157,tools/dataset/captures/live_surveillance_20260629T1003Z/capture_0157.jpg,28,52,1762,357,999,true,test,ollama_ocr,approved,owner-bulk-approved,2026-06-29T20:15:49+00:00,qwen3-vl:4b,aqs-five-field-v2,tools/dataset/captures/live_surveillance_20260629T1003Z/labels_ollama_review_queue.csv,tools/dataset/captures/live_surveillance_20260629T1003Z/labels_environment.csv
live_surveillance_20260629T1003Z_capture_0158,tools/dataset/captures/live_surveillance_20260629T1003Z/capture_0158.jpg,28,52,1762,357,999,true,train,ollama_ocr,approved,owner-bulk-approved,2026-06-29T20:15:49+00:00,qwen3-vl:4b,aqs-five-field-v2,tools/dataset/captures/live_surveillance_20260629T1003Z/labels_ollama_review_queue.csv,tools/dataset/captures/live_surveillance_20260629T1003Z/labels_environment.csv
live_surveillance_20260629T1003Z_capture_0159,tools/dataset/captures/live_surveillance_20260629T1003Z/capture_0159.jpg,28,52,1762,357,999,true,train,ollama_ocr,approved,owner-bulk-approved,2026-06-29T20:15:49+00:00,qwen3-vl:4b,aqs-five-field-v2,tools/dataset/captures/live_surveillance_20260629T1003Z/labels_ollama_review_queue.csv,tools/dataset/captures/live_surveillance_20260629T1003Z/labels_environment.csv
live_surveillance_20260629T1003Z_capture_0160,tools/dataset/captures/live_surveillance_20260629T1003Z/capture_0160.jpg,28,52,1762,357,999,true,train,ollama_ocr,approved,owner-bulk-approved,2026-06-29T20:15:49+00:00,qwen3-vl:4b,aqs-five-field-v2,tools/dataset/captures/live_surveillance_20260629T1003Z/labels_ollama_review_queue.csv,tools/dataset/captures/live_surveillance_20260629T1003Z/labels_environment.csv
live_surveillance_20260629T1003Z_capture_0161,tools/dataset/captures/live_surveillance_20260629T1003Z/capture_0161.jpg,28,52,1762,357,999,true,train,ollama_ocr,approved,owner-bulk-approved,2026-06-29T20:15:49+00:00,qwen3-vl:4b,aqs-five-field-v2,tools/dataset/captures/live_surveillance_20260629T1003Z/labels_ollama_review_queue.csv,tools/dataset/captures/live_surveillance_20260629T1003Z/labels_environment.csv
live_surveillance_20260629T1003Z_capture_0162,tools/dataset/captures/live_surveillance_20260629T1003Z/capture_0162.jpg,28,52,1762,357,999,true,validation,ollama_ocr,approved,owner-bulk-approved,2026-06-29T20:15:49+00:00,qwen3-vl:4b,aqs-five-field-v2,tools/dataset/captures/live_surveillance_20260629T1003Z/labels_ollama_review_queue.csv,tools/dataset/captures/live_surveillance_20260629T1003Z/labels_environment.csv
live_surveillance_20260629T1003Z_capture_0176,tools/dataset/captures/live_surveillance_20260629T1003Z/capture_0176.jpg,28,51,691,34,879,true,train,ollama_ocr,approved,owner-bulk-approved,2026-06-29T20:15:49+00:00,qwen3-vl:4b,aqs-five-field-v2,tools/dataset/captures/live_surveillance_20260629T1003Z/labels_ollama_review_queue.csv,tools/dataset/captures/live_surveillance_20260629T1003Z/labels_environment.csv
live_surveillance_20260629T1003Z_capture_0181,tools/dataset/captures/live_surveillance_20260629T1003Z/capture_0181.jpg,28,51,1702,38,890,true,test,ollama_ocr,approved,owner-bulk-approved,2026-06-29T20:15:49+00:00,qwen3-vl:4b,aqs-five-field-v2,tools/dataset/captures/live_surveillance_20260629T1003Z/labels_ollama_review_queue.csv,tools/dataset/captures/live_surveillance_20260629T1003Z/labels_environment.csv
live_surveillance_20260629T1003Z_capture_0182,tools/dataset/captures/live_surveillance_20260629T1003Z/capture_0182.jpg,28,51,1702,38,898,true,train,ollama_ocr,approved,owner-bulk-approved,2026-06-29T20:15:49+00:00,qwen3-vl:4b,aqs-five-field-v2,tools/dataset/captures/live_surveillance_20260629T1003Z/labels_ollama_review_queue.csv,tools/dataset/captures/live_surveillance_20260629T1003Z/labels_environment.csv
live_surveillance_20260629T1003Z_capture_0183,tools/dataset/captures/live_surveillance_20260629T1003Z/capture_0183.jpg,28,51,1702,38,890,true,train,ollama_ocr,approved,owner-bulk-approved,2026-06-29T20:15:49+00:00,qwen3-vl:4b,aqs-five-field-v2,tools/dataset/captures/live_surveillance_20260629T1003Z/labels_ollama_review_queue.csv,tools/dataset/captures/live_surveillance_20260629T1003Z/labels_environment.csv
live_surveillance_20260629T1003Z_capture_0186,tools/dataset/captures/live_surveillance_20260629T1003Z/capture_0186.jpg,28,51,1707,32,890,true,train,ollama_ocr,approved,owner-bulk-approved,2026-06-29T20:15:49+00:00,qwen3-vl:4b,aqs-five-field-v2,tools/dataset/captures/live_surveillance_20260629T1003Z/labels_ollama_review_queue.csv,tools/dataset/captures/live_surveillance_20260629T1003Z/labels_environment.csv
live_surveillance_20260629T1003Z_capture_0227,tools/dataset/captures/live_surveillance_20260629T1003Z/capture_0227.jpg,28,51,1713,329,92,true,validation,ollama_ocr,approved,owner-bulk-approved,2026-06-29T20:15:49+00:00,qwen3-vl:4b,aqs-five-field-v2,tools/dataset/captures/live_surveillance_20260629T1003Z/labels_ollama_review_queue.csv,tools/dataset/captures/live_surveillance_20260629T1003Z/labels_environment.csv
live_surveillance_20260629T1003Z_capture_0228,tools/dataset/captures/live_surveillance_20260629T1003Z/capture_0228.jpg,28,51,1729,329,92,true,train,ollama_ocr,approved,owner-bulk-approved,2026-06-29T20:15:49+00:00,qwen3-vl:4b,aqs-five-field-v2,tools/dataset/captures/live_surveillance_20260629T1003Z/labels_ollama_review_queue.csv,tools/dataset/captures/live_surveillance_20260629T1003Z/labels_environment.csv
live_surveillance_20260629T1003Z_capture_0229,tools/dataset/captures/live_surveillance_20260629T1003Z/capture_0229.jpg,28,51,1724,332,92,true,train,ollama_ocr,approved,owner-bulk-approved,2026-06-29T20:15:49+00:00,qwen3-vl:4b,aqs-five-field-v2,tools/dataset/captures/live_surveillance_20260629T1003Z/labels_ollama_review_queue.csv,tools/dataset/captures/live_surveillance_20260629T1003Z/labels_environment.csv
live_surveillance_20260629T1003Z_capture_0231,tools/dataset/captures/live_surveillance_20260629T1003Z/capture_0231.jpg,28,51,1713,325,90,true,test,ollama_ocr,approved,owner-bulk-approved,2026-06-29T20:15:49+00:00,qwen3-vl:4b,aqs-five-field-v2,tools/dataset/captures/live_surveillance_20260629T1003Z/labels_ollama_review_queue.csv,tools/dataset/captures/live_surveillance_20260629T1003Z/labels_environment.csv
live_surveillance_20260629T1003Z_capture_0232,tools/dataset/captures/live_surveillance_20260629T1003Z/capture_0232.jpg,28,51,1724,332,90,true,train,ollama_ocr,approved,owner-bulk-approved,2026-06-29T20:15:49+00:00,qwen3-vl:4b,aqs-five-field-v2,tools/dataset/captures/live_surveillance_20260629T1003Z/labels_ollama_review_queue.csv,tools/dataset/captures/live_surveillance_20260629T1003Z/labels_environment.csv
live_surveillance_20260629T1003Z_capture_0233,tools/dataset/captures/live_surveillance_20260629T1003Z/capture_0233.jpg,28,51,1729,332,90,true,train,ollama_ocr,approved,owner-bulk-approved,2026-06-29T20:15:49+00:00,qwen3-vl:4b,aqs-five-field-v2,tools/dataset/captures/live_surveillance_20260629T1003Z/labels_ollama_review_queue.csv,tools/dataset/captures/live_surveillance_20260629T1003Z/labels_environment.csv
live_surveillance_20260629T1003Z_capture_0234,tools/dataset/captures/live_surveillance_20260629T1003Z/capture_0234.jpg,28,51,1735,339,99,true,train,ollama_ocr,approved,owner-bulk-approved,2026-06-29T20:15:49+00:00,qwen3-vl:4b,aqs-five-field-v2,tools/dataset/captures/live_surveillance_20260629T1003Z/labels_ollama_review_queue.csv,tools/dataset/captures/live_surveillance_20260629T1003Z/labels_environment.csv
live_surveillance_20260629T1003Z_capture_0260,tools/dataset/captures/live_surveillance_20260629T1003Z/capture_0260.jpg,28,51,1685,307,859,true,validation,ollama_ocr,approved,owner-bulk-approved,2026-06-29T20:15:49+00:00,qwen3-vl:4b,aqs-five-field-v2,tools/dataset/captures/live_surveillance_20260629T1003Z/labels_ollama_review_queue.csv,tools/dataset/captures/live_surveillance_20260629T1003Z/labels_environment.csv
live_surveillance_20260629T1003Z_capture_0261,tools/dataset/captures/live_surveillance_20260629T1003Z/capture_0261.jpg,28,51,1685,307,859,true,train,ollama_ocr,approved,owner-bulk-approved,2026-06-29T20:15:49+00:00,qwen3-vl:4b,aqs-five-field-v2,tools/dataset/captures/live_surveillance_20260629T1003Z/labels_ollama_review_queue.csv,tools/dataset/captures/live_surveillance_20260629T1003Z/labels_environment.csv
live_surveillance_20260629T1003Z_capture_0262,tools/dataset/captures/live_surveillance_20260629T1003Z/capture_0262.jpg,28,51,1685,307,859,true,test,ollama_ocr,approved,owner-bulk-approved,2026-06-29T20:15:49+00:00,qwen3-vl:4b,aqs-five-field-v2,tools/dataset/captures/live_surveillance_20260629T1003Z/labels_ollama_review_queue.csv,tools/dataset/captures/live_surveillance_20260629T1003Z/labels_environment.csv
live_surveillance_20260629T1003Z_capture_0263,tools/dataset/captures/live_surveillance_20260629T1003Z/capture_0263.jpg,28,51,1685,307,859,true,train,ollama_ocr,approved,owner-bulk-approved,2026-06-29T20:15:49+00:00,qwen3-vl:4b,aqs-five-field-v2,tools/dataset/captures/live_surveillance_20260629T1003Z/labels_ollama_review_queue.csv,tools/dataset/captures/live_surveillance_20260629T1003Z/labels_environment.csv
live_surveillance_20260629T1003Z_capture_0271,tools/dataset/captures/live_surveillance_20260629T1003Z/capture_0271.jpg,28,51,1685,307,859,true,train,ollama_ocr,approved,owner-bulk-approved,2026-06-29T20:15:49+00:00,qwen3-vl:4b,aqs-five-field-v2,tools/dataset/captures/live_surveillance_20260629T1003Z/labels_ollama_review_queue.csv,tools/dataset/captures/live_surveillance_20260629T1003Z/labels_environment.csv
live_surveillance_20260629T1003Z_capture_0275,tools/dataset/captures/live_surveillance_20260629T1003Z/capture_0275.jpg,28,51,1680,303,88,true,train,ollama_ocr,approved,owner-bulk-approved,2026-06-29T20:15:49+00:00,qwen3-vl:4b,aqs-five-field-v2,tools/dataset/captures/live_surveillance_20260629T1003Z/labels_ollama_review_queue.csv,tools/dataset/captures/live_surveillance_20260629T1003Z/labels_environment.csv
live_surveillance_20260629T1003Z_capture_0276,tools/dataset/captures/live_surveillance_20260629T1003Z/capture_0276.jpg,28,51,1680,303,88,true,train,ollama_ocr,approved,owner-bulk-approved,2026-06-29T20:15:49+00:00,qwen3-vl:4b,aqs-five-field-v2,tools/dataset/captures/live_surveillance_20260629T1003Z/labels_ollama_review_queue.csv,tools/dataset/captures/live_surveillance_20260629T1003Z/labels_environment.csv
live_surveillance_20260629T1003Z_capture_0340,tools/dataset/captures/live_surveillance_20260629T1003Z/capture_0340.jpg,28,50,652,285,798,true,validation,ollama_ocr,approved,owner-bulk-approved,2026-06-29T20:15:49+00:00,qwen3-vl:4b,aqs-five-field-v2,tools/dataset/captures/live_surveillance_20260629T1003Z/labels_ollama_review_queue.csv,tools/dataset/captures/live_surveillance_20260629T1003Z/labels_environment.csv
live_surveillance_20260629T1003Z_capture_0341,tools/dataset/captures/live_surveillance_20260629T1003Z/capture_0341.jpg,28,50,652,285,798,true,train,ollama_ocr,approved,owner-bulk-approved,2026-06-29T20:15:49+00:00,qwen3-vl:4b,aqs-five-field-v2,tools/dataset/captures/live_surveillance_20260629T1003Z/labels_ollama_review_queue.csv,tools/dataset/captures/live_surveillance_20260629T1003Z/labels_environment.csv
live_surveillance_20260629T1003Z_capture_0342,tools/dataset/captures/live_surveillance_20260629T1003Z/capture_0342.jpg,28,50,652,285,798,true,test,ollama_ocr,approved,owner-bulk-approved,2026-06-29T20:15:49+00:00,qwen3-vl:4b,aqs-five-field-v2,tools/dataset/captures/live_surveillance_20260629T1003Z/labels_ollama_review_queue.csv,tools/dataset/captures/live_surveillance_20260629T1003Z/labels_environment.csv
live_surveillance_20260629T1003Z_capture_0343,tools/dataset/captures/live_surveillance_20260629T1003Z/capture_0343.jpg,28,50,652,282,789,true,train,ollama_ocr,approved,owner-bulk-approved,2026-06-29T20:15:49+00:00,qwen3-vl:4b,aqs-five-field-v2,tools/dataset/captures/live_surveillance_20260629T1003Z/labels_ollama_review_queue.csv,tools/dataset/captures/live_surveillance_20260629T1003Z/labels_environment.csv
live_surveillance_20260629T1003Z_capture_0344,tools/dataset/captures/live_surveillance_20260629T1003Z/capture_0344.jpg,28,50,652,285,798,true,train,ollama_ocr,approved,owner-bulk-approved,2026-06-29T20:15:49+00:00,qwen3-vl:4b,aqs-five-field-v2,tools/dataset/captures/live_surveillance_20260629T1003Z/labels_ollama_review_queue.csv,tools/dataset/captures/live_surveillance_20260629T1003Z/labels_environment.csv
live_surveillance_20260629T1003Z_capture_0345,tools/dataset/captures/live_surveillance_20260629T1003Z/capture_0345.jpg,28,50,647,282,789,true,train,ollama_ocr,approved,owner-bulk-approved,2026-06-29T20:15:49+00:00,qwen3-vl:4b,aqs-five-field-v2,tools/dataset/captures/live_surveillance_20260629T1003Z/labels_ollama_review_queue.csv,tools/dataset/captures/live_surveillance_20260629T1003Z/labels_environment.csv
live_surveillance_20260629T1003Z_capture_0346,tools/dataset/captures/live_surveillance_20260629T1003Z/capture_0346.jpg,28,50,647,278,789,true,validation,ollama_ocr,approved,owner-bulk-approved,2026-06-29T20:15:49+00:00,qwen3-vl:4b,aqs-five-field-v2,tools/dataset/captures/live_surveillance_20260629T1003Z/labels_ollama_review_queue.csv,tools/dataset/captures/live_surveillance_20260629T1003Z/labels_environment.csv
live_surveillance_20260629T1003Z_capture_0357,tools/dataset/captures/live_surveillance_20260629T1003Z/capture_0357.jpg,28,50,1647,285,789,true,train,ollama_ocr,approved,owner-bulk-approved,2026-06-29T20:15:49+00:00,qwen3-vl:4b,aqs-five-field-v2,tools/dataset/captures/live_surveillance_20260629T1003Z/labels_ollama_review_queue.csv,tools/dataset/captures/live_surveillance_20260629T1003Z/labels_environment.csv
live_surveillance_20260629T1003Z_capture_0368,tools/dataset/captures/live_surveillance_20260629T1003Z/capture_0368.jpg,28,50,630,271,758,true,train,ollama_ocr,approved,owner-bulk-approved,2026-06-29T20:15:49+00:00,qwen3-vl:4b,aqs-five-field-v2,tools/dataset/captures/live_surveillance_20260629T1003Z/labels_ollama_review_queue.csv,tools/dataset/captures/live_surveillance_20260629T1003Z/labels_environment.csv
live_surveillance_20260629T1003Z_capture_0369,tools/dataset/captures/live_surveillance_20260629T1003Z/capture_0369.jpg,28,50,630,271,758,true,test,ollama_ocr,approved,owner-bulk-approved,2026-06-29T20:15:49+00:00,qwen3-vl:4b,aqs-five-field-v2,tools/dataset/captures/live_surveillance_20260629T1003Z/labels_ollama_review_queue.csv,tools/dataset/captures/live_surveillance_20260629T1003Z/labels_environment.csv
live_surveillance_20260629T1003Z_capture_0370,tools/dataset/captures/live_surveillance_20260629T1003Z/capture_0370.jpg,28,50,630,271,758,true,train,ollama_ocr,approved,owner-bulk-approved,2026-06-29T20:15:49+00:00,qwen3-vl:4b,aqs-five-field-v2,tools/dataset/captures/live_surveillance_20260629T1003Z/labels_ollama_review_queue.csv,tools/dataset/captures/live_surveillance_20260629T1003Z/labels_environment.csv
live_surveillance_20260629T1003Z_capture_0371,tools/dataset/captures/live_surveillance_20260629T1003Z/capture_0371.jpg,28,50,630,271,758,true,train,ollama_ocr,approved,owner-bulk-approved,2026-06-29T20:15:49+00:00,qwen3-vl:4b,aqs-five-field-v2,tools/dataset/captures/live_surveillance_20260629T1003Z/labels_ollama_review_queue.csv,tools/dataset/captures/live_surveillance_20260629T1003Z/labels_environment.csv
live_surveillance_20260629T1003Z_capture_0372,tools/dataset/captures/live_surveillance_20260629T1003Z/capture_0372.jpg,28,50,630,271,758,true,train,ollama_ocr,approved,owner-bulk-approved,2026-06-29T20:15:49+00:00,qwen3-vl:4b,aqs-five-field-v2,tools/dataset/captures/live_surveillance_20260629T1003Z/labels_ollama_review_queue.csv,tools/dataset/captures/live_surveillance_20260629T1003Z/labels_environment.csv
live_surveillance_20260629T1003Z_capture_0373,tools/dataset/captures/live_surveillance_20260629T1003Z/capture_0373.jpg,28,50,630,271,758,true,validation,ollama_ocr,approved,owner-bulk-approved,2026-06-29T20:15:49+00:00,qwen3-vl:4b,aqs-five-field-v2,tools/dataset/captures/live_surveillance_20260629T1003Z/labels_ollama_review_queue.csv,tools/dataset/captures/live_surveillance_20260629T1003Z/labels_environment.csv
live_surveillance_20260629T1003Z_capture_0374,tools/dataset/captures/live_surveillance_20260629T1003Z/capture_0374.jpg,28,50,630,271,758,true,train,ollama_ocr,approved,owner-bulk-approved,2026-06-29T20:15:49+00:00,qwen3-vl:4b,aqs-five-field-v2,tools/dataset/captures/live_surveillance_20260629T1003Z/labels_ollama_review_queue.csv,tools/dataset/captures/live_surveillance_20260629T1003Z/labels_environment.csv
live_surveillance_20260629T1003Z_capture_0375,tools/dataset/captures/live_surveillance_20260629T1003Z/capture_0375.jpg,28,50,630,271,758,true,test,ollama_ocr,approved,owner-bulk-approved,2026-06-29T20:15:49+00:00,qwen3-vl:4b,aqs-five-field-v2,tools/dataset/captures/live_surveillance_20260629T1003Z/labels_ollama_review_queue.csv,tools/dataset/captures/live_surveillance_20260629T1003Z/labels_environment.csv
live_surveillance_20260629T1003Z_capture_0376,tools/dataset/captures/live_surveillance_20260629T1003Z/capture_0376.jpg,28,50,630,271,758,true,train,ollama_ocr,approved,owner-bulk-approved,2026-06-29T20:15:49+00:00,qwen3-vl:4b,aqs-five-field-v2,tools/dataset/captures/live_surveillance_20260629T1003Z/labels_ollama_review_queue.csv,tools/dataset/captures/live_surveillance_20260629T1003Z/labels_environment.csv
live_surveillance_20260629T1003Z_capture_0377,tools/dataset/captures/live_surveillance_20260629T1003Z/capture_0377.jpg,28,50,630,271,758,true,train,ollama_ocr,approved,owner-bulk-approved,2026-06-29T20:15:49+00:00,qwen3-vl:4b,aqs-five-field-v2,tools/dataset/captures/live_surveillance_20260629T1003Z/labels_ollama_review_queue.csv,tools/dataset/captures/live_surveillance_20260629T1003Z/labels_environment.csv
live_surveillance_20260629T1003Z_capture_0378,tools/dataset/captures/live_surveillance_20260629T1003Z/capture_0378.jpg,28,50,630,271,758,true,train,ollama_ocr,approved,owner-bulk-approved,2026-06-29T20:15:49+00:00,qwen3-vl:4b,aqs-five-field-v2,tools/dataset/captures/live_surveillance_20260629T1003Z/labels_ollama_review_queue.csv,tools/dataset/captures/live_surveillance_20260629T1003Z/labels_environment.csv
live_surveillance_20260629T1003Z_capture_0379,tools/dataset/captures/live_surveillance_20260629T1003Z/capture_0379.jpg,28,50,636,271,758,true,train,ollama_ocr,approved,owner-bulk-approved,2026-06-29T20:15:49+00:00,qwen3-vl:4b,aqs-five-field-v2,tools/dataset/captures/live_surveillance_20260629T1003Z/labels_ollama_review_queue.csv,tools/dataset/captures/live_surveillance_20260629T1003Z/labels_environment.csv
live_surveillance_20260629T1003Z_capture_0380,tools/dataset/captures/live_surveillance_20260629T1003Z/capture_0380.jpg,28,50,630,271,758,true,validation,ollama_ocr,approved,owner-bulk-approved,2026-06-29T20:15:49+00:00,qwen3-vl:4b,aqs-five-field-v2,tools/dataset/captures/live_surveillance_20260629T1003Z/labels_ollama_review_queue.csv,tools/dataset/captures/live_surveillance_20260629T1003Z/labels_environment.csv
live_surveillance_20260629T1003Z_capture_0381,tools/dataset/captures/live_surveillance_20260629T1003Z/capture_0381.jpg,28,50,630,271,758,true,train,ollama_ocr,approved,owner-bulk-approved,2026-06-29T20:15:49+00:00,qwen3-vl:4b,aqs-five-field-v2,tools/dataset/captures/live_surveillance_20260629T1003Z/labels_ollama_review_queue.csv,tools/dataset/captures/live_surveillance_20260629T1003Z/labels_environment.csv
live_surveillance_20260629T1003Z_capture_0382,tools/dataset/captures/live_surveillance_20260629T1003Z/capture_0382.jpg,28,50,630,271,758,true,test,ollama_ocr,approved,owner-bulk-approved,2026-06-29T20:15:49+00:00,qwen3-vl:4b,aqs-five-field-v2,tools/dataset/captures/live_surveillance_20260629T1003Z/labels_ollama_review_queue.csv,tools/dataset/captures/live_surveillance_20260629T1003Z/labels_environment.csv
live_surveillance_20260629T1003Z_capture_0383,tools/dataset/captures/live_surveillance_20260629T1003Z/capture_0383.jpg,28,50,630,271,758,true,train,ollama_ocr,approved,owner-bulk-approved,2026-06-29T20:15:49+00:00,qwen3-vl:4b,aqs-five-field-v2,tools/dataset/captures/live_surveillance_20260629T1003Z/labels_ollama_review_queue.csv,tools/dataset/captures/live_surveillance_20260629T1003Z/labels_environment.csv
live_surveillance_20260629T1003Z_capture_0384,tools/dataset/captures/live_surveillance_20260629T1003Z/capture_0384.jpg,28,50,630,271,758,true,train,ollama_ocr,approved,owner-bulk-approved,2026-06-29T20:15:49+00:00,qwen3-vl:4b,aqs-five-field-v2,tools/dataset/captures/live_surveillance_20260629T1003Z/labels_ollama_review_queue.csv,tools/dataset/captures/live_surveillance_20260629T1003Z/labels_environment.csv
live_surveillance_20260629T1003Z_capture_0385,tools/dataset/captures/live_surveillance_20260629T1003Z/capture_0385.jpg,28,50,630,271,758,true,train,ollama_ocr,approved,owner-bulk-approved,2026-06-29T20:15:49+00:00,qwen3-vl:4b,aqs-five-field-v2,tools/dataset/captures/live_surveillance_20260629T1003Z/labels_ollama_review_queue.csv,tools/dataset/captures/live_surveillance_20260629T1003Z/labels_environment.csv
live_surveillance_20260629T1003Z_capture_0386,tools/dataset/captures/live_surveillance_20260629T1003Z/capture_0386.jpg,28,50,630,271,758,true,validation,ollama_ocr,approved,owner-bulk-approved,2026-06-29T20:15:49+00:00,qwen3-vl:4b,aqs-five-field-v2,tools/dataset/captures/live_surveillance_20260629T1003Z/labels_ollama_review_queue.csv,tools/dataset/captures/live_surveillance_20260629T1003Z/labels_environment.csv
live_surveillance_20260629T1003Z_capture_0387,tools/dataset/captures/live_surveillance_20260629T1003Z/capture_0387.jpg,28,50,630,271,758,true,train,ollama_ocr,approved,owner-bulk-approved,2026-06-29T20:15:49+00:00,qwen3-vl:4b,aqs-five-field-v2,tools/dataset/captures/live_surveillance_20260629T1003Z/labels_ollama_review_queue.csv,tools/dataset/captures/live_surveillance_20260629T1003Z/labels_environment.csv
live_surveillance_20260629T1003Z_capture_0388,tools/dataset/captures/live_surveillance_20260629T1003Z/capture_0388.jpg,28,50,630,271,758,true,train,ollama_ocr,approved,owner-bulk-approved,2026-06-29T20:15:49+00:00,qwen3-vl:4b,aqs-five-field-v2,tools/dataset/captures/live_surveillance_20260629T1003Z/labels_ollama_review_queue.csv,tools/dataset/captures/live_surveillance_20260629T1003Z/labels_environment.csv
live_surveillance_20260629T1003Z_capture_0389,tools/dataset/captures/live_surveillance_20260629T1003Z/capture_0389.jpg,28,50,630,271,758,true,test,ollama_ocr,approved,owner-bulk-approved,2026-06-29T20:15:49+00:00,qwen3-vl:4b,aqs-five-field-v2,tools/dataset/captures/live_surveillance_20260629T1003Z/labels_ollama_review_queue.csv,tools/dataset/captures/live_surveillance_20260629T1003Z/labels_environment.csv
live_surveillance_20260629T1003Z_capture_0390,tools/dataset/captures/live_surveillance_20260629T1003Z/capture_0390.jpg,28,50,630,271,758,true,train,ollama_ocr,approved,owner-bulk-approved,2026-06-29T20:15:49+00:00,qwen3-vl:4b,aqs-five-field-v2,tools/dataset/captures/live_surveillance_20260629T1003Z/labels_ollama_review_queue.csv,tools/dataset/captures/live_surveillance_20260629T1003Z/labels_environment.csv
live_surveillance_20260629T1003Z_capture_0391,tools/dataset/captures/live_surveillance_20260629T1003Z/capture_0391.jpg,28,50,630,271,758,true,train,ollama_ocr,approved,owner-bulk-approved,2026-06-29T20:15:49+00:00,qwen3-vl:4b,aqs-five-field-v2,tools/dataset/captures/live_surveillance_20260629T1003Z/labels_ollama_review_queue.csv,tools/dataset/captures/live_surveillance_20260629T1003Z/labels_environment.csv
live_surveillance_20260629T1003Z_capture_0395,tools/dataset/captures/live_surveillance_20260629T1003Z/capture_0395.jpg,28,50,619,267,71,true,train,ollama_ocr,approved,owner-bulk-approved,2026-06-29T20:15:49+00:00,qwen3-vl:4b,aqs-five-field-v2,tools/dataset/captures/live_surveillance_20260629T1003Z/labels_ollama_review_queue.csv,tools/dataset/captures/live_surveillance_20260629T1003Z/labels_environment.csv
live_surveillance_20260629T1003Z_capture_0401,tools/dataset/captures/live_surveillance_20260629T1003Z/capture_0401.jpg,28,50,1592,246,688,true,validation,ollama_ocr,approved,owner-bulk-approved,2026-06-29T20:15:49+00:00,qwen3-vl:4b,aqs-five-field-v2,tools/dataset/captures/live_surveillance_20260629T1003Z/labels_ollama_review_queue.csv,tools/dataset/captures/live_surveillance_20260629T1003Z/labels_environment.csv
live_surveillance_20260629T1003Z_capture_0402,tools/dataset/captures/live_surveillance_20260629T1003Z/capture_0402.jpg,28,50,1603,253,708,true,train,ollama_ocr,approved,owner-bulk-approved,2026-06-29T20:15:49+00:00,qwen3-vl:4b,aqs-five-field-v2,tools/dataset/captures/live_surveillance_20260629T1003Z/labels_ollama_review_queue.csv,tools/dataset/captures/live_surveillance_20260629T1003Z/labels_environment.csv
live_surveillance_20260629T1003Z_capture_0403,tools/dataset/captures/live_surveillance_20260629T1003Z/capture_0403.jpg,28,50,1597,246,688,true,test,ollama_ocr,approved,owner-bulk-approved,2026-06-29T20:15:49+00:00,qwen3-vl:4b,aqs-five-field-v2,tools/dataset/captures/live_surveillance_20260629T1003Z/labels_ollama_review_queue.csv,tools/dataset/captures/live_surveillance_20260629T1003Z/labels_environment.csv
live_surveillance_20260629T1003Z_capture_0404,tools/dataset/captures/live_surveillance_20260629T1003Z/capture_0404.jpg,28,50,1586,242,677,true,train,ollama_ocr,approved,owner-bulk-approved,2026-06-29T20:15:49+00:00,qwen3-vl:4b,aqs-five-field-v2,tools/dataset/captures/live_surveillance_20260629T1003Z/labels_ollama_review_queue.csv,tools/dataset/captures/live_surveillance_20260629T1003Z/labels_environment.csv
live_surveillance_20260629T1003Z_capture_0406,tools/dataset/captures/live_surveillance_20260629T1003Z/capture_0406.jpg,28,50,1586,242,677,true,train,ollama_ocr,approved,owner-bulk-approved,2026-06-29T20:15:49+00:00,qwen3-vl:4b,aqs-five-field-v2,tools/dataset/captures/live_surveillance_20260629T1003Z/labels_ollama_review_queue.csv,tools/dataset/captures/live_surveillance_20260629T1003Z/labels_environment.csv
live_surveillance_20260629T1003Z_capture_0408,tools/dataset/captures/live_surveillance_20260629T1003Z/capture_0408.jpg,28,50,1581,239,669,true,train,ollama_ocr,approved,owner-bulk-approved,2026-06-29T20:15:49+00:00,qwen3-vl:4b,aqs-five-field-v2,tools/dataset/captures/live_surveillance_20260629T1003Z/labels_ollama_review_queue.csv,tools/dataset/captures/live_surveillance_20260629T1003Z/labels_environment.csv
live_surveillance_20260629T1003Z_capture_0409,tools/dataset/captures/live_surveillance_20260629T1003Z/capture_0409.jpg,28,50,1581,239,669,true,train,ollama_ocr,approved,owner-bulk-approved,2026-06-29T20:15:49+00:00,qwen3-vl:4b,aqs-five-field-v2,tools/dataset/captures/live_surveillance_20260629T1003Z/labels_ollama_review_queue.csv,tools/dataset/captures/live_surveillance_20260629T1003Z/labels_environment.csv
live_surveillance_20260629T1003Z_capture_0410,tools/dataset/captures/live_surveillance_20260629T1003Z/capture_0410.jpg,28,50,1581,239,669,true,validation,ollama_ocr,approved,owner-bulk-approved,2026-06-29T20:15:49+00:00,qwen3-vl:4b,aqs-five-field-v2,tools/dataset/captures/live_surveillance_20260629T1003Z/labels_ollama_review_queue.csv,tools/dataset/captures/live_surveillance_20260629T1003Z/labels_environment.csv
live_surveillance_20260629T1003Z_capture_0411,tools/dataset/captures/live_surveillance_20260629T1003Z/capture_0411.jpg,28,50,1581,239,669,true,train,ollama_ocr,approved,owner-bulk-approved,2026-06-29T20:15:49+00:00,qwen3-vl:4b,aqs-five-field-v2,tools/dataset/captures/live_surveillance_20260629T1003Z/labels_ollama_review_queue.csv,tools/dataset/captures/live_surveillance_20260629T1003Z/labels_environment.csv
live_surveillance_20260629T1003Z_capture_0412,tools/dataset/captures/live_surveillance_20260629T1003Z/capture_0412.jpg,28,50,1581,239,669,true,test,ollama_ocr,approved,owner-bulk-approved,2026-06-29T20:15:49+00:00,qwen3-vl:4b,aqs-five-field-v2,tools/dataset/captures/live_surveillance_20260629T1003Z/labels_ollama_review_queue.csv,tools/dataset/captures/live_surveillance_20260629T1003Z/labels_environment.csv
live_surveillance_20260629T1003Z_capture_0413,tools/dataset/captures/live_surveillance_20260629T1003Z/capture_0413.jpg,28,50,1581,239,669,true,train,ollama_ocr,approved,owner-bulk-approved,2026-06-29T20:15:49+00:00,qwen3-vl:4b,aqs-five-field-v2,tools/dataset/captures/live_surveillance_20260629T1003Z/labels_ollama_review_queue.csv,tools/dataset/captures/live_surveillance_20260629T1003Z/labels_environment.csv
live_surveillance_20260629T1003Z_capture_0414,tools/dataset/captures/live_surveillance_20260629T1003Z/capture_0414.jpg,28,50,1581,239,669,true,train,ollama_ocr,approved,owner-bulk-approved,2026-06-29T20:15:49+00:00,qwen3-vl:4b,aqs-five-field-v2,tools/dataset/captures/live_surveillance_20260629T1003Z/labels_ollama_review_queue.csv,tools/dataset/captures/live_surveillance_20260629T1003Z/labels_environment.csv
live_surveillance_20260629T1003Z_capture_0415,tools/dataset/captures/live_surveillance_20260629T1003Z/capture_0415.jpg,28,50,1575,235,658,true,train,ollama_ocr,approved,owner-bulk-approved,2026-06-29T20:15:49+00:00,qwen3-vl:4b,aqs-five-field-v2,tools/dataset/captures/live_surveillance_20260629T1003Z/labels_ollama_review_queue.csv,tools/dataset/captures/live_surveillance_20260629T1003Z/labels_environment.csv
live_surveillance_20260629T1003Z_capture_0416,tools/dataset/captures/live_surveillance_20260629T1003Z/capture_0416.jpg,28,50,1575,235,658,true,validation,ollama_ocr,approved,owner-bulk-approved,2026-06-29T20:15:49+00:00,qwen3-vl:4b,aqs-five-field-v2,tools/dataset/captures/live_surveillance_20260629T1003Z/labels_ollama_review_queue.csv,tools/dataset/captures/live_surveillance_20260629T1003Z/labels_environment.csv
live_surveillance_20260629T1003Z_capture_0417,tools/dataset/captures/live_surveillance_20260629T1003Z/capture_0417.jpg,28,50,1575,235,658,true,train,ollama_ocr,approved,owner-bulk-approved,2026-06-29T20:15:49+00:00,qwen3-vl:4b,aqs-five-field-v2,tools/dataset/captures/live_surveillance_20260629T1003Z/labels_ollama_review_queue.csv,tools/dataset/captures/live_surveillance_20260629T1003Z/labels_environment.csv
live_surveillance_20260629T1003Z_capture_0421,tools/dataset/captures/live_surveillance_20260629T1003Z/capture_0421.jpg,28,50,1498,185,58,true,train,ollama_ocr,approved,owner-bulk-approved,2026-06-29T20:15:49+00:00,qwen3-vl:4b,aqs-five-field-v2,tools/dataset/captures/live_surveillance_20260629T1003Z/labels_ollama_review_queue.csv,tools/dataset/captures/live_surveillance_20260629T1003Z/labels_environment.csv
live_surveillance_20260629T1003Z_capture_0422,tools/dataset/captures/live_surveillance_20260629T1003Z/capture_0422.jpg,28,50,1498,185,58,true,test,ollama_ocr,approved,owner-bulk-approved,2026-06-29T20:15:49+00:00,qwen3-vl:4b,aqs-five-field-v2,tools/dataset/captures/live_surveillance_20260629T1003Z/labels_ollama_review_queue.csv,tools/dataset/captures/live_surveillance_20260629T1003Z/labels_environment.csv
live_surveillance_20260629T1003Z_capture_0423,tools/dataset/captures/live_surveillance_20260629T1003Z/capture_0423.jpg,28,50,1498,185,58,true,train,ollama_ocr,approved,owner-bulk-approved,2026-06-29T20:15:49+00:00,qwen3-vl:4b,aqs-five-field-v2,tools/dataset/captures/live_surveillance_20260629T1003Z/labels_ollama_review_queue.csv,tools/dataset/captures/live_surveillance_20260629T1003Z/labels_environment.csv
live_surveillance_20260629T1003Z_capture_0424,tools/dataset/captures/live_surveillance_20260629T1003Z/capture_0424.jpg,28,50,1498,185,58,true,train,ollama_ocr,approved,owner-bulk-approved,2026-06-29T20:15:49+00:00,qwen3-vl:4b,aqs-five-field-v2,tools/dataset/captures/live_surveillance_20260629T1003Z/labels_ollama_review_queue.csv,tools/dataset/captures/live_surveillance_20260629T1003Z/labels_environment.csv
live_surveillance_20260629T1003Z_capture_0439,tools/dataset/captures/live_surveillance_20260629T1003Z/capture_0439.jpg,28,50,322,53,428,true,train,ollama_ocr,approved,owner-bulk-approved,2026-06-29T20:15:49+00:00,qwen3-vl:4b,aqs-five-field-v2,tools/dataset/captures/live_surveillance_20260629T1003Z/labels_ollama_review_queue.csv,tools/dataset/captures/live_surveillance_20260629T1003Z/labels_environment.csv
live_surveillance_20260629T1003Z_capture_0440,tools/dataset/captures/live_surveillance_20260629T1003Z/capture_0440.jpg,28,50,322,53,428,true,validation,ollama_ocr,approved,owner-bulk-approved,2026-06-29T20:15:49+00:00,qwen3-vl:4b,aqs-five-field-v2,tools/dataset/captures/live_surveillance_20260629T1003Z/labels_ollama_review_queue.csv,tools/dataset/captures/live_surveillance_20260629T1003Z/labels_environment.csv
live_surveillance_20260629T1003Z_capture_0441,tools/dataset/captures/live_surveillance_20260629T1003Z/capture_0441.jpg,28,50,322,53,428,true,train,ollama_ocr,approved,owner-bulk-approved,2026-06-29T20:15:49+00:00,qwen3-vl:4b,aqs-five-field-v2,tools/dataset/captures/live_surveillance_20260629T1003Z/labels_ollama_review_queue.csv,tools/dataset/captures/live_surveillance_20260629T1003Z/labels_environment.csv
live_surveillance_20260629T1003Z_capture_0442,tools/dataset/captures/live_surveillance_20260629T1003Z/capture_0442.jpg,28,49,322,53,428,true,test,ollama_ocr,approved,owner-bulk-approved,2026-06-29T20:15:49+00:00,qwen3-vl:4b,aqs-five-field-v2,tools/dataset/captures/live_surveillance_20260629T1003Z/labels_ollama_review_queue.csv,tools/dataset/captures/live_surveillance_20260629T1003Z/labels_environment.csv
live_surveillance_20260629T1003Z_capture_0465,tools/dataset/captures/live_surveillance_20260629T1003Z/capture_0465.jpg,28,49,1229,136,380,true,train,ollama_ocr,approved,owner-bulk-approved,2026-06-29T20:15:49+00:00,qwen3-vl:4b,aqs-five-field-v2,tools/dataset/captures/live_surveillance_20260629T1003Z/labels_ollama_review_queue.csv,tools/dataset/captures/live_surveillance_20260629T1003Z/labels_environment.csv
live_surveillance_20260629T1003Z_capture_0466,tools/dataset/captures/live_surveillance_20260629T1003Z/capture_0466.jpg,28,49,1229,136,380,true,train,ollama_ocr,approved,owner-bulk-approved,2026-06-29T20:15:49+00:00,qwen3-vl:4b,aqs-five-field-v2,tools/dataset/captures/live_surveillance_20260629T1003Z/labels_ollama_review_queue.csv,tools/dataset/captures/live_surveillance_20260629T1003Z/labels_environment.csv
live_surveillance_20260629T1003Z_capture_0467,tools/dataset/captures/live_surveillance_20260629T1003Z/capture_0467.jpg,28,49,1229,136,380,true,train,ollama_ocr,approved,owner-bulk-approved,2026-06-29T20:15:49+00:00,qwen3-vl:4b,aqs-five-field-v2,tools/dataset/captures/live_surveillance_20260629T1003Z/labels_ollama_review_queue.csv,tools/dataset/captures/live_surveillance_20260629T1003Z/labels_environment.csv
live_surveillance_20260629T1003Z_capture_0468,tools/dataset/captures/live_surveillance_20260629T1003Z/capture_0468.jpg,28,49,1229,136,380,true,train,ollama_ocr,approved,owner-bulk-approved,2026-06-29T20:15:49+00:00,qwen3-vl:4b,aqs-five-field-v2,tools/dataset/captures/live_surveillance_20260629T1003Z/labels_ollama_review_queue.csv,tools/dataset/captures/live_surveillance_20260629T1003Z/labels_environment.csv
live_surveillance_20260629T1003Z_capture_0471,tools/dataset/captures/live_surveillance_20260629T1003Z/capture_0471.jpg,28,49,1229,136,380,true,validation,ollama_ocr,approved,owner-bulk-approved,2026-06-29T20:15:49+00:00,qwen3-vl:4b,aqs-five-field-v2,tools/dataset/captures/live_surveillance_20260629T1003Z/labels_ollama_review_queue.csv,tools/dataset/captures/live_surveillance_20260629T1003Z/labels_environment.csv
live_surveillance_20260629T1003Z_capture_0473,tools/dataset/captures/live_surveillance_20260629T1003Z/capture_0473.jpg,28,49,1229,136,380,true,train,ollama_ocr,approved,owner-bulk-approved,2026-06-29T20:15:49+00:00,qwen3-vl:4b,aqs-five-field-v2,tools/dataset/captures/live_surveillance_20260629T1003Z/labels_ollama_review_queue.csv,tools/dataset/captures/live_surveillance_20260629T1003Z/labels_environment.csv
live_surveillance_20260629T1003Z_capture_0474,tools/dataset/captures/live_surveillance_20260629T1003Z/capture_0474.jpg,28,49,1229,136,380,true,test,ollama_ocr,approved,owner-bulk-approved,2026-06-29T20:15:49+00:00,qwen3-vl:4b,aqs-five-field-v2,tools/dataset/captures/live_surveillance_20260629T1003Z/labels_ollama_review_queue.csv,tools/dataset/captures/live_surveillance_20260629T1003Z/labels_environment.csv
live_surveillance_20260629T1003Z_capture_0477,tools/dataset/captures/live_surveillance_20260629T1003Z/capture_0477.jpg,28,49,1218,135,375,true,train,ollama_ocr,approved,owner-bulk-approved,2026-06-29T20:15:49+00:00,qwen3-vl:4b,aqs-five-field-v2,tools/dataset/captures/live_surveillance_20260629T1003Z/labels_ollama_review_queue.csv,tools/dataset/captures/live_surveillance_20260629T1003Z/labels_environment.csv
live_surveillance_20260629T1003Z_capture_0500,tools/dataset/captures/live_surveillance_20260629T1003Z/capture_0500.jpg,28,49,965,88,26,true,train,ollama_ocr,approved,owner-bulk-approved,2026-06-29T20:15:49+00:00,qwen3-vl:4b,aqs-five-field-v2,tools/dataset/captures/live_surveillance_20260629T1003Z/labels_ollama_review_queue.csv,tools/dataset/captures/live_surveillance_20260629T1003Z/labels_environment.csv
live_surveillance_20260629T1003Z_capture_0501,tools/dataset/captures/live_surveillance_20260629T1003Z/capture_0501.jpg,28,49,965,88,26,true,train,ollama_ocr,approved,owner-bulk-approved,2026-06-29T20:15:49+00:00,qwen3-vl:4b,aqs-five-field-v2,tools/dataset/captures/live_surveillance_20260629T1003Z/labels_ollama_review_queue.csv,tools/dataset/captures/live_surveillance_20260629T1003Z/labels_environment.csv
live_surveillance_20260629T1003Z_capture_0515,tools/dataset/captures/live_surveillance_20260629T1003Z/capture_0515.jpg,28,49,811,60,68,true,validation,ollama_ocr,approved,owner-bulk-approved,2026-06-29T20:15:49+00:00,qwen3-vl:4b,aqs-five-field-v2,tools/dataset/captures/live_surveillance_20260629T1003Z/labels_ollama_review_queue.csv,tools/dataset/captures/live_surveillance_20260629T1003Z/labels_environment.csv
live_surveillance_20260629T1003Z_capture_0516,tools/dataset/captures/live_surveillance_20260629T1003Z/capture_0516.jpg,28,49,794,56,56,true,train,ollama_ocr,approved,owner-bulk-approved,2026-06-29T20:15:49+00:00,qwen3-vl:4b,aqs-five-field-v2,tools/dataset/captures/live_surveillance_20260629T1003Z/labels_ollama_review_queue.csv,tools/dataset/captures/live_surveillance_20260629T1003Z/labels_environment.csv
live_surveillance_20260629T1003Z_capture_0517,tools/dataset/captures/live_surveillance_20260629T1003Z/capture_0517.jpg,28,49,789,56,56,true,train,ollama_ocr,approved,owner-bulk-approved,2026-06-29T20:15:49+00:00,qwen3-vl:4b,aqs-five-field-v2,tools/dataset/captures/live_surveillance_20260629T1003Z/labels_ollama_review_queue.csv,tools/dataset/captures/live_surveillance_20260629T1003Z/labels_environment.csv
live_surveillance_20260629T1003Z_capture_0518,tools/dataset/captures/live_surveillance_20260629T1003Z/capture_0518.jpg,28,49,789,55,54,true,test,ollama_ocr,approved,owner-bulk-approved,2026-06-29T20:15:49+00:00,qwen3-vl:4b,aqs-five-field-v2,tools/dataset/captures/live_surveillance_20260629T1003Z/labels_ollama_review_queue.csv,tools/dataset/captures/live_surveillance_20260629T1003Z/labels_environment.csv
live_surveillance_20260629T1003Z_capture_0519,tools/dataset/captures/live_surveillance_20260629T1003Z/capture_0519.jpg,28,49,783,55,54,true,train,ollama_ocr,approved,owner-bulk-approved,2026-06-29T20:15:49+00:00,qwen3-vl:4b,aqs-five-field-v2,tools/dataset/captures/live_surveillance_20260629T1003Z/labels_ollama_review_queue.csv,tools/dataset/captures/live_surveillance_20260629T1003Z/labels_environment.csv
live_surveillance_20260629T1003Z_capture_0520,tools/dataset/captures/live_surveillance_20260629T1003Z/capture_0520.jpg,28,49,783,55,54,true,train,ollama_ocr,approved,owner-bulk-approved,2026-06-29T20:15:49+00:00,qwen3-vl:4b,aqs-five-field-v2,tools/dataset/captures/live_surveillance_20260629T1003Z/labels_ollama_review_queue.csv,tools/dataset/captures/live_surveillance_20260629T1003Z/labels_environment.csv
live_surveillance_20260629T1003Z_capture_0521,tools/dataset/captures/live_surveillance_20260629T1003Z/capture_0521.jpg,28,49,783,55,54,true,train,ollama_ocr,approved,owner-bulk-approved,2026-06-29T20:15:49+00:00,qwen3-vl:4b,aqs-five-field-v2,tools/dataset/captures/live_surveillance_20260629T1003Z/labels_ollama_review_queue.csv,tools/dataset/captures/live_surveillance_20260629T1003Z/labels_environment.csv
live_surveillance_20260629T1003Z_capture_0522,tools/dataset/captures/live_surveillance_20260629T1003Z/capture_0522.jpg,28,49,778,55,61,true,validation,ollama_ocr,approved,owner-bulk-approved,2026-06-29T20:15:49+00:00,qwen3-vl:4b,aqs-five-field-v2,tools/dataset/captures/live_surveillance_20260629T1003Z/labels_ollama_review_queue.csv,tools/dataset/captures/live_surveillance_20260629T1003Z/labels_environment.csv
live_surveillance_20260629T1003Z_capture_0523,tools/dataset/captures/live_surveillance_20260629T1003Z/capture_0523.jpg,28,49,783,55,54,true,train,ollama_ocr,approved,owner-bulk-approved,2026-06-29T20:15:49+00:00,qwen3-vl:4b,aqs-five-field-v2,tools/dataset/captures/live_surveillance_20260629T1003Z/labels_ollama_review_queue.csv,tools/dataset/captures/live_surveillance_20260629T1003Z/labels_environment.csv
live_surveillance_20260629T1003Z_capture_0524,tools/dataset/captures/live_surveillance_20260629T1003Z/capture_0524.jpg,28,49,778,54,54,true,test,ollama_ocr,approved,owner-bulk-approved,2026-06-29T20:15:49+00:00,qwen3-vl:4b,aqs-five-field-v2,tools/dataset/captures/live_surveillance_20260629T1003Z/labels_ollama_review_queue.csv,tools/dataset/captures/live_surveillance_20260629T1003Z/labels_environment.csv
live_surveillance_20260629T1003Z_capture_0525,tools/dataset/captures/live_surveillance_20260629T1003Z/capture_0525.jpg,28,49,772,52,45,true,train,ollama_ocr,approved,owner-bulk-approved,2026-06-29T20:15:49+00:00,qwen3-vl:4b,aqs-five-field-v2,tools/dataset/captures/live_surveillance_20260629T1003Z/labels_ollama_review_queue.csv,tools/dataset/captures/live_surveillance_20260629T1003Z/labels_environment.csv
live_surveillance_20260629T1003Z_capture_0529,tools/dataset/captures/live_surveillance_20260629T1003Z/capture_0529.jpg,28,49,745,48,34,true,train,ollama_ocr,approved,owner-bulk-approved,2026-06-29T20:15:49+00:00,qwen3-vl:4b,aqs-five-field-v2,tools/dataset/captures/live_surveillance_20260629T1003Z/labels_ollama_review_queue.csv,tools/dataset/captures/live_surveillance_20260629T1003Z/labels_environment.csv
live_surveillance_20260629T1003Z_capture_0530,tools/dataset/captures/live_surveillance_20260629T1003Z/capture_0530.jpg,28,49,750,48,37,true,train,ollama_ocr,approved,owner-bulk-approved,2026-06-29T20:15:49+00:00,qwen3-vl:4b,aqs-five-field-v2,tools/dataset/captures/live_surveillance_20260629T1003Z/labels_ollama_review_queue.csv,tools/dataset/captures/live_surveillance_20260629T1003Z/labels_environment.csv
live_surveillance_20260629T1003Z_capture_0531,tools/dataset/captures/live_surveillance_20260629T1003Z/capture_0531.jpg,28,49,728,45,14,true,train,ollama_ocr,approved,owner-bulk-approved,2026-06-29T20:15:49+00:00,qwen3-vl:4b,aqs-five-field-v2,tools/dataset/captures/live_surveillance_20260629T1003Z/labels_ollama_review_queue.csv,tools/dataset/captures/live_surveillance_20260629T1003Z/labels_environment.csv
live_surveillance_20260629T1003Z_capture_0532,tools/dataset/captures/live_surveillance_20260629T1003Z/capture_0532.jpg,28,49,728,44,20,true,validation,ollama_ocr,approved,owner-bulk-approved,2026-06-29T20:15:49+00:00,qwen3-vl:4b,aqs-five-field-v2,tools/dataset/captures/live_surveillance_20260629T1003Z/labels_ollama_review_queue.csv,tools/dataset/captures/live_surveillance_20260629T1003Z/labels_environment.csv
live_surveillance_20260629T1003Z_capture_0533,tools/dataset/captures/live_surveillance_20260629T1003Z/capture_0533.jpg,28,49,717,45,31,true,train,ollama_ocr,approved,owner-bulk-approved,2026-06-29T20:15:49+00:00,qwen3-vl:4b,aqs-five-field-v2,tools/dataset/captures/live_surveillance_20260629T1003Z/labels_ollama_review_queue.csv,tools/dataset/captures/live_surveillance_20260629T1003Z/labels_environment.csv
live_surveillance_20260629T1003Z_capture_0534,tools/dataset/captures/live_surveillance_20260629T1003Z/capture_0534.jpg,28,49,750,48,37,true,test,ollama_ocr,approved,owner-bulk-approved,2026-06-29T20:15:49+00:00,qwen3-vl:4b,aqs-five-field-v2,tools/dataset/captures/live_surveillance_20260629T1003Z/labels_ollama_review_queue.csv,tools/dataset/captures/live_surveillance_20260629T1003Z/labels_environment.csv
live_surveillance_20260629T1003Z_capture_0535,tools/dataset/captures/live_surveillance_20260629T1003Z/capture_0535.jpg,28,49,750,48,37,true,train,ollama_ocr,approved,owner-bulk-approved,2026-06-29T20:15:49+00:00,qwen3-vl:4b,aqs-five-field-v2,tools/dataset/captures/live_surveillance_20260629T1003Z/labels_ollama_review_queue.csv,tools/dataset/captures/live_surveillance_20260629T1003Z/labels_environment.csv
live_surveillance_20260629T1003Z_capture_0536,tools/dataset/captures/live_surveillance_20260629T1003Z/capture_0536.jpg,28,49,750,48,37,true,train,ollama_ocr,approved,owner-bulk-approved,2026-06-29T20:15:49+00:00,qwen3-vl:4b,aqs-five-field-v2,tools/dataset/captures/live_surveillance_20260629T1003Z/labels_ollama_review_queue.csv,tools/dataset/captures/live_surveillance_20260629T1003Z/labels_environment.csv
live_surveillance_20260629T1003Z_capture_0537,tools/dataset/captures/live_surveillance_20260629T1003Z/capture_0537.jpg,28,49,750,48,37,true,train,ollama_ocr,approved,owner-bulk-approved,2026-06-29T20:15:49+00:00,qwen3-vl:4b,aqs-five-field-v2,tools/dataset/captures/live_surveillance_20260629T1003Z/labels_ollama_review_queue.csv,tools/dataset/captures/live_surveillance_20260629T1003Z/labels_environment.csv
live_surveillance_20260629T1003Z_capture_0538,tools/dataset/captures/live_surveillance_20260629T1003Z/capture_0538.jpg,28,49,750,48,37,true,validation,ollama_ocr,approved,owner-bulk-approved,2026-06-29T20:15:49+00:00,qwen3-vl:4b,aqs-five-field-v2,tools/dataset/captures/live_surveillance_20260629T1003Z/labels_ollama_review_queue.csv,tools/dataset/captures/live_surveillance_20260629T1003Z/labels_environment.csv
live_surveillance_20260629T1003Z_capture_0539,tools/dataset/captures/live_surveillance_20260629T1003Z/capture_0539.jpg,28,49,750,48,37,true,train,ollama_ocr,approved,owner-bulk-approved,2026-06-29T20:15:49+00:00,qwen3-vl:4b,aqs-five-field-v2,tools/dataset/captures/live_surveillance_20260629T1003Z/labels_ollama_review_queue.csv,tools/dataset/captures/live_surveillance_20260629T1003Z/labels_environment.csv
live_surveillance_20260629T1003Z_capture_0540,tools/dataset/captures/live_surveillance_20260629T1003Z/capture_0540.jpg,28,49,756,48,37,true,train,ollama_ocr,approved,owner-bulk-approved,2026-06-29T20:15:49+00:00,qwen3-vl:4b,aqs-five-field-v2,tools/dataset/captures/live_surveillance_20260629T1003Z/labels_ollama_review_queue.csv,tools/dataset/captures/live_surveillance_20260629T1003Z/labels_environment.csv
live_surveillance_20260629T1003Z_capture_0541,tools/dataset/captures/live_surveillance_20260629T1003Z/capture_0541.jpg,28,49,750,48,37,true,test,ollama_ocr,approved,owner-bulk-approved,2026-06-29T20:15:49+00:00,qwen3-vl:4b,aqs-five-field-v2,tools/dataset/captures/live_surveillance_20260629T1003Z/labels_ollama_review_queue.csv,tools/dataset/captures/live_surveillance_20260629T1003Z/labels_environment.csv
live_surveillance_20260629T1003Z_capture_0542,tools/dataset/captures/live_surveillance_20260629T1003Z/capture_0542.jpg,28,49,750,48,37,true,train,ollama_ocr,approved,owner-bulk-approved,2026-06-29T20:15:49+00:00,qwen3-vl:4b,aqs-five-field-v2,tools/dataset/captures/live_surveillance_20260629T1003Z/labels_ollama_review_queue.csv,tools/dataset/captures/live_surveillance_20260629T1003Z/labels_environment.csv
live_surveillance_20260629T1003Z_capture_0543,tools/dataset/captures/live_surveillance_20260629T1003Z/capture_0543.jpg,28,49,750,48,37,true,train,ollama_ocr,approved,owner-bulk-approved,2026-06-29T20:15:49+00:00,qwen3-vl:4b,aqs-five-field-v2,tools/dataset/captures/live_surveillance_20260629T1003Z/labels_ollama_review_queue.csv,tools/dataset/captures/live_surveillance_20260629T1003Z/labels_environment.csv
live_surveillance_20260629T1003Z_capture_0544,tools/dataset/captures/live_surveillance_20260629T1003Z/capture_0544.jpg,28,49,750,48,37,true,train,ollama_ocr,approved,owner-bulk-approved,2026-06-29T20:15:49+00:00,qwen3-vl:4b,aqs-five-field-v2,tools/dataset/captures/live_surveillance_20260629T1003Z/labels_ollama_review_queue.csv,tools/dataset/captures/live_surveillance_20260629T1003Z/labels_environment.csv
live_surveillance_20260629T1003Z_capture_0545,tools/dataset/captures/live_surveillance_20260629T1003Z/capture_0545.jpg,28,49,750,48,37,true,validation,ollama_ocr,approved,owner-bulk-approved,2026-06-29T20:15:49+00:00,qwen3-vl:4b,aqs-five-field-v2,tools/dataset/captures/live_surveillance_20260629T1003Z/labels_ollama_review_queue.csv,tools/dataset/captures/live_surveillance_20260629T1003Z/labels_environment.csv
live_surveillance_20260629T1003Z_capture_0546,tools/dataset/captures/live_surveillance_20260629T1003Z/capture_0546.jpg,28,49,728,45,23,true,train,ollama_ocr,approved,owner-bulk-approved,2026-06-29T20:15:49+00:00,qwen3-vl:4b,aqs-five-field-v2,tools/dataset/captures/live_surveillance_20260629T1003Z/labels_ollama_review_queue.csv,tools/dataset/captures/live_surveillance_20260629T1003Z/labels_environment.csv
live_surveillance_20260629T1003Z_capture_0551,tools/dataset/captures/live_surveillance_20260629T1003Z/capture_0551.jpg,28,49,618,25,70,true,test,ollama_ocr,approved,owner-bulk-approved,2026-06-29T20:15:49+00:00,qwen3-vl:4b,aqs-five-field-v2,tools/dataset/captures/live_surveillance_20260629T1003Z/labels_ollama_review_queue.csv,tools/dataset/captures/live_surveillance_20260629T1003Z/labels_environment.csv
live_surveillance_20260629T1003Z_capture_0552,tools/dataset/captures/live_surveillance_20260629T1003Z/capture_0552.jpg,28,49,618,25,70,true,train,ollama_ocr,approved,owner-bulk-approved,2026-06-29T20:15:49+00:00,qwen3-vl:4b,aqs-five-field-v2,tools/dataset/captures/live_surveillance_20260629T1003Z/labels_ollama_review_queue.csv,tools/dataset/captures/live_surveillance_20260629T1003Z/labels_environment.csv
live_surveillance_20260629T1003Z_capture_0553,tools/dataset/captures/live_surveillance_20260629T1003Z/capture_0553.jpg,28,49,618,25,70,true,train,ollama_ocr,approved,owner-bulk-approved,2026-06-29T20:15:49+00:00,qwen3-vl:4b,aqs-five-field-v2,tools/dataset/captures/live_surveillance_20260629T1003Z/labels_ollama_review_queue.csv,tools/dataset/captures/live_surveillance_20260629T1003Z/labels_environment.csv
live_surveillance_20260629T1003Z_capture_0554,tools/dataset/captures/live_surveillance_20260629T1003Z/capture_0554.jpg,28,49,618,25,70,true,train,ollama_ocr,approved,owner-bulk-approved,2026-06-29T20:15:49+00:00,qwen3-vl:4b,aqs-five-field-v2,tools/dataset/captures/live_surveillance_20260629T1003Z/labels_ollama_review_queue.csv,tools/dataset/captures/live_surveillance_20260629T1003Z/labels_environment.csv
live_surveillance_20260629T1003Z_capture_0555,tools/dataset/captures/live_surveillance_20260629T1003Z/capture_0555.jpg,28,49,618,25,70,true,train,ollama_ocr,approved,owner-bulk-approved,2026-06-29T20:15:49+00:00,qwen3-vl:4b,aqs-five-field-v2,tools/dataset/captures/live_surveillance_20260629T1003Z/labels_ollama_review_queue.csv,tools/dataset/captures/live_surveillance_20260629T1003Z/labels_environment.csv
live_surveillance_20260629T1003Z_capture_0556,tools/dataset/captures/live_surveillance_20260629T1003Z/capture_0556.jpg,28,49,618,25,70,true,validation,ollama_ocr,approved,owner-bulk-approved,2026-06-29T20:15:49+00:00,qwen3-vl:4b,aqs-five-field-v2,tools/dataset/captures/live_surveillance_20260629T1003Z/labels_ollama_review_queue.csv,tools/dataset/captures/live_surveillance_20260629T1003Z/labels_environment.csv
live_surveillance_20260629T1003Z_capture_0557,tools/dataset/captures/live_surveillance_20260629T1003Z/capture_0557.jpg,28,49,613,22,56,true,train,ollama_ocr,approved,owner-bulk-approved,2026-06-29T20:15:49+00:00,qwen3-vl:4b,aqs-five-field-v2,tools/dataset/captures/live_surveillance_20260629T1003Z/labels_ollama_review_queue.csv,tools/dataset/captures/live_surveillance_20260629T1003Z/labels_environment.csv
live_surveillance_20260629T1003Z_capture_0558,tools/dataset/captures/live_surveillance_20260629T1003Z/capture_0558.jpg,28,49,596,18,50,true,test,ollama_ocr,approved,owner-bulk-approved,2026-06-29T20:15:49+00:00,qwen3-vl:4b,aqs-five-field-v2,tools/dataset/captures/live_surveillance_20260629T1003Z/labels_ollama_review_queue.csv,tools/dataset/captures/live_surveillance_20260629T1003Z/labels_environment.csv
live_surveillance_20260629T1003Z_capture_0562,tools/dataset/captures/live_surveillance_20260629T1003Z/capture_0562.jpg,28,49,574,17,47,true,train,ollama_ocr,approved,owner-bulk-approved,2026-06-29T20:15:49+00:00,qwen3-vl:4b,aqs-five-field-v2,tools/dataset/captures/live_surveillance_20260629T1003Z/labels_ollama_review_queue.csv,tools/dataset/captures/live_surveillance_20260629T1003Z/labels_environment.csv
live_surveillance_20260629T1003Z_capture_0563,tools/dataset/captures/live_surveillance_20260629T1003Z/capture_0563.jpg,28,49,574,17,53,true,train,ollama_ocr,approved,owner-bulk-approved,2026-06-29T20:15:49+00:00,qwen3-vl:4b,aqs-five-field-v2,tools/dataset/captures/live_surveillance_20260629T1003Z/labels_ollama_review_queue.csv,tools/dataset/captures/live_surveillance_20260629T1003Z/labels_environment.csv
live_surveillance_20260629T1003Z_capture_0564,tools/dataset/captures/live_surveillance_20260629T1003Z/capture_0564.jpg,28,49,580,17,47,true,train,ollama_ocr,approved,owner-bulk-approved,2026-06-29T20:15:49+00:00,qwen3-vl:4b,aqs-five-field-v2,tools/dataset/captures/live_surveillance_20260629T1003Z/labels_ollama_review_queue.csv,tools/dataset/captures/live_surveillance_20260629T1003Z/labels_environment.csv
live_surveillance_20260629T1003Z_capture_0567,tools/dataset/captures/live_surveillance_20260629T1003Z/capture_0567.jpg,28,49,618,25,70,true,validation,ollama_ocr,approved,owner-bulk-approved,2026-06-29T20:15:49+00:00,qwen3-vl:4b,aqs-five-field-v2,tools/dataset/captures/live_surveillance_20260629T1003Z/labels_ollama_review_queue.csv,tools/dataset/captures/live_surveillance_20260629T1003Z/labels_environment.csv
live_surveillance_20260629T1003Z_capture_0568,tools/dataset/captures/live_surveillance_20260629T1003Z/capture_0568.jpg,28,49,618,25,70,true,train,ollama_ocr,approved,owner-bulk-approved,2026-06-29T20:15:49+00:00,qwen3-vl:4b,aqs-five-field-v2,tools/dataset/captures/live_surveillance_20260629T1003Z/labels_ollama_review_queue.csv,tools/dataset/captures/live_surveillance_20260629T1003Z/labels_environment.csv
live_surveillance_20260629T1003Z_capture_0569,tools/dataset/captures/live_surveillance_20260629T1003Z/capture_0569.jpg,28,49,618,25,70,true,train,ollama_ocr,approved,owner-bulk-approved,2026-06-29T20:15:49+00:00,qwen3-vl:4b,aqs-five-field-v2,tools/dataset/captures/live_surveillance_20260629T1003Z/labels_ollama_review_queue.csv,tools/dataset/captures/live_surveillance_20260629T1003Z/labels_environment.csv
live_surveillance_20260629T1003Z_capture_0570,tools/dataset/captures/live_surveillance_20260629T1003Z/capture_0570.jpg,28,49,618,25,70,true,test,ollama_ocr,approved,owner-bulk-approved,2026-06-29T20:15:49+00:00,qwen3-vl:4b,aqs-five-field-v2,tools/dataset/captures/live_surveillance_20260629T1003Z/labels_ollama_review_queue.csv,tools/dataset/captures/live_surveillance_20260629T1003Z/labels_environment.csv
live_surveillance_20260629T1003Z_capture_0571,tools/dataset/captures/live_surveillance_20260629T1003Z/capture_0571.jpg,28,49,618,25,70,true,train,ollama_ocr,approved,owner-bulk-approved,2026-06-29T20:15:49+00:00,qwen3-vl:4b,aqs-five-field-v2,tools/dataset/captures/live_surveillance_20260629T1003Z/labels_ollama_review_queue.csv,tools/dataset/captures/live_surveillance_20260629T1003Z/labels_environment.csv
live_surveillance_20260629T1003Z_capture_0572,tools/dataset/captures/live_surveillance_20260629T1003Z/capture_0572.jpg,28,49,618,25,70,true,train,ollama_ocr,approved,owner-bulk-approved,2026-06-29T20:15:49+00:00,qwen3-vl:4b,aqs-five-field-v2,tools/dataset/captures/live_surveillance_20260629T1003Z/labels_ollama_review_queue.csv,tools/dataset/captures/live_surveillance_20260629T1003Z/labels_environment.csv
live_surveillance_20260629T1003Z_capture_0573,tools/dataset/captures/live_surveillance_20260629T1003Z/capture_0573.jpg,28,49,618,25,70,true,train,ollama_ocr,approved,owner-bulk-approved,2026-06-29T20:15:49+00:00,qwen3-vl:4b,aqs-five-field-v2,tools/dataset/captures/live_surveillance_20260629T1003Z/labels_ollama_review_queue.csv,tools/dataset/captures/live_surveillance_20260629T1003Z/labels_environment.csv
live_surveillance_20260629T1003Z_capture_0574,tools/dataset/captures/live_surveillance_20260629T1003Z/capture_0574.jpg,28,49,618,25,70,true,validation,ollama_ocr,approved,owner-bulk-approved,2026-06-29T20:15:49+00:00,qwen3-vl:4b,aqs-five-field-v2,tools/dataset/captures/live_surveillance_20260629T1003Z/labels_ollama_review_queue.csv,tools/dataset/captures/live_surveillance_20260629T1003Z/labels_environment.csv
live_surveillance_20260629T1003Z_capture_0575,tools/dataset/captures/live_surveillance_20260629T1003Z/capture_0575.jpg,28,49,618,25,70,true,train,ollama_ocr,approved,owner-bulk-approved,2026-06-29T20:15:49+00:00,qwen3-vl:4b,aqs-five-field-v2,tools/dataset/captures/live_surveillance_20260629T1003Z/labels_ollama_review_queue.csv,tools/dataset/captures/live_surveillance_20260629T1003Z/labels_environment.csv
live_surveillance_20260629T1003Z_capture_0576,tools/dataset/captures/live_surveillance_20260629T1003Z/capture_0576.jpg,28,49,618,25,70,true,test,ollama_ocr,approved,owner-bulk-approved,2026-06-29T20:15:49+00:00,qwen3-vl:4b,aqs-five-field-v2,tools/dataset/captures/live_surveillance_20260629T1003Z/labels_ollama_review_queue.csv,tools/dataset/captures/live_surveillance_20260629T1003Z/labels_environment.csv
live_surveillance_20260629T1003Z_capture_0577,tools/dataset/captures/live_surveillance_20260629T1003Z/capture_0577.jpg,28,49,618,25,70,true,train,ollama_ocr,approved,owner-bulk-approved,2026-06-29T20:15:49+00:00,qwen3-vl:4b,aqs-five-field-v2,tools/dataset/captures/live_surveillance_20260629T1003Z/labels_ollama_review_queue.csv,tools/dataset/captures/live_surveillance_20260629T1003Z/labels_environment.csv
live_surveillance_20260629T1003Z_capture_0578,tools/dataset/captures/live_surveillance_20260629T1003Z/capture_0578.jpg,28,49,618,25,70,true,train,ollama_ocr,approved,owner-bulk-approved,2026-06-29T20:15:49+00:00,qwen3-vl:4b,aqs-five-field-v2,tools/dataset/captures/live_surveillance_20260629T1003Z/labels_ollama_review_queue.csv,tools/dataset/captures/live_surveillance_20260629T1003Z/labels_environment.csv
live_surveillance_20260629T1003Z_capture_0579,tools/dataset/captures/live_surveillance_20260629T1003Z/capture_0579.jpg,28,49,618,25,70,true,train,ollama_ocr,approved,owner-bulk-approved,2026-06-29T20:15:49+00:00,qwen3-vl:4b,aqs-five-field-v2,tools/dataset/captures/live_surveillance_20260629T1003Z/labels_ollama_review_queue.csv,tools/dataset/captures/live_surveillance_20260629T1003Z/labels_environment.csv
live_surveillance_20260629T1003Z_capture_0580,tools/dataset/captures/live_surveillance_20260629T1003Z/capture_0580.jpg,28,49,618,25,70,true,train,ollama_ocr,approved,owner-bulk-approved,2026-06-29T20:15:49+00:00,qwen3-vl:4b,aqs-five-field-v2,tools/dataset/captures/live_surveillance_20260629T1003Z/labels_ollama_review_queue.csv,tools/dataset/captures/live_surveillance_20260629T1003Z/labels_environment.csv
live_surveillance_20260629T1003Z_capture_0581,tools/dataset/captures/live_surveillance_20260629T1003Z/capture_0581.jpg,28,49,618,25,70,true,validation,ollama_ocr,approved,owner-bulk-approved,2026-06-29T20:15:49+00:00,qwen3-vl:4b,aqs-five-field-v2,tools/dataset/captures/live_surveillance_20260629T1003Z/labels_ollama_review_queue.csv,tools/dataset/captures/live_surveillance_20260629T1003Z/labels_environment.csv
live_surveillance_20260629T1003Z_capture_0582,tools/dataset/captures/live_surveillance_20260629T1003Z/capture_0582.jpg,28,49,618,25,70,true,train,ollama_ocr,approved,owner-bulk-approved,2026-06-29T20:15:49+00:00,qwen3-vl:4b,aqs-five-field-v2,tools/dataset/captures/live_surveillance_20260629T1003Z/labels_ollama_review_queue.csv,tools/dataset/captures/live_surveillance_20260629T1003Z/labels_environment.csv
live_surveillance_20260629T1003Z_capture_0583,tools/dataset/captures/live_surveillance_20260629T1003Z/capture_0583.jpg,28,49,618,25,70,true,test,ollama_ocr,approved,owner-bulk-approved,2026-06-29T20:15:49+00:00,qwen3-vl:4b,aqs-five-field-v2,tools/dataset/captures/live_surveillance_20260629T1003Z/labels_ollama_review_queue.csv,tools/dataset/captures/live_surveillance_20260629T1003Z/labels_environment.csv
live_surveillance_20260629T1003Z_capture_0584,tools/dataset/captures/live_surveillance_20260629T1003Z/capture_0584.jpg,28,49,618,25,70,true,train,ollama_ocr,approved,owner-bulk-approved,2026-06-29T20:15:49+00:00,qwen3-vl:4b,aqs-five-field-v2,tools/dataset/captures/live_surveillance_20260629T1003Z/labels_ollama_review_queue.csv,tools/dataset/captures/live_surveillance_20260629T1003Z/labels_environment.csv
live_surveillance_20260629T1003Z_capture_0585,tools/dataset/captures/live_surveillance_20260629T1003Z/capture_0585.jpg,28,49,618,25,70,true,train,ollama_ocr,approved,owner-bulk-approved,2026-06-29T20:15:49+00:00,qwen3-vl:4b,aqs-five-field-v2,tools/dataset/captures/live_surveillance_20260629T1003Z/labels_ollama_review_queue.csv,tools/dataset/captures/live_surveillance_20260629T1003Z/labels_environment.csv
live_surveillance_20260629T1003Z_capture_0589,tools/dataset/captures/live_surveillance_20260629T1003Z/capture_0589.jpg,28,49,706,41,14,true,train,ollama_ocr,approved,owner-bulk-approved,2026-06-29T20:15:49+00:00,qwen3-vl:4b,aqs-five-field-v2,tools/dataset/captures/live_surveillance_20260629T1003Z/labels_ollama_review_queue.csv,tools/dataset/captures/live_surveillance_20260629T1003Z/labels_environment.csv
live_surveillance_20260629T1003Z_capture_0593,tools/dataset/captures/live_surveillance_20260629T1003Z/capture_0593.jpg,28,49,629,27,72,true,validation,ollama_ocr,approved,owner-bulk-approved,2026-06-29T20:15:49+00:00,qwen3-vl:4b,aqs-five-field-v2,tools/dataset/captures/live_surveillance_20260629T1003Z/labels_ollama_review_queue.csv,tools/dataset/captures/live_surveillance_20260629T1003Z/labels_environment.csv
live_surveillance_20260629T1003Z_capture_0594,tools/dataset/captures/live_surveillance_20260629T1003Z/capture_0594.jpg,28,49,618,25,70,true,train,ollama_ocr,approved,owner-bulk-approved,2026-06-29T20:15:49+00:00,qwen3-vl:4b,aqs-five-field-v2,tools/dataset/captures/live_surveillance_20260629T1003Z/labels_ollama_review_queue.csv,tools/dataset/captures/live_surveillance_20260629T1003Z/labels_environment.csv
live_surveillance_20260629T1003Z_capture_0595,tools/dataset/captures/live_surveillance_20260629T1003Z/capture_0595.jpg,28,49,618,25,70,true,train,ollama_ocr,approved,owner-bulk-approved,2026-06-29T20:15:49+00:00,qwen3-vl:4b,aqs-five-field-v2,tools/dataset/captures/live_surveillance_20260629T1003Z/labels_ollama_review_queue.csv,tools/dataset/captures/live_surveillance_20260629T1003Z/labels_environment.csv
live_surveillance_20260629T1003Z_capture_0596,tools/dataset/captures/live_surveillance_20260629T1003Z/capture_0596.jpg,28,49,618,25,70,true,test,ollama_ocr,approved,owner-bulk-approved,2026-06-29T20:15:49+00:00,qwen3-vl:4b,aqs-five-field-v2,tools/dataset/captures/live_surveillance_20260629T1003Z/labels_ollama_review_queue.csv,tools/dataset/captures/live_surveillance_20260629T1003Z/labels_environment.csv
live_surveillance_20260629T1003Z_capture_0597,tools/dataset/captures/live_surveillance_20260629T1003Z/capture_0597.jpg,28,49,618,25,70,true,train,ollama_ocr,approved,owner-bulk-approved,2026-06-29T20:15:49+00:00,qwen3-vl:4b,aqs-five-field-v2,tools/dataset/captures/live_surveillance_20260629T1003Z/labels_ollama_review_queue.csv,tools/dataset/captures/live_surveillance_20260629T1003Z/labels_environment.csv
live_surveillance_20260629T1003Z_capture_0598,tools/dataset/captures/live_surveillance_20260629T1003Z/capture_0598.jpg,28,49,618,25,70,true,train,ollama_ocr,approved,owner-bulk-approved,2026-06-29T20:15:49+00:00,qwen3-vl:4b,aqs-five-field-v2,tools/dataset/captures/live_surveillance_20260629T1003Z/labels_ollama_review_queue.csv,tools/dataset/captures/live_surveillance_20260629T1003Z/labels_environment.csv
live_surveillance_20260629T1003Z_capture_0599,tools/dataset/captures/live_surveillance_20260629T1003Z/capture_0599.jpg,28,49,618,25,70,true,train,ollama_ocr,approved,owner-bulk-approved,2026-06-29T20:15:49+00:00,qwen3-vl:4b,aqs-five-field-v2,tools/dataset/captures/live_surveillance_20260629T1003Z/labels_ollama_review_queue.csv,tools/dataset/captures/live_surveillance_20260629T1003Z/labels_environment.csv
live_surveillance_20260629T1003Z_capture_0600,tools/dataset/captures/live_surveillance_20260629T1003Z/capture_0600.jpg,28,49,618,25,70,true,validation,ollama_ocr,approved,owner-bulk-approved,2026-06-29T20:15:49+00:00,qwen3-vl:4b,aqs-five-field-v2,tools/dataset/captures/live_surveillance_20260629T1003Z/labels_ollama_review_queue.csv,tools/dataset/captures/live_surveillance_20260629T1003Z/labels_environment.csv
live_surveillance_20260629T1003Z_capture_0601,tools/dataset/captures/live_surveillance_20260629T1003Z/capture_0601.jpg,28,49,618,25,70,true,train,ollama_ocr,approved,owner-bulk-approved,2026-06-29T20:15:49+00:00,qwen3-vl:4b,aqs-five-field-v2,tools/dataset/captures/live_surveillance_20260629T1003Z/labels_ollama_review_queue.csv,tools/dataset/captures/live_surveillance_20260629T1003Z/labels_environment.csv
live_surveillance_20260629T1003Z_capture_0602,tools/dataset/captures/live_surveillance_20260629T1003Z/capture_0602.jpg,28,49,618,25,70,true,test,ollama_ocr,approved,owner-bulk-approved,2026-06-29T20:15:49+00:00,qwen3-vl:4b,aqs-five-field-v2,tools/dataset/captures/live_surveillance_20260629T1003Z/labels_ollama_review_queue.csv,tools/dataset/captures/live_surveillance_20260629T1003Z/labels_environment.csv
live_surveillance_20260629T1003Z_capture_0603,tools/dataset/captures/live_surveillance_20260629T1003Z/capture_0603.jpg,28,49,618,25,70,true,train,ollama_ocr,approved,owner-bulk-approved,2026-06-29T20:15:49+00:00,qwen3-vl:4b,aqs-five-field-v2,tools/dataset/captures/live_surveillance_20260629T1003Z/labels_ollama_review_queue.csv,tools/dataset/captures/live_surveillance_20260629T1003Z/labels_environment.csv
live_surveillance_20260629T1003Z_capture_0604,tools/dataset/captures/live_surveillance_20260629T1003Z/capture_0604.jpg,28,49,613,25,70,true,train,ollama_ocr,approved,owner-bulk-approved,2026-06-29T20:15:49+00:00,qwen3-vl:4b,aqs-five-field-v2,tools/dataset/captures/live_surveillance_20260629T1003Z/labels_ollama_review_queue.csv,tools/dataset/captures/live_surveillance_20260629T1003Z/labels_environment.csv
live_surveillance_20260629T1003Z_capture_0605,tools/dataset/captures/live_surveillance_20260629T1003Z/capture_0605.jpg,28,49,618,24,67,true,train,ollama_ocr,approved,owner-bulk-approved,2026-06-29T20:15:49+00:00,qwen3-vl:4b,aqs-five-field-v2,tools/dataset/captures/live_surveillance_20260629T1003Z/labels_ollama_review_queue.csv,tools/dataset/captures/live_surveillance_20260629T1003Z/labels_environment.csv
live_surveillance_20260629T1003Z_capture_0606,tools/dataset/captures/live_surveillance_20260629T1003Z/capture_0606.jpg,28,49,618,25,70,true,train,ollama_ocr,approved,owner-bulk-approved,2026-06-29T20:15:49+00:00,qwen3-vl:4b,aqs-five-field-v2,tools/dataset/captures/live_surveillance_20260629T1003Z/labels_ollama_review_queue.csv,tools/dataset/captures/live_surveillance_20260629T1003Z/labels_environment.csv
live_surveillance_20260629T1003Z_capture_0607,tools/dataset/captures/live_surveillance_20260629T1003Z/capture_0607.jpg,28,49,618,25,70,true,validation,ollama_ocr,approved,owner-bulk-approved,2026-06-29T20:15:49+00:00,qwen3-vl:4b,aqs-five-field-v2,tools/dataset/captures/live_surveillance_20260629T1003Z/labels_ollama_review_queue.csv,tools/dataset/captures/live_surveillance_20260629T1003Z/labels_environment.csv
live_surveillance_20260629T1003Z_capture_0608,tools/dataset/captures/live_surveillance_20260629T1003Z/capture_0608.jpg,28,49,618,25,70,true,train,ollama_ocr,approved,owner-bulk-approved,2026-06-29T20:15:49+00:00,qwen3-vl:4b,aqs-five-field-v2,tools/dataset/captures/live_surveillance_20260629T1003Z/labels_ollama_review_queue.csv,tools/dataset/captures/live_surveillance_20260629T1003Z/labels_environment.csv
live_surveillance_20260629T1003Z_capture_0609,tools/dataset/captures/live_surveillance_20260629T1003Z/capture_0609.jpg,28,49,618,25,70,true,test,ollama_ocr,approved,owner-bulk-approved,2026-06-29T20:15:49+00:00,qwen3-vl:4b,aqs-five-field-v2,tools/dataset/captures/live_surveillance_20260629T1003Z/labels_ollama_review_queue.csv,tools/dataset/captures/live_surveillance_20260629T1003Z/labels_environment.csv
live_surveillance_20260629T1003Z_capture_0610,tools/dataset/captures/live_surveillance_20260629T1003Z/capture_0610.jpg,28,49,618,25,70,true,train,ollama_ocr,approved,owner-bulk-approved,2026-06-29T20:15:49+00:00,qwen3-vl:4b,aqs-five-field-v2,tools/dataset/captures/live_surveillance_20260629T1003Z/labels_ollama_review_queue.csv,tools/dataset/captures/live_surveillance_20260629T1003Z/labels_environment.csv
live_surveillance_20260629T1003Z_capture_0611,tools/dataset/captures/live_surveillance_20260629T1003Z/capture_0611.jpg,28,49,618,25,70,true,train,ollama_ocr,approved,owner-bulk-approved,2026-06-29T20:15:49+00:00,qwen3-vl:4b,aqs-five-field-v2,tools/dataset/captures/live_surveillance_20260629T1003Z/labels_ollama_review_queue.csv,tools/dataset/captures/live_surveillance_20260629T1003Z/labels_environment.csv
live_surveillance_20260629T1003Z_capture_0612,tools/dataset/captures/live_surveillance_20260629T1003Z/capture_0612.jpg,28,49,618,25,70,true,train,ollama_ocr,approved,owner-bulk-approved,2026-06-29T20:15:49+00:00,qwen3-vl:4b,aqs-five-field-v2,tools/dataset/captures/live_surveillance_20260629T1003Z/labels_ollama_review_queue.csv,tools/dataset/captures/live_surveillance_20260629T1003Z/labels_environment.csv
live_surveillance_20260629T1003Z_capture_0613,tools/dataset/captures/live_surveillance_20260629T1003Z/capture_0613.jpg,28,49,618,25,70,true,validation,ollama_ocr,approved,owner-bulk-approved,2026-06-29T20:15:49+00:00,qwen3-vl:4b,aqs-five-field-v2,tools/dataset/captures/live_surveillance_20260629T1003Z/labels_ollama_review_queue.csv,tools/dataset/captures/live_surveillance_20260629T1003Z/labels_environment.csv
live_surveillance_20260629T1003Z_capture_0614,tools/dataset/captures/live_surveillance_20260629T1003Z/capture_0614.jpg,28,49,618,25,70,true,train,ollama_ocr,approved,owner-bulk-approved,2026-06-29T20:15:49+00:00,qwen3-vl:4b,aqs-five-field-v2,tools/dataset/captures/live_surveillance_20260629T1003Z/labels_ollama_review_queue.csv,tools/dataset/captures/live_surveillance_20260629T1003Z/labels_environment.csv
live_surveillance_20260629T1003Z_capture_0615,tools/dataset/captures/live_surveillance_20260629T1003Z/capture_0615.jpg,28,49,618,25,70,true,train,ollama_ocr,approved,owner-bulk-approved,2026-06-29T20:15:49+00:00,qwen3-vl:4b,aqs-five-field-v2,tools/dataset/captures/live_surveillance_20260629T1003Z/labels_ollama_review_queue.csv,tools/dataset/captures/live_surveillance_20260629T1003Z/labels_environment.csv
live_surveillance_20260629T1003Z_capture_0616,tools/dataset/captures/live_surveillance_20260629T1003Z/capture_0616.jpg,28,49,618,25,70,true,test,ollama_ocr,approved,owner-bulk-approved,2026-06-29T20:15:49+00:00,qwen3-vl:4b,aqs-five-field-v2,tools/dataset/captures/live_surveillance_20260629T1003Z/labels_ollama_review_queue.csv,tools/dataset/captures/live_surveillance_20260629T1003Z/labels_environment.csv
live_surveillance_20260629T1003Z_capture_0617,tools/dataset/captures/live_surveillance_20260629T1003Z/capture_0617.jpg,28,49,618,25,70,true,train,ollama_ocr,approved,owner-bulk-approved,2026-06-29T20:15:49+00:00,qwen3-vl:4b,aqs-five-field-v2,tools/dataset/captures/live_surveillance_20260629T1003Z/labels_ollama_review_queue.csv,tools/dataset/captures/live_surveillance_20260629T1003Z/labels_environment.csv
live_surveillance_20260629T1003Z_capture_0618,tools/dataset/captures/live_surveillance_20260629T1003Z/capture_0618.jpg,28,49,580,13,58,true,train,ollama_ocr,approved,owner-bulk-approved,2026-06-29T20:15:49+00:00,qwen3-vl:4b,aqs-five-field-v2,tools/dataset/captures/live_surveillance_20260629T1003Z/labels_ollama_review_queue.csv,tools/dataset/captures/live_surveillance_20260629T1003Z/labels_environment.csv
live_surveillance_20260629T1003Z_capture_0619,tools/dataset/captures/live_surveillance_20260629T1003Z/capture_0619.jpg,28,49,574,17,47,true,train,ollama_ocr,approved,owner-bulk-approved,2026-06-29T20:15:49+00:00,qwen3-vl:4b,aqs-five-field-v2,tools/dataset/captures/live_surveillance_20260629T1003Z/labels_ollama_review_queue.csv,tools/dataset/captures/live_surveillance_20260629T1003Z/labels_environment.csv
live_surveillance_20260629T1003Z_capture_0620,tools/dataset/captures/live_surveillance_20260629T1003Z/capture_0620.jpg,28,49,574,17,47,true,validation,ollama_ocr,approved,owner-bulk-approved,2026-06-29T20:15:49+00:00,qwen3-vl:4b,aqs-five-field-v2,tools/dataset/captures/live_surveillance_20260629T1003Z/labels_ollama_review_queue.csv,tools/dataset/captures/live_surveillance_20260629T1003Z/labels_environment.csv
live_surveillance_20260629T1003Z_capture_0621,tools/dataset/captures/live_surveillance_20260629T1003Z/capture_0621.jpg,28,49,574,17,47,true,train,ollama_ocr,approved,owner-bulk-approved,2026-06-29T20:15:49+00:00,qwen3-vl:4b,aqs-five-field-v2,tools/dataset/captures/live_surveillance_20260629T1003Z/labels_ollama_review_queue.csv,tools/dataset/captures/live_surveillance_20260629T1003Z/labels_environment.csv
live_surveillance_20260629T1003Z_capture_0622,tools/dataset/captures/live_surveillance_20260629T1003Z/capture_0622.jpg,28,49,574,17,17,true,test,ollama_ocr,approved,owner-bulk-approved,2026-06-29T20:15:49+00:00,qwen3-vl:4b,aqs-five-field-v2,tools/dataset/captures/live_surveillance_20260629T1003Z/labels_ollama_review_queue.csv,tools/dataset/captures/live_surveillance_20260629T1003Z/labels_environment.csv
live_surveillance_20260629T1003Z_capture_0623,tools/dataset/captures/live_surveillance_20260629T1003Z/capture_0623.jpg,28,49,558,12,30,true,train,ollama_ocr,approved,owner-bulk-approved,2026-06-29T20:15:49+00:00,qwen3-vl:4b,aqs-five-field-v2,tools/dataset/captures/live_surveillance_20260629T1003Z/labels_ollama_review_queue.csv,tools/dataset/captures/live_surveillance_20260629T1003Z/labels_environment.csv
live_surveillance_20260629T1003Z_capture_0625,tools/dataset/captures/live_surveillance_20260629T1003Z/capture_0625.jpg,28,49,464,13,36,true,train,ollama_ocr,approved,owner-bulk-approved,2026-06-29T20:15:49+00:00,qwen3-vl:4b,aqs-five-field-v2,tools/dataset/captures/live_surveillance_20260629T1003Z/labels_ollama_review_queue.csv,tools/dataset/captures/live_surveillance_20260629T1003Z/labels_environment.csv
live_surveillance_20260629T1003Z_capture_0626,tools/dataset/captures/live_surveillance_20260629T1003Z/capture_0626.jpg,28,49,445,6,39,true,train,ollama_ocr,approved,owner-bulk-approved,2026-06-29T20:15:49+00:00,qwen3-vl:4b,aqs-five-field-v2,tools/dataset/captures/live_surveillance_20260629T1003Z/labels_ollama_review_queue.csv,tools/dataset/captures/live_surveillance_20260629T1003Z/labels_environment.csv
live_surveillance_20260629T1003Z_capture_0627,tools/dataset/captures/live_surveillance_20260629T1003Z/capture_0627.jpg,28,49,446,17,47,true,train,ollama_ocr,approved,owner-bulk-approved,2026-06-29T20:15:49+00:00,qwen3-vl:4b,aqs-five-field-v2,tools/dataset/captures/live_surveillance_20260629T1003Z/labels_ollama_review_queue.csv,tools/dataset/captures/live_surveillance_20260629T1003Z/labels_environment.csv
live_surveillance_20260629T1003Z_capture_0628,tools/dataset/captures/live_surveillance_20260629T1003Z/capture_0628.jpg,28,49,442,12,33,true,validation,ollama_ocr,approved,owner-bulk-approved,2026-06-29T20:15:49+00:00,qwen3-vl:4b,aqs-five-field-v2,tools/dataset/captures/live_surveillance_20260629T1003Z/labels_ollama_review_queue.csv,tools/dataset/captures/live_surveillance_20260629T1003Z/labels_environment.csv
live_surveillance_20260629T1003Z_capture_0629,tools/dataset/captures/live_surveillance_20260629T1003Z/capture_0629.jpg,28,49,441,12,33,true,train,ollama_ocr,approved,owner-bulk-approved,2026-06-29T20:15:49+00:00,qwen3-vl:4b,aqs-five-field-v2,tools/dataset/captures/live_surveillance_20260629T1003Z/labels_ollama_review_queue.csv,tools/dataset/captures/live_surveillance_20260629T1003Z/labels_environment.csv
live_surveillance_20260629T1003Z_capture_0630,tools/dataset/captures/live_surveillance_20260629T1003Z/capture_0630.jpg,28,49,444,13,36,true,test,ollama_ocr,approved,owner-bulk-approved,2026-06-29T20:15:49+00:00,qwen3-vl:4b,aqs-five-field-v2,tools/dataset/captures/live_surveillance_20260629T1003Z/labels_ollama_review_queue.csv,tools/dataset/captures/live_surveillance_20260629T1003Z/labels_environment.csv
live_surveillance_20260629T1003Z_capture_0631,tools/dataset/captures/live_surveillance_20260629T1003Z/capture_0631.jpg,28,49,444,17,47,true,train,ollama_ocr,approved,owner-bulk-approved,2026-06-29T20:15:49+00:00,qwen3-vl:4b,aqs-five-field-v2,tools/dataset/captures/live_surveillance_20260629T1003Z/labels_ollama_review_queue.csv,tools/dataset/captures/live_surveillance_20260629T1003Z/labels_environment.csv
live_surveillance_20260629T1003Z_capture_0632,tools/dataset/captures/live_surveillance_20260629T1003Z/capture_0632.jpg,28,49,446,12,33,true,train,ollama_ocr,approved,owner-bulk-approved,2026-06-29T20:15:49+00:00,qwen3-vl:4b,aqs-five-field-v2,tools/dataset/captures/live_surveillance_20260629T1003Z/labels_ollama_review_queue.csv,tools/dataset/captures/live_surveillance_20260629T1003Z/labels_environment.csv
live_surveillance_20260629T1003Z_capture_0633,tools/dataset/captures/live_surveillance_20260629T1003Z/capture_0633.jpg,28,49,442,11,33,true,train,ollama_ocr,approved,owner-bulk-approved,2026-06-29T20:15:49+00:00,qwen3-vl:4b,aqs-five-field-v2,tools/dataset/captures/live_surveillance_20260629T1003Z/labels_ollama_review_queue.csv,tools/dataset/captures/live_surveillance_20260629T1003Z/labels_environment.csv
live_surveillance_20260629T1003Z_capture_0634,tools/dataset/captures/live_surveillance_20260629T1003Z/capture_0634.jpg,28,49,441,12,36,true,validation,ollama_ocr,approved,owner-bulk-approved,2026-06-29T20:15:49+00:00,qwen3-vl:4b,aqs-five-field-v2,tools/dataset/captures/live_surveillance_20260629T1003Z/labels_ollama_review_queue.csv,tools/dataset/captures/live_surveillance_20260629T1003Z/labels_environment.csv
live_surveillance_20260629T1003Z_capture_0635,tools/dataset/captures/live_surveillance_20260629T1003Z/capture_0635.jpg,28,49,444,13,36,true,train,ollama_ocr,approved,owner-bulk-approved,2026-06-29T20:15:49+00:00,qwen3-vl:4b,aqs-five-field-v2,tools/dataset/captures/live_surveillance_20260629T1003Z/labels_ollama_review_queue.csv,tools/dataset/captures/live_surveillance_20260629T1003Z/labels_environment.csv
live_surveillance_20260629T1003Z_capture_0636,tools/dataset/captures/live_surveillance_20260629T1003Z/capture_0636.jpg,28,49,446,17,47,true,train,ollama_ocr,approved,owner-bulk-approved,2026-06-29T20:15:49+00:00,qwen3-vl:4b,aqs-five-field-v2,tools/dataset/captures/live_surveillance_20260629T1003Z/labels_ollama_review_queue.csv,tools/dataset/captures/live_surveillance_20260629T1003Z/labels_environment.csv
live_surveillance_20260629T1003Z_capture_0637,tools/dataset/captures/live_surveillance_20260629T1003Z/capture_0637.jpg,28,49,442,12,33,true,test,ollama_ocr,approved,owner-bulk-approved,2026-06-29T20:15:49+00:00,qwen3-vl:4b,aqs-five-field-v2,tools/dataset/captures/live_surveillance_20260629T1003Z/labels_ollama_review_queue.csv,tools/dataset/captures/live_surveillance_20260629T1003Z/labels_environment.csv
live_surveillance_20260629T1003Z_capture_0638,tools/dataset/captures/live_surveillance_20260629T1003Z/capture_0638.jpg,28,49,442,12,33,true,train,ollama_ocr,approved,owner-bulk-approved,2026-06-29T20:15:49+00:00,qwen3-vl:4b,aqs-five-field-v2,tools/dataset/captures/live_surveillance_20260629T1003Z/labels_ollama_review_queue.csv,tools/dataset/captures/live_surveillance_20260629T1003Z/labels_environment.csv
live_surveillance_20260629T1003Z_capture_0639,tools/dataset/captures/live_surveillance_20260629T1003Z/capture_0639.jpg,28,49,441,8,36,true,train,ollama_ocr,approved,owner-bulk-approved,2026-06-29T20:15:49+00:00,qwen3-vl:4b,aqs-five-field-v2,tools/dataset/captures/live_surveillance_20260629T1003Z/labels_ollama_review_queue.csv,tools/dataset/captures/live_surveillance_20260629T1003Z/labels_environment.csv
live_surveillance_20260629T1003Z_capture_0640,tools/dataset/captures/live_surveillance_20260629T1003Z/capture_0640.jpg,28,49,444,5,47,true,train,ollama_ocr,approved,owner-bulk-approved,2026-06-29T20:15:49+00:00,qwen3-vl:4b,aqs-five-field-v2,tools/dataset/captures/live_surveillance_20260629T1003Z/labels_ollama_review_queue.csv,tools/dataset/captures/live_surveillance_20260629T1003Z/labels_environment.csv
live_surveillance_20260629T1003Z_capture_0642,tools/dataset/captures/live_surveillance_20260629T1003Z/capture_0642.jpg,28,49,442,12,33,true,validation,ollama_ocr,approved,owner-bulk-approved,2026-06-29T20:15:49+00:00,qwen3-vl:4b,aqs-five-field-v2,tools/dataset/captures/live_surveillance_20260629T1003Z/labels_ollama_review_queue.csv,tools/dataset/captures/live_surveillance_20260629T1003Z/labels_environment.csv
live_surveillance_20260629T1003Z_capture_0644,tools/dataset/captures/live_surveillance_20260629T1003Z/capture_0644.jpg,28,49,445,6,36,true,train,ollama_ocr,approved,owner-bulk-approved,2026-06-29T20:15:49+00:00,qwen3-vl:4b,aqs-five-field-v2,tools/dataset/captures/live_surveillance_20260629T1003Z/labels_ollama_review_queue.csv,tools/dataset/captures/live_surveillance_20260629T1003Z/labels_environment.csv
live_surveillance_20260629T1003Z_capture_0649,tools/dataset/captures/live_surveillance_20260629T1003Z/capture_0649.jpg,28,49,444,13,50,true,test,ollama_ocr,approved,owner-bulk-approved,2026-06-29T20:15:49+00:00,qwen3-vl:4b,aqs-five-field-v2,tools/dataset/captures/live_surveillance_20260629T1003Z/labels_ollama_review_queue.csv,tools/dataset/captures/live_surveillance_20260629T1003Z/labels_environment.csv
live_surveillance_20260629T1003Z_capture_0650,tools/dataset/captures/live_surveillance_20260629T1003Z/capture_0650.jpg,28,49,446,17,42,true,train,ollama_ocr,approved,owner-bulk-approved,2026-06-29T20:15:49+00:00,qwen3-vl:4b,aqs-five-field-v2,tools/dataset/captures/live_surveillance_20260629T1003Z/labels_ollama_review_queue.csv,tools/dataset/captures/live_surveillance_20260629T1003Z/labels_environment.csv
live_surveillance_20260629T1003Z_capture_0651,tools/dataset/captures/live_surveillance_20260629T1003Z/capture_0651.jpg,28,49,446,12,28,true,train,ollama_ocr,approved,owner-bulk-approved,2026-06-29T20:15:49+00:00,qwen3-vl:4b,aqs-five-field-v2,tools/dataset/captures/live_surveillance_20260629T1003Z/labels_ollama_review_queue.csv,tools/dataset/captures/live_surveillance_20260629T1003Z/labels_environment.csv
live_surveillance_20260629T1003Z_capture_0652,tools/dataset/captures/live_surveillance_20260629T1003Z/capture_0652.jpg,28,49,442,12,30,true,train,ollama_ocr,approved,owner-bulk-approved,2026-06-29T20:15:49+00:00,qwen3-vl:4b,aqs-five-field-v2,tools/dataset/captures/live_surveillance_20260629T1003Z/labels_ollama_review_queue.csv,tools/dataset/captures/live_surveillance_20260629T1003Z/labels_environment.csv
live_surveillance_20260629T1003Z_capture_0653,tools/dataset/captures/live_surveillance_20260629T1003Z/capture_0653.jpg,28,49,441,13,50,true,train,ollama_ocr,approved,owner-bulk-approved,2026-06-29T20:15:49+00:00,qwen3-vl:4b,aqs-five-field-v2,tools/dataset/captures/live_surveillance_20260629T1003Z/labels_ollama_review_queue.csv,tools/dataset/captures/live_surveillance_20260629T1003Z/labels_environment.csv
live_surveillance_20260629T1003Z_capture_0654,tools/dataset/captures/live_surveillance_20260629T1003Z/capture_0654.jpg,28,49,444,13,36,true,validation,ollama_ocr,approved,owner-bulk-approved,2026-06-29T20:15:49+00:00,qwen3-vl:4b,aqs-five-field-v2,tools/dataset/captures/live_surveillance_20260629T1003Z/labels_ollama_review_queue.csv,tools/dataset/captures/live_surveillance_20260629T1003Z/labels_environment.csv
live_surveillance_20260629T1003Z_capture_0655,tools/dataset/captures/live_surveillance_20260629T1003Z/capture_0655.jpg,28,49,446,17,28,true,train,ollama_ocr,approved,owner-bulk-approved,2026-06-29T20:15:49+00:00,qwen3-vl:4b,aqs-five-field-v2,tools/dataset/captures/live_surveillance_20260629T1003Z/labels_ollama_review_queue.csv,tools/dataset/captures/live_surveillance_20260629T1003Z/labels_environment.csv
live_surveillance_20260629T1003Z_capture_0658,tools/dataset/captures/live_surveillance_20260629T1003Z/capture_0658.jpg,28,49,441,13,50,true,test,ollama_ocr,approved,owner-bulk-approved,2026-06-29T20:15:49+00:00,qwen3-vl:4b,aqs-five-field-v2,tools/dataset/captures/live_surveillance_20260629T1003Z/labels_ollama_review_queue.csv,tools/dataset/captures/live_surveillance_20260629T1003Z/labels_environment.csv
live_surveillance_20260629T1003Z_capture_0659,tools/dataset/captures/live_surveillance_20260629T1003Z/capture_0659.jpg,28,49,444,17,42,true,train,ollama_ocr,approved,owner-bulk-approved,2026-06-29T20:15:49+00:00,qwen3-vl:4b,aqs-five-field-v2,tools/dataset/captures/live_surveillance_20260629T1003Z/labels_ollama_review_queue.csv,tools/dataset/captures/live_surveillance_20260629T1003Z/labels_environment.csv
live_surveillance_20260629T1003Z_capture_0660,tools/dataset/captures/live_surveillance_20260629T1003Z/capture_0660.jpg,28,49,446,17,28,true,train,ollama_ocr,approved,owner-bulk-approved,2026-06-29T20:15:49+00:00,qwen3-vl:4b,aqs-five-field-v2,tools/dataset/captures/live_surveillance_20260629T1003Z/labels_ollama_review_queue.csv,tools/dataset/captures/live_surveillance_20260629T1003Z/labels_environment.csv
live_surveillance_20260629T1003Z_capture_0662,tools/dataset/captures/live_surveillance_20260629T1003Z/capture_0662.jpg,28,49,453,13,36,true,train,ollama_ocr,approved,owner-bulk-approved,2026-06-29T20:15:49+00:00,qwen3-vl:4b,aqs-five-field-v2,tools/dataset/captures/live_surveillance_20260629T1003Z/labels_ollama_review_queue.csv,tools/dataset/captures/live_surveillance_20260629T1003Z/labels_environment.csv
live_surveillance_20260629T1003Z_capture_0664,tools/dataset/captures/live_surveillance_20260629T1003Z/capture_0664.jpg,28,49,464,8,50,true,validation,ollama_ocr,approved,owner-bulk-approved,2026-06-29T20:15:49+00:00,qwen3-vl:4b,aqs-five-field-v2,tools/dataset/captures/live_surveillance_20260629T1003Z/labels_ollama_review_queue.csv,tools/dataset/captures/live_surveillance_20260629T1003Z/labels_environment.csv
live_surveillance_20260629T1003Z_capture_0665,tools/dataset/captures/live_surveillance_20260629T1003Z/capture_0665.jpg,28,49,464,14,39,true,train,ollama_ocr,approved,owner-bulk-approved,2026-06-29T20:15:49+00:00,qwen3-vl:4b,aqs-five-field-v2,tools/dataset/captures/live_surveillance_20260629T1003Z/labels_ollama_review_queue.csv,tools/dataset/captures/live_surveillance_20260629T1003Z/labels_environment.csv
live_surveillance_20260629T1003Z_capture_0666,tools/dataset/captures/live_surveillance_20260629T1003Z/capture_0666.jpg,28,49,481,12,33,true,train,ollama_ocr,approved,owner-bulk-approved,2026-06-29T20:15:49+00:00,qwen3-vl:4b,aqs-five-field-v2,tools/dataset/captures/live_surveillance_20260629T1003Z/labels_ollama_review_queue.csv,tools/dataset/captures/live_surveillance_20260629T1003Z/labels_environment.csv
live_surveillance_20260629T1003Z_capture_0667,tools/dataset/captures/live_surveillance_20260629T1003Z/capture_0667.jpg,28,49,481,6,17,true,test,ollama_ocr,approved,owner-bulk-approved,2026-06-29T20:15:49+00:00,qwen3-vl:4b,aqs-five-field-v2,tools/dataset/captures/live_surveillance_20260629T1003Z/labels_ollama_review_queue.csv,tools/dataset/captures/live_surveillance_20260629T1003Z/labels_environment.csv
live_surveillance_20260629T1003Z_capture_0668,tools/dataset/captures/live_surveillance_20260629T1003Z/capture_0668.jpg,28,49,481,12,30,true,train,ollama_ocr,approved,owner-bulk-approved,2026-06-29T20:15:49+00:00,qwen3-vl:4b,aqs-five-field-v2,tools/dataset/captures/live_surveillance_20260629T1003Z/labels_ollama_review_queue.csv,tools/dataset/captures/live_surveillance_20260629T1003Z/labels_environment.csv
live_surveillance_20260629T1003Z_capture_0669,tools/dataset/captures/live_surveillance_20260629T1003Z/capture_0669.jpg,28,49,481,13,36,true,train,ollama_ocr,approved,owner-bulk-approved,2026-06-29T20:15:49+00:00,qwen3-vl:4b,aqs-five-field-v2,tools/dataset/captures/live_surveillance_20260629T1003Z/labels_ollama_review_queue.csv,tools/dataset/captures/live_surveillance_20260629T1003Z/labels_environment.csv
live_surveillance_20260629T1003Z_capture_0671,tools/dataset/captures/live_surveillance_20260629T1003Z/capture_0671.jpg,28,49,503,8,50,true,train,ollama_ocr,approved,owner-bulk-approved,2026-06-29T20:15:49+00:00,qwen3-vl:4b,aqs-five-field-v2,tools/dataset/captures/live_surveillance_20260629T1003Z/labels_ollama_review_queue.csv,tools/dataset/captures/live_surveillance_20260629T1003Z/labels_environment.csv
live_surveillance_20260629T1003Z_capture_0672,tools/dataset/captures/live_surveillance_20260629T1003Z/capture_0672.jpg,28,49,508,14,39,true,validation,ollama_ocr,approved,owner-bulk-approved,2026-06-29T20:15:49+00:00,qwen3-vl:4b,aqs-five-field-v2,tools/dataset/captures/live_surveillance_20260629T1003Z/labels_ollama_review_queue.csv,tools/dataset/captures/live_surveillance_20260629T1003Z/labels_environment.csv
live_surveillance_20260629T1003Z_capture_0673,tools/dataset/captures/live_surveillance_20260629T1003Z/capture_0673.jpg,28,49,514,2,33,true,train,ollama_ocr,approved,owner-bulk-approved,2026-06-29T20:15:49+00:00,qwen3-vl:4b,aqs-five-field-v2,tools/dataset/captures/live_surveillance_20260629T1003Z/labels_ollama_review_queue.csv,tools/dataset/captures/live_surveillance_20260629T1003Z/labels_environment.csv
live_surveillance_20260629T1003Z_capture_0674,tools/dataset/captures/live_surveillance_20260629T1003Z/capture_0674.jpg,28,49,519,17,47,true,test,ollama_ocr,approved,owner-bulk-approved,2026-06-29T20:15:49+00:00,qwen3-vl:4b,aqs-five-field-v2,tools/dataset/captures/live_surveillance_20260629T1003Z/labels_ollama_review_queue.csv,tools/dataset/captures/live_surveillance_20260629T1003Z/labels_environment.csv
live_surveillance_20260629T1003Z_capture_0675,tools/dataset/captures/live_surveillance_20260629T1003Z/capture_0675.jpg,28,49,519,2,30,true,train,ollama_ocr,approved,owner-bulk-approved,2026-06-29T20:15:49+00:00,qwen3-vl:4b,aqs-five-field-v2,tools/dataset/captures/live_surveillance_20260629T1003Z/labels_ollama_review_queue.csv,tools/dataset/captures/live_surveillance_20260629T1003Z/labels_environment.csv
live_surveillance_20260629T1003Z_capture_0676,tools/dataset/captures/live_surveillance_20260629T1003Z/capture_0676.jpg,28,49,525,13,36,true,train,ollama_ocr,approved,owner-bulk-approved,2026-06-29T20:15:49+00:00,qwen3-vl:4b,aqs-five-field-v2,tools/dataset/captures/live_surveillance_20260629T1003Z/labels_ollama_review_queue.csv,tools/dataset/captures/live_surveillance_20260629T1003Z/labels_environment.csv
live_surveillance_20260629T1003Z_capture_0678,tools/dataset/captures/live_surveillance_20260629T1003Z/capture_0678.jpg,28,49,525,8,50,true,train,ollama_ocr,approved,owner-bulk-approved,2026-06-29T20:15:49+00:00,qwen3-vl:4b,aqs-five-field-v2,tools/dataset/captures/live_surveillance_20260629T1003Z/labels_ollama_review_queue.csv,tools/dataset/captures/live_surveillance_20260629T1003Z/labels_environment.csv
live_surveillance_20260629T1003Z_capture_0679,tools/dataset/captures/live_surveillance_20260629T1003Z/capture_0679.jpg,28,49,525,14,39,true,train,ollama_ocr,approved,owner-bulk-approved,2026-06-29T20:15:49+00:00,qwen3-vl:4b,aqs-five-field-v2,tools/dataset/captures/live_surveillance_20260629T1003Z/labels_ollama_review_queue.csv,tools/dataset/captures/live_surveillance_20260629T1003Z/labels_environment.csv
live_surveillance_20260629T1003Z_capture_0681,tools/dataset/captures/live_surveillance_20260629T1003Z/capture_0681.jpg,28,49,525,15,47,true,validation,ollama_ocr,approved,owner-bulk-approved,2026-06-29T20:15:49+00:00,qwen3-vl:4b,aqs-five-field-v2,tools/dataset/captures/live_surveillance_20260629T1003Z/labels_ollama_review_queue.csv,tools/dataset/captures/live_surveillance_20260629T1003Z/labels_environment.csv
live_surveillance_20260629T1003Z_capture_0682,tools/dataset/captures/live_surveillance_20260629T1003Z/capture_0682.jpg,28,49,525,12,33,true,train,ollama_ocr,approved,owner-bulk-approved,2026-06-29T20:15:49+00:00,qwen3-vl:4b,aqs-five-field-v2,tools/dataset/captures/live_surveillance_20260629T1003Z/labels_ollama_review_queue.csv,tools/dataset/captures/live_surveillance_20260629T1003Z/labels_environment.csv
live_surveillance_20260629T1003Z_capture_0683,tools/dataset/captures/live_surveillance_20260629T1003Z/capture_0683.jpg,28,49,530,6,36,true,test,ollama_ocr,approved,owner-bulk-approved,2026-06-29T20:15:49+00:00,qwen3-vl:4b,aqs-five-field-v2,tools/dataset/captures/live_surveillance_20260629T1003Z/labels_ollama_review_queue.csv,tools/dataset/captures/live_surveillance_20260629T1003Z/labels_environment.csv
live_surveillance_20260629T1003Z_capture_0684,tools/dataset/captures/live_surveillance_20260629T1003Z/capture_0684.jpg,28,49,530,12,28,true,train,ollama_ocr,approved,owner-bulk-approved,2026-06-29T20:15:49+00:00,qwen3-vl:4b,aqs-five-field-v2,tools/dataset/captures/live_surveillance_20260629T1003Z/labels_ollama_review_queue.csv,tools/dataset/captures/live_surveillance_20260629T1003Z/labels_environment.csv
live_surveillance_20260629T1003Z_capture_0685,tools/dataset/captures/live_surveillance_20260629T1003Z/capture_0685.jpg,28,49,552,15,42,true,train,ollama_ocr,approved,owner-bulk-approved,2026-06-29T20:15:49+00:00,qwen3-vl:4b,aqs-five-field-v2,tools/dataset/captures/live_surveillance_20260629T1003Z/labels_ollama_review_queue.csv,tools/dataset/captures/live_surveillance_20260629T1003Z/labels_environment.csv
live_surveillance_20260629T1003Z_capture_0686,tools/dataset/captures/live_surveillance_20260629T1003Z/capture_0686.jpg,28,49,574,17,47,true,train,ollama_ocr,approved,owner-bulk-approved,2026-06-29T20:15:49+00:00,qwen3-vl:4b,aqs-five-field-v2,tools/dataset/captures/live_surveillance_20260629T1003Z/labels_ollama_review_queue.csv,tools/dataset/captures/live_surveillance_20260629T1003Z/labels_environment.csv
live_surveillance_20260629T1003Z_capture_0688,tools/dataset/captures/live_surveillance_20260629T1003Z/capture_0688.jpg,28,49,574,17,47,true,validation,ollama_ocr,approved,owner-bulk-approved,2026-06-29T20:15:49+00:00,qwen3-vl:4b,aqs-five-field-v2,tools/dataset/captures/live_surveillance_20260629T1003Z/labels_ollama_review_queue.csv,tools/dataset/captures/live_surveillance_20260629T1003Z/labels_environment.csv
live_surveillance_20260629T1003Z_capture_0689,tools/dataset/captures/live_surveillance_20260629T1003Z/capture_0689.jpg,28,49,585,18,53,true,train,ollama_ocr,approved,owner-bulk-approved,2026-06-29T20:15:49+00:00,qwen3-vl:4b,aqs-five-field-v2,tools/dataset/captures/live_surveillance_20260629T1003Z/labels_ollama_review_queue.csv,tools/dataset/captures/live_surveillance_20260629T1003Z/labels_environment.csv
live_surveillance_20260629T1003Z_capture_0690,tools/dataset/captures/live_surveillance_20260629T1003Z/capture_0690.jpg,28,49,574,17,47,true,train,ollama_ocr,approved,owner-bulk-approved,2026-06-29T20:15:49+00:00,qwen3-vl:4b,aqs-five-field-v2,tools/dataset/captures/live_surveillance_20260629T1003Z/labels_ollama_review_queue.csv,tools/dataset/captures/live_surveillance_20260629T1003Z/labels_environment.csv
live_surveillance_20260629T1003Z_capture_0691,tools/dataset/captures/live_surveillance_20260629T1003Z/capture_0691.jpg,28,49,574,17,47,true,test,ollama_ocr,approved,owner-bulk-approved,2026-06-29T20:15:49+00:00,qwen3-vl:4b,aqs-five-field-v2,tools/dataset/captures/live_surveillance_20260629T1003Z/labels_ollama_review_queue.csv,tools/dataset/captures/live_surveillance_20260629T1003Z/labels_environment.csv
live_surveillance_20260629T1003Z_capture_0692,tools/dataset/captures/live_surveillance_20260629T1003Z/capture_0692.jpg,28,49,574,17,47,true,train,ollama_ocr,approved,owner-bulk-approved,2026-06-29T20:15:49+00:00,qwen3-vl:4b,aqs-five-field-v2,tools/dataset/captures/live_surveillance_20260629T1003Z/labels_ollama_review_queue.csv,tools/dataset/captures/live_surveillance_20260629T1003Z/labels_environment.csv
live_surveillance_20260629T1003Z_capture_0693,tools/dataset/captures/live_surveillance_20260629T1003Z/capture_0693.jpg,28,49,580,17,47,true,train,ollama_ocr,approved,owner-bulk-approved,2026-06-29T20:15:49+00:00,qwen3-vl:4b,aqs-five-field-v2,tools/dataset/captures/live_surveillance_20260629T1003Z/labels_ollama_review_queue.csv,tools/dataset/captures/live_surveillance_20260629T1003Z/labels_environment.csv
live_surveillance_20260629T1003Z_capture_0694,tools/dataset/captures/live_surveillance_20260629T1003Z/capture_0694.jpg,28,49,574,17,50,true,train,ollama_ocr,approved,owner-bulk-approved,2026-06-29T20:15:49+00:00,qwen3-vl:4b,aqs-five-field-v2,tools/dataset/captures/live_surveillance_20260629T1003Z/labels_ollama_review_queue.csv,tools/dataset/captures/live_surveillance_20260629T1003Z/labels_environment.csv
live_surveillance_20260629T1003Z_capture_0695,tools/dataset/captures/live_surveillance_20260629T1003Z/capture_0695.jpg,28,49,618,25,70,true,validation,ollama_ocr,approved,owner-bulk-approved,2026-06-29T20:15:49+00:00,qwen3-vl:4b,aqs-five-field-v2,tools/dataset/captures/live_surveillance_20260629T1003Z/labels_ollama_review_queue.csv,tools/dataset/captures/live_surveillance_20260629T1003Z/labels_environment.csv
live_surveillance_20260629T1003Z_capture_0696,tools/dataset/captures/live_surveillance_20260629T1003Z/capture_0696.jpg,28,49,618,25,70,true,train,ollama_ocr,approved,owner-bulk-approved,2026-06-29T20:15:49+00:00,qwen3-vl:4b,aqs-five-field-v2,tools/dataset/captures/live_surveillance_20260629T1003Z/labels_ollama_review_queue.csv,tools/dataset/captures/live_surveillance_20260629T1003Z/labels_environment.csv
live_surveillance_20260629T1003Z_capture_0697,tools/dataset/captures/live_surveillance_20260629T1003Z/capture_0697.jpg,28,49,618,25,70,true,test,ollama_ocr,approved,owner-bulk-approved,2026-06-29T20:15:49+00:00,qwen3-vl:4b,aqs-five-field-v2,tools/dataset/captures/live_surveillance_20260629T1003Z/labels_ollama_review_queue.csv,tools/dataset/captures/live_surveillance_20260629T1003Z/labels_environment.csv
live_surveillance_20260629T1003Z_capture_0698,tools/dataset/captures/live_surveillance_20260629T1003Z/capture_0698.jpg,28,49,618,25,70,true,train,ollama_ocr,approved,owner-bulk-approved,2026-06-29T20:15:49+00:00,qwen3-vl:4b,aqs-five-field-v2,tools/dataset/captures/live_surveillance_20260629T1003Z/labels_ollama_review_queue.csv,tools/dataset/captures/live_surveillance_20260629T1003Z/labels_environment.csv
live_surveillance_20260629T1003Z_capture_0699,tools/dataset/captures/live_surveillance_20260629T1003Z/capture_0699.jpg,28,49,618,25,70,true,train,ollama_ocr,approved,owner-bulk-approved,2026-06-29T20:15:49+00:00,qwen3-vl:4b,aqs-five-field-v2,tools/dataset/captures/live_surveillance_20260629T1003Z/labels_ollama_review_queue.csv,tools/dataset/captures/live_surveillance_20260629T1003Z/labels_environment.csv
live_surveillance_20260629T1003Z_capture_0700,tools/dataset/captures/live_surveillance_20260629T1003Z/capture_0700.jpg,28,49,618,25,70,true,train,ollama_ocr,approved,owner-bulk-approved,2026-06-29T20:15:49+00:00,qwen3-vl:4b,aqs-five-field-v2,tools/dataset/captures/live_surveillance_20260629T1003Z/labels_ollama_review_queue.csv,tools/dataset/captures/live_surveillance_20260629T1003Z/labels_environment.csv
live_surveillance_20260629T1003Z_capture_0701,tools/dataset/captures/live_surveillance_20260629T1003Z/capture_0701.jpg,28,49,618,25,70,true,train,ollama_ocr,approved,owner-bulk-approved,2026-06-29T20:15:49+00:00,qwen3-vl:4b,aqs-five-field-v2,tools/dataset/captures/live_surveillance_20260629T1003Z/labels_ollama_review_queue.csv,tools/dataset/captures/live_surveillance_20260629T1003Z/labels_environment.csv
live_surveillance_20260629T1003Z_capture_0702,tools/dataset/captures/live_surveillance_20260629T1003Z/capture_0702.jpg,28,49,618,25,70,true,validation,ollama_ocr,approved,owner-bulk-approved,2026-06-29T20:15:49+00:00,qwen3-vl:4b,aqs-five-field-v2,tools/dataset/captures/live_surveillance_20260629T1003Z/labels_ollama_review_queue.csv,tools/dataset/captures/live_surveillance_20260629T1003Z/labels_environment.csv
live_surveillance_20260629T1003Z_capture_0703,tools/dataset/captures/live_surveillance_20260629T1003Z/capture_0703.jpg,28,49,618,25,70,true,train,ollama_ocr,approved,owner-bulk-approved,2026-06-29T20:15:49+00:00,qwen3-vl:4b,aqs-five-field-v2,tools/dataset/captures/live_surveillance_20260629T1003Z/labels_ollama_review_queue.csv,tools/dataset/captures/live_surveillance_20260629T1003Z/labels_environment.csv
live_surveillance_20260629T1003Z_capture_0704,tools/dataset/captures/live_surveillance_20260629T1003Z/capture_0704.jpg,28,49,618,25,70,true,test,ollama_ocr,approved,owner-bulk-approved,2026-06-29T20:15:49+00:00,qwen3-vl:4b,aqs-five-field-v2,tools/dataset/captures/live_surveillance_20260629T1003Z/labels_ollama_review_queue.csv,tools/dataset/captures/live_surveillance_20260629T1003Z/labels_environment.csv
live_surveillance_20260629T1003Z_capture_0705,tools/dataset/captures/live_surveillance_20260629T1003Z/capture_0705.jpg,28,49,618,25,70,true,train,ollama_ocr,approved,owner-bulk-approved,2026-06-29T20:15:49+00:00,qwen3-vl:4b,aqs-five-field-v2,tools/dataset/captures/live_surveillance_20260629T1003Z/labels_ollama_review_queue.csv,tools/dataset/captures/live_surveillance_20260629T1003Z/labels_environment.csv
live_surveillance_20260629T1003Z_capture_0706,tools/dataset/captures/live_surveillance_20260629T1003Z/capture_0706.jpg,28,49,618,25,70,true,train,ollama_ocr,approved,owner-bulk-approved,2026-06-29T20:15:49+00:00,qwen3-vl:4b,aqs-five-field-v2,tools/dataset/captures/live_surveillance_20260629T1003Z/labels_ollama_review_queue.csv,tools/dataset/captures/live_surveillance_20260629T1003Z/labels_environment.csv
live_surveillance_20260629T1003Z_capture_0707,tools/dataset/captures/live_surveillance_20260629T1003Z/capture_0707.jpg,28,49,618,25,70,true,train,ollama_ocr,approved,owner-bulk-approved,2026-06-29T20:15:49+00:00,qwen3-vl:4b,aqs-five-field-v2,tools/dataset/captures/live_surveillance_20260629T1003Z/labels_ollama_review_queue.csv,tools/dataset/captures/live_surveillance_20260629T1003Z/labels_environment.csv
live_surveillance_20260629T1003Z_capture_0708,tools/dataset/captures/live_surveillance_20260629T1003Z/capture_0708.jpg,28,49,624,26,72,true,validation,ollama_ocr,approved,owner-bulk-approved,2026-06-29T20:15:49+00:00,qwen3-vl:4b,aqs-five-field-v2,tools/dataset/captures/live_surveillance_20260629T1003Z/labels_ollama_review_queue.csv,tools/dataset/captures/live_surveillance_20260629T1003Z/labels_environment.csv
live_surveillance_20260629T1003Z_capture_0709,tools/dataset/captures/live_surveillance_20260629T1003Z/capture_0709.jpg,28,49,629,27,75,true,train,ollama_ocr,approved,owner-bulk-approved,2026-06-29T20:15:49+00:00,qwen3-vl:4b,aqs-five-field-v2,tools/dataset/captures/live_surveillance_20260629T1003Z/labels_ollama_review_queue.csv,tools/dataset/captures/live_surveillance_20260629T1003Z/labels_environment.csv
live_surveillance_20260629T1003Z_capture_0710,tools/dataset/captures/live_surveillance_20260629T1003Z/capture_0710.jpg,28,49,668,33,98,true,train,ollama_ocr,approved,owner-bulk-approved,2026-06-29T20:15:49+00:00,qwen3-vl:4b,aqs-five-field-v2,tools/dataset/captures/live_surveillance_20260629T1003Z/labels_ollama_review_queue.csv,tools/dataset/captures/live_surveillance_20260629T1003Z/labels_environment.csv
live_surveillance_20260629T1003Z_capture_0711,tools/dataset/captures/live_surveillance_20260629T1003Z/capture_0711.jpg,28,49,629,27,75,true,test,ollama_ocr,approved,owner-bulk-approved,2026-06-29T20:15:49+00:00,qwen3-vl:4b,aqs-five-field-v2,tools/dataset/captures/live_surveillance_20260629T1003Z/labels_ollama_review_queue.csv,tools/dataset/captures/live_surveillance_20260629T1003Z/labels_environment.csv
live_surveillance_20260629T1003Z_capture_0712,tools/dataset/captures/live_surveillance_20260629T1003Z/capture_0712.jpg,28,49,618,25,70,true,train,ollama_ocr,approved,owner-bulk-approved,2026-06-29T20:15:49+00:00,qwen3-vl:4b,aqs-five-field-v2,tools/dataset/captures/live_surveillance_20260629T1003Z/labels_ollama_review_queue.csv,tools/dataset/captures/live_surveillance_20260629T1003Z/labels_environment.csv
live_surveillance_20260629T1003Z_capture_0713,tools/dataset/captures/live_surveillance_20260629T1003Z/capture_0713.jpg,28,49,618,25,70,true,train,ollama_ocr,approved,owner-bulk-approved,2026-06-29T20:15:49+00:00,qwen3-vl:4b,aqs-five-field-v2,tools/dataset/captures/live_surveillance_20260629T1003Z/labels_ollama_review_queue.csv,tools/dataset/captures/live_surveillance_20260629T1003Z/labels_environment.csv
live_surveillance_20260629T1003Z_capture_0714,tools/dataset/captures/live_surveillance_20260629T1003Z/capture_0714.jpg,28,49,618,25,70,true,train,ollama_ocr,approved,owner-bulk-approved,2026-06-29T20:15:49+00:00,qwen3-vl:4b,aqs-five-field-v2,tools/dataset/captures/live_surveillance_20260629T1003Z/labels_ollama_review_queue.csv,tools/dataset/captures/live_surveillance_20260629T1003Z/labels_environment.csv
live_surveillance_20260629T1003Z_capture_0715,tools/dataset/captures/live_surveillance_20260629T1003Z/capture_0715.jpg,28,49,618,25,70,true,validation,ollama_ocr,approved,owner-bulk-approved,2026-06-29T20:15:49+00:00,qwen3-vl:4b,aqs-five-field-v2,tools/dataset/captures/live_surveillance_20260629T1003Z/labels_ollama_review_queue.csv,tools/dataset/captures/live_surveillance_20260629T1003Z/labels_environment.csv
live_surveillance_20260629T1003Z_capture_0716,tools/dataset/captures/live_surveillance_20260629T1003Z/capture_0716.jpg,28,49,613,24,70,true,train,ollama_ocr,approved,owner-bulk-approved,2026-06-29T20:15:49+00:00,qwen3-vl:4b,aqs-five-field-v2,tools/dataset/captures/live_surveillance_20260629T1003Z/labels_ollama_review_queue.csv,tools/dataset/captures/live_surveillance_20260629T1003Z/labels_environment.csv
live_surveillance_20260629T1003Z_capture_0717,tools/dataset/captures/live_surveillance_20260629T1003Z/capture_0717.jpg,28,49,574,17,47,true,test,ollama_ocr,approved,owner-bulk-approved,2026-06-29T20:15:49+00:00,qwen3-vl:4b,aqs-five-field-v2,tools/dataset/captures/live_surveillance_20260629T1003Z/labels_ollama_review_queue.csv,tools/dataset/captures/live_surveillance_20260629T1003Z/labels_environment.csv
live_surveillance_20260629T1003Z_capture_0718,tools/dataset/captures/live_surveillance_20260629T1003Z/capture_0718.jpg,28,49,574,17,47,true,train,ollama_ocr,approved,owner-bulk-approved,2026-06-29T20:15:49+00:00,qwen3-vl:4b,aqs-five-field-v2,tools/dataset/captures/live_surveillance_20260629T1003Z/labels_ollama_review_queue.csv,tools/dataset/captures/live_surveillance_20260629T1003Z/labels_environment.csv
live_surveillance_20260629T1003Z_capture_0720,tools/dataset/captures/live_surveillance_20260629T1003Z/capture_0720.jpg,28,49,574,6,47,true,train,ollama_ocr,approved,owner-bulk-approved,2026-06-29T20:15:49+00:00,qwen3-vl:4b,aqs-five-field-v2,tools/dataset/captures/live_surveillance_20260629T1003Z/labels_ollama_review_queue.csv,tools/dataset/captures/live_surveillance_20260629T1003Z/labels_environment.csv
live_surveillance_20260629T1003Z_capture_0721,tools/dataset/captures/live_surveillance_20260629T1003Z/capture_0721.jpg,28,49,613,13,56,true,train,ollama_ocr,approved,owner-bulk-approved,2026-06-29T20:15:49+00:00,qwen3-vl:4b,aqs-five-field-v2,tools/dataset/captures/live_surveillance_20260629T1003Z/labels_ollama_review_queue.csv,tools/dataset/captures/live_surveillance_20260629T1003Z/labels_environment.csv
live_surveillance_20260629T1003Z_capture_0722,tools/dataset/captures/live_surveillance_20260629T1003Z/capture_0722.jpg,28,49,602,2,70,true,train,ollama_ocr,approved,owner-bulk-approved,2026-06-29T20:15:49+00:00,qwen3-vl:4b,aqs-five-field-v2,tools/dataset/captures/live_surveillance_20260629T1003Z/labels_ollama_review_queue.csv,tools/dataset/captures/live_surveillance_20260629T1003Z/labels_environment.csv
live_surveillance_20260629T1003Z_capture_0723,tools/dataset/captures/live_surveillance_20260629T1003Z/capture_0723.jpg,28,49,569,5,47,true,validation,ollama_ocr,approved,owner-bulk-approved,2026-06-29T20:15:49+00:00,qwen3-vl:4b,aqs-five-field-v2,tools/dataset/captures/live_surveillance_20260629T1003Z/labels_ollama_review_queue.csv,tools/dataset/captures/live_surveillance_20260629T1003Z/labels_environment.csv
live_surveillance_20260629T1003Z_capture_0724,tools/dataset/captures/live_surveillance_20260629T1003Z/capture_0724.jpg,28,49,547,13,33,true,train,ollama_ocr,approved,owner-bulk-approved,2026-06-29T20:15:49+00:00,qwen3-vl:4b,aqs-five-field-v2,tools/dataset/captures/live_surveillance_20260629T1003Z/labels_ollama_review_queue.csv,tools/dataset/captures/live_surveillance_20260629T1003Z/labels_environment.csv
live_surveillance_20260629T1003Z_capture_0726,tools/dataset/captures/live_surveillance_20260629T1003Z/capture_0726.jpg,28,49,519,2,33,true,test,ollama_ocr,approved,owner-bulk-approved,2026-06-29T20:15:49+00:00,qwen3-vl:4b,aqs-five-field-v2,tools/dataset/captures/live_surveillance_20260629T1003Z/labels_ollama_review_queue.csv,tools/dataset/captures/live_surveillance_20260629T1003Z/labels_environment.csv
live_surveillance_20260629T1003Z_capture_0727,tools/dataset/captures/live_surveillance_20260629T1003Z/capture_0727.jpg,28,49,519,13,36,true,train,ollama_ocr,approved,owner-bulk-approved,2026-06-29T20:15:49+00:00,qwen3-vl:4b,aqs-five-field-v2,tools/dataset/captures/live_surveillance_20260629T1003Z/labels_ollama_review_queue.csv,tools/dataset/captures/live_surveillance_20260629T1003Z/labels_environment.csv
live_surveillance_20260629T1003Z_capture_0729,tools/dataset/captures/live_surveillance_20260629T1003Z/capture_0729.jpg,28,49,519,8,50,true,train,ollama_ocr,approved,owner-bulk-approved,2026-06-29T20:15:49+00:00,qwen3-vl:4b,aqs-five-field-v2,tools/dataset/captures/live_surveillance_20260629T1003Z/labels_ollama_review_queue.csv,tools/dataset/captures/live_surveillance_20260629T1003Z/labels_environment.csv
live_surveillance_20260629T1003Z_capture_0730,tools/dataset/captures/live_surveillance_20260629T1003Z/capture_0730.jpg,28,49,519,14,39,true,train,ollama_ocr,approved,owner-bulk-approved,2026-06-29T20:15:49+00:00,qwen3-vl:4b,aqs-five-field-v2,tools/dataset/captures/live_surveillance_20260629T1003Z/labels_ollama_review_queue.csv,tools/dataset/captures/live_surveillance_20260629T1003Z/labels_environment.csv
live_surveillance_20260629T1003Z_capture_0731,tools/dataset/captures/live_surveillance_20260629T1003Z/capture_0731.jpg,28,50,486,12,33,true,validation,ollama_ocr,approved,owner-bulk-approved,2026-06-29T20:15:49+00:00,qwen3-vl:4b,aqs-five-field-v2,tools/dataset/captures/live_surveillance_20260629T1003Z/labels_ollama_review_queue.csv,tools/dataset/captures/live_surveillance_20260629T1003Z/labels_environment.csv
live_surveillance_20260629T1003Z_capture_0732,tools/dataset/captures/live_surveillance_20260629T1003Z/capture_0732.jpg,28,50,486,17,47,true,train,ollama_ocr,approved,owner-bulk-approved,2026-06-29T20:15:49+00:00,qwen3-vl:4b,aqs-five-field-v2,tools/dataset/captures/live_surveillance_20260629T1003Z/labels_ollama_review_queue.csv,tools/dataset/captures/live_surveillance_20260629T1003Z/labels_environment.csv
live_surveillance_20260629T1003Z_capture_0733,tools/dataset/captures/live_surveillance_20260629T1003Z/capture_0733.jpg,28,50,492,13,30,true,train,ollama_ocr,approved,owner-bulk-approved,2026-06-29T20:15:49+00:00,qwen3-vl:4b,aqs-five-field-v2,tools/dataset/captures/live_surveillance_20260629T1003Z/labels_ollama_review_queue.csv,tools/dataset/captures/live_surveillance_20260629T1003Z/labels_environment.csv
live_surveillance_20260629T1003Z_capture_0734,tools/dataset/captures/live_surveillance_20260629T1003Z/capture_0734.jpg,28,50,481,13,32,true,test,ollama_ocr,approved,owner-bulk-approved,2026-06-29T20:15:49+00:00,qwen3-vl:4b,aqs-five-field-v2,tools/dataset/captures/live_surveillance_20260629T1003Z/labels_ollama_review_queue.csv,tools/dataset/captures/live_surveillance_20260629T1003Z/labels_environment.csv
live_surveillance_20260629T1003Z_capture_0736,tools/dataset/captures/live_surveillance_20260629T1003Z/capture_0736.jpg,28,50,481,8,50,true,train,ollama_ocr,approved,owner-bulk-approved,2026-06-29T20:15:49+00:00,qwen3-vl:4b,aqs-five-field-v2,tools/dataset/captures/live_surveillance_20260629T1003Z/labels_ollama_review_queue.csv,tools/dataset/captures/live_surveillance_20260629T1003Z/labels_environment.csv
live_surveillance_20260629T1003Z_capture_0737,tools/dataset/captures/live_surveillance_20260629T1003Z/capture_0737.jpg,28,50,475,14,39,true,train,ollama_ocr,approved,owner-bulk-approved,2026-06-29T20:15:49+00:00,qwen3-vl:4b,aqs-five-field-v2,tools/dataset/captures/live_surveillance_20260629T1003Z/labels_ollama_review_queue.csv,tools/dataset/captures/live_surveillance_20260629T1003Z/labels_environment.csv
live_surveillance_20260629T1003Z_capture_0738,tools/dataset/captures/live_surveillance_20260629T1003Z/capture_0738.jpg,28,50,481,12,33,true,train,ollama_ocr,approved,owner-bulk-approved,2026-06-29T20:15:49+00:00,qwen3-vl:4b,aqs-five-field-v2,tools/dataset/captures/live_surveillance_20260629T1003Z/labels_ollama_review_queue.csv,tools/dataset/captures/live_surveillance_20260629T1003Z/labels_environment.csv
live_surveillance_20260629T1003Z_capture_0739,tools/dataset/captures/live_surveillance_20260629T1003Z/capture_0739.jpg,28,50,475,17,17,true,validation,ollama_ocr,approved,owner-bulk-approved,2026-06-29T20:15:49+00:00,qwen3-vl:4b,aqs-five-field-v2,tools/dataset/captures/live_surveillance_20260629T1003Z/labels_ollama_review_queue.csv,tools/dataset/captures/live_surveillance_20260629T1003Z/labels_environment.csv
live_surveillance_20260629T1003Z_capture_0740,tools/dataset/captures/live_surveillance_20260629T1003Z/capture_0740.jpg,28,50,481,11,30,true,train,ollama_ocr,approved,owner-bulk-approved,2026-06-29T20:15:49+00:00,qwen3-vl:4b,aqs-five-field-v2,tools/dataset/captures/live_surveillance_20260629T1003Z/labels_ollama_review_queue.csv,tools/dataset/captures/live_surveillance_20260629T1003Z/labels_environment.csv
live_surveillance_20260629T1003Z_capture_0741,tools/dataset/captures/live_surveillance_20260629T1003Z/capture_0741.jpg,28,50,486,15,42,true,test,ollama_ocr,approved,owner-bulk-approved,2026-06-29T20:15:49+00:00,qwen3-vl:4b,aqs-five-field-v2,tools/dataset/captures/live_surveillance_20260629T1003Z/labels_ollama_review_queue.csv,tools/dataset/captures/live_surveillance_20260629T1003Z/labels_environment.csv
live_surveillance_20260629T1003Z_capture_0742,tools/dataset/captures/live_surveillance_20260629T1003Z/capture_0742.jpg,28,50,481,13,36,true,train,ollama_ocr,approved,owner-bulk-approved,2026-06-29T20:15:49+00:00,qwen3-vl:4b,aqs-five-field-v2,tools/dataset/captures/live_surveillance_20260629T1003Z/labels_ollama_review_queue.csv,tools/dataset/captures/live_surveillance_20260629T1003Z/labels_environment.csv
live_surveillance_20260629T1003Z_capture_0743,tools/dataset/captures/live_surveillance_20260629T1003Z/capture_0743.jpg,28,50,481,15,14,true,train,ollama_ocr,approved,owner-bulk-approved,2026-06-29T20:15:49+00:00,qwen3-vl:4b,aqs-five-field-v2,tools/dataset/captures/live_surveillance_20260629T1003Z/labels_ollama_review_queue.csv,tools/dataset/captures/live_surveillance_20260629T1003Z/labels_environment.csv
live_surveillance_20260629T1003Z_capture_0745,tools/dataset/captures/live_surveillance_20260629T1003Z/capture_0745.jpg,28,50,486,8,36,true,train,ollama_ocr,approved,owner-bulk-approved,2026-06-29T20:15:49+00:00,qwen3-vl:4b,aqs-five-field-v2,tools/dataset/captures/live_surveillance_20260629T1003Z/labels_ollama_review_queue.csv,tools/dataset/captures/live_surveillance_20260629T1003Z/labels_environment.csv
live_surveillance_20260629T1003Z_capture_0746,tools/dataset/captures/live_surveillance_20260629T1003Z/capture_0746.jpg,28,50,481,14,47,true,train,ollama_ocr,approved,owner-bulk-approved,2026-06-29T20:15:49+00:00,qwen3-vl:4b,aqs-five-field-v2,tools/dataset/captures/live_surveillance_20260629T1003Z/labels_ollama_review_queue.csv,tools/dataset/captures/live_surveillance_20260629T1003Z/labels_environment.csv
live_surveillance_20260629T1003Z_capture_0747,tools/dataset/captures/live_surveillance_20260629T1003Z/capture_0747.jpg,28,50,481,12,30,true,validation,ollama_ocr,approved,owner-bulk-approved,2026-06-29T20:15:49+00:00,qwen3-vl:4b,aqs-five-field-v2,tools/dataset/captures/live_surveillance_20260629T1003Z/labels_ollama_review_queue.csv,tools/dataset/captures/live_surveillance_20260629T1003Z/labels_environment.csv
live_surveillance_20260629T1003Z_capture_0748,tools/dataset/captures/live_surveillance_20260629T1003Z/capture_0748.jpg,28,50,481,17,42,true,train,ollama_ocr,approved,owner-bulk-approved,2026-06-29T20:15:49+00:00,qwen3-vl:4b,aqs-five-field-v2,tools/dataset/captures/live_surveillance_20260629T1003Z/labels_ollama_review_queue.csv,tools/dataset/captures/live_surveillance_20260629T1003Z/labels_environment.csv
live_surveillance_20260629T1003Z_capture_0749,tools/dataset/captures/live_surveillance_20260629T1003Z/capture_0749.jpg,28,50,481,11,36,true,test,ollama_ocr,approved,owner-bulk-approved,2026-06-29T20:15:49+00:00,qwen3-vl:4b,aqs-five-field-v2,tools/dataset/captures/live_surveillance_20260629T1003Z/labels_ollama_review_queue.csv,tools/dataset/captures/live_surveillance_20260629T1003Z/labels_environment.csv
live_surveillance_20260629T1003Z_capture_0751,tools/dataset/captures/live_surveillance_20260629T1003Z/capture_0751.jpg,28,50,481,13,33,true,train,ollama_ocr,approved,owner-bulk-approved,2026-06-29T20:15:49+00:00,qwen3-vl:4b,aqs-five-field-v2,tools/dataset/captures/live_surveillance_20260629T1003Z/labels_ollama_review_queue.csv,tools/dataset/captures/live_surveillance_20260629T1003Z/labels_environment.csv
live_surveillance_20260629T1003Z_capture_0752,tools/dataset/captures/live_surveillance_20260629T1003Z/capture_0752.jpg,28,49,514,6,36,true,train,ollama_ocr,approved,owner-bulk-approved,2026-06-29T20:15:49+00:00,qwen3-vl:4b,aqs-five-field-v2,tools/dataset/captures/live_surveillance_20260629T1003Z/labels_ollama_review_queue.csv,tools/dataset/captures/live_surveillance_20260629T1003Z/labels_environment.csv
live_surveillance_20260629T1003Z_capture_0753,tools/dataset/captures/live_surveillance_20260629T1003Z/capture_0753.jpg,28,49,519,12,28,true,train,ollama_ocr,approved,owner-bulk-approved,2026-06-29T20:15:49+00:00,qwen3-vl:4b,aqs-five-field-v2,tools/dataset/captures/live_surveillance_20260629T1003Z/labels_ollama_review_queue.csv,tools/dataset/captures/live_surveillance_20260629T1003Z/labels_environment.csv
live_surveillance_20260629T1003Z_capture_0754,tools/dataset/captures/live_surveillance_20260629T1003Z/capture_0754.jpg,28,49,514,2,50,true,validation,ollama_ocr,approved,owner-bulk-approved,2026-06-29T20:15:49+00:00,qwen3-vl:4b,aqs-five-field-v2,tools/dataset/captures/live_surveillance_20260629T1003Z/labels_ollama_review_queue.csv,tools/dataset/captures/live_surveillance_20260629T1003Z/labels_environment.csv
live_surveillance_20260629T1003Z_capture_0755,tools/dataset/captures/live_surveillance_20260629T1003Z/capture_0755.jpg,28,49,519,17,39,true,train,ollama_ocr,approved,owner-bulk-approved,2026-06-29T20:15:49+00:00,qwen3-vl:4b,aqs-five-field-v2,tools/dataset/captures/live_surveillance_20260629T1003Z/labels_ollama_review_queue.csv,tools/dataset/captures/live_surveillance_20260629T1003Z/labels_environment.csv
live_surveillance_20260629T1003Z_capture_0756,tools/dataset/captures/live_surveillance_20260629T1003Z/capture_0756.jpg,28,49,519,11,33,true,train,ollama_ocr,approved,owner-bulk-approved,2026-06-29T20:15:49+00:00,qwen3-vl:4b,aqs-five-field-v2,tools/dataset/captures/live_surveillance_20260629T1003Z/labels_ollama_review_queue.csv,tools/dataset/captures/live_surveillance_20260629T1003Z/labels_environment.csv
live_surveillance_20260629T1003Z_capture_0757,tools/dataset/captures/live_surveillance_20260629T1003Z/capture_0757.jpg,28,49,514,5,42,true,test,ollama_ocr,approved,owner-bulk-approved,2026-06-29T20:15:49+00:00,qwen3-vl:4b,aqs-five-field-v2,tools/dataset/captures/live_surveillance_20260629T1003Z/labels_ollama_review_queue.csv,tools/dataset/captures/live_surveillance_20260629T1003Z/labels_environment.csv
live_surveillance_20260629T1003Z_capture_0758,tools/dataset/captures/live_surveillance_20260629T1003Z/capture_0758.jpg,28,49,508,13,36,true,train,ollama_ocr,approved,owner-bulk-approved,2026-06-29T20:15:49+00:00,qwen3-vl:4b,aqs-five-field-v2,tools/dataset/captures/live_surveillance_20260629T1003Z/labels_ollama_review_queue.csv,tools/dataset/captures/live_surveillance_20260629T1003Z/labels_environment.csv
live_surveillance_20260629T1003Z_capture_0759,tools/dataset/captures/live_surveillance_20260629T1003Z/capture_0759.jpg,28,49,492,6,36,true,train,ollama_ocr,approved,owner-bulk-approved,2026-06-29T20:15:49+00:00,qwen3-vl:4b,aqs-five-field-v2,tools/dataset/captures/live_surveillance_20260629T1003Z/labels_ollama_review_queue.csv,tools/dataset/captures/live_surveillance_20260629T1003Z/labels_environment.csv
live_surveillance_20260629T1003Z_capture_0760,tools/dataset/captures/live_surveillance_20260629T1003Z/capture_0760.jpg,28,49,486,2,28,true,train,ollama_ocr,approved,owner-bulk-approved,2026-06-29T20:15:49+00:00,qwen3-vl:4b,aqs-five-field-v2,tools/dataset/captures/live_surveillance_20260629T1003Z/labels_ollama_review_queue.csv,tools/dataset/captures/live_surveillance_20260629T1003Z/labels_environment.csv
live_surveillance_20260629T1003Z_capture_0761,tools/dataset/captures/live_surveillance_20260629T1003Z/capture_0761.jpg,28,49,481,13,50,true,validation,ollama_ocr,approved,owner-bulk-approved,2026-06-29T20:15:49+00:00,qwen3-vl:4b,aqs-five-field-v2,tools/dataset/captures/live_surveillance_20260629T1003Z/labels_ollama_review_queue.csv,tools/dataset/captures/live_surveillance_20260629T1003Z/labels_environment.csv
live_surveillance_20260629T1003Z_capture_0763,tools/dataset/captures/live_surveillance_20260629T1003Z/capture_0763.jpg,28,49,486,8,33,true,train,ollama_ocr,approved,owner-bulk-approved,2026-06-29T20:15:49+00:00,qwen3-vl:4b,aqs-five-field-v2,tools/dataset/captures/live_surveillance_20260629T1003Z/labels_ollama_review_queue.csv,tools/dataset/captures/live_surveillance_20260629T1003Z/labels_environment.csv
live_surveillance_20260629T1003Z_capture_0764,tools/dataset/captures/live_surveillance_20260629T1003Z/capture_0764.jpg,28,49,481,14,47,true,test,ollama_ocr,approved,owner-bulk-approved,2026-06-29T20:15:49+00:00,qwen3-vl:4b,aqs-five-field-v2,tools/dataset/captures/live_surveillance_20260629T1003Z/labels_ollama_review_queue.csv,tools/dataset/captures/live_surveillance_20260629T1003Z/labels_environment.csv
live_surveillance_20260629T1003Z_capture_0765,tools/dataset/captures/live_surveillance_20260629T1003Z/capture_0765.jpg,28,49,481,13,30,true,train,ollama_ocr,approved,owner-bulk-approved,2026-06-29T20:15:49+00:00,qwen3-vl:4b,aqs-five-field-v2,tools/dataset/captures/live_surveillance_20260629T1003Z/labels_ollama_review_queue.csv,tools/dataset/captures/live_surveillance_20260629T1003Z/labels_environment.csv
live_surveillance_20260629T1003Z_capture_0766,tools/dataset/captures/live_surveillance_20260629T1003Z/capture_0766.jpg,28,49,481,6,17,true,train,ollama_ocr,approved,owner-bulk-approved,2026-06-29T20:15:49+00:00,qwen3-vl:4b,aqs-five-field-v2,tools/dataset/captures/live_surveillance_20260629T1003Z/labels_ollama_review_queue.csv,tools/dataset/captures/live_surveillance_20260629T1003Z/labels_environment.csv
live_surveillance_20260629T1003Z_capture_0767,tools/dataset/captures/live_surveillance_20260629T1003Z/capture_0767.jpg,28,49,486,12,33,true,train,ollama_ocr,approved,owner-bulk-approved,2026-06-29T20:15:49+00:00,qwen3-vl:4b,aqs-five-field-v2,tools/dataset/captures/live_surveillance_20260629T1003Z/labels_ollama_review_queue.csv,tools/dataset/captures/live_surveillance_20260629T1003Z/labels_environment.csv
live_surveillance_20260629T1003Z_capture_0768,tools/dataset/captures/live_surveillance_20260629T1003Z/capture_0768.jpg,28,49,508,13,36,true,train,ollama_ocr,approved,owner-bulk-approved,2026-06-29T20:15:49+00:00,qwen3-vl:4b,aqs-five-field-v2,tools/dataset/captures/live_surveillance_20260629T1003Z/labels_ollama_review_queue.csv,tools/dataset/captures/live_surveillance_20260629T1003Z/labels_environment.csv
live_surveillance_20260629T1003Z_capture_0770,tools/dataset/captures/live_surveillance_20260629T1003Z/capture_0770.jpg,28,49,519,8,50,true,validation,ollama_ocr,approved,owner-bulk-approved,2026-06-29T20:15:49+00:00,qwen3-vl:4b,aqs-five-field-v2,tools/dataset/captures/live_surveillance_20260629T1003Z/labels_ollama_review_queue.csv,tools/dataset/captures/live_surveillance_20260629T1003Z/labels_environment.csv
live_surveillance_20260629T1003Z_capture_0771,tools/dataset/captures/live_surveillance_20260629T1003Z/capture_0771.jpg,28,49,525,14,39,true,train,ollama_ocr,approved,owner-bulk-approved,2026-06-29T20:15:49+00:00,qwen3-vl:4b,aqs-five-field-v2,tools/dataset/captures/live_surveillance_20260629T1003Z/labels_ollama_review_queue.csv,tools/dataset/captures/live_surveillance_20260629T1003Z/labels_environment.csv
live_surveillance_20260629T1003Z_capture_0773,tools/dataset/captures/live_surveillance_20260629T1003Z/capture_0773.jpg,28,49,530,17,47,true,test,ollama_ocr,approved,owner-bulk-approved,2026-06-29T20:15:49+00:00,qwen3-vl:4b,aqs-five-field-v2,tools/dataset/captures/live_surveillance_20260629T1003Z/labels_ollama_review_queue.csv,tools/dataset/captures/live_surveillance_20260629T1003Z/labels_environment.csv
live_surveillance_20260629T1003Z_capture_0774,tools/dataset/captures/live_surveillance_20260629T1003Z/capture_0774.jpg,28,49,563,14,42,true,train,ollama_ocr,approved,owner-bulk-approved,2026-06-29T20:15:49+00:00,qwen3-vl:4b,aqs-five-field-v2,tools/dataset/captures/live_surveillance_20260629T1003Z/labels_ollama_review_queue.csv,tools/dataset/captures/live_surveillance_20260629T1003Z/labels_environment.csv
live_surveillance_20260629T1003Z_capture_0775,tools/dataset/captures/live_surveillance_20260629T1003Z/capture_0775.jpg,28,49,558,15,42,true,train,ollama_ocr,approved,owner-bulk-approved,2026-06-29T20:15:49+00:00,qwen3-vl:4b,aqs-five-field-v2,tools/dataset/captures/live_surveillance_20260629T1003Z/labels_ollama_review_queue.csv,tools/dataset/captures/live_surveillance_20260629T1003Z/labels_environment.csv
live_surveillance_20260629T1003Z_capture_0776,tools/dataset/captures/live_surveillance_20260629T1003Z/capture_0776.jpg,28,49,563,13,42,true,train,ollama_ocr,approved,owner-bulk-approved,2026-06-29T20:15:49+00:00,qwen3-vl:4b,aqs-five-field-v2,tools/dataset/captures/live_surveillance_20260629T1003Z/labels_ollama_review_queue.csv,tools/dataset/captures/live_surveillance_20260629T1003Z/labels_environment.csv
live_surveillance_20260629T1003Z_capture_0778,tools/dataset/captures/live_surveillance_20260629T1003Z/capture_0778.jpg,28,49,569,6,17,true,validation,ollama_ocr,approved,owner-bulk-approved,2026-06-29T20:15:49+00:00,qwen3-vl:4b,aqs-five-field-v2,tools/dataset/captures/live_surveillance_20260629T1003Z/labels_ollama_review_queue.csv,tools/dataset/captures/live_surveillance_20260629T1003Z/labels_environment.csv
live_surveillance_20260629T1003Z_capture_0781,tools/dataset/captures/live_surveillance_20260629T1003Z/capture_0781.jpg,28,49,574,17,47,true,train,ollama_ocr,approved,owner-bulk-approved,2026-06-29T20:15:49+00:00,qwen3-vl:4b,aqs-five-field-v2,tools/dataset/captures/live_surveillance_20260629T1003Z/labels_ollama_review_queue.csv,tools/dataset/captures/live_surveillance_20260629T1003Z/labels_environment.csv
live_surveillance_20260629T1003Z_capture_0782,tools/dataset/captures/live_surveillance_20260629T1003Z/capture_0782.jpg,28,49,580,18,53,true,train,ollama_ocr,approved,owner-bulk-approved,2026-06-29T20:15:49+00:00,qwen3-vl:4b,aqs-five-field-v2,tools/dataset/captures/live_surveillance_20260629T1003Z/labels_ollama_review_queue.csv,tools/dataset/captures/live_surveillance_20260629T1003Z/labels_environment.csv
live_surveillance_20260629T1003Z_capture_0783,tools/dataset/captures/live_surveillance_20260629T1003Z/capture_0783.jpg,28,49,574,8,50,true,test,ollama_ocr,approved,owner-bulk-approved,2026-06-29T20:15:49+00:00,qwen3-vl:4b,aqs-five-field-v2,tools/dataset/captures/live_surveillance_20260629T1003Z/labels_ollama_review_queue.csv,tools/dataset/captures/live_surveillance_20260629T1003Z/labels_environment.csv
live_surveillance_20260629T1003Z_capture_0784,tools/dataset/captures/live_surveillance_20260629T1003Z/capture_0784.jpg,28,49,574,17,47,true,train,ollama_ocr,approved,owner-bulk-approved,2026-06-29T20:15:49+00:00,qwen3-vl:4b,aqs-five-field-v2,tools/dataset/captures/live_surveillance_20260629T1003Z/labels_ollama_review_queue.csv,tools/dataset/captures/live_surveillance_20260629T1003Z/labels_environment.csv
live_surveillance_20260629T1003Z_capture_0785,tools/dataset/captures/live_surveillance_20260629T1003Z/capture_0785.jpg,28,49,574,13,50,true,train,ollama_ocr,approved,owner-bulk-approved,2026-06-29T20:15:49+00:00,qwen3-vl:4b,aqs-five-field-v2,tools/dataset/captures/live_surveillance_20260629T1003Z/labels_ollama_review_queue.csv,tools/dataset/captures/live_surveillance_20260629T1003Z/labels_environment.csv
live_surveillance_20260629T1003Z_capture_0787,tools/dataset/captures/live_surveillance_20260629T1003Z/capture_0787.jpg,28,49,613,24,67,true,train,ollama_ocr,approved,owner-bulk-approved,2026-06-29T20:15:49+00:00,qwen3-vl:4b,aqs-five-field-v2,tools/dataset/captures/live_surveillance_20260629T1003Z/labels_ollama_review_queue.csv,tools/dataset/captures/live_surveillance_20260629T1003Z/labels_environment.csv
live_surveillance_20260629T1003Z_capture_0788,tools/dataset/captures/live_surveillance_20260629T1003Z/capture_0788.jpg,28,49,618,25,67,true,validation,ollama_ocr,approved,owner-bulk-approved,2026-06-29T20:15:49+00:00,qwen3-vl:4b,aqs-five-field-v2,tools/dataset/captures/live_surveillance_20260629T1003Z/labels_ollama_review_queue.csv,tools/dataset/captures/live_surveillance_20260629T1003Z/labels_environment.csv
live_surveillance_20260629T1003Z_capture_0789,tools/dataset/captures/live_surveillance_20260629T1003Z/capture_0789.jpg,28,49,618,25,70,true,train,ollama_ocr,approved,owner-bulk-approved,2026-06-29T20:15:49+00:00,qwen3-vl:4b,aqs-five-field-v2,tools/dataset/captures/live_surveillance_20260629T1003Z/labels_ollama_review_queue.csv,tools/dataset/captures/live_surveillance_20260629T1003Z/labels_environment.csv
live_surveillance_20260629T1003Z_capture_0790,tools/dataset/captures/live_surveillance_20260629T1003Z/capture_0790.jpg,28,49,618,25,70,true,test,ollama_ocr,approved,owner-bulk-approved,2026-06-29T20:15:49+00:00,qwen3-vl:4b,aqs-five-field-v2,tools/dataset/captures/live_surveillance_20260629T1003Z/labels_ollama_review_queue.csv,tools/dataset/captures/live_surveillance_20260629T1003Z/labels_environment.csv
live_surveillance_20260629T1003Z_capture_0791,tools/dataset/captures/live_surveillance_20260629T1003Z/capture_0791.jpg,28,49,618,25,70,true,train,ollama_ocr,approved,owner-bulk-approved,2026-06-29T20:15:49+00:00,qwen3-vl:4b,aqs-five-field-v2,tools/dataset/captures/live_surveillance_20260629T1003Z/labels_ollama_review_queue.csv,tools/dataset/captures/live_surveillance_20260629T1003Z/labels_environment.csv
live_surveillance_20260629T1003Z_capture_0792,tools/dataset/captures/live_surveillance_20260629T1003Z/capture_0792.jpg,28,49,618,25,70,true,train,ollama_ocr,approved,owner-bulk-approved,2026-06-29T20:15:49+00:00,qwen3-vl:4b,aqs-five-field-v2,tools/dataset/captures/live_surveillance_20260629T1003Z/labels_ollama_review_queue.csv,tools/dataset/captures/live_surveillance_20260629T1003Z/labels_environment.csv
live_surveillance_20260629T1003Z_capture_0793,tools/dataset/captures/live_surveillance_20260629T1003Z/capture_0793.jpg,28,49,618,25,70,true,train,ollama_ocr,approved,owner-bulk-approved,2026-06-29T20:15:49+00:00,qwen3-vl:4b,aqs-five-field-v2,tools/dataset/captures/live_surveillance_20260629T1003Z/labels_ollama_review_queue.csv,tools/dataset/captures/live_surveillance_20260629T1003Z/labels_environment.csv
live_surveillance_20260629T1003Z_capture_0794,tools/dataset/captures/live_surveillance_20260629T1003Z/capture_0794.jpg,28,49,618,25,70,true,train,ollama_ocr,approved,owner-bulk-approved,2026-06-29T20:15:49+00:00,qwen3-vl:4b,aqs-five-field-v2,tools/dataset/captures/live_surveillance_20260629T1003Z/labels_ollama_review_queue.csv,tools/dataset/captures/live_surveillance_20260629T1003Z/labels_environment.csv
live_surveillance_20260629T1003Z_capture_0795,tools/dataset/captures/live_surveillance_20260629T1003Z/capture_0795.jpg,28,49,618,25,70,true,validation,ollama_ocr,approved,owner-bulk-approved,2026-06-29T20:15:49+00:00,qwen3-vl:4b,aqs-five-field-v2,tools/dataset/captures/live_surveillance_20260629T1003Z/labels_ollama_review_queue.csv,tools/dataset/captures/live_surveillance_20260629T1003Z/labels_environment.csv
live_surveillance_20260629T1003Z_capture_0796,tools/dataset/captures/live_surveillance_20260629T1003Z/capture_0796.jpg,28,49,618,25,70,true,train,ollama_ocr,approved,owner-bulk-approved,2026-06-29T20:15:49+00:00,qwen3-vl:4b,aqs-five-field-v2,tools/dataset/captures/live_surveillance_20260629T1003Z/labels_ollama_review_queue.csv,tools/dataset/captures/live_surveillance_20260629T1003Z/labels_environment.csv
live_surveillance_20260629T1003Z_capture_0797,tools/dataset/captures/live_surveillance_20260629T1003Z/capture_0797.jpg,28,49,618,25,70,true,test,ollama_ocr,approved,owner-bulk-approved,2026-06-29T20:15:49+00:00,qwen3-vl:4b,aqs-five-field-v2,tools/dataset/captures/live_surveillance_20260629T1003Z/labels_ollama_review_queue.csv,tools/dataset/captures/live_surveillance_20260629T1003Z/labels_environment.csv
live_surveillance_20260629T1003Z_capture_0798,tools/dataset/captures/live_surveillance_20260629T1003Z/capture_0798.jpg,28,49,618,25,70,true,train,ollama_ocr,approved,owner-bulk-approved,2026-06-29T20:15:49+00:00,qwen3-vl:4b,aqs-five-field-v2,tools/dataset/captures/live_surveillance_20260629T1003Z/labels_ollama_review_queue.csv,tools/dataset/captures/live_surveillance_20260629T1003Z/labels_environment.csv
live_surveillance_20260629T1003Z_capture_0799,tools/dataset/captures/live_surveillance_20260629T1003Z/capture_0799.jpg,28,49,618,25,70,true,train,ollama_ocr,approved,owner-bulk-approved,2026-06-29T20:15:49+00:00,qwen3-vl:4b,aqs-five-field-v2,tools/dataset/captures/live_surveillance_20260629T1003Z/labels_ollama_review_queue.csv,tools/dataset/captures/live_surveillance_20260629T1003Z/labels_environment.csv
live_surveillance_20260629T1003Z_capture_0800,tools/dataset/captures/live_surveillance_20260629T1003Z/capture_0800.jpg,28,49,618,25,70,true,train,ollama_ocr,approved,owner-bulk-approved,2026-06-29T20:15:49+00:00,qwen3-vl:4b,aqs-five-field-v2,tools/dataset/captures/live_surveillance_20260629T1003Z/labels_ollama_review_queue.csv,tools/dataset/captures/live_surveillance_20260629T1003Z/labels_environment.csv
live_surveillance_20260629T1003Z_capture_0801,tools/dataset/captures/live_surveillance_20260629T1003Z/capture_0801.jpg,28,49,618,25,70,true,validation,ollama_ocr,approved,owner-bulk-approved,2026-06-29T20:15:49+00:00,qwen3-vl:4b,aqs-five-field-v2,tools/dataset/captures/live_surveillance_20260629T1003Z/labels_ollama_review_queue.csv,tools/dataset/captures/live_surveillance_20260629T1003Z/labels_environment.csv
live_surveillance_20260629T1003Z_capture_0802,tools/dataset/captures/live_surveillance_20260629T1003Z/capture_0802.jpg,28,49,618,25,70,true,train,ollama_ocr,approved,owner-bulk-approved,2026-06-29T20:15:49+00:00,qwen3-vl:4b,aqs-five-field-v2,tools/dataset/captures/live_surveillance_20260629T1003Z/labels_ollama_review_queue.csv,tools/dataset/captures/live_surveillance_20260629T1003Z/labels_environment.csv
live_surveillance_20260629T1003Z_capture_0803,tools/dataset/captures/live_surveillance_20260629T1003Z/capture_0803.jpg,28,49,618,25,70,true,train,ollama_ocr,approved,owner-bulk-approved,2026-06-29T20:15:49+00:00,qwen3-vl:4b,aqs-five-field-v2,tools/dataset/captures/live_surveillance_20260629T1003Z/labels_ollama_review_queue.csv,tools/dataset/captures/live_surveillance_20260629T1003Z/labels_environment.csv
live_surveillance_20260629T1003Z_capture_0804,tools/dataset/captures/live_surveillance_20260629T1003Z/capture_0804.jpg,28,49,618,25,70,true,test,ollama_ocr,approved,owner-bulk-approved,2026-06-29T20:15:49+00:00,qwen3-vl:4b,aqs-five-field-v2,tools/dataset/captures/live_surveillance_20260629T1003Z/labels_ollama_review_queue.csv,tools/dataset/captures/live_surveillance_20260629T1003Z/labels_environment.csv
live_surveillance_20260629T1003Z_capture_0805,tools/dataset/captures/live_surveillance_20260629T1003Z/capture_0805.jpg,28,49,618,25,70,true,train,ollama_ocr,approved,owner-bulk-approved,2026-06-29T20:15:49+00:00,qwen3-vl:4b,aqs-five-field-v2,tools/dataset/captures/live_surveillance_20260629T1003Z/labels_ollama_review_queue.csv,tools/dataset/captures/live_surveillance_20260629T1003Z/labels_environment.csv
live_surveillance_20260629T1003Z_capture_0806,tools/dataset/captures/live_surveillance_20260629T1003Z/capture_0806.jpg,28,49,618,25,70,true,train,ollama_ocr,approved,owner-bulk-approved,2026-06-29T20:15:49+00:00,qwen3-vl:4b,aqs-five-field-v2,tools/dataset/captures/live_surveillance_20260629T1003Z/labels_ollama_review_queue.csv,tools/dataset/captures/live_surveillance_20260629T1003Z/labels_environment.csv
live_surveillance_20260629T1003Z_capture_0807,tools/dataset/captures/live_surveillance_20260629T1003Z/capture_0807.jpg,28,49,618,25,70,true,train,ollama_ocr,approved,owner-bulk-approved,2026-06-29T20:15:49+00:00,qwen3-vl:4b,aqs-five-field-v2,tools/dataset/captures/live_surveillance_20260629T1003Z/labels_ollama_review_queue.csv,tools/dataset/captures/live_surveillance_20260629T1003Z/labels_environment.csv
live_surveillance_20260629T1003Z_capture_0808,tools/dataset/captures/live_surveillance_20260629T1003Z/capture_0808.jpg,28,49,618,25,70,true,validation,ollama_ocr,approved,owner-bulk-approved,2026-06-29T20:15:49+00:00,qwen3-vl:4b,aqs-five-field-v2,tools/dataset/captures/live_surveillance_20260629T1003Z/labels_ollama_review_queue.csv,tools/dataset/captures/live_surveillance_20260629T1003Z/labels_environment.csv
live_surveillance_20260629T1003Z_capture_0809,tools/dataset/captures/live_surveillance_20260629T1003Z/capture_0809.jpg,28,49,618,25,70,true,train,ollama_ocr,approved,owner-bulk-approved,2026-06-29T20:15:49+00:00,qwen3-vl:4b,aqs-five-field-v2,tools/dataset/captures/live_surveillance_20260629T1003Z/labels_ollama_review_queue.csv,tools/dataset/captures/live_surveillance_20260629T1003Z/labels_environment.csv
live_surveillance_20260629T1003Z_capture_0810,tools/dataset/captures/live_surveillance_20260629T1003Z/capture_0810.jpg,28,49,618,25,70,true,test,ollama_ocr,approved,owner-bulk-approved,2026-06-29T20:15:49+00:00,qwen3-vl:4b,aqs-five-field-v2,tools/dataset/captures/live_surveillance_20260629T1003Z/labels_ollama_review_queue.csv,tools/dataset/captures/live_surveillance_20260629T1003Z/labels_environment.csv
live_surveillance_20260629T1003Z_capture_0811,tools/dataset/captures/live_surveillance_20260629T1003Z/capture_0811.jpg,28,49,618,25,70,true,train,ollama_ocr,approved,owner-bulk-approved,2026-06-29T20:15:49+00:00,qwen3-vl:4b,aqs-five-field-v2,tools/dataset/captures/live_surveillance_20260629T1003Z/labels_ollama_review_queue.csv,tools/dataset/captures/live_surveillance_20260629T1003Z/labels_environment.csv
live_surveillance_20260629T1003Z_capture_0812,tools/dataset/captures/live_surveillance_20260629T1003Z/capture_0812.jpg,28,49,618,25,70,true,train,ollama_ocr,approved,owner-bulk-approved,2026-06-29T20:15:49+00:00,qwen3-vl:4b,aqs-five-field-v2,tools/dataset/captures/live_surveillance_20260629T1003Z/labels_ollama_review_queue.csv,tools/dataset/captures/live_surveillance_20260629T1003Z/labels_environment.csv
live_surveillance_20260629T1003Z_capture_0813,tools/dataset/captures/live_surveillance_20260629T1003Z/capture_0813.jpg,28,49,618,25,70,true,train,ollama_ocr,approved,owner-bulk-approved,2026-06-29T20:15:49+00:00,qwen3-vl:4b,aqs-five-field-v2,tools/dataset/captures/live_surveillance_20260629T1003Z/labels_ollama_review_queue.csv,tools/dataset/captures/live_surveillance_20260629T1003Z/labels_environment.csv
live_surveillance_20260629T1003Z_capture_0814,tools/dataset/captures/live_surveillance_20260629T1003Z/capture_0814.jpg,28,49,624,26,72,true,train,ollama_ocr,approved,owner-bulk-approved,2026-06-29T20:15:49+00:00,qwen3-vl:4b,aqs-five-field-v2,tools/dataset/captures/live_surveillance_20260629T1003Z/labels_ollama_review_queue.csv,tools/dataset/captures/live_surveillance_20260629T1003Z/labels_environment.csv
live_surveillance_20260629T1003Z_capture_0815,tools/dataset/captures/live_surveillance_20260629T1003Z/capture_0815.jpg,28,49,618,25,70,true,validation,ollama_ocr,approved,owner-bulk-approved,2026-06-29T20:15:49+00:00,qwen3-vl:4b,aqs-five-field-v2,tools/dataset/captures/live_surveillance_20260629T1003Z/labels_ollama_review_queue.csv,tools/dataset/captures/live_surveillance_20260629T1003Z/labels_environment.csv
live_surveillance_20260629T1003Z_capture_0816,tools/dataset/captures/live_surveillance_20260629T1003Z/capture_0816.jpg,28,49,624,25,70,true,train,ollama_ocr,approved,owner-bulk-approved,2026-06-29T20:15:49+00:00,qwen3-vl:4b,aqs-five-field-v2,tools/dataset/captures/live_surveillance_20260629T1003Z/labels_ollama_review_queue.csv,tools/dataset/captures/live_surveillance_20260629T1003Z/labels_environment.csv
live_surveillance_20260629T1003Z_capture_0817,tools/dataset/captures/live_surveillance_20260629T1003Z/capture_0817.jpg,28,49,624,26,70,true,test,ollama_ocr,approved,owner-bulk-approved,2026-06-29T20:15:49+00:00,qwen3-vl:4b,aqs-five-field-v2,tools/dataset/captures/live_surveillance_20260629T1003Z/labels_ollama_review_queue.csv,tools/dataset/captures/live_surveillance_20260629T1003Z/labels_environment.csv
live_surveillance_20260629T1003Z_capture_0818,tools/dataset/captures/live_surveillance_20260629T1003Z/capture_0818.jpg,28,49,629,27,75,true,train,ollama_ocr,approved,owner-bulk-approved,2026-06-29T20:15:49+00:00,qwen3-vl:4b,aqs-five-field-v2,tools/dataset/captures/live_surveillance_20260629T1003Z/labels_ollama_review_queue.csv,tools/dataset/captures/live_surveillance_20260629T1003Z/labels_environment.csv
live_surveillance_20260629T1003Z_capture_0819,tools/dataset/captures/live_surveillance_20260629T1003Z/capture_0819.jpg,28,49,629,27,75,true,train,ollama_ocr,approved,owner-bulk-approved,2026-06-29T20:15:49+00:00,qwen3-vl:4b,aqs-five-field-v2,tools/dataset/captures/live_surveillance_20260629T1003Z/labels_ollama_review_queue.csv,tools/dataset/captures/live_surveillance_20260629T1003Z/labels_environment.csv
live_surveillance_20260629T1003Z_capture_0820,tools/dataset/captures/live_surveillance_20260629T1003Z/capture_0820.jpg,28,49,629,27,78,true,train,ollama_ocr,approved,owner-bulk-approved,2026-06-29T20:15:49+00:00,qwen3-vl:4b,aqs-five-field-v2,tools/dataset/captures/live_surveillance_20260629T1003Z/labels_ollama_review_queue.csv,tools/dataset/captures/live_surveillance_20260629T1003Z/labels_environment.csv
live_surveillance_20260629T1003Z_capture_0826,tools/dataset/captures/live_surveillance_20260629T1003Z/capture_0826.jpg,28,49,695,37,36,true,validation,ollama_ocr,approved,owner-bulk-approved,2026-06-29T20:15:49+00:00,qwen3-vl:4b,aqs-five-field-v2,tools/dataset/captures/live_surveillance_20260629T1003Z/labels_ollama_review_queue.csv,tools/dataset/captures/live_surveillance_20260629T1003Z/labels_environment.csv
live_surveillance_20260629T1003Z_capture_0830,tools/dataset/captures/live_surveillance_20260629T1003Z/capture_0830.jpg,28,49,706,41,14,true,train,ollama_ocr,approved,owner-bulk-approved,2026-06-29T20:15:49+00:00,qwen3-vl:4b,aqs-five-field-v2,tools/dataset/captures/live_surveillance_20260629T1003Z/labels_ollama_review_queue.csv,tools/dataset/captures/live_surveillance_20260629T1003Z/labels_environment.csv
live_surveillance_20260629T1003Z_capture_0831,tools/dataset/captures/live_surveillance_20260629T1003Z/capture_0831.jpg,28,49,706,41,14,true,train,ollama_ocr,approved,owner-bulk-approved,2026-06-29T20:15:49+00:00,qwen3-vl:4b,aqs-five-field-v2,tools/dataset/captures/live_surveillance_20260629T1003Z/labels_ollama_review_queue.csv,tools/dataset/captures/live_surveillance_20260629T1003Z/labels_environment.csv
live_surveillance_20260629T1003Z_capture_0832,tools/dataset/captures/live_surveillance_20260629T1003Z/capture_0832.jpg,28,49,706,41,14,true,test,ollama_ocr,approved,owner-bulk-approved,2026-06-29T20:15:49+00:00,qwen3-vl:4b,aqs-five-field-v2,tools/dataset/captures/live_surveillance_20260629T1003Z/labels_ollama_review_queue.csv,tools/dataset/captures/live_surveillance_20260629T1003Z/labels_environment.csv
live_surveillance_20260629T1003Z_capture_0833,tools/dataset/captures/live_surveillance_20260629T1003Z/capture_0833.jpg,28,49,706,41,14,true,train,ollama_ocr,approved,owner-bulk-approved,2026-06-29T20:15:49+00:00,qwen3-vl:4b,aqs-five-field-v2,tools/dataset/captures/live_surveillance_20260629T1003Z/labels_ollama_review_queue.csv,tools/dataset/captures/live_surveillance_20260629T1003Z/labels_environment.csv
live_surveillance_20260629T1003Z_capture_0837,tools/dataset/captures/live_surveillance_20260629T1003Z/capture_0837.jpg,28,49,706,0,14,true,train,ollama_ocr,approved,owner-bulk-approved,2026-06-29T20:15:49+00:00,qwen3-vl:4b,aqs-five-field-v2,tools/dataset/captures/live_surveillance_20260629T1003Z/labels_ollama_review_queue.csv,tools/dataset/captures/live_surveillance_20260629T1003Z/labels_environment.csv
live_surveillance_20260629T1003Z_capture_0838,tools/dataset/captures/live_surveillance_20260629T1003Z/capture_0838.jpg,28,49,706,0,14,true,train,ollama_ocr,approved,owner-bulk-approved,2026-06-29T20:15:49+00:00,qwen3-vl:4b,aqs-five-field-v2,tools/dataset/captures/live_surveillance_20260629T1003Z/labels_ollama_review_queue.csv,tools/dataset/captures/live_surveillance_20260629T1003Z/labels_environment.csv
live_surveillance_20260629T1003Z_capture_0840,tools/dataset/captures/live_surveillance_20260629T1003Z/capture_0840.jpg,28,49,706,0,14,true,validation,ollama_ocr,approved,owner-bulk-approved,2026-06-29T20:15:49+00:00,qwen3-vl:4b,aqs-five-field-v2,tools/dataset/captures/live_surveillance_20260629T1003Z/labels_ollama_review_queue.csv,tools/dataset/captures/live_surveillance_20260629T1003Z/labels_environment.csv
live_surveillance_20260629T1003Z_capture_0841,tools/dataset/captures/live_surveillance_20260629T1003Z/capture_0841.jpg,28,49,706,0,14,true,train,ollama_ocr,approved,owner-bulk-approved,2026-06-29T20:15:49+00:00,qwen3-vl:4b,aqs-five-field-v2,tools/dataset/captures/live_surveillance_20260629T1003Z/labels_ollama_review_queue.csv,tools/dataset/captures/live_surveillance_20260629T1003Z/labels_environment.csv
live_surveillance_20260629T1003Z_capture_0842,tools/dataset/captures/live_surveillance_20260629T1003Z/capture_0842.jpg,28,49,706,0,14,true,test,ollama_ocr,approved,owner-bulk-approved,2026-06-29T20:15:49+00:00,qwen3-vl:4b,aqs-five-field-v2,tools/dataset/captures/live_surveillance_20260629T1003Z/labels_ollama_review_queue.csv,tools/dataset/captures/live_surveillance_20260629T1003Z/labels_environment.csv
live_surveillance_20260629T1003Z_capture_0843,tools/dataset/captures/live_surveillance_20260629T1003Z/capture_0843.jpg,28,49,706,0,14,true,train,ollama_ocr,approved,owner-bulk-approved,2026-06-29T20:15:49+00:00,qwen3-vl:4b,aqs-five-field-v2,tools/dataset/captures/live_surveillance_20260629T1003Z/labels_ollama_review_queue.csv,tools/dataset/captures/live_surveillance_20260629T1003Z/labels_environment.csv
live_surveillance_20260629T1003Z_capture_0845,tools/dataset/captures/live_surveillance_20260629T1003Z/capture_0845.jpg,28,49,706,0,14,true,train,ollama_ocr,approved,owner-bulk-approved,2026-06-29T20:15:49+00:00,qwen3-vl:4b,aqs-five-field-v2,tools/dataset/captures/live_surveillance_20260629T1003Z/labels_ollama_review_queue.csv,tools/dataset/captures/live_surveillance_20260629T1003Z/labels_environment.csv
live_surveillance_20260629T1003Z_capture_0847,tools/dataset/captures/live_surveillance_20260629T1003Z/capture_0847.jpg,28,49,706,0,14,true,train,ollama_ocr,approved,owner-bulk-approved,2026-06-29T20:15:49+00:00,qwen3-vl:4b,aqs-five-field-v2,tools/dataset/captures/live_surveillance_20260629T1003Z/labels_ollama_review_queue.csv,tools/dataset/captures/live_surveillance_20260629T1003Z/labels_environment.csv
live_surveillance_20260629T1003Z_capture_0852,tools/dataset/captures/live_surveillance_20260629T1003Z/capture_0852.jpg,28,49,706,41,14,true,train,ollama_ocr,approved,owner-bulk-approved,2026-06-29T20:15:49+00:00,qwen3-vl:4b,aqs-five-field-v2,tools/dataset/captures/live_surveillance_20260629T1003Z/labels_ollama_review_queue.csv,tools/dataset/captures/live_surveillance_20260629T1003Z/labels_environment.csv
live_surveillance_20260629T1003Z_capture_0856,tools/dataset/captures/live_surveillance_20260629T1003Z/capture_0856.jpg,28,49,706,0,14,true,validation,ollama_ocr,approved,owner-bulk-approved,2026-06-29T20:15:49+00:00,qwen3-vl:4b,aqs-five-field-v2,tools/dataset/captures/live_surveillance_20260629T1003Z/labels_ollama_review_queue.csv,tools/dataset/captures/live_surveillance_20260629T1003Z/labels_environment.csv
live_surveillance_20260629T1003Z_capture_0857,tools/dataset/captures/live_surveillance_20260629T1003Z/capture_0857.jpg,28,49,706,0,14,true,train,ollama_ocr,approved,owner-bulk-approved,2026-06-29T20:15:49+00:00,qwen3-vl:4b,aqs-five-field-v2,tools/dataset/captures/live_surveillance_20260629T1003Z/labels_ollama_review_queue.csv,tools/dataset/captures/live_surveillance_20260629T1003Z/labels_environment.csv
live_surveillance_20260629T1003Z_capture_0863,tools/dataset/captures/live_surveillance_20260629T1003Z/capture_0863.jpg,28,49,706,14,14,true,test,ollama_ocr,approved,owner-bulk-approved,2026-06-29T20:15:49+00:00,qwen3-vl:4b,aqs-five-field-v2,tools/dataset/captures/live_surveillance_20260629T1003Z/labels_ollama_review_queue.csv,tools/dataset/captures/live_surveillance_20260629T1003Z/labels_environment.csv
live_surveillance_20260629T1003Z_capture_0864,tools/dataset/captures/live_surveillance_20260629T1003Z/capture_0864.jpg,28,49,706,0,14,true,train,ollama_ocr,approved,owner-bulk-approved,2026-06-29T20:15:49+00:00,qwen3-vl:4b,aqs-five-field-v2,tools/dataset/captures/live_surveillance_20260629T1003Z/labels_ollama_review_queue.csv,tools/dataset/captures/live_surveillance_20260629T1003Z/labels_environment.csv
live_surveillance_20260629T1003Z_capture_0871,tools/dataset/captures/live_surveillance_20260629T1003Z/capture_0871.jpg,28,49,723,6,26,true,train,ollama_ocr,approved,owner-bulk-approved,2026-06-29T20:15:49+00:00,qwen3-vl:4b,aqs-five-field-v2,tools/dataset/captures/live_surveillance_20260629T1003Z/labels_ollama_review_queue.csv,tools/dataset/captures/live_surveillance_20260629T1003Z/labels_environment.csv
live_surveillance_20260629T1003Z_capture_0872,tools/dataset/captures/live_surveillance_20260629T1003Z/capture_0872.jpg,28,49,750,0,34,true,train,ollama_ocr,approved,owner-bulk-approved,2026-06-29T20:15:49+00:00,qwen3-vl:4b,aqs-five-field-v2,tools/dataset/captures/live_surveillance_20260629T1003Z/labels_ollama_review_queue.csv,tools/dataset/captures/live_surveillance_20260629T1003Z/labels_environment.csv
live_surveillance_20260629T1003Z_capture_0876,tools/dataset/captures/live_surveillance_20260629T1003Z/capture_0876.jpg,28,49,750,49,37,true,validation,ollama_ocr,approved,owner-bulk-approved,2026-06-29T20:15:49+00:00,qwen3-vl:4b,aqs-five-field-v2,tools/dataset/captures/live_surveillance_20260629T1003Z/labels_ollama_review_queue.csv,tools/dataset/captures/live_surveillance_20260629T1003Z/labels_environment.csv
live_surveillance_20260629T1003Z_capture_0877,tools/dataset/captures/live_surveillance_20260629T1003Z/capture_0877.jpg,28,49,750,48,37,true,train,ollama_ocr,approved,owner-bulk-approved,2026-06-29T20:15:49+00:00,qwen3-vl:4b,aqs-five-field-v2,tools/dataset/captures/live_surveillance_20260629T1003Z/labels_ollama_review_queue.csv,tools/dataset/captures/live_surveillance_20260629T1003Z/labels_environment.csv
live_surveillance_20260629T1003Z_capture_0878,tools/dataset/captures/live_surveillance_20260629T1003Z/capture_0878.jpg,28,49,750,49,37,true,train,ollama_ocr,approved,owner-bulk-approved,2026-06-29T20:15:49+00:00,qwen3-vl:4b,aqs-five-field-v2,tools/dataset/captures/live_surveillance_20260629T1003Z/labels_ollama_review_queue.csv,tools/dataset/captures/live_surveillance_20260629T1003Z/labels_environment.csv
live_surveillance_20260629T1003Z_capture_0879,tools/dataset/captures/live_surveillance_20260629T1003Z/capture_0879.jpg,28,49,750,49,37,true,test,ollama_ocr,approved,owner-bulk-approved,2026-06-29T20:15:49+00:00,qwen3-vl:4b,aqs-five-field-v2,tools/dataset/captures/live_surveillance_20260629T1003Z/labels_ollama_review_queue.csv,tools/dataset/captures/live_surveillance_20260629T1003Z/labels_environment.csv
live_surveillance_20260629T1003Z_capture_0880,tools/dataset/captures/live_surveillance_20260629T1003Z/capture_0880.jpg,28,49,750,48,37,true,train,ollama_ocr,approved,owner-bulk-approved,2026-06-29T20:15:49+00:00,qwen3-vl:4b,aqs-five-field-v2,tools/dataset/captures/live_surveillance_20260629T1003Z/labels_ollama_review_queue.csv,tools/dataset/captures/live_surveillance_20260629T1003Z/labels_environment.csv
live_surveillance_20260629T1003Z_capture_0881,tools/dataset/captures/live_surveillance_20260629T1003Z/capture_0881.jpg,28,49,750,48,37,true,train,ollama_ocr,approved,owner-bulk-approved,2026-06-29T20:15:49+00:00,qwen3-vl:4b,aqs-five-field-v2,tools/dataset/captures/live_surveillance_20260629T1003Z/labels_ollama_review_queue.csv,tools/dataset/captures/live_surveillance_20260629T1003Z/labels_environment.csv
live_surveillance_20260629T1003Z_capture_0882,tools/dataset/captures/live_surveillance_20260629T1003Z/capture_0882.jpg,28,49,750,49,37,true,train,ollama_ocr,approved,owner-bulk-approved,2026-06-29T20:15:49+00:00,qwen3-vl:4b,aqs-five-field-v2,tools/dataset/captures/live_surveillance_20260629T1003Z/labels_ollama_review_queue.csv,tools/dataset/captures/live_surveillance_20260629T1003Z/labels_environment.csv
live_surveillance_20260629T1003Z_capture_0883,tools/dataset/captures/live_surveillance_20260629T1003Z/capture_0883.jpg,28,49,750,48,37,true,validation,ollama_ocr,approved,owner-bulk-approved,2026-06-29T20:15:49+00:00,qwen3-vl:4b,aqs-five-field-v2,tools/dataset/captures/live_surveillance_20260629T1003Z/labels_ollama_review_queue.csv,tools/dataset/captures/live_surveillance_20260629T1003Z/labels_environment.csv
live_surveillance_20260629T1003Z_capture_0884,tools/dataset/captures/live_surveillance_20260629T1003Z/capture_0884.jpg,28,49,750,48,37,true,train,ollama_ocr,approved,owner-bulk-approved,2026-06-29T20:15:49+00:00,qwen3-vl:4b,aqs-five-field-v2,tools/dataset/captures/live_surveillance_20260629T1003Z/labels_ollama_review_queue.csv,tools/dataset/captures/live_surveillance_20260629T1003Z/labels_environment.csv
live_surveillance_20260629T1003Z_capture_0885,tools/dataset/captures/live_surveillance_20260629T1003Z/capture_0885.jpg,28,49,750,48,37,true,test,ollama_ocr,approved,owner-bulk-approved,2026-06-29T20:15:49+00:00,qwen3-vl:4b,aqs-five-field-v2,tools/dataset/captures/live_surveillance_20260629T1003Z/labels_ollama_review_queue.csv,tools/dataset/captures/live_surveillance_20260629T1003Z/labels_environment.csv
live_surveillance_20260629T1003Z_capture_0886,tools/dataset/captures/live_surveillance_20260629T1003Z/capture_0886.jpg,28,49,750,49,37,true,train,ollama_ocr,approved,owner-bulk-approved,2026-06-29T20:15:49+00:00,qwen3-vl:4b,aqs-five-field-v2,tools/dataset/captures/live_surveillance_20260629T1003Z/labels_ollama_review_queue.csv,tools/dataset/captures/live_surveillance_20260629T1003Z/labels_environment.csv
live_surveillance_20260629T1003Z_capture_0887,tools/dataset/captures/live_surveillance_20260629T1003Z/capture_0887.jpg,28,49,750,49,37,true,train,ollama_ocr,approved,owner-bulk-approved,2026-06-29T20:15:49+00:00,qwen3-vl:4b,aqs-five-field-v2,tools/dataset/captures/live_surveillance_20260629T1003Z/labels_ollama_review_queue.csv,tools/dataset/captures/live_surveillance_20260629T1003Z/labels_environment.csv
live_surveillance_20260629T1003Z_capture_0888,tools/dataset/captures/live_surveillance_20260629T1003Z/capture_0888.jpg,28,49,750,49,37,true,train,ollama_ocr,approved,owner-bulk-approved,2026-06-29T20:15:49+00:00,qwen3-vl:4b,aqs-five-field-v2,tools/dataset/captures/live_surveillance_20260629T1003Z/labels_ollama_review_queue.csv,tools/dataset/captures/live_surveillance_20260629T1003Z/labels_environment.csv
live_surveillance_20260629T1003Z_capture_0889,tools/dataset/captures/live_surveillance_20260629T1003Z/capture_0889.jpg,28,49,750,48,37,true,train,ollama_ocr,approved,owner-bulk-approved,2026-06-29T20:15:49+00:00,qwen3-vl:4b,aqs-five-field-v2,tools/dataset/captures/live_surveillance_20260629T1003Z/labels_ollama_review_queue.csv,tools/dataset/captures/live_surveillance_20260629T1003Z/labels_environment.csv
live_surveillance_20260629T1003Z_capture_0890,tools/dataset/captures/live_surveillance_20260629T1003Z/capture_0890.jpg,28,49,750,49,37,true,validation,ollama_ocr,approved,owner-bulk-approved,2026-06-29T20:15:49+00:00,qwen3-vl:4b,aqs-five-field-v2,tools/dataset/captures/live_surveillance_20260629T1003Z/labels_ollama_review_queue.csv,tools/dataset/captures/live_surveillance_20260629T1003Z/labels_environment.csv
live_surveillance_20260629T1003Z_capture_0891,tools/dataset/captures/live_surveillance_20260629T1003Z/capture_0891.jpg,28,49,750,49,37,true,train,ollama_ocr,approved,owner-bulk-approved,2026-06-29T20:15:49+00:00,qwen3-vl:4b,aqs-five-field-v2,tools/dataset/captures/live_surveillance_20260629T1003Z/labels_ollama_review_queue.csv,tools/dataset/captures/live_surveillance_20260629T1003Z/labels_environment.csv
live_surveillance_20260629T1003Z_capture_0892,tools/dataset/captures/live_surveillance_20260629T1003Z/capture_0892.jpg,28,49,750,49,37,true,test,ollama_ocr,approved,owner-bulk-approved,2026-06-29T20:15:49+00:00,qwen3-vl:4b,aqs-five-field-v2,tools/dataset/captures/live_surveillance_20260629T1003Z/labels_ollama_review_queue.csv,tools/dataset/captures/live_surveillance_20260629T1003Z/labels_environment.csv
live_surveillance_20260629T1003Z_capture_0893,tools/dataset/captures/live_surveillance_20260629T1003Z/capture_0893.jpg,28,49,750,49,37,true,train,ollama_ocr,approved,owner-bulk-approved,2026-06-29T20:15:49+00:00,qwen3-vl:4b,aqs-five-field-v2,tools/dataset/captures/live_surveillance_20260629T1003Z/labels_ollama_review_queue.csv,tools/dataset/captures/live_surveillance_20260629T1003Z/labels_environment.csv
live_surveillance_20260629T1003Z_capture_0894,tools/dataset/captures/live_surveillance_20260629T1003Z/capture_0894.jpg,28,49,750,49,37,true,train,ollama_ocr,approved,owner-bulk-approved,2026-06-29T20:15:49+00:00,qwen3-vl:4b,aqs-five-field-v2,tools/dataset/captures/live_surveillance_20260629T1003Z/labels_ollama_review_queue.csv,tools/dataset/captures/live_surveillance_20260629T1003Z/labels_environment.csv
live_surveillance_20260629T1003Z_capture_0896,tools/dataset/captures/live_surveillance_20260629T1003Z/capture_0896.jpg,28,49,761,50,42,true,train,ollama_ocr,approved,owner-bulk-approved,2026-06-29T20:15:49+00:00,qwen3-vl:4b,aqs-five-field-v2,tools/dataset/captures/live_surveillance_20260629T1003Z/labels_ollama_review_queue.csv,tools/dataset/captures/live_surveillance_20260629T1003Z/labels_environment.csv
live_surveillance_20260629T1003Z_capture_0897,tools/dataset/captures/live_surveillance_20260629T1003Z/capture_0897.jpg,28,49,767,52,45,true,validation,ollama_ocr,approved,owner-bulk-approved,2026-06-29T20:15:49+00:00,qwen3-vl:4b,aqs-five-field-v2,tools/dataset/captures/live_surveillance_20260629T1003Z/labels_ollama_review_queue.csv,tools/dataset/captures/live_surveillance_20260629T1003Z/labels_environment.csv
live_surveillance_20260629T1003Z_capture_0899,tools/dataset/captures/live_surveillance_20260629T1003Z/capture_0899.jpg,28,49,772,53,48,true,train,ollama_ocr,approved,owner-bulk-approved,2026-06-29T20:15:49+00:00,qwen3-vl:4b,aqs-five-field-v2,tools/dataset/captures/live_surveillance_20260629T1003Z/labels_ollama_review_queue.csv,tools/dataset/captures/live_surveillance_20260629T1003Z/labels_environment.csv
live_surveillance_20260629T1003Z_capture_0901,tools/dataset/captures/live_surveillance_20260629T1003Z/capture_0901.jpg,28,49,767,53,18,true,train,ollama_ocr,approved,owner-bulk-approved,2026-06-29T20:15:49+00:00,qwen3-vl:4b,aqs-five-field-v2,tools/dataset/captures/live_surveillance_20260629T1003Z/labels_ollama_review_queue.csv,tools/dataset/captures/live_surveillance_20260629T1003Z/labels_environment.csv
live_surveillance_20260629T1003Z_capture_0902,tools/dataset/captures/live_surveillance_20260629T1003Z/capture_0902.jpg,28,49,772,53,18,true,test,ollama_ocr,approved,owner-bulk-approved,2026-06-29T20:15:49+00:00,qwen3-vl:4b,aqs-five-field-v2,tools/dataset/captures/live_surveillance_20260629T1003Z/labels_ollama_review_queue.csv,tools/dataset/captures/live_surveillance_20260629T1003Z/labels_environment.csv
live_surveillance_20260629T1003Z_capture_0903,tools/dataset/captures/live_surveillance_20260629T1003Z/capture_0903.jpg,28,49,772,53,18,true,train,ollama_ocr,approved,owner-bulk-approved,2026-06-29T20:15:49+00:00,qwen3-vl:4b,aqs-five-field-v2,tools/dataset/captures/live_surveillance_20260629T1003Z/labels_ollama_review_queue.csv,tools/dataset/captures/live_surveillance_20260629T1003Z/labels_environment.csv
live_surveillance_20260629T1003Z_capture_0905,tools/dataset/captures/live_surveillance_20260629T1003Z/capture_0905.jpg,28,49,750,49,37,true,train,ollama_ocr,approved,owner-bulk-approved,2026-06-29T20:15:49+00:00,qwen3-vl:4b,aqs-five-field-v2,tools/dataset/captures/live_surveillance_20260629T1003Z/labels_ollama_review_queue.csv,tools/dataset/captures/live_surveillance_20260629T1003Z/labels_environment.csv
live_surveillance_20260629T1003Z_capture_0906,tools/dataset/captures/live_surveillance_20260629T1003Z/capture_0906.jpg,28,49,750,49,37,true,train,ollama_ocr,approved,owner-bulk-approved,2026-06-29T20:15:49+00:00,qwen3-vl:4b,aqs-five-field-v2,tools/dataset/captures/live_surveillance_20260629T1003Z/labels_ollama_review_queue.csv,tools/dataset/captures/live_surveillance_20260629T1003Z/labels_environment.csv
live_surveillance_20260629T1003Z_capture_0907,tools/dataset/captures/live_surveillance_20260629T1003Z/capture_0907.jpg,28,49,750,48,37,true,validation,ollama_ocr,approved,owner-bulk-approved,2026-06-29T20:15:49+00:00,qwen3-vl:4b,aqs-five-field-v2,tools/dataset/captures/live_surveillance_20260629T1003Z/labels_ollama_review_queue.csv,tools/dataset/captures/live_surveillance_20260629T1003Z/labels_environment.csv
live_surveillance_20260629T1003Z_capture_0908,tools/dataset/captures/live_surveillance_20260629T1003Z/capture_0908.jpg,28,49,750,49,37,true,train,ollama_ocr,approved,owner-bulk-approved,2026-06-29T20:15:49+00:00,qwen3-vl:4b,aqs-five-field-v2,tools/dataset/captures/live_surveillance_20260629T1003Z/labels_ollama_review_queue.csv,tools/dataset/captures/live_surveillance_20260629T1003Z/labels_environment.csv
live_surveillance_20260629T1003Z_capture_0909,tools/dataset/captures/live_surveillance_20260629T1003Z/capture_0909.jpg,28,49,750,48,37,true,test,ollama_ocr,approved,owner-bulk-approved,2026-06-29T20:15:49+00:00,qwen3-vl:4b,aqs-five-field-v2,tools/dataset/captures/live_surveillance_20260629T1003Z/labels_ollama_review_queue.csv,tools/dataset/captures/live_surveillance_20260629T1003Z/labels_environment.csv
live_surveillance_20260629T1003Z_capture_0910,tools/dataset/captures/live_surveillance_20260629T1003Z/capture_0910.jpg,28,49,750,49,37,true,train,ollama_ocr,approved,owner-bulk-approved,2026-06-29T20:15:49+00:00,qwen3-vl:4b,aqs-five-field-v2,tools/dataset/captures/live_surveillance_20260629T1003Z/labels_ollama_review_queue.csv,tools/dataset/captures/live_surveillance_20260629T1003Z/labels_environment.csv
live_surveillance_20260629T1003Z_capture_0911,tools/dataset/captures/live_surveillance_20260629T1003Z/capture_0911.jpg,28,49,750,49,37,true,train,ollama_ocr,approved,owner-bulk-approved,2026-06-29T20:15:49+00:00,qwen3-vl:4b,aqs-five-field-v2,tools/dataset/captures/live_surveillance_20260629T1003Z/labels_ollama_review_queue.csv,tools/dataset/captures/live_surveillance_20260629T1003Z/labels_environment.csv
live_surveillance_20260629T1003Z_capture_0912,tools/dataset/captures/live_surveillance_20260629T1003Z/capture_0912.jpg,28,49,750,48,37,true,train,ollama_ocr,approved,owner-bulk-approved,2026-06-29T20:15:49+00:00,qwen3-vl:4b,aqs-five-field-v2,tools/dataset/captures/live_surveillance_20260629T1003Z/labels_ollama_review_queue.csv,tools/dataset/captures/live_surveillance_20260629T1003Z/labels_environment.csv
live_surveillance_20260629T1003Z_capture_0913,tools/dataset/captures/live_surveillance_20260629T1003Z/capture_0913.jpg,28,49,750,48,37,true,train,ollama_ocr,approved,owner-bulk-approved,2026-06-29T20:15:49+00:00,qwen3-vl:4b,aqs-five-field-v2,tools/dataset/captures/live_surveillance_20260629T1003Z/labels_ollama_review_queue.csv,tools/dataset/captures/live_surveillance_20260629T1003Z/labels_environment.csv
live_surveillance_20260629T1003Z_capture_0914,tools/dataset/captures/live_surveillance_20260629T1003Z/capture_0914.jpg,28,49,750,48,37,true,validation,ollama_ocr,approved,owner-bulk-approved,2026-06-29T20:15:49+00:00,qwen3-vl:4b,aqs-five-field-v2,tools/dataset/captures/live_surveillance_20260629T1003Z/labels_ollama_review_queue.csv,tools/dataset/captures/live_surveillance_20260629T1003Z/labels_environment.csv
live_surveillance_20260629T1003Z_capture_0915,tools/dataset/captures/live_surveillance_20260629T1003Z/capture_0915.jpg,28,49,750,49,37,true,train,ollama_ocr,approved,owner-bulk-approved,2026-06-29T20:15:49+00:00,qwen3-vl:4b,aqs-five-field-v2,tools/dataset/captures/live_surveillance_20260629T1003Z/labels_ollama_review_queue.csv,tools/dataset/captures/live_surveillance_20260629T1003Z/labels_environment.csv
live_surveillance_20260629T1003Z_capture_0916,tools/dataset/captures/live_surveillance_20260629T1003Z/capture_0916.jpg,28,49,750,49,37,true,test,ollama_ocr,approved,owner-bulk-approved,2026-06-29T20:15:49+00:00,qwen3-vl:4b,aqs-five-field-v2,tools/dataset/captures/live_surveillance_20260629T1003Z/labels_ollama_review_queue.csv,tools/dataset/captures/live_surveillance_20260629T1003Z/labels_environment.csv
live_surveillance_20260629T1003Z_capture_0917,tools/dataset/captures/live_surveillance_20260629T1003Z/capture_0917.jpg,28,49,750,49,37,true,train,ollama_ocr,approved,owner-bulk-approved,2026-06-29T20:15:49+00:00,qwen3-vl:4b,aqs-five-field-v2,tools/dataset/captures/live_surveillance_20260629T1003Z/labels_ollama_review_queue.csv,tools/dataset/captures/live_surveillance_20260629T1003Z/labels_environment.csv
live_surveillance_20260629T1003Z_capture_0921,tools/dataset/captures/live_surveillance_20260629T1003Z/capture_0921.jpg,28,49,761,0,42,true,train,ollama_ocr,approved,owner-bulk-approved,2026-06-29T20:15:49+00:00,qwen3-vl:4b,aqs-five-field-v2,tools/dataset/captures/live_surveillance_20260629T1003Z/labels_ollama_review_queue.csv,tools/dataset/captures/live_surveillance_20260629T1003Z/labels_environment.csv
live_surveillance_20260629T1003Z_capture_0924,tools/dataset/captures/live_surveillance_20260629T1003Z/capture_0924.jpg,28,49,767,52,45,true,train,ollama_ocr,approved,owner-bulk-approved,2026-06-29T20:15:49+00:00,qwen3-vl:4b,aqs-five-field-v2,tools/dataset/captures/live_surveillance_20260629T1003Z/labels_ollama_review_queue.csv,tools/dataset/captures/live_surveillance_20260629T1003Z/labels_environment.csv
live_surveillance_20260629T1003Z_capture_0928,tools/dataset/captures/live_surveillance_20260629T1003Z/capture_0928.jpg,28,49,772,53,48,true,validation,ollama_ocr,approved,owner-bulk-approved,2026-06-29T20:15:49+00:00,qwen3-vl:4b,aqs-five-field-v2,tools/dataset/captures/live_surveillance_20260629T1003Z/labels_ollama_review_queue.csv,tools/dataset/captures/live_surveillance_20260629T1003Z/labels_environment.csv
live_surveillance_20260629T1003Z_capture_0929,tools/dataset/captures/live_surveillance_20260629T1003Z/capture_0929.jpg,28,49,772,53,45,true,train,ollama_ocr,approved,owner-bulk-approved,2026-06-29T20:15:49+00:00,qwen3-vl:4b,aqs-five-field-v2,tools/dataset/captures/live_surveillance_20260629T1003Z/labels_ollama_review_queue.csv,tools/dataset/captures/live_surveillance_20260629T1003Z/labels_environment.csv
live_surveillance_20260629T1003Z_capture_0931,tools/dataset/captures/live_surveillance_20260629T1003Z/capture_0931.jpg,28,49,767,52,45,true,train,ollama_ocr,approved,owner-bulk-approved,2026-06-29T20:15:49+00:00,qwen3-vl:4b,aqs-five-field-v2,tools/dataset/captures/live_surveillance_20260629T1003Z/labels_ollama_review_queue.csv,tools/dataset/captures/live_surveillance_20260629T1003Z/labels_environment.csv
live_surveillance_20260629T1003Z_capture_0934,tools/dataset/captures/live_surveillance_20260629T1003Z/capture_0934.jpg,28,49,772,53,18,true,test,ollama_ocr,approved,owner-bulk-approved,2026-06-29T20:15:49+00:00,qwen3-vl:4b,aqs-five-field-v2,tools/dataset/captures/live_surveillance_20260629T1003Z/labels_ollama_review_queue.csv,tools/dataset/captures/live_surveillance_20260629T1003Z/labels_environment.csv
live_surveillance_20260629T1003Z_capture_0936,tools/dataset/captures/live_surveillance_20260629T1003Z/capture_0936.jpg,28,49,772,53,18,true,train,ollama_ocr,approved,owner-bulk-approved,2026-06-29T20:15:49+00:00,qwen3-vl:4b,aqs-five-field-v2,tools/dataset/captures/live_surveillance_20260629T1003Z/labels_ollama_review_queue.csv,tools/dataset/captures/live_surveillance_20260629T1003Z/labels_environment.csv
live_surveillance_20260629T1003Z_capture_0938,tools/dataset/captures/live_surveillance_20260629T1003Z/capture_0938.jpg,28,49,772,53,18,true,train,ollama_ocr,approved,owner-bulk-approved,2026-06-29T20:15:49+00:00,qwen3-vl:4b,aqs-five-field-v2,tools/dataset/captures/live_surveillance_20260629T1003Z/labels_ollama_review_queue.csv,tools/dataset/captures/live_surveillance_20260629T1003Z/labels_environment.csv
live_surveillance_20260629T1003Z_capture_0939,tools/dataset/captures/live_surveillance_20260629T1003Z/capture_0939.jpg,28,49,772,53,18,true,train,ollama_ocr,approved,owner-bulk-approved,2026-06-29T20:15:49+00:00,qwen3-vl:4b,aqs-five-field-v2,tools/dataset/captures/live_surveillance_20260629T1003Z/labels_ollama_review_queue.csv,tools/dataset/captures/live_surveillance_20260629T1003Z/labels_environment.csv
live_surveillance_20260629T1003Z_capture_0940,tools/dataset/captures/live_surveillance_20260629T1003Z/capture_0940.jpg,28,49,772,53,18,true,validation,ollama_ocr,approved,owner-bulk-approved,2026-06-29T20:15:49+00:00,qwen3-vl:4b,aqs-five-field-v2,tools/dataset/captures/live_surveillance_20260629T1003Z/labels_ollama_review_queue.csv,tools/dataset/captures/live_surveillance_20260629T1003Z/labels_environment.csv
live_surveillance_20260629T1003Z_capture_0941,tools/dataset/captures/live_surveillance_20260629T1003Z/capture_0941.jpg,28,49,772,53,18,true,train,ollama_ocr,approved,owner-bulk-approved,2026-06-29T20:15:49+00:00,qwen3-vl:4b,aqs-five-field-v2,tools/dataset/captures/live_surveillance_20260629T1003Z/labels_ollama_review_queue.csv,tools/dataset/captures/live_surveillance_20260629T1003Z/labels_environment.csv
live_surveillance_20260629T1003Z_capture_0944,tools/dataset/captures/live_surveillance_20260629T1003Z/capture_0944.jpg,28,49,778,54,61,true,test,ollama_ocr,approved,owner-bulk-approved,2026-06-29T20:15:49+00:00,qwen3-vl:4b,aqs-five-field-v2,tools/dataset/captures/live_surveillance_20260629T1003Z/labels_ollama_review_queue.csv,tools/dataset/captures/live_surveillance_20260629T1003Z/labels_environment.csv
live_surveillance_20260629T1003Z_capture_0945,tools/dataset/captures/live_surveillance_20260629T1003Z/capture_0945.jpg,28,49,778,54,54,true,train,ollama_ocr,approved,owner-bulk-approved,2026-06-29T20:15:49+00:00,qwen3-vl:4b,aqs-five-field-v2,tools/dataset/captures/live_surveillance_20260629T1003Z/labels_ollama_review_queue.csv,tools/dataset/captures/live_surveillance_20260629T1003Z/labels_environment.csv
live_surveillance_20260629T1003Z_capture_0946,tools/dataset/captures/live_surveillance_20260629T1003Z/capture_0946.jpg,28,49,783,55,54,true,train,ollama_ocr,approved,owner-bulk-approved,2026-06-29T20:15:49+00:00,qwen3-vl:4b,aqs-five-field-v2,tools/dataset/captures/live_surveillance_20260629T1003Z/labels_ollama_review_queue.csv,tools/dataset/captures/live_surveillance_20260629T1003Z/labels_environment.csv
live_surveillance_20260629T1003Z_capture_0947,tools/dataset/captures/live_surveillance_20260629T1003Z/capture_0947.jpg,28,49,783,55,54,true,train,ollama_ocr,approved,owner-bulk-approved,2026-06-29T20:15:49+00:00,qwen3-vl:4b,aqs-five-field-v2,tools/dataset/captures/live_surveillance_20260629T1003Z/labels_ollama_review_queue.csv,tools/dataset/captures/live_surveillance_20260629T1003Z/labels_environment.csv
live_surveillance_20260629T1003Z_capture_0948,tools/dataset/captures/live_surveillance_20260629T1003Z/capture_0948.jpg,28,49,783,55,54,true,train,ollama_ocr,approved,owner-bulk-approved,2026-06-29T20:15:49+00:00,qwen3-vl:4b,aqs-five-field-v2,tools/dataset/captures/live_surveillance_20260629T1003Z/labels_ollama_review_queue.csv,tools/dataset/captures/live_surveillance_20260629T1003Z/labels_environment.csv
live_surveillance_20260629T1003Z_capture_0949,tools/dataset/captures/live_surveillance_20260629T1003Z/capture_0949.jpg,28,49,778,54,61,true,validation,ollama_ocr,approved,owner-bulk-approved,2026-06-29T20:15:49+00:00,qwen3-vl:4b,aqs-five-field-v2,tools/dataset/captures/live_surveillance_20260629T1003Z/labels_ollama_review_queue.csv,tools/dataset/captures/live_surveillance_20260629T1003Z/labels_environment.csv
live_surveillance_20260629T1003Z_capture_0950,tools/dataset/captures/live_surveillance_20260629T1003Z/capture_0950.jpg,28,49,783,55,54,true,train,ollama_ocr,approved,owner-bulk-approved,2026-06-29T20:15:49+00:00,qwen3-vl:4b,aqs-five-field-v2,tools/dataset/captures/live_surveillance_20260629T1003Z/labels_ollama_review_queue.csv,tools/dataset/captures/live_surveillance_20260629T1003Z/labels_environment.csv
live_surveillance_20260629T1003Z_capture_0951,tools/dataset/captures/live_surveillance_20260629T1003Z/capture_0951.jpg,28,49,783,55,54,true,test,ollama_ocr,approved,owner-bulk-approved,2026-06-29T20:15:49+00:00,qwen3-vl:4b,aqs-five-field-v2,tools/dataset/captures/live_surveillance_20260629T1003Z/labels_ollama_review_queue.csv,tools/dataset/captures/live_surveillance_20260629T1003Z/labels_environment.csv
live_surveillance_20260629T1003Z_capture_0952,tools/dataset/captures/live_surveillance_20260629T1003Z/capture_0952.jpg,28,49,783,55,54,true,train,ollama_ocr,approved,owner-bulk-approved,2026-06-29T20:15:49+00:00,qwen3-vl:4b,aqs-five-field-v2,tools/dataset/captures/live_surveillance_20260629T1003Z/labels_ollama_review_queue.csv,tools/dataset/captures/live_surveillance_20260629T1003Z/labels_environment.csv
live_surveillance_20260629T1003Z_capture_0953,tools/dataset/captures/live_surveillance_20260629T1003Z/capture_0953.jpg,28,49,783,55,54,true,train,ollama_ocr,approved,owner-bulk-approved,2026-06-29T20:15:49+00:00,qwen3-vl:4b,aqs-five-field-v2,tools/dataset/captures/live_surveillance_20260629T1003Z/labels_ollama_review_queue.csv,tools/dataset/captures/live_surveillance_20260629T1003Z/labels_environment.csv
live_surveillance_20260629T1003Z_capture_0954,tools/dataset/captures/live_surveillance_20260629T1003Z/capture_0954.jpg,28,49,783,55,54,true,train,ollama_ocr,approved,owner-bulk-approved,2026-06-29T20:15:49+00:00,qwen3-vl:4b,aqs-five-field-v2,tools/dataset/captures/live_surveillance_20260629T1003Z/labels_ollama_review_queue.csv,tools/dataset/captures/live_surveillance_20260629T1003Z/labels_environment.csv
live_surveillance_20260629T1003Z_capture_0955,tools/dataset/captures/live_surveillance_20260629T1003Z/capture_0955.jpg,28,49,783,55,54,true,validation,ollama_ocr,approved,owner-bulk-approved,2026-06-29T20:15:49+00:00,qwen3-vl:4b,aqs-five-field-v2,tools/dataset/captures/live_surveillance_20260629T1003Z/labels_ollama_review_queue.csv,tools/dataset/captures/live_surveillance_20260629T1003Z/labels_environment.csv
live_surveillance_20260629T1003Z_capture_0956,tools/dataset/captures/live_surveillance_20260629T1003Z/capture_0956.jpg,28,49,783,55,54,true,train,ollama_ocr,approved,owner-bulk-approved,2026-06-29T20:15:49+00:00,qwen3-vl:4b,aqs-five-field-v2,tools/dataset/captures/live_surveillance_20260629T1003Z/labels_ollama_review_queue.csv,tools/dataset/captures/live_surveillance_20260629T1003Z/labels_environment.csv
live_surveillance_20260629T1003Z_capture_0957,tools/dataset/captures/live_surveillance_20260629T1003Z/capture_0957.jpg,28,49,783,55,54,true,train,ollama_ocr,approved,owner-bulk-approved,2026-06-29T20:15:49+00:00,qwen3-vl:4b,aqs-five-field-v2,tools/dataset/captures/live_surveillance_20260629T1003Z/labels_ollama_review_queue.csv,tools/dataset/captures/live_surveillance_20260629T1003Z/labels_environment.csv
live_surveillance_20260629T1003Z_capture_0958,tools/dataset/captures/live_surveillance_20260629T1003Z/capture_0958.jpg,28,49,789,55,56,true,test,ollama_ocr,approved,owner-bulk-approved,2026-06-29T20:15:49+00:00,qwen3-vl:4b,aqs-five-field-v2,tools/dataset/captures/live_surveillance_20260629T1003Z/labels_ollama_review_queue.csv,tools/dataset/captures/live_surveillance_20260629T1003Z/labels_environment.csv
live_surveillance_20260629T1003Z_capture_0959,tools/dataset/captures/live_surveillance_20260629T1003Z/capture_0959.jpg,28,49,789,55,54,true,train,ollama_ocr,approved,owner-bulk-approved,2026-06-29T20:15:49+00:00,qwen3-vl:4b,aqs-five-field-v2,tools/dataset/captures/live_surveillance_20260629T1003Z/labels_ollama_review_queue.csv,tools/dataset/captures/live_surveillance_20260629T1003Z/labels_environment.csv
live_surveillance_20260629T1003Z_capture_0960,tools/dataset/captures/live_surveillance_20260629T1003Z/capture_0960.jpg,28,49,783,55,56,true,train,ollama_ocr,approved,owner-bulk-approved,2026-06-29T20:15:49+00:00,qwen3-vl:4b,aqs-five-field-v2,tools/dataset/captures/live_surveillance_20260629T1003Z/labels_ollama_review_queue.csv,tools/dataset/captures/live_surveillance_20260629T1003Z/labels_environment.csv
live_surveillance_20260629T1003Z_capture_0961,tools/dataset/captures/live_surveillance_20260629T1003Z/capture_0961.jpg,28,49,789,56,56,true,train,ollama_ocr,approved,owner-bulk-approved,2026-06-29T20:15:49+00:00,qwen3-vl:4b,aqs-five-field-v2,tools/dataset/captures/live_surveillance_20260629T1003Z/labels_ollama_review_queue.csv,tools/dataset/captures/live_surveillance_20260629T1003Z/labels_environment.csv
live_surveillance_20260629T1003Z_capture_0962,tools/dataset/captures/live_surveillance_20260629T1003Z/capture_0962.jpg,28,49,789,56,56,true,validation,ollama_ocr,approved,owner-bulk-approved,2026-06-29T20:15:49+00:00,qwen3-vl:4b,aqs-five-field-v2,tools/dataset/captures/live_surveillance_20260629T1003Z/labels_ollama_review_queue.csv,tools/dataset/captures/live_surveillance_20260629T1003Z/labels_environment.csv
live_surveillance_20260629T1003Z_capture_0963,tools/dataset/captures/live_surveillance_20260629T1003Z/capture_0963.jpg,28,49,789,56,56,true,train,ollama_ocr,approved,owner-bulk-approved,2026-06-29T20:15:49+00:00,qwen3-vl:4b,aqs-five-field-v2,tools/dataset/captures/live_surveillance_20260629T1003Z/labels_ollama_review_queue.csv,tools/dataset/captures/live_surveillance_20260629T1003Z/labels_environment.csv
live_surveillance_20260629T1003Z_capture_0964,tools/dataset/captures/live_surveillance_20260629T1003Z/capture_0964.jpg,28,49,789,55,54,true,test,ollama_ocr,approved,owner-bulk-approved,2026-06-29T20:15:49+00:00,qwen3-vl:4b,aqs-five-field-v2,tools/dataset/captures/live_surveillance_20260629T1003Z/labels_ollama_review_queue.csv,tools/dataset/captures/live_surveillance_20260629T1003Z/labels_environment.csv
live_surveillance_20260629T1003Z_capture_0965,tools/dataset/captures/live_surveillance_20260629T1003Z/capture_0965.jpg,28,49,789,56,56,true,train,ollama_ocr,approved,owner-bulk-approved,2026-06-29T20:15:49+00:00,qwen3-vl:4b,aqs-five-field-v2,tools/dataset/captures/live_surveillance_20260629T1003Z/labels_ollama_review_queue.csv,tools/dataset/captures/live_surveillance_20260629T1003Z/labels_environment.csv
live_surveillance_20260629T1003Z_capture_0966,tools/dataset/captures/live_surveillance_20260629T1003Z/capture_0966.jpg,28,49,789,56,56,true,train,ollama_ocr,approved,owner-bulk-approved,2026-06-29T20:15:49+00:00,qwen3-vl:4b,aqs-five-field-v2,tools/dataset/captures/live_surveillance_20260629T1003Z/labels_ollama_review_queue.csv,tools/dataset/captures/live_surveillance_20260629T1003Z/labels_environment.csv
live_surveillance_20260629T1003Z_capture_0967,tools/dataset/captures/live_surveillance_20260629T1003Z/capture_0967.jpg,28,49,789,56,56,true,train,ollama_ocr,approved,owner-bulk-approved,2026-06-29T20:15:49+00:00,qwen3-vl:4b,aqs-five-field-v2,tools/dataset/captures/live_surveillance_20260629T1003Z/labels_ollama_review_queue.csv,tools/dataset/captures/live_surveillance_20260629T1003Z/labels_environment.csv
live_surveillance_20260629T1003Z_capture_0968,tools/dataset/captures/live_surveillance_20260629T1003Z/capture_0968.jpg,28,49,789,56,56,true,train,ollama_ocr,approved,owner-bulk-approved,2026-06-29T20:15:49+00:00,qwen3-vl:4b,aqs-five-field-v2,tools/dataset/captures/live_surveillance_20260629T1003Z/labels_ollama_review_queue.csv,tools/dataset/captures/live_surveillance_20260629T1003Z/labels_environment.csv
live_surveillance_20260629T1003Z_capture_0969,tools/dataset/captures/live_surveillance_20260629T1003Z/capture_0969.jpg,28,49,789,56,56,true,validation,ollama_ocr,approved,owner-bulk-approved,2026-06-29T20:15:49+00:00,qwen3-vl:4b,aqs-five-field-v2,tools/dataset/captures/live_surveillance_20260629T1003Z/labels_ollama_review_queue.csv,tools/dataset/captures/live_surveillance_20260629T1003Z/labels_environment.csv
live_surveillance_20260629T1003Z_capture_0970,tools/dataset/captures/live_surveillance_20260629T1003Z/capture_0970.jpg,28,49,789,56,56,true,train,ollama_ocr,approved,owner-bulk-approved,2026-06-29T20:15:49+00:00,qwen3-vl:4b,aqs-five-field-v2,tools/dataset/captures/live_surveillance_20260629T1003Z/labels_ollama_review_queue.csv,tools/dataset/captures/live_surveillance_20260629T1003Z/labels_environment.csv
live_surveillance_20260629T1003Z_capture_0971,tools/dataset/captures/live_surveillance_20260629T1003Z/capture_0971.jpg,28,49,789,56,56,true,test,ollama_ocr,approved,owner-bulk-approved,2026-06-29T20:15:49+00:00,qwen3-vl:4b,aqs-five-field-v2,tools/dataset/captures/live_surveillance_20260629T1003Z/labels_ollama_review_queue.csv,tools/dataset/captures/live_surveillance_20260629T1003Z/labels_environment.csv
live_surveillance_20260629T1003Z_capture_0972,tools/dataset/captures/live_surveillance_20260629T1003Z/capture_0972.jpg,28,49,789,56,56,true,train,ollama_ocr,approved,owner-bulk-approved,2026-06-29T20:15:49+00:00,qwen3-vl:4b,aqs-five-field-v2,tools/dataset/captures/live_surveillance_20260629T1003Z/labels_ollama_review_queue.csv,tools/dataset/captures/live_surveillance_20260629T1003Z/labels_environment.csv
live_surveillance_20260629T1003Z_capture_0973,tools/dataset/captures/live_surveillance_20260629T1003Z/capture_0973.jpg,28,49,789,56,56,true,train,ollama_ocr,approved,owner-bulk-approved,2026-06-29T20:15:49+00:00,qwen3-vl:4b,aqs-five-field-v2,tools/dataset/captures/live_surveillance_20260629T1003Z/labels_ollama_review_queue.csv,tools/dataset/captures/live_surveillance_20260629T1003Z/labels_environment.csv
live_surveillance_20260629T1003Z_capture_0974,tools/dataset/captures/live_surveillance_20260629T1003Z/capture_0974.jpg,28,49,789,56,56,true,train,ollama_ocr,approved,owner-bulk-approved,2026-06-29T20:15:49+00:00,qwen3-vl:4b,aqs-five-field-v2,tools/dataset/captures/live_surveillance_20260629T1003Z/labels_ollama_review_queue.csv,tools/dataset/captures/live_surveillance_20260629T1003Z/labels_environment.csv
live_surveillance_20260629T1003Z_capture_0975,tools/dataset/captures/live_surveillance_20260629T1003Z/capture_0975.jpg,28,49,789,56,56,true,validation,ollama_ocr,approved,owner-bulk-approved,2026-06-29T20:15:49+00:00,qwen3-vl:4b,aqs-five-field-v2,tools/dataset/captures/live_surveillance_20260629T1003Z/labels_ollama_review_queue.csv,tools/dataset/captures/live_surveillance_20260629T1003Z/labels_environment.csv
live_surveillance_20260629T1003Z_capture_0976,tools/dataset/captures/live_surveillance_20260629T1003Z/capture_0976.jpg,28,49,789,56,56,true,train,ollama_ocr,approved,owner-bulk-approved,2026-06-29T20:15:49+00:00,qwen3-vl:4b,aqs-five-field-v2,tools/dataset/captures/live_surveillance_20260629T1003Z/labels_ollama_review_queue.csv,tools/dataset/captures/live_surveillance_20260629T1003Z/labels_environment.csv
live_surveillance_20260629T1003Z_capture_0977,tools/dataset/captures/live_surveillance_20260629T1003Z/capture_0977.jpg,28,49,789,56,56,true,train,ollama_ocr,approved,owner-bulk-approved,2026-06-29T20:15:49+00:00,qwen3-vl:4b,aqs-five-field-v2,tools/dataset/captures/live_surveillance_20260629T1003Z/labels_ollama_review_queue.csv,tools/dataset/captures/live_surveillance_20260629T1003Z/labels_environment.csv
live_surveillance_20260629T1003Z_capture_0978,tools/dataset/captures/live_surveillance_20260629T1003Z/capture_0978.jpg,28,49,789,56,56,true,test,ollama_ocr,approved,owner-bulk-approved,2026-06-29T20:15:49+00:00,qwen3-vl:4b,aqs-five-field-v2,tools/dataset/captures/live_surveillance_20260629T1003Z/labels_ollama_review_queue.csv,tools/dataset/captures/live_surveillance_20260629T1003Z/labels_environment.csv
live_surveillance_20260629T1003Z_capture_0979,tools/dataset/captures/live_surveillance_20260629T1003Z/capture_0979.jpg,28,49,789,56,56,true,train,ollama_ocr,approved,owner-bulk-approved,2026-06-29T20:15:49+00:00,qwen3-vl:4b,aqs-five-field-v2,tools/dataset/captures/live_surveillance_20260629T1003Z/labels_ollama_review_queue.csv,tools/dataset/captures/live_surveillance_20260629T1003Z/labels_environment.csv
live_surveillance_20260629T1003Z_capture_0980,tools/dataset/captures/live_surveillance_20260629T1003Z/capture_0980.jpg,28,49,789,56,56,true,train,ollama_ocr,approved,owner-bulk-approved,2026-06-29T20:15:49+00:00,qwen3-vl:4b,aqs-five-field-v2,tools/dataset/captures/live_surveillance_20260629T1003Z/labels_ollama_review_queue.csv,tools/dataset/captures/live_surveillance_20260629T1003Z/labels_environment.csv
live_surveillance_20260629T1003Z_capture_0981,tools/dataset/captures/live_surveillance_20260629T1003Z/capture_0981.jpg,28,49,789,56,56,true,train,ollama_ocr,approved,owner-bulk-approved,2026-06-29T20:15:49+00:00,qwen3-vl:4b,aqs-five-field-v2,tools/dataset/captures/live_surveillance_20260629T1003Z/labels_ollama_review_queue.csv,tools/dataset/captures/live_surveillance_20260629T1003Z/labels_environment.csv
live_surveillance_20260629T1003Z_capture_0982,tools/dataset/captures/live_surveillance_20260629T1003Z/capture_0982.jpg,28,49,789,56,56,true,validation,ollama_ocr,approved,owner-bulk-approved,2026-06-29T20:15:49+00:00,qwen3-vl:4b,aqs-five-field-v2,tools/dataset/captures/live_surveillance_20260629T1003Z/labels_ollama_review_queue.csv,tools/dataset/captures/live_surveillance_20260629T1003Z/labels_environment.csv
live_surveillance_20260629T1003Z_capture_0983,tools/dataset/captures/live_surveillance_20260629T1003Z/capture_0983.jpg,28,49,789,56,56,true,train,ollama_ocr,approved,owner-bulk-approved,2026-06-29T20:15:49+00:00,qwen3-vl:4b,aqs-five-field-v2,tools/dataset/captures/live_surveillance_20260629T1003Z/labels_ollama_review_queue.csv,tools/dataset/captures/live_surveillance_20260629T1003Z/labels_environment.csv
live_surveillance_20260629T1003Z_capture_0984,tools/dataset/captures/live_surveillance_20260629T1003Z/capture_0984.jpg,28,49,789,56,56,true,test,ollama_ocr,approved,owner-bulk-approved,2026-06-29T20:15:49+00:00,qwen3-vl:4b,aqs-five-field-v2,tools/dataset/captures/live_surveillance_20260629T1003Z/labels_ollama_review_queue.csv,tools/dataset/captures/live_surveillance_20260629T1003Z/labels_environment.csv
live_surveillance_20260629T1003Z_capture_0985,tools/dataset/captures/live_surveillance_20260629T1003Z/capture_0985.jpg,28,49,789,56,56,true,train,ollama_ocr,approved,owner-bulk-approved,2026-06-29T20:15:49+00:00,qwen3-vl:4b,aqs-five-field-v2,tools/dataset/captures/live_surveillance_20260629T1003Z/labels_ollama_review_queue.csv,tools/dataset/captures/live_surveillance_20260629T1003Z/labels_environment.csv
live_surveillance_20260629T1003Z_capture_0986,tools/dataset/captures/live_surveillance_20260629T1003Z/capture_0986.jpg,28,49,789,56,56,true,train,ollama_ocr,approved,owner-bulk-approved,2026-06-29T20:15:49+00:00,qwen3-vl:4b,aqs-five-field-v2,tools/dataset/captures/live_surveillance_20260629T1003Z/labels_ollama_review_queue.csv,tools/dataset/captures/live_surveillance_20260629T1003Z/labels_environment.csv
live_surveillance_20260629T1003Z_capture_0987,tools/dataset/captures/live_surveillance_20260629T1003Z/capture_0987.jpg,28,49,789,56,56,true,train,ollama_ocr,approved,owner-bulk-approved,2026-06-29T20:15:49+00:00,qwen3-vl:4b,aqs-five-field-v2,tools/dataset/captures/live_surveillance_20260629T1003Z/labels_ollama_review_queue.csv,tools/dataset/captures/live_surveillance_20260629T1003Z/labels_environment.csv
live_surveillance_20260629T1003Z_capture_0988,tools/dataset/captures/live_surveillance_20260629T1003Z/capture_0988.jpg,28,49,789,56,56,true,train,ollama_ocr,approved,owner-bulk-approved,2026-06-29T20:15:49+00:00,qwen3-vl:4b,aqs-five-field-v2,tools/dataset/captures/live_surveillance_20260629T1003Z/labels_ollama_review_queue.csv,tools/dataset/captures/live_surveillance_20260629T1003Z/labels_environment.csv
live_surveillance_20260629T1003Z_capture_0989,tools/dataset/captures/live_surveillance_20260629T1003Z/capture_0989.jpg,28,49,789,58,59,true,validation,ollama_ocr,approved,owner-bulk-approved,2026-06-29T20:15:49+00:00,qwen3-vl:4b,aqs-five-field-v2,tools/dataset/captures/live_surveillance_20260629T1003Z/labels_ollama_review_queue.csv,tools/dataset/captures/live_surveillance_20260629T1003Z/labels_environment.csv
live_surveillance_20260629T1003Z_capture_0990,tools/dataset/captures/live_surveillance_20260629T1003Z/capture_0990.jpg,28,49,794,56,56,true,train,ollama_ocr,approved,owner-bulk-approved,2026-06-29T20:15:49+00:00,qwen3-vl:4b,aqs-five-field-v2,tools/dataset/captures/live_surveillance_20260629T1003Z/labels_ollama_review_queue.csv,tools/dataset/captures/live_surveillance_20260629T1003Z/labels_environment.csv
live_surveillance_20260629T1003Z_capture_0991,tools/dataset/captures/live_surveillance_20260629T1003Z/capture_0991.jpg,28,49,800,58,62,true,test,ollama_ocr,approved,owner-bulk-approved,2026-06-29T20:15:49+00:00,qwen3-vl:4b,aqs-five-field-v2,tools/dataset/captures/live_surveillance_20260629T1003Z/labels_ollama_review_queue.csv,tools/dataset/captures/live_surveillance_20260629T1003Z/labels_environment.csv
live_surveillance_20260629T1003Z_capture_0992,tools/dataset/captures/live_surveillance_20260629T1003Z/capture_0992.jpg,28,49,800,58,59,true,train,ollama_ocr,approved,owner-bulk-approved,2026-06-29T20:15:49+00:00,qwen3-vl:4b,aqs-five-field-v2,tools/dataset/captures/live_surveillance_20260629T1003Z/labels_ollama_review_queue.csv,tools/dataset/captures/live_surveillance_20260629T1003Z/labels_environment.csv
live_surveillance_20260629T1003Z_capture_0993,tools/dataset/captures/live_surveillance_20260629T1003Z/capture_0993.jpg,28,49,794,57,59,true,train,ollama_ocr,approved,owner-bulk-approved,2026-06-29T20:15:49+00:00,qwen3-vl:4b,aqs-five-field-v2,tools/dataset/captures/live_surveillance_20260629T1003Z/labels_ollama_review_queue.csv,tools/dataset/captures/live_surveillance_20260629T1003Z/labels_environment.csv
live_surveillance_20260629T1003Z_capture_0994,tools/dataset/captures/live_surveillance_20260629T1003Z/capture_0994.jpg,28,49,800,58,62,true,train,ollama_ocr,approved,owner-bulk-approved,2026-06-29T20:15:49+00:00,qwen3-vl:4b,aqs-five-field-v2,tools/dataset/captures/live_surveillance_20260629T1003Z/labels_ollama_review_queue.csv,tools/dataset/captures/live_surveillance_20260629T1003Z/labels_environment.csv
live_surveillance_20260629T1003Z_capture_0995,tools/dataset/captures/live_surveillance_20260629T1003Z/capture_0995.jpg,28,49,800,58,62,true,validation,ollama_ocr,approved,owner-bulk-approved,2026-06-29T20:15:49+00:00,qwen3-vl:4b,aqs-five-field-v2,tools/dataset/captures/live_surveillance_20260629T1003Z/labels_ollama_review_queue.csv,tools/dataset/captures/live_surveillance_20260629T1003Z/labels_environment.csv
live_surveillance_20260629T1003Z_capture_0996,tools/dataset/captures/live_surveillance_20260629T1003Z/capture_0996.jpg,28,49,805,59,65,true,train,ollama_ocr,approved,owner-bulk-approved,2026-06-29T20:15:49+00:00,qwen3-vl:4b,aqs-five-field-v2,tools/dataset/captures/live_surveillance_20260629T1003Z/labels_ollama_review_queue.csv,tools/dataset/captures/live_surveillance_20260629T1003Z/labels_environment.csv
live_surveillance_20260629T1003Z_capture_0997,tools/dataset/captures/live_surveillance_20260629T1003Z/capture_0997.jpg,28,49,800,59,65,true,train,ollama_ocr,approved,owner-bulk-approved,2026-06-29T20:15:49+00:00,qwen3-vl:4b,aqs-five-field-v2,tools/dataset/captures/live_surveillance_20260629T1003Z/labels_ollama_review_queue.csv,tools/dataset/captures/live_surveillance_20260629T1003Z/labels_environment.csv
live_surveillance_20260629T1003Z_capture_0998,tools/dataset/captures/live_surveillance_20260629T1003Z/capture_0998.jpg,28,49,805,59,65,true,test,ollama_ocr,approved,owner-bulk-approved,2026-06-29T20:15:49+00:00,qwen3-vl:4b,aqs-five-field-v2,tools/dataset/captures/live_surveillance_20260629T1003Z/labels_ollama_review_queue.csv,tools/dataset/captures/live_surveillance_20260629T1003Z/labels_environment.csv
live_surveillance_20260629T1003Z_capture_0999,tools/dataset/captures/live_surveillance_20260629T1003Z/capture_0999.jpg,28,49,805,58,62,true,train,ollama_ocr,approved,owner-bulk-approved,2026-06-29T20:15:49+00:00,qwen3-vl:4b,aqs-five-field-v2,tools/dataset/captures/live_surveillance_20260629T1003Z/labels_ollama_review_queue.csv,tools/dataset/captures/live_surveillance_20260629T1003Z/labels_environment.csv
live_surveillance_20260629T1003Z_capture_1000,tools/dataset/captures/live_surveillance_20260629T1003Z/capture_1000.jpg,28,49,800,59,62,true,train,ollama_ocr,approved,owner-bulk-approved,2026-06-29T20:15:49+00:00,qwen3-vl:4b,aqs-five-field-v2,tools/dataset/captures/live_surveillance_20260629T1003Z/labels_ollama_review_queue.csv,tools/dataset/captures/live_surveillance_20260629T1003Z/labels_environment.csv
live_surveillance_20260629T1003Z_capture_1010,tools/dataset/captures/live_surveillance_20260629T1003Z/capture_1010.jpg,28,49,816,60,170,true,train,ollama_ocr,approved,owner-bulk-approved,2026-06-29T20:15:49+00:00,qwen3-vl:4b,aqs-five-field-v2,tools/dataset/captures/live_surveillance_20260629T1003Z/labels_ollama_review_queue.csv,tools/dataset/captures/live_surveillance_20260629T1003Z/labels_environment.csv
live_surveillance_20260629T1003Z_capture_1012,tools/dataset/captures/live_surveillance_20260629T1003Z/capture_1012.jpg,28,49,827,62,173,true,validation,ollama_ocr,approved,owner-bulk-approved,2026-06-29T20:15:49+00:00,qwen3-vl:4b,aqs-five-field-v2,tools/dataset/captures/live_surveillance_20260629T1003Z/labels_ollama_review_queue.csv,tools/dataset/captures/live_surveillance_20260629T1003Z/labels_environment.csv
live_surveillance_20260629T1003Z_capture_1013,tools/dataset/captures/live_surveillance_20260629T1003Z/capture_1013.jpg,28,49,833,63,176,true,train,ollama_ocr,approved,owner-bulk-approved,2026-06-29T20:15:49+00:00,qwen3-vl:4b,aqs-five-field-v2,tools/dataset/captures/live_surveillance_20260629T1003Z/labels_ollama_review_queue.csv,tools/dataset/captures/live_surveillance_20260629T1003Z/labels_environment.csv
live_surveillance_20260629T1003Z_capture_1014,tools/dataset/captures/live_surveillance_20260629T1003Z/capture_1014.jpg,28,49,833,64,179,true,test,ollama_ocr,approved,owner-bulk-approved,2026-06-29T20:15:49+00:00,qwen3-vl:4b,aqs-five-field-v2,tools/dataset/captures/live_surveillance_20260629T1003Z/labels_ollama_review_queue.csv,tools/dataset/captures/live_surveillance_20260629T1003Z/labels_environment.csv
live_surveillance_20260629T1003Z_capture_1015,tools/dataset/captures/live_surveillance_20260629T1003Z/capture_1015.jpg,28,49,827,63,179,true,train,ollama_ocr,approved,owner-bulk-approved,2026-06-29T20:15:49+00:00,qwen3-vl:4b,aqs-five-field-v2,tools/dataset/captures/live_surveillance_20260629T1003Z/labels_ollama_review_queue.csv,tools/dataset/captures/live_surveillance_20260629T1003Z/labels_environment.csv
live_surveillance_20260629T1003Z_capture_1016,tools/dataset/captures/live_surveillance_20260629T1003Z/capture_1016.jpg,28,49,827,63,176,true,train,ollama_ocr,approved,owner-bulk-approved,2026-06-29T20:15:49+00:00,qwen3-vl:4b,aqs-five-field-v2,tools/dataset/captures/live_surveillance_20260629T1003Z/labels_ollama_review_queue.csv,tools/dataset/captures/live_surveillance_20260629T1003Z/labels_environment.csv
live_surveillance_20260629T1003Z_capture_1021,tools/dataset/captures/live_surveillance_20260629T1003Z/capture_1021.jpg,28,49,827,63,176,true,train,ollama_ocr,approved,owner-bulk-approved,2026-06-29T20:15:49+00:00,qwen3-vl:4b,aqs-five-field-v2,tools/dataset/captures/live_surveillance_20260629T1003Z/labels_ollama_review_queue.csv,tools/dataset/captures/live_surveillance_20260629T1003Z/labels_environment.csv
live_surveillance_20260629T1003Z_capture_1022,tools/dataset/captures/live_surveillance_20260629T1003Z/capture_1022.jpg,28,49,827,63,176,true,train,ollama_ocr,approved,owner-bulk-approved,2026-06-29T20:15:49+00:00,qwen3-vl:4b,aqs-five-field-v2,tools/dataset/captures/live_surveillance_20260629T1003Z/labels_ollama_review_queue.csv,tools/dataset/captures/live_surveillance_20260629T1003Z/labels_environment.csv
live_surveillance_20260629T1003Z_capture_1023,tools/dataset/captures/live_surveillance_20260629T1003Z/capture_1023.jpg,28,49,827,63,179,true,validation,ollama_ocr,approved,owner-bulk-approved,2026-06-29T20:15:49+00:00,qwen3-vl:4b,aqs-five-field-v2,tools/dataset/captures/live_surveillance_20260629T1003Z/labels_ollama_review_queue.csv,tools/dataset/captures/live_surveillance_20260629T1003Z/labels_environment.csv
live_surveillance_20260629T1003Z_capture_1024,tools/dataset/captures/live_surveillance_20260629T1003Z/capture_1024.jpg,28,49,833,64,179,true,train,ollama_ocr,approved,owner-bulk-approved,2026-06-29T20:15:49+00:00,qwen3-vl:4b,aqs-five-field-v2,tools/dataset/captures/live_surveillance_20260629T1003Z/labels_ollama_review_queue.csv,tools/dataset/captures/live_surveillance_20260629T1003Z/labels_environment.csv
live_surveillance_20260629T1003Z_capture_1025,tools/dataset/captures/live_surveillance_20260629T1003Z/capture_1025.jpg,28,49,833,64,179,true,test,ollama_ocr,approved,owner-bulk-approved,2026-06-29T20:15:49+00:00,qwen3-vl:4b,aqs-five-field-v2,tools/dataset/captures/live_surveillance_20260629T1003Z/labels_ollama_review_queue.csv,tools/dataset/captures/live_surveillance_20260629T1003Z/labels_environment.csv
live_surveillance_20260629T1003Z_capture_1026,tools/dataset/captures/live_surveillance_20260629T1003Z/capture_1026.jpg,28,49,833,64,179,true,train,ollama_ocr,approved,owner-bulk-approved,2026-06-29T20:15:49+00:00,qwen3-vl:4b,aqs-five-field-v2,tools/dataset/captures/live_surveillance_20260629T1003Z/labels_ollama_review_queue.csv,tools/dataset/captures/live_surveillance_20260629T1003Z/labels_environment.csv
live_surveillance_20260629T1003Z_capture_1027,tools/dataset/captures/live_surveillance_20260629T1003Z/capture_1027.jpg,28,49,833,64,179,true,train,ollama_ocr,approved,owner-bulk-approved,2026-06-29T20:15:49+00:00,qwen3-vl:4b,aqs-five-field-v2,tools/dataset/captures/live_surveillance_20260629T1003Z/labels_ollama_review_queue.csv,tools/dataset/captures/live_surveillance_20260629T1003Z/labels_environment.csv
live_surveillance_20260629T1003Z_capture_1028,tools/dataset/captures/live_surveillance_20260629T1003Z/capture_1028.jpg,28,49,833,64,179,true,train,ollama_ocr,approved,owner-bulk-approved,2026-06-29T20:15:49+00:00,qwen3-vl:4b,aqs-five-field-v2,tools/dataset/captures/live_surveillance_20260629T1003Z/labels_ollama_review_queue.csv,tools/dataset/captures/live_surveillance_20260629T1003Z/labels_environment.csv
live_surveillance_20260629T1003Z_capture_1032,tools/dataset/captures/live_surveillance_20260629T1003Z/capture_1032.jpg,28,49,833,65,82,true,validation,ollama_ocr,approved,owner-bulk-approved,2026-06-29T20:15:49+00:00,qwen3-vl:4b,aqs-five-field-v2,tools/dataset/captures/live_surveillance_20260629T1003Z/labels_ollama_review_queue.csv,tools/dataset/captures/live_surveillance_20260629T1003Z/labels_environment.csv
live_surveillance_20260629T1003Z_capture_1034,tools/dataset/captures/live_surveillance_20260629T1003Z/capture_1034.jpg,28,49,844,67,84,true,train,ollama_ocr,approved,owner-bulk-approved,2026-06-29T20:15:49+00:00,qwen3-vl:4b,aqs-five-field-v2,tools/dataset/captures/live_surveillance_20260629T1003Z/labels_ollama_review_queue.csv,tools/dataset/captures/live_surveillance_20260629T1003Z/labels_environment.csv
live_surveillance_20260629T1003Z_capture_1035,tools/dataset/captures/live_surveillance_20260629T1003Z/capture_1035.jpg,28,49,844,65,84,true,train,ollama_ocr,approved,owner-bulk-approved,2026-06-29T20:15:49+00:00,qwen3-vl:4b,aqs-five-field-v2,tools/dataset/captures/live_surveillance_20260629T1003Z/labels_ollama_review_queue.csv,tools/dataset/captures/live_surveillance_20260629T1003Z/labels_environment.csv
live_surveillance_20260629T1003Z_capture_1036,tools/dataset/captures/live_surveillance_20260629T1003Z/capture_1036.jpg,28,49,855,69,90,true,test,ollama_ocr,approved,owner-bulk-approved,2026-06-29T20:15:49+00:00,qwen3-vl:4b,aqs-five-field-v2,tools/dataset/captures/live_surveillance_20260629T1003Z/labels_ollama_review_queue.csv,tools/dataset/captures/live_surveillance_20260629T1003Z/labels_environment.csv
live_surveillance_20260629T1003Z_capture_1037,tools/dataset/captures/live_surveillance_20260629T1003Z/capture_1037.jpg,28,49,855,68,87,true,train,ollama_ocr,approved,owner-bulk-approved,2026-06-29T20:15:49+00:00,qwen3-vl:4b,aqs-five-field-v2,tools/dataset/captures/live_surveillance_20260629T1003Z/labels_ollama_review_queue.csv,tools/dataset/captures/live_surveillance_20260629T1003Z/labels_environment.csv
live_surveillance_20260629T1003Z_capture_1038,tools/dataset/captures/live_surveillance_20260629T1003Z/capture_1038.jpg,28,49,849,67,90,true,train,ollama_ocr,approved,owner-bulk-approved,2026-06-29T20:15:49+00:00,qwen3-vl:4b,aqs-five-field-v2,tools/dataset/captures/live_surveillance_20260629T1003Z/labels_ollama_review_queue.csv,tools/dataset/captures/live_surveillance_20260629T1003Z/labels_environment.csv
live_surveillance_20260629T1003Z_capture_1039,tools/dataset/captures/live_surveillance_20260629T1003Z/capture_1039.jpg,28,49,849,66,87,true,train,ollama_ocr,approved,owner-bulk-approved,2026-06-29T20:15:49+00:00,qwen3-vl:4b,aqs-five-field-v2,tools/dataset/captures/live_surveillance_20260629T1003Z/labels_ollama_review_queue.csv,tools/dataset/captures/live_surveillance_20260629T1003Z/labels_environment.csv
live_surveillance_20260629T1003Z_capture_1040,tools/dataset/captures/live_surveillance_20260629T1003Z/capture_1040.jpg,28,49,849,66,87,true,validation,ollama_ocr,approved,owner-bulk-approved,2026-06-29T20:15:49+00:00,qwen3-vl:4b,aqs-five-field-v2,tools/dataset/captures/live_surveillance_20260629T1003Z/labels_ollama_review_queue.csv,tools/dataset/captures/live_surveillance_20260629T1003Z/labels_environment.csv
live_surveillance_20260629T1003Z_capture_1041,tools/dataset/captures/live_surveillance_20260629T1003Z/capture_1041.jpg,28,49,849,68,90,true,train,ollama_ocr,approved,owner-bulk-approved,2026-06-29T20:15:49+00:00,qwen3-vl:4b,aqs-five-field-v2,tools/dataset/captures/live_surveillance_20260629T1003Z/labels_ollama_review_queue.csv,tools/dataset/captures/live_surveillance_20260629T1003Z/labels_environment.csv
live_surveillance_20260629T1003Z_capture_1042,tools/dataset/captures/live_surveillance_20260629T1003Z/capture_1042.jpg,28,49,855,67,87,true,test,ollama_ocr,approved,owner-bulk-approved,2026-06-29T20:15:49+00:00,qwen3-vl:4b,aqs-five-field-v2,tools/dataset/captures/live_surveillance_20260629T1003Z/labels_ollama_review_queue.csv,tools/dataset/captures/live_surveillance_20260629T1003Z/labels_environment.csv
live_surveillance_20260629T1003Z_capture_1043,tools/dataset/captures/live_surveillance_20260629T1003Z/capture_1043.jpg,28,49,855,68,90,true,train,ollama_ocr,approved,owner-bulk-approved,2026-06-29T20:15:49+00:00,qwen3-vl:4b,aqs-five-field-v2,tools/dataset/captures/live_surveillance_20260629T1003Z/labels_ollama_review_queue.csv,tools/dataset/captures/live_surveillance_20260629T1003Z/labels_environment.csv
live_surveillance_20260629T1003Z_capture_1044,tools/dataset/captures/live_surveillance_20260629T1003Z/capture_1044.jpg,28,49,860,69,93,true,train,ollama_ocr,approved,owner-bulk-approved,2026-06-29T20:15:49+00:00,qwen3-vl:4b,aqs-five-field-v2,tools/dataset/captures/live_surveillance_20260629T1003Z/labels_ollama_review_queue.csv,tools/dataset/captures/live_surveillance_20260629T1003Z/labels_environment.csv
live_surveillance_20260629T1003Z_capture_1048,tools/dataset/captures/live_surveillance_20260629T1003Z/capture_1048.jpg,28,49,866,0,96,true,train,ollama_ocr,approved,owner-bulk-approved,2026-06-29T20:15:49+00:00,qwen3-vl:4b,aqs-five-field-v2,tools/dataset/captures/live_surveillance_20260629T1003Z/labels_ollama_review_queue.csv,tools/dataset/captures/live_surveillance_20260629T1003Z/labels_environment.csv
live_surveillance_20260629T1003Z_capture_1067,tools/dataset/captures/live_surveillance_20260629T1003Z/capture_1067.jpg,28,49,877,72,20,true,train,ollama_ocr,approved,owner-bulk-approved,2026-06-29T20:15:49+00:00,qwen3-vl:4b,aqs-five-field-v2,tools/dataset/captures/live_surveillance_20260629T1003Z/labels_ollama_review_queue.csv,tools/dataset/captures/live_surveillance_20260629T1003Z/labels_environment.csv
live_surveillance_20260629T1003Z_capture_1069,tools/dataset/captures/live_surveillance_20260629T1003Z/capture_1069.jpg,28,49,877,72,20,true,validation,ollama_ocr,approved,owner-bulk-approved,2026-06-29T20:15:49+00:00,qwen3-vl:4b,aqs-five-field-v2,tools/dataset/captures/live_surveillance_20260629T1003Z/labels_ollama_review_queue.csv,tools/dataset/captures/live_surveillance_20260629T1003Z/labels_environment.csv
live_surveillance_20260629T1003Z_capture_1070,tools/dataset/captures/live_surveillance_20260629T1003Z/capture_1070.jpg,28,49,877,72,20,true,train,ollama_ocr,approved,owner-bulk-approved,2026-06-29T20:15:49+00:00,qwen3-vl:4b,aqs-five-field-v2,tools/dataset/captures/live_surveillance_20260629T1003Z/labels_ollama_review_queue.csv,tools/dataset/captures/live_surveillance_20260629T1003Z/labels_environment.csv
live_surveillance_20260629T1003Z_capture_1071,tools/dataset/captures/live_surveillance_20260629T1003Z/capture_1071.jpg,28,49,877,72,20,true,test,ollama_ocr,approved,owner-bulk-approved,2026-06-29T20:15:49+00:00,qwen3-vl:4b,aqs-five-field-v2,tools/dataset/captures/live_surveillance_20260629T1003Z/labels_ollama_review_queue.csv,tools/dataset/captures/live_surveillance_20260629T1003Z/labels_environment.csv
live_surveillance_20260629T1003Z_capture_1075,tools/dataset/captures/live_surveillance_20260629T1003Z/capture_1075.jpg,28,49,871,71,98,true,train,ollama_ocr,approved,owner-bulk-approved,2026-06-29T20:15:49+00:00,qwen3-vl:4b,aqs-five-field-v2,tools/dataset/captures/live_surveillance_20260629T1003Z/labels_ollama_review_queue.csv,tools/dataset/captures/live_surveillance_20260629T1003Z/labels_environment.csv
live_surveillance_20260629T1003Z_capture_1076,tools/dataset/captures/live_surveillance_20260629T1003Z/capture_1076.jpg,28,49,871,71,98,true,train,ollama_ocr,approved,owner-bulk-approved,2026-06-29T20:15:49+00:00,qwen3-vl:4b,aqs-five-field-v2,tools/dataset/captures/live_surveillance_20260629T1003Z/labels_ollama_review_queue.csv,tools/dataset/captures/live_surveillance_20260629T1003Z/labels_environment.csv
live_surveillance_20260629T1003Z_capture_1077,tools/dataset/captures/live_surveillance_20260629T1003Z/capture_1077.jpg,28,49,871,71,98,true,train,ollama_ocr,approved,owner-bulk-approved,2026-06-29T20:15:49+00:00,qwen3-vl:4b,aqs-five-field-v2,tools/dataset/captures/live_surveillance_20260629T1003Z/labels_ollama_review_queue.csv,tools/dataset/captures/live_surveillance_20260629T1003Z/labels_environment.csv
live_surveillance_20260629T1003Z_capture_1080,tools/dataset/captures/live_surveillance_20260629T1003Z/capture_1080.jpg,28,49,877,72,20,true,validation,ollama_ocr,approved,owner-bulk-approved,2026-06-29T20:15:49+00:00,qwen3-vl:4b,aqs-five-field-v2,tools/dataset/captures/live_surveillance_20260629T1003Z/labels_ollama_review_queue.csv,tools/dataset/captures/live_surveillance_20260629T1003Z/labels_environment.csv
live_surveillance_20260629T1003Z_capture_1081,tools/dataset/captures/live_surveillance_20260629T1003Z/capture_1081.jpg,28,49,877,72,20,true,train,ollama_ocr,approved,owner-bulk-approved,2026-06-29T20:15:49+00:00,qwen3-vl:4b,aqs-five-field-v2,tools/dataset/captures/live_surveillance_20260629T1003Z/labels_ollama_review_queue.csv,tools/dataset/captures/live_surveillance_20260629T1003Z/labels_environment.csv
live_surveillance_20260629T1003Z_capture_1082,tools/dataset/captures/live_surveillance_20260629T1003Z/capture_1082.jpg,28,49,877,72,20,true,train,ollama_ocr,approved,owner-bulk-approved,2026-06-29T20:15:49+00:00,qwen3-vl:4b,aqs-five-field-v2,tools/dataset/captures/live_surveillance_20260629T1003Z/labels_ollama_review_queue.csv,tools/dataset/captures/live_surveillance_20260629T1003Z/labels_environment.csv
live_surveillance_20260629T1003Z_capture_1083,tools/dataset/captures/live_surveillance_20260629T1003Z/capture_1083.jpg,28,49,877,72,20,true,test,ollama_ocr,approved,owner-bulk-approved,2026-06-29T20:15:49+00:00,qwen3-vl:4b,aqs-five-field-v2,tools/dataset/captures/live_surveillance_20260629T1003Z/labels_ollama_review_queue.csv,tools/dataset/captures/live_surveillance_20260629T1003Z/labels_environment.csv
live_surveillance_20260629T1003Z_capture_1084,tools/dataset/captures/live_surveillance_20260629T1003Z/capture_1084.jpg,28,49,871,72,20,true,train,ollama_ocr,approved,owner-bulk-approved,2026-06-29T20:15:49+00:00,qwen3-vl:4b,aqs-five-field-v2,tools/dataset/captures/live_surveillance_20260629T1003Z/labels_ollama_review_queue.csv,tools/dataset/captures/live_surveillance_20260629T1003Z/labels_environment.csv
live_surveillance_20260629T1003Z_capture_1085,tools/dataset/captures/live_surveillance_20260629T1003Z/capture_1085.jpg,28,49,877,72,20,true,train,ollama_ocr,approved,owner-bulk-approved,2026-06-29T20:15:49+00:00,qwen3-vl:4b,aqs-five-field-v2,tools/dataset/captures/live_surveillance_20260629T1003Z/labels_ollama_review_queue.csv,tools/dataset/captures/live_surveillance_20260629T1003Z/labels_environment.csv
live_surveillance_20260629T1003Z_capture_1086,tools/dataset/captures/live_surveillance_20260629T1003Z/capture_1086.jpg,28,49,877,72,20,true,train,ollama_ocr,approved,owner-bulk-approved,2026-06-29T20:15:49+00:00,qwen3-vl:4b,aqs-five-field-v2,tools/dataset/captures/live_surveillance_20260629T1003Z/labels_ollama_review_queue.csv,tools/dataset/captures/live_surveillance_20260629T1003Z/labels_environment.csv
live_surveillance_20260629T1003Z_capture_1087,tools/dataset/captures/live_surveillance_20260629T1003Z/capture_1087.jpg,28,49,877,72,20,true,validation,ollama_ocr,approved,owner-bulk-approved,2026-06-29T20:15:49+00:00,qwen3-vl:4b,aqs-five-field-v2,tools/dataset/captures/live_surveillance_20260629T1003Z/labels_ollama_review_queue.csv,tools/dataset/captures/live_surveillance_20260629T1003Z/labels_environment.csv
live_surveillance_20260629T1003Z_capture_1088,tools/dataset/captures/live_surveillance_20260629T1003Z/capture_1088.jpg,28,49,877,72,20,true,train,ollama_ocr,approved,owner-bulk-approved,2026-06-29T20:15:49+00:00,qwen3-vl:4b,aqs-five-field-v2,tools/dataset/captures/live_surveillance_20260629T1003Z/labels_ollama_review_queue.csv,tools/dataset/captures/live_surveillance_20260629T1003Z/labels_environment.csv
live_surveillance_20260629T1003Z_capture_1089,tools/dataset/captures/live_surveillance_20260629T1003Z/capture_1089.jpg,28,49,877,72,20,true,test,ollama_ocr,approved,owner-bulk-approved,2026-06-29T20:15:49+00:00,qwen3-vl:4b,aqs-five-field-v2,tools/dataset/captures/live_surveillance_20260629T1003Z/labels_ollama_review_queue.csv,tools/dataset/captures/live_surveillance_20260629T1003Z/labels_environment.csv
live_surveillance_20260629T1003Z_capture_1090,tools/dataset/captures/live_surveillance_20260629T1003Z/capture_1090.jpg,28,49,877,72,20,true,train,ollama_ocr,approved,owner-bulk-approved,2026-06-29T20:15:49+00:00,qwen3-vl:4b,aqs-five-field-v2,tools/dataset/captures/live_surveillance_20260629T1003Z/labels_ollama_review_queue.csv,tools/dataset/captures/live_surveillance_20260629T1003Z/labels_environment.csv
live_surveillance_20260629T1003Z_capture_1091,tools/dataset/captures/live_surveillance_20260629T1003Z/capture_1091.jpg,28,49,877,72,20,true,train,ollama_ocr,approved,owner-bulk-approved,2026-06-29T20:15:49+00:00,qwen3-vl:4b,aqs-five-field-v2,tools/dataset/captures/live_surveillance_20260629T1003Z/labels_ollama_review_queue.csv,tools/dataset/captures/live_surveillance_20260629T1003Z/labels_environment.csv
live_surveillance_20260629T1003Z_capture_1092,tools/dataset/captures/live_surveillance_20260629T1003Z/capture_1092.jpg,28,49,877,72,20,true,train,ollama_ocr,approved,owner-bulk-approved,2026-06-29T20:15:49+00:00,qwen3-vl:4b,aqs-five-field-v2,tools/dataset/captures/live_surveillance_20260629T1003Z/labels_ollama_review_queue.csv,tools/dataset/captures/live_surveillance_20260629T1003Z/labels_environment.csv
live_surveillance_20260629T1003Z_capture_1093,tools/dataset/captures/live_surveillance_20260629T1003Z/capture_1093.jpg,28,49,877,72,20,true,train,ollama_ocr,approved,owner-bulk-approved,2026-06-29T20:15:49+00:00,qwen3-vl:4b,aqs-five-field-v2,tools/dataset/captures/live_surveillance_20260629T1003Z/labels_ollama_review_queue.csv,tools/dataset/captures/live_surveillance_20260629T1003Z/labels_environment.csv
live_surveillance_20260629T1003Z_capture_1094,tools/dataset/captures/live_surveillance_20260629T1003Z/capture_1094.jpg,28,49,877,72,20,true,validation,ollama_ocr,approved,owner-bulk-approved,2026-06-29T20:15:49+00:00,qwen3-vl:4b,aqs-five-field-v2,tools/dataset/captures/live_surveillance_20260629T1003Z/labels_ollama_review_queue.csv,tools/dataset/captures/live_surveillance_20260629T1003Z/labels_environment.csv
live_surveillance_20260629T1003Z_capture_1095,tools/dataset/captures/live_surveillance_20260629T1003Z/capture_1095.jpg,28,49,877,72,20,true,train,ollama_ocr,approved,owner-bulk-approved,2026-06-29T20:15:49+00:00,qwen3-vl:4b,aqs-five-field-v2,tools/dataset/captures/live_surveillance_20260629T1003Z/labels_ollama_review_queue.csv,tools/dataset/captures/live_surveillance_20260629T1003Z/labels_environment.csv
live_surveillance_20260629T1003Z_capture_1096,tools/dataset/captures/live_surveillance_20260629T1003Z/capture_1096.jpg,28,49,877,72,20,true,test,ollama_ocr,approved,owner-bulk-approved,2026-06-29T20:15:49+00:00,qwen3-vl:4b,aqs-five-field-v2,tools/dataset/captures/live_surveillance_20260629T1003Z/labels_ollama_review_queue.csv,tools/dataset/captures/live_surveillance_20260629T1003Z/labels_environment.csv
live_surveillance_20260629T1003Z_capture_1098,tools/dataset/captures/live_surveillance_20260629T1003Z/capture_1098.jpg,28,49,877,72,20,true,train,ollama_ocr,approved,owner-bulk-approved,2026-06-29T20:15:49+00:00,qwen3-vl:4b,aqs-five-field-v2,tools/dataset/captures/live_surveillance_20260629T1003Z/labels_ollama_review_queue.csv,tools/dataset/captures/live_surveillance_20260629T1003Z/labels_environment.csv
live_surveillance_20260629T1003Z_capture_1099,tools/dataset/captures/live_surveillance_20260629T1003Z/capture_1099.jpg,28,49,877,72,20,true,train,ollama_ocr,approved,owner-bulk-approved,2026-06-29T20:15:49+00:00,qwen3-vl:4b,aqs-five-field-v2,tools/dataset/captures/live_surveillance_20260629T1003Z/labels_ollama_review_queue.csv,tools/dataset/captures/live_surveillance_20260629T1003Z/labels_environment.csv
live_surveillance_20260629T1003Z_capture_1100,tools/dataset/captures/live_surveillance_20260629T1003Z/capture_1100.jpg,28,49,877,72,20,true,train,ollama_ocr,approved,owner-bulk-approved,2026-06-29T20:15:49+00:00,qwen3-vl:4b,aqs-five-field-v2,tools/dataset/captures/live_surveillance_20260629T1003Z/labels_ollama_review_queue.csv,tools/dataset/captures/live_surveillance_20260629T1003Z/labels_environment.csv
live_surveillance_20260629T1003Z_capture_1101,tools/dataset/captures/live_surveillance_20260629T1003Z/capture_1101.jpg,28,49,877,72,20,true,validation,ollama_ocr,approved,owner-bulk-approved,2026-06-29T20:15:49+00:00,qwen3-vl:4b,aqs-five-field-v2,tools/dataset/captures/live_surveillance_20260629T1003Z/labels_ollama_review_queue.csv,tools/dataset/captures/live_surveillance_20260629T1003Z/labels_environment.csv
live_surveillance_20260629T1003Z_capture_1102,tools/dataset/captures/live_surveillance_20260629T1003Z/capture_1102.jpg,28,49,877,72,20,true,train,ollama_ocr,approved,owner-bulk-approved,2026-06-29T20:15:49+00:00,qwen3-vl:4b,aqs-five-field-v2,tools/dataset/captures/live_surveillance_20260629T1003Z/labels_ollama_review_queue.csv,tools/dataset/captures/live_surveillance_20260629T1003Z/labels_environment.csv
live_surveillance_20260629T1003Z_capture_1106,tools/dataset/captures/live_surveillance_20260629T1003Z/capture_1106.jpg,28,49,893,75,20,true,train,ollama_ocr,approved,owner-bulk-approved,2026-06-29T20:15:49+00:00,qwen3-vl:4b,aqs-five-field-v2,tools/dataset/captures/live_surveillance_20260629T1003Z/labels_ollama_review_queue.csv,tools/dataset/captures/live_surveillance_20260629T1003Z/labels_environment.csv
live_surveillance_20260629T1003Z_capture_1111,tools/dataset/captures/live_surveillance_20260629T1003Z/capture_1111.jpg,28,49,915,79,22,true,test,ollama_ocr,approved,owner-bulk-approved,2026-06-29T20:15:49+00:00,qwen3-vl:4b,aqs-five-field-v2,tools/dataset/captures/live_surveillance_20260629T1003Z/labels_ollama_review_queue.csv,tools/dataset/captures/live_surveillance_20260629T1003Z/labels_environment.csv
live_surveillance_20260629T1003Z_capture_1112,tools/dataset/captures/live_surveillance_20260629T1003Z/capture_1112.jpg,28,49,899,77,25,true,train,ollama_ocr,approved,owner-bulk-approved,2026-06-29T20:15:49+00:00,qwen3-vl:4b,aqs-five-field-v2,tools/dataset/captures/live_surveillance_20260629T1003Z/labels_ollama_review_queue.csv,tools/dataset/captures/live_surveillance_20260629T1003Z/labels_environment.csv
live_surveillance_20260629T1003Z_capture_1113,tools/dataset/captures/live_surveillance_20260629T1003Z/capture_1113.jpg,28,49,915,79,22,true,train,ollama_ocr,approved,owner-bulk-approved,2026-06-29T20:15:49+00:00,qwen3-vl:4b,aqs-five-field-v2,tools/dataset/captures/live_surveillance_20260629T1003Z/labels_ollama_review_queue.csv,tools/dataset/captures/live_surveillance_20260629T1003Z/labels_environment.csv
live_surveillance_20260629T1003Z_capture_1120,tools/dataset/captures/live_surveillance_20260629T1003Z/capture_1120.jpg,28,48,921,79,21,true,train,ollama_ocr,approved,owner-bulk-approved,2026-06-29T20:15:49+00:00,qwen3-vl:4b,aqs-five-field-v2,tools/dataset/captures/live_surveillance_20260629T1003Z/labels_ollama_review_queue.csv,tools/dataset/captures/live_surveillance_20260629T1003Z/labels_environment.csv
live_surveillance_20260629T1003Z_capture_1124,tools/dataset/captures/live_surveillance_20260629T1003Z/capture_1124.jpg,28,49,926,8,26,true,validation,ollama_ocr,approved,owner-bulk-approved,2026-06-29T20:15:49+00:00,qwen3-vl:4b,aqs-five-field-v2,tools/dataset/captures/live_surveillance_20260629T1003Z/labels_ollama_review_queue.csv,tools/dataset/captures/live_surveillance_20260629T1003Z/labels_environment.csv
live_surveillance_20260629T1003Z_capture_1125,tools/dataset/captures/live_surveillance_20260629T1003Z/capture_1125.jpg,28,48,926,8,26,true,train,ollama_ocr,approved,owner-bulk-approved,2026-06-29T20:15:49+00:00,qwen3-vl:4b,aqs-five-field-v2,tools/dataset/captures/live_surveillance_20260629T1003Z/labels_ollama_review_queue.csv,tools/dataset/captures/live_surveillance_20260629T1003Z/labels_environment.csv
live_surveillance_20260629T1003Z_capture_1126,tools/dataset/captures/live_surveillance_20260629T1003Z/capture_1126.jpg,28,49,926,8,26,true,test,ollama_ocr,approved,owner-bulk-approved,2026-06-29T20:15:49+00:00,qwen3-vl:4b,aqs-five-field-v2,tools/dataset/captures/live_surveillance_20260629T1003Z/labels_ollama_review_queue.csv,tools/dataset/captures/live_surveillance_20260629T1003Z/labels_environment.csv
live_surveillance_20260629T1003Z_capture_1128,tools/dataset/captures/live_surveillance_20260629T1003Z/capture_1128.jpg,28,49,926,8,26,true,train,ollama_ocr,approved,owner-bulk-approved,2026-06-29T20:15:49+00:00,qwen3-vl:4b,aqs-five-field-v2,tools/dataset/captures/live_surveillance_20260629T1003Z/labels_ollama_review_queue.csv,tools/dataset/captures/live_surveillance_20260629T1003Z/labels_environment.csv
live_surveillance_20260629T1003Z_capture_1129,tools/dataset/captures/live_surveillance_20260629T1003Z/capture_1129.jpg,28,49,926,8,26,true,train,ollama_ocr,approved,owner-bulk-approved,2026-06-29T20:15:49+00:00,qwen3-vl:4b,aqs-five-field-v2,tools/dataset/captures/live_surveillance_20260629T1003Z/labels_ollama_review_queue.csv,tools/dataset/captures/live_surveillance_20260629T1003Z/labels_environment.csv
live_surveillance_20260629T1003Z_capture_1130,tools/dataset/captures/live_surveillance_20260629T1003Z/capture_1130.jpg,28,48,926,8,26,true,train,ollama_ocr,approved,owner-bulk-approved,2026-06-29T20:15:49+00:00,qwen3-vl:4b,aqs-five-field-v2,tools/dataset/captures/live_surveillance_20260629T1003Z/labels_ollama_review_queue.csv,tools/dataset/captures/live_surveillance_20260629T1003Z/labels_environment.csv
live_surveillance_20260629T1003Z_capture_1131,tools/dataset/captures/live_surveillance_20260629T1003Z/capture_1131.jpg,28,49,926,8,26,true,train,ollama_ocr,approved,owner-bulk-approved,2026-06-29T20:15:49+00:00,qwen3-vl:4b,aqs-five-field-v2,tools/dataset/captures/live_surveillance_20260629T1003Z/labels_ollama_review_queue.csv,tools/dataset/captures/live_surveillance_20260629T1003Z/labels_environment.csv
live_surveillance_20260629T1003Z_capture_1132,tools/dataset/captures/live_surveillance_20260629T1003Z/capture_1132.jpg,28,48,926,8,26,true,validation,ollama_ocr,approved,owner-bulk-approved,2026-06-29T20:15:49+00:00,qwen3-vl:4b,aqs-five-field-v2,tools/dataset/captures/live_surveillance_20260629T1003Z/labels_ollama_review_queue.csv,tools/dataset/captures/live_surveillance_20260629T1003Z/labels_environment.csv
live_surveillance_20260629T1003Z_capture_1133,tools/dataset/captures/live_surveillance_20260629T1003Z/capture_1133.jpg,28,48,926,8,26,true,train,ollama_ocr,approved,owner-bulk-approved,2026-06-29T20:15:49+00:00,qwen3-vl:4b,aqs-five-field-v2,tools/dataset/captures/live_surveillance_20260629T1003Z/labels_ollama_review_queue.csv,tools/dataset/captures/live_surveillance_20260629T1003Z/labels_environment.csv
live_surveillance_20260629T1003Z_capture_1134,tools/dataset/captures/live_surveillance_20260629T1003Z/capture_1134.jpg,28,48,926,8,26,true,test,ollama_ocr,approved,owner-bulk-approved,2026-06-29T20:15:49+00:00,qwen3-vl:4b,aqs-five-field-v2,tools/dataset/captures/live_surveillance_20260629T1003Z/labels_ollama_review_queue.csv,tools/dataset/captures/live_surveillance_20260629T1003Z/labels_environment.csv
live_surveillance_20260629T1003Z_capture_1135,tools/dataset/captures/live_surveillance_20260629T1003Z/capture_1135.jpg,28,48,926,8,26,true,train,ollama_ocr,approved,owner-bulk-approved,2026-06-29T20:15:49+00:00,qwen3-vl:4b,aqs-five-field-v2,tools/dataset/captures/live_surveillance_20260629T1003Z/labels_ollama_review_queue.csv,tools/dataset/captures/live_surveillance_20260629T1003Z/labels_environment.csv
live_surveillance_20260629T1003Z_capture_1136,tools/dataset/captures/live_surveillance_20260629T1003Z/capture_1136.jpg,28,48,926,8,26,true,train,ollama_ocr,approved,owner-bulk-approved,2026-06-29T20:15:49+00:00,qwen3-vl:4b,aqs-five-field-v2,tools/dataset/captures/live_surveillance_20260629T1003Z/labels_ollama_review_queue.csv,tools/dataset/captures/live_surveillance_20260629T1003Z/labels_environment.csv
live_surveillance_20260629T1003Z_capture_1138,tools/dataset/captures/live_surveillance_20260629T1003Z/capture_1138.jpg,28,48,926,8,26,true,train,ollama_ocr,approved,owner-bulk-approved,2026-06-29T20:15:49+00:00,qwen3-vl:4b,aqs-five-field-v2,tools/dataset/captures/live_surveillance_20260629T1003Z/labels_ollama_review_queue.csv,tools/dataset/captures/live_surveillance_20260629T1003Z/labels_environment.csv
live_surveillance_20260629T1003Z_capture_1139,tools/dataset/captures/live_surveillance_20260629T1003Z/capture_1139.jpg,28,48,921,8,26,true,validation,ollama_ocr,approved,owner-bulk-approved,2026-06-29T20:15:49+00:00,qwen3-vl:4b,aqs-five-field-v2,tools/dataset/captures/live_surveillance_20260629T1003Z/labels_ollama_review_queue.csv,tools/dataset/captures/live_surveillance_20260629T1003Z/labels_environment.csv
live_surveillance_20260629T1003Z_capture_1140,tools/dataset/captures/live_surveillance_20260629T1003Z/capture_1140.jpg,28,48,926,8,26,true,train,ollama_ocr,approved,owner-bulk-approved,2026-06-29T20:15:49+00:00,qwen3-vl:4b,aqs-five-field-v2,tools/dataset/captures/live_surveillance_20260629T1003Z/labels_ollama_review_queue.csv,tools/dataset/captures/live_surveillance_20260629T1003Z/labels_environment.csv
live_surveillance_20260629T1003Z_capture_1141,tools/dataset/captures/live_surveillance_20260629T1003Z/capture_1141.jpg,28,48,926,8,26,true,train,ollama_ocr,approved,owner-bulk-approved,2026-06-29T20:15:49+00:00,qwen3-vl:4b,aqs-five-field-v2,tools/dataset/captures/live_surveillance_20260629T1003Z/labels_ollama_review_queue.csv,tools/dataset/captures/live_surveillance_20260629T1003Z/labels_environment.csv
live_surveillance_20260629T1003Z_capture_1142,tools/dataset/captures/live_surveillance_20260629T1003Z/capture_1142.jpg,28,48,926,8,26,true,test,ollama_ocr,approved,owner-bulk-approved,2026-06-29T20:15:49+00:00,qwen3-vl:4b,aqs-five-field-v2,tools/dataset/captures/live_surveillance_20260629T1003Z/labels_ollama_review_queue.csv,tools/dataset/captures/live_surveillance_20260629T1003Z/labels_environment.csv
live_surveillance_20260629T1003Z_capture_1143,tools/dataset/captures/live_surveillance_20260629T1003Z/capture_1143.jpg,28,48,926,8,26,true,train,ollama_ocr,approved,owner-bulk-approved,2026-06-29T20:15:49+00:00,qwen3-vl:4b,aqs-five-field-v2,tools/dataset/captures/live_surveillance_20260629T1003Z/labels_ollama_review_queue.csv,tools/dataset/captures/live_surveillance_20260629T1003Z/labels_environment.csv
live_surveillance_20260629T1003Z_capture_1144,tools/dataset/captures/live_surveillance_20260629T1003Z/capture_1144.jpg,28,48,926,8,26,true,train,ollama_ocr,approved,owner-bulk-approved,2026-06-29T20:15:49+00:00,qwen3-vl:4b,aqs-five-field-v2,tools/dataset/captures/live_surveillance_20260629T1003Z/labels_ollama_review_queue.csv,tools/dataset/captures/live_surveillance_20260629T1003Z/labels_environment.csv
live_surveillance_20260629T1003Z_capture_1145,tools/dataset/captures/live_surveillance_20260629T1003Z/capture_1145.jpg,28,48,926,8,26,true,train,ollama_ocr,approved,owner-bulk-approved,2026-06-29T20:15:49+00:00,qwen3-vl:4b,aqs-five-field-v2,tools/dataset/captures/live_surveillance_20260629T1003Z/labels_ollama_review_queue.csv,tools/dataset/captures/live_surveillance_20260629T1003Z/labels_environment.csv
live_surveillance_20260629T1003Z_capture_1146,tools/dataset/captures/live_surveillance_20260629T1003Z/capture_1146.jpg,28,48,926,8,26,true,validation,ollama_ocr,approved,owner-bulk-approved,2026-06-29T20:15:49+00:00,qwen3-vl:4b,aqs-five-field-v2,tools/dataset/captures/live_surveillance_20260629T1003Z/labels_ollama_review_queue.csv,tools/dataset/captures/live_surveillance_20260629T1003Z/labels_environment.csv
live_surveillance_20260629T1003Z_capture_1147,tools/dataset/captures/live_surveillance_20260629T1003Z/capture_1147.jpg,28,48,926,8,26,true,train,ollama_ocr,approved,owner-bulk-approved,2026-06-29T20:15:49+00:00,qwen3-vl:4b,aqs-five-field-v2,tools/dataset/captures/live_surveillance_20260629T1003Z/labels_ollama_review_queue.csv,tools/dataset/captures/live_surveillance_20260629T1003Z/labels_environment.csv
live_surveillance_20260629T1003Z_capture_1148,tools/dataset/captures/live_surveillance_20260629T1003Z/capture_1148.jpg,28,48,926,8,26,true,test,ollama_ocr,approved,owner-bulk-approved,2026-06-29T20:15:49+00:00,qwen3-vl:4b,aqs-five-field-v2,tools/dataset/captures/live_surveillance_20260629T1003Z/labels_ollama_review_queue.csv,tools/dataset/captures/live_surveillance_20260629T1003Z/labels_environment.csv
live_surveillance_20260629T1003Z_capture_1149,tools/dataset/captures/live_surveillance_20260629T1003Z/capture_1149.jpg,28,48,926,8,26,true,train,ollama_ocr,approved,owner-bulk-approved,2026-06-29T20:15:49+00:00,qwen3-vl:4b,aqs-five-field-v2,tools/dataset/captures/live_surveillance_20260629T1003Z/labels_ollama_review_queue.csv,tools/dataset/captures/live_surveillance_20260629T1003Z/labels_environment.csv
live_surveillance_20260629T1003Z_capture_1150,tools/dataset/captures/live_surveillance_20260629T1003Z/capture_1150.jpg,28,48,926,8,26,true,train,ollama_ocr,approved,owner-bulk-approved,2026-06-29T20:15:49+00:00,qwen3-vl:4b,aqs-five-field-v2,tools/dataset/captures/live_surveillance_20260629T1003Z/labels_ollama_review_queue.csv,tools/dataset/captures/live_surveillance_20260629T1003Z/labels_environment.csv
live_surveillance_20260629T1003Z_capture_1151,tools/dataset/captures/live_surveillance_20260629T1003Z/capture_1151.jpg,28,48,926,8,26,true,train,ollama_ocr,approved,owner-bulk-approved,2026-06-29T20:15:49+00:00,qwen3-vl:4b,aqs-five-field-v2,tools/dataset/captures/live_surveillance_20260629T1003Z/labels_ollama_review_queue.csv,tools/dataset/captures/live_surveillance_20260629T1003Z/labels_environment.csv
live_surveillance_20260629T1003Z_capture_1152,tools/dataset/captures/live_surveillance_20260629T1003Z/capture_1152.jpg,28,49,926,8,26,true,train,ollama_ocr,approved,owner-bulk-approved,2026-06-29T20:15:49+00:00,qwen3-vl:4b,aqs-five-field-v2,tools/dataset/captures/live_surveillance_20260629T1003Z/labels_ollama_review_queue.csv,tools/dataset/captures/live_surveillance_20260629T1003Z/labels_environment.csv
live_surveillance_20260629T1003Z_capture_1153,tools/dataset/captures/live_surveillance_20260629T1003Z/capture_1153.jpg,28,48,926,8,26,true,validation,ollama_ocr,approved,owner-bulk-approved,2026-06-29T20:15:49+00:00,qwen3-vl:4b,aqs-five-field-v2,tools/dataset/captures/live_surveillance_20260629T1003Z/labels_ollama_review_queue.csv,tools/dataset/captures/live_surveillance_20260629T1003Z/labels_environment.csv
live_surveillance_20260629T1003Z_capture_1154,tools/dataset/captures/live_surveillance_20260629T1003Z/capture_1154.jpg,28,48,926,8,26,true,train,ollama_ocr,approved,owner-bulk-approved,2026-06-29T20:15:49+00:00,qwen3-vl:4b,aqs-five-field-v2,tools/dataset/captures/live_surveillance_20260629T1003Z/labels_ollama_review_queue.csv,tools/dataset/captures/live_surveillance_20260629T1003Z/labels_environment.csv
live_surveillance_20260629T1003Z_capture_1155,tools/dataset/captures/live_surveillance_20260629T1003Z/capture_1155.jpg,28,48,926,8,26,true,test,ollama_ocr,approved,owner-bulk-approved,2026-06-29T20:15:49+00:00,qwen3-vl:4b,aqs-five-field-v2,tools/dataset/captures/live_surveillance_20260629T1003Z/labels_ollama_review_queue.csv,tools/dataset/captures/live_surveillance_20260629T1003Z/labels_environment.csv
live_surveillance_20260629T1003Z_capture_1156,tools/dataset/captures/live_surveillance_20260629T1003Z/capture_1156.jpg,28,48,926,8,26,true,train,ollama_ocr,approved,owner-bulk-approved,2026-06-29T20:15:49+00:00,qwen3-vl:4b,aqs-five-field-v2,tools/dataset/captures/live_surveillance_20260629T1003Z/labels_ollama_review_queue.csv,tools/dataset/captures/live_surveillance_20260629T1003Z/labels_environment.csv
live_surveillance_20260629T1003Z_capture_1157,tools/dataset/captures/live_surveillance_20260629T1003Z/capture_1157.jpg,28,48,926,8,26,true,train,ollama_ocr,approved,owner-bulk-approved,2026-06-29T20:15:49+00:00,qwen3-vl:4b,aqs-five-field-v2,tools/dataset/captures/live_surveillance_20260629T1003Z/labels_ollama_review_queue.csv,tools/dataset/captures/live_surveillance_20260629T1003Z/labels_environment.csv
live_surveillance_20260629T1003Z_capture_1158,tools/dataset/captures/live_surveillance_20260629T1003Z/capture_1158.jpg,28,48,926,8,26,true,train,ollama_ocr,approved,owner-bulk-approved,2026-06-29T20:15:49+00:00,qwen3-vl:4b,aqs-five-field-v2,tools/dataset/captures/live_surveillance_20260629T1003Z/labels_ollama_review_queue.csv,tools/dataset/captures/live_surveillance_20260629T1003Z/labels_environment.csv
live_surveillance_20260629T1003Z_capture_1159,tools/dataset/captures/live_surveillance_20260629T1003Z/capture_1159.jpg,28,48,926,8,26,true,validation,ollama_ocr,approved,owner-bulk-approved,2026-06-29T20:15:49+00:00,qwen3-vl:4b,aqs-five-field-v2,tools/dataset/captures/live_surveillance_20260629T1003Z/labels_ollama_review_queue.csv,tools/dataset/captures/live_surveillance_20260629T1003Z/labels_environment.csv
live_surveillance_20260629T1003Z_capture_1160,tools/dataset/captures/live_surveillance_20260629T1003Z/capture_1160.jpg,28,48,926,8,26,true,train,ollama_ocr,approved,owner-bulk-approved,2026-06-29T20:15:49+00:00,qwen3-vl:4b,aqs-five-field-v2,tools/dataset/captures/live_surveillance_20260629T1003Z/labels_ollama_review_queue.csv,tools/dataset/captures/live_surveillance_20260629T1003Z/labels_environment.csv
live_surveillance_20260629T1003Z_capture_1161,tools/dataset/captures/live_surveillance_20260629T1003Z/capture_1161.jpg,28,48,926,8,26,true,train,ollama_ocr,approved,owner-bulk-approved,2026-06-29T20:15:49+00:00,qwen3-vl:4b,aqs-five-field-v2,tools/dataset/captures/live_surveillance_20260629T1003Z/labels_ollama_review_queue.csv,tools/dataset/captures/live_surveillance_20260629T1003Z/labels_environment.csv
live_surveillance_20260629T1003Z_capture_1163,tools/dataset/captures/live_surveillance_20260629T1003Z/capture_1163.jpg,28,48,926,8,26,true,test,ollama_ocr,approved,owner-bulk-approved,2026-06-29T20:15:49+00:00,qwen3-vl:4b,aqs-five-field-v2,tools/dataset/captures/live_surveillance_20260629T1003Z/labels_ollama_review_queue.csv,tools/dataset/captures/live_surveillance_20260629T1003Z/labels_environment.csv
live_surveillance_20260629T1003Z_capture_1164,tools/dataset/captures/live_surveillance_20260629T1003Z/capture_1164.jpg,28,48,926,8,26,true,train,ollama_ocr,approved,owner-bulk-approved,2026-06-29T20:15:49+00:00,qwen3-vl:4b,aqs-five-field-v2,tools/dataset/captures/live_surveillance_20260629T1003Z/labels_ollama_review_queue.csv,tools/dataset/captures/live_surveillance_20260629T1003Z/labels_environment.csv
live_surveillance_20260629T1003Z_capture_1165,tools/dataset/captures/live_surveillance_20260629T1003Z/capture_1165.jpg,28,48,926,8,26,true,train,ollama_ocr,approved,owner-bulk-approved,2026-06-29T20:15:49+00:00,qwen3-vl:4b,aqs-five-field-v2,tools/dataset/captures/live_surveillance_20260629T1003Z/labels_ollama_review_queue.csv,tools/dataset/captures/live_surveillance_20260629T1003Z/labels_environment.csv
live_surveillance_20260629T1003Z_capture_1166,tools/dataset/captures/live_surveillance_20260629T1003Z/capture_1166.jpg,28,48,926,8,26,true,train,ollama_ocr,approved,owner-bulk-approved,2026-06-29T20:15:49+00:00,qwen3-vl:4b,aqs-five-field-v2,tools/dataset/captures/live_surveillance_20260629T1003Z/labels_ollama_review_queue.csv,tools/dataset/captures/live_surveillance_20260629T1003Z/labels_environment.csv
live_surveillance_20260629T1003Z_capture_1167,tools/dataset/captures/live_surveillance_20260629T1003Z/capture_1167.jpg,28,48,926,8,26,true,validation,ollama_ocr,approved,owner-bulk-approved,2026-06-29T20:15:49+00:00,qwen3-vl:4b,aqs-five-field-v2,tools/dataset/captures/live_surveillance_20260629T1003Z/labels_ollama_review_queue.csv,tools/dataset/captures/live_surveillance_20260629T1003Z/labels_environment.csv
live_surveillance_20260629T1003Z_capture_1168,tools/dataset/captures/live_surveillance_20260629T1003Z/capture_1168.jpg,28,48,926,8,26,true,train,ollama_ocr,approved,owner-bulk-approved,2026-06-29T20:15:49+00:00,qwen3-vl:4b,aqs-five-field-v2,tools/dataset/captures/live_surveillance_20260629T1003Z/labels_ollama_review_queue.csv,tools/dataset/captures/live_surveillance_20260629T1003Z/labels_environment.csv
live_surveillance_20260629T1003Z_capture_1169,tools/dataset/captures/live_surveillance_20260629T1003Z/capture_1169.jpg,28,48,926,8,26,true,test,ollama_ocr,approved,owner-bulk-approved,2026-06-29T20:15:49+00:00,qwen3-vl:4b,aqs-five-field-v2,tools/dataset/captures/live_surveillance_20260629T1003Z/labels_ollama_review_queue.csv,tools/dataset/captures/live_surveillance_20260629T1003Z/labels_environment.csv
live_surveillance_20260629T1003Z_capture_1170,tools/dataset/captures/live_surveillance_20260629T1003Z/capture_1170.jpg,28,48,926,8,26,true,train,ollama_ocr,approved,owner-bulk-approved,2026-06-29T20:15:49+00:00,qwen3-vl:4b,aqs-five-field-v2,tools/dataset/captures/live_surveillance_20260629T1003Z/labels_ollama_review_queue.csv,tools/dataset/captures/live_surveillance_20260629T1003Z/labels_environment.csv
live_surveillance_20260629T1003Z_capture_1171,tools/dataset/captures/live_surveillance_20260629T1003Z/capture_1171.jpg,28,48,926,8,26,true,train,ollama_ocr,approved,owner-bulk-approved,2026-06-29T20:15:49+00:00,qwen3-vl:4b,aqs-five-field-v2,tools/dataset/captures/live_surveillance_20260629T1003Z/labels_ollama_review_queue.csv,tools/dataset/captures/live_surveillance_20260629T1003Z/labels_environment.csv
live_surveillance_20260629T1003Z_capture_1178,tools/dataset/captures/live_surveillance_20260629T1003Z/capture_1178.jpg,28,48,926,8,26,true,train,ollama_ocr,approved,owner-bulk-approved,2026-06-29T20:15:49+00:00,qwen3-vl:4b,aqs-five-field-v2,tools/dataset/captures/live_surveillance_20260629T1003Z/labels_ollama_review_queue.csv,tools/dataset/captures/live_surveillance_20260629T1003Z/labels_environment.csv
live_surveillance_20260629T1003Z_capture_1179,tools/dataset/captures/live_surveillance_20260629T1003Z/capture_1179.jpg,28,48,926,8,26,true,train,ollama_ocr,approved,owner-bulk-approved,2026-06-29T20:15:49+00:00,qwen3-vl:4b,aqs-five-field-v2,tools/dataset/captures/live_surveillance_20260629T1003Z/labels_ollama_review_queue.csv,tools/dataset/captures/live_surveillance_20260629T1003Z/labels_environment.csv
live_surveillance_20260629T1003Z_capture_1180,tools/dataset/captures/live_surveillance_20260629T1003Z/capture_1180.jpg,28,48,926,8,26,true,validation,ollama_ocr,approved,owner-bulk-approved,2026-06-29T20:15:49+00:00,qwen3-vl:4b,aqs-five-field-v2,tools/dataset/captures/live_surveillance_20260629T1003Z/labels_ollama_review_queue.csv,tools/dataset/captures/live_surveillance_20260629T1003Z/labels_environment.csv
live_surveillance_20260629T1003Z_capture_1181,tools/dataset/captures/live_surveillance_20260629T1003Z/capture_1181.jpg,28,48,926,8,26,true,train,ollama_ocr,approved,owner-bulk-approved,2026-06-29T20:15:49+00:00,qwen3-vl:4b,aqs-five-field-v2,tools/dataset/captures/live_surveillance_20260629T1003Z/labels_ollama_review_queue.csv,tools/dataset/captures/live_surveillance_20260629T1003Z/labels_environment.csv
live_surveillance_20260629T1003Z_capture_1182,tools/dataset/captures/live_surveillance_20260629T1003Z/capture_1182.jpg,28,48,926,8,26,true,test,ollama_ocr,approved,owner-bulk-approved,2026-06-29T20:15:49+00:00,qwen3-vl:4b,aqs-five-field-v2,tools/dataset/captures/live_surveillance_20260629T1003Z/labels_ollama_review_queue.csv,tools/dataset/captures/live_surveillance_20260629T1003Z/labels_environment.csv
live_surveillance_20260629T1003Z_capture_1183,tools/dataset/captures/live_surveillance_20260629T1003Z/capture_1183.jpg,28,48,926,8,26,true,train,ollama_ocr,approved,owner-bulk-approved,2026-06-29T20:15:49+00:00,qwen3-vl:4b,aqs-five-field-v2,tools/dataset/captures/live_surveillance_20260629T1003Z/labels_ollama_review_queue.csv,tools/dataset/captures/live_surveillance_20260629T1003Z/labels_environment.csv
live_surveillance_20260629T1003Z_capture_1184,tools/dataset/captures/live_surveillance_20260629T1003Z/capture_1184.jpg,28,48,926,8,26,true,train,ollama_ocr,approved,owner-bulk-approved,2026-06-29T20:15:49+00:00,qwen3-vl:4b,aqs-five-field-v2,tools/dataset/captures/live_surveillance_20260629T1003Z/labels_ollama_review_queue.csv,tools/dataset/captures/live_surveillance_20260629T1003Z/labels_environment.csv
live_surveillance_20260629T1003Z_capture_1185,tools/dataset/captures/live_surveillance_20260629T1003Z/capture_1185.jpg,28,48,926,8,26,true,train,ollama_ocr,approved,owner-bulk-approved,2026-06-29T20:15:49+00:00,qwen3-vl:4b,aqs-five-field-v2,tools/dataset/captures/live_surveillance_20260629T1003Z/labels_ollama_review_queue.csv,tools/dataset/captures/live_surveillance_20260629T1003Z/labels_environment.csv
live_surveillance_20260629T1003Z_capture_1187,tools/dataset/captures/live_surveillance_20260629T1003Z/capture_1187.jpg,28,48,926,8,26,true,validation,ollama_ocr,approved,owner-bulk-approved,2026-06-29T20:15:49+00:00,qwen3-vl:4b,aqs-five-field-v2,tools/dataset/captures/live_surveillance_20260629T1003Z/labels_ollama_review_queue.csv,tools/dataset/captures/live_surveillance_20260629T1003Z/labels_environment.csv
live_surveillance_20260629T1003Z_capture_1188,tools/dataset/captures/live_surveillance_20260629T1003Z/capture_1188.jpg,28,48,926,8,26,true,train,ollama_ocr,approved,owner-bulk-approved,2026-06-29T20:15:49+00:00,qwen3-vl:4b,aqs-five-field-v2,tools/dataset/captures/live_surveillance_20260629T1003Z/labels_ollama_review_queue.csv,tools/dataset/captures/live_surveillance_20260629T1003Z/labels_environment.csv
live_surveillance_20260629T1003Z_capture_1189,tools/dataset/captures/live_surveillance_20260629T1003Z/capture_1189.jpg,28,48,926,8,26,true,train,ollama_ocr,approved,owner-bulk-approved,2026-06-29T20:15:49+00:00,qwen3-vl:4b,aqs-five-field-v2,tools/dataset/captures/live_surveillance_20260629T1003Z/labels_ollama_review_queue.csv,tools/dataset/captures/live_surveillance_20260629T1003Z/labels_environment.csv
live_surveillance_20260629T1003Z_capture_1190,tools/dataset/captures/live_surveillance_20260629T1003Z/capture_1190.jpg,28,48,926,8,26,true,test,ollama_ocr,approved,owner-bulk-approved,2026-06-29T20:15:49+00:00,qwen3-vl:4b,aqs-five-field-v2,tools/dataset/captures/live_surveillance_20260629T1003Z/labels_ollama_review_queue.csv,tools/dataset/captures/live_surveillance_20260629T1003Z/labels_environment.csv
live_surveillance_20260629T1003Z_capture_1191,tools/dataset/captures/live_surveillance_20260629T1003Z/capture_1191.jpg,28,48,926,8,26,true,train,ollama_ocr,approved,owner-bulk-approved,2026-06-29T20:15:49+00:00,qwen3-vl:4b,aqs-five-field-v2,tools/dataset/captures/live_surveillance_20260629T1003Z/labels_ollama_review_queue.csv,tools/dataset/captures/live_surveillance_20260629T1003Z/labels_environment.csv
live_surveillance_20260629T1003Z_capture_1192,tools/dataset/captures/live_surveillance_20260629T1003Z/capture_1192.jpg,28,48,926,8,26,true,train,ollama_ocr,approved,owner-bulk-approved,2026-06-29T20:15:49+00:00,qwen3-vl:4b,aqs-five-field-v2,tools/dataset/captures/live_surveillance_20260629T1003Z/labels_ollama_review_queue.csv,tools/dataset/captures/live_surveillance_20260629T1003Z/labels_environment.csv
live_surveillance_20260629T1003Z_capture_1193,tools/dataset/captures/live_surveillance_20260629T1003Z/capture_1193.jpg,28,48,926,8,26,true,train,ollama_ocr,approved,owner-bulk-approved,2026-06-29T20:15:49+00:00,qwen3-vl:4b,aqs-five-field-v2,tools/dataset/captures/live_surveillance_20260629T1003Z/labels_ollama_review_queue.csv,tools/dataset/captures/live_surveillance_20260629T1003Z/labels_environment.csv
live_surveillance_20260629T1003Z_capture_1194,tools/dataset/captures/live_surveillance_20260629T1003Z/capture_1194.jpg,28,48,926,8,26,true,validation,ollama_ocr,approved,owner-bulk-approved,2026-06-29T20:15:49+00:00,qwen3-vl:4b,aqs-five-field-v2,tools/dataset/captures/live_surveillance_20260629T1003Z/labels_ollama_review_queue.csv,tools/dataset/captures/live_surveillance_20260629T1003Z/labels_environment.csv
live_surveillance_20260629T1003Z_capture_1195,tools/dataset/captures/live_surveillance_20260629T1003Z/capture_1195.jpg,28,48,926,8,26,true,train,ollama_ocr,approved,owner-bulk-approved,2026-06-29T20:15:49+00:00,qwen3-vl:4b,aqs-five-field-v2,tools/dataset/captures/live_surveillance_20260629T1003Z/labels_ollama_review_queue.csv,tools/dataset/captures/live_surveillance_20260629T1003Z/labels_environment.csv
live_surveillance_20260629T1003Z_capture_1196,tools/dataset/captures/live_surveillance_20260629T1003Z/capture_1196.jpg,28,48,926,8,26,true,test,ollama_ocr,approved,owner-bulk-approved,2026-06-29T20:15:49+00:00,qwen3-vl:4b,aqs-five-field-v2,tools/dataset/captures/live_surveillance_20260629T1003Z/labels_ollama_review_queue.csv,tools/dataset/captures/live_surveillance_20260629T1003Z/labels_environment.csv
live_surveillance_20260629T1003Z_capture_1211,tools/dataset/captures/live_surveillance_20260629T1003Z/capture_1211.jpg,28,48,926,8,26,true,train,ollama_ocr,approved,owner-bulk-approved,2026-06-29T20:15:49+00:00,qwen3-vl:4b,aqs-five-field-v2,tools/dataset/captures/live_surveillance_20260629T1003Z/labels_ollama_review_queue.csv,tools/dataset/captures/live_surveillance_20260629T1003Z/labels_environment.csv
live_surveillance_20260629T1003Z_capture_1212,tools/dataset/captures/live_surveillance_20260629T1003Z/capture_1212.jpg,28,48,926,8,26,true,train,ollama_ocr,approved,owner-bulk-approved,2026-06-29T20:15:49+00:00,qwen3-vl:4b,aqs-five-field-v2,tools/dataset/captures/live_surveillance_20260629T1003Z/labels_ollama_review_queue.csv,tools/dataset/captures/live_surveillance_20260629T1003Z/labels_environment.csv
live_surveillance_20260629T1003Z_capture_1216,tools/dataset/captures/live_surveillance_20260629T1003Z/capture_1216.jpg,28,48,932,82,29,true,train,ollama_ocr,approved,owner-bulk-approved,2026-06-29T20:15:49+00:00,qwen3-vl:4b,aqs-five-field-v2,tools/dataset/captures/live_surveillance_20260629T1003Z/labels_ollama_review_queue.csv,tools/dataset/captures/live_surveillance_20260629T1003Z/labels_environment.csv
live_surveillance_20260629T1003Z_capture_1218,tools/dataset/captures/live_surveillance_20260629T1003Z/capture_1218.jpg,28,48,926,82,26,true,train,ollama_ocr,approved,owner-bulk-approved,2026-06-29T20:15:49+00:00,qwen3-vl:4b,aqs-five-field-v2,tools/dataset/captures/live_surveillance_20260629T1003Z/labels_ollama_review_queue.csv,tools/dataset/captures/live_surveillance_20260629T1003Z/labels_environment.csv
live_surveillance_20260629T1003Z_capture_1219,tools/dataset/captures/live_surveillance_20260629T1003Z/capture_1219.jpg,28,48,932,82,29,true,validation,ollama_ocr,approved,owner-bulk-approved,2026-06-29T20:15:49+00:00,qwen3-vl:4b,aqs-five-field-v2,tools/dataset/captures/live_surveillance_20260629T1003Z/labels_ollama_review_queue.csv,tools/dataset/captures/live_surveillance_20260629T1003Z/labels_environment.csv
live_surveillance_20260629T1003Z_capture_1220,tools/dataset/captures/live_surveillance_20260629T1003Z/capture_1220.jpg,28,48,932,82,29,true,train,ollama_ocr,approved,owner-bulk-approved,2026-06-29T20:15:49+00:00,qwen3-vl:4b,aqs-five-field-v2,tools/dataset/captures/live_surveillance_20260629T1003Z/labels_ollama_review_queue.csv,tools/dataset/captures/live_surveillance_20260629T1003Z/labels_environment.csv
live_surveillance_20260629T1003Z_capture_1221,tools/dataset/captures/live_surveillance_20260629T1003Z/capture_1221.jpg,28,48,932,82,29,true,test,ollama_ocr,approved,owner-bulk-approved,2026-06-29T20:15:49+00:00,qwen3-vl:4b,aqs-five-field-v2,tools/dataset/captures/live_surveillance_20260629T1003Z/labels_ollama_review_queue.csv,tools/dataset/captures/live_surveillance_20260629T1003Z/labels_environment.csv
live_surveillance_20260629T1003Z_capture_1222,tools/dataset/captures/live_surveillance_20260629T1003Z/capture_1222.jpg,28,48,932,82,29,true,train,ollama_ocr,approved,owner-bulk-approved,2026-06-29T20:15:49+00:00,qwen3-vl:4b,aqs-five-field-v2,tools/dataset/captures/live_surveillance_20260629T1003Z/labels_ollama_review_queue.csv,tools/dataset/captures/live_surveillance_20260629T1003Z/labels_environment.csv
live_surveillance_20260629T1003Z_capture_1228,tools/dataset/captures/live_surveillance_20260629T1003Z/capture_1228.jpg,28,48,937,84,235,true,train,ollama_ocr,approved,owner-bulk-approved,2026-06-29T20:15:49+00:00,qwen3-vl:4b,aqs-five-field-v2,tools/dataset/captures/live_surveillance_20260629T1003Z/labels_ollama_review_queue.csv,tools/dataset/captures/live_surveillance_20260629T1003Z/labels_environment.csv
live_surveillance_20260629T1003Z_capture_1229,tools/dataset/captures/live_surveillance_20260629T1003Z/capture_1229.jpg,28,48,932,83,232,true,train,ollama_ocr,approved,owner-bulk-approved,2026-06-29T20:15:49+00:00,qwen3-vl:4b,aqs-five-field-v2,tools/dataset/captures/live_surveillance_20260629T1003Z/labels_ollama_review_queue.csv,tools/dataset/captures/live_surveillance_20260629T1003Z/labels_environment.csv
live_surveillance_20260629T1003Z_capture_1230,tools/dataset/captures/live_surveillance_20260629T1003Z/capture_1230.jpg,28,48,937,83,232,true,validation,ollama_ocr,approved,owner-bulk-approved,2026-06-29T20:15:49+00:00,qwen3-vl:4b,aqs-five-field-v2,tools/dataset/captures/live_surveillance_20260629T1003Z/labels_ollama_review_queue.csv,tools/dataset/captures/live_surveillance_20260629T1003Z/labels_environment.csv
live_surveillance_20260629T1003Z_capture_1231,tools/dataset/captures/live_surveillance_20260629T1003Z/capture_1231.jpg,28,48,937,83,232,true,train,ollama_ocr,approved,owner-bulk-approved,2026-06-29T20:15:49+00:00,qwen3-vl:4b,aqs-five-field-v2,tools/dataset/captures/live_surveillance_20260629T1003Z/labels_ollama_review_queue.csv,tools/dataset/captures/live_surveillance_20260629T1003Z/labels_environment.csv
live_surveillance_20260629T1003Z_capture_1232,tools/dataset/captures/live_surveillance_20260629T1003Z/capture_1232.jpg,28,48,943,84,232,true,train,ollama_ocr,approved,owner-bulk-approved,2026-06-29T20:15:49+00:00,qwen3-vl:4b,aqs-five-field-v2,tools/dataset/captures/live_surveillance_20260629T1003Z/labels_ollama_review_queue.csv,tools/dataset/captures/live_surveillance_20260629T1003Z/labels_environment.csv
live_surveillance_20260629T1003Z_capture_1233,tools/dataset/captures/live_surveillance_20260629T1003Z/capture_1233.jpg,28,48,948,84,235,true,test,ollama_ocr,approved,owner-bulk-approved,2026-06-29T20:15:49+00:00,qwen3-vl:4b,aqs-five-field-v2,tools/dataset/captures/live_surveillance_20260629T1003Z/labels_ollama_review_queue.csv,tools/dataset/captures/live_surveillance_20260629T1003Z/labels_environment.csv
live_surveillance_20260629T1003Z_capture_1234,tools/dataset/captures/live_surveillance_20260629T1003Z/capture_1234.jpg,28,48,943,84,235,true,train,ollama_ocr,approved,owner-bulk-approved,2026-06-29T20:15:49+00:00,qwen3-vl:4b,aqs-five-field-v2,tools/dataset/captures/live_surveillance_20260629T1003Z/labels_ollama_review_queue.csv,tools/dataset/captures/live_surveillance_20260629T1003Z/labels_environment.csv
live_surveillance_20260629T1003Z_capture_1235,tools/dataset/captures/live_surveillance_20260629T1003Z/capture_1235.jpg,28,48,948,85,238,true,train,ollama_ocr,approved,owner-bulk-approved,2026-06-29T20:15:49+00:00,qwen3-vl:4b,aqs-five-field-v2,tools/dataset/captures/live_surveillance_20260629T1003Z/labels_ollama_review_queue.csv,tools/dataset/captures/live_surveillance_20260629T1003Z/labels_environment.csv
live_surveillance_20260629T1003Z_capture_1236,tools/dataset/captures/live_surveillance_20260629T1003Z/capture_1236.jpg,28,48,948,84,235,true,train,ollama_ocr,approved,owner-bulk-approved,2026-06-29T20:15:49+00:00,qwen3-vl:4b,aqs-five-field-v2,tools/dataset/captures/live_surveillance_20260629T1003Z/labels_ollama_review_queue.csv,tools/dataset/captures/live_surveillance_20260629T1003Z/labels_environment.csv
live_surveillance_20260629T1003Z_capture_1237,tools/dataset/captures/live_surveillance_20260629T1003Z/capture_1237.jpg,28,48,948,85,238,true,validation,ollama_ocr,approved,owner-bulk-approved,2026-06-29T20:15:49+00:00,qwen3-vl:4b,aqs-five-field-v2,tools/dataset/captures/live_surveillance_20260629T1003Z/labels_ollama_review_queue.csv,tools/dataset/captures/live_surveillance_20260629T1003Z/labels_environment.csv
live_surveillance_20260629T1003Z_capture_1238,tools/dataset/captures/live_surveillance_20260629T1003Z/capture_1238.jpg,28,48,943,84,235,true,train,ollama_ocr,approved,owner-bulk-approved,2026-06-29T20:15:49+00:00,qwen3-vl:4b,aqs-five-field-v2,tools/dataset/captures/live_surveillance_20260629T1003Z/labels_ollama_review_queue.csv,tools/dataset/captures/live_surveillance_20260629T1003Z/labels_environment.csv
live_surveillance_20260629T1003Z_capture_1239,tools/dataset/captures/live_surveillance_20260629T1003Z/capture_1239.jpg,28,48,937,84,235,true,test,ollama_ocr,approved,owner-bulk-approved,2026-06-29T20:15:49+00:00,qwen3-vl:4b,aqs-five-field-v2,tools/dataset/captures/live_surveillance_20260629T1003Z/labels_ollama_review_queue.csv,tools/dataset/captures/live_surveillance_20260629T1003Z/labels_environment.csv
live_surveillance_20260629T1003Z_capture_1240,tools/dataset/captures/live_surveillance_20260629T1003Z/capture_1240.jpg,28,48,937,83,232,true,train,ollama_ocr,approved,owner-bulk-approved,2026-06-29T20:15:49+00:00,qwen3-vl:4b,aqs-five-field-v2,tools/dataset/captures/live_surveillance_20260629T1003Z/labels_ollama_review_queue.csv,tools/dataset/captures/live_surveillance_20260629T1003Z/labels_environment.csv
live_surveillance_20260629T1003Z_capture_1241,tools/dataset/captures/live_surveillance_20260629T1003Z/capture_1241.jpg,28,48,932,82,232,true,train,ollama_ocr,approved,owner-bulk-approved,2026-06-29T20:15:49+00:00,qwen3-vl:4b,aqs-five-field-v2,tools/dataset/captures/live_surveillance_20260629T1003Z/labels_ollama_review_queue.csv,tools/dataset/captures/live_surveillance_20260629T1003Z/labels_environment.csv
live_surveillance_20260629T1003Z_capture_1242,tools/dataset/captures/live_surveillance_20260629T1003Z/capture_1242.jpg,28,48,937,83,232,true,train,ollama_ocr,approved,owner-bulk-approved,2026-06-29T20:15:49+00:00,qwen3-vl:4b,aqs-five-field-v2,tools/dataset/captures/live_surveillance_20260629T1003Z/labels_ollama_review_queue.csv,tools/dataset/captures/live_surveillance_20260629T1003Z/labels_environment.csv
live_surveillance_20260629T1003Z_capture_1246,tools/dataset/captures/live_surveillance_20260629T1003Z/capture_1246.jpg,28,48,932,82,29,true,train,ollama_ocr,approved,owner-bulk-approved,2026-06-29T20:15:49+00:00,qwen3-vl:4b,aqs-five-field-v2,tools/dataset/captures/live_surveillance_20260629T1003Z/labels_ollama_review_queue.csv,tools/dataset/captures/live_surveillance_20260629T1003Z/labels_environment.csv
live_surveillance_20260629T1003Z_capture_1249,tools/dataset/captures/live_surveillance_20260629T1003Z/capture_1249.jpg,28,48,932,83,232,true,validation,ollama_ocr,approved,owner-bulk-approved,2026-06-29T20:15:49+00:00,qwen3-vl:4b,aqs-five-field-v2,tools/dataset/captures/live_surveillance_20260629T1003Z/labels_ollama_review_queue.csv,tools/dataset/captures/live_surveillance_20260629T1003Z/labels_environment.csv
live_surveillance_20260629T1003Z_capture_1250,tools/dataset/captures/live_surveillance_20260629T1003Z/capture_1250.jpg,28,48,937,83,232,true,train,ollama_ocr,approved,owner-bulk-approved,2026-06-29T20:15:49+00:00,qwen3-vl:4b,aqs-five-field-v2,tools/dataset/captures/live_surveillance_20260629T1003Z/labels_ollama_review_queue.csv,tools/dataset/captures/live_surveillance_20260629T1003Z/labels_environment.csv
live_surveillance_20260629T1003Z_capture_1251,tools/dataset/captures/live_surveillance_20260629T1003Z/capture_1251.jpg,28,48,937,84,232,true,test,ollama_ocr,approved,owner-bulk-approved,2026-06-29T20:15:49+00:00,qwen3-vl:4b,aqs-five-field-v2,tools/dataset/captures/live_surveillance_20260629T1003Z/labels_ollama_review_queue.csv,tools/dataset/captures/live_surveillance_20260629T1003Z/labels_environment.csv
live_surveillance_20260629T1003Z_capture_1252,tools/dataset/captures/live_surveillance_20260629T1003Z/capture_1252.jpg,28,48,937,83,232,true,train,ollama_ocr,approved,owner-bulk-approved,2026-06-29T20:15:49+00:00,qwen3-vl:4b,aqs-five-field-v2,tools/dataset/captures/live_surveillance_20260629T1003Z/labels_ollama_review_queue.csv,tools/dataset/captures/live_surveillance_20260629T1003Z/labels_environment.csv
live_surveillance_20260629T1003Z_capture_1253,tools/dataset/captures/live_surveillance_20260629T1003Z/capture_1253.jpg,28,48,937,83,232,true,train,ollama_ocr,approved,owner-bulk-approved,2026-06-29T20:15:49+00:00,qwen3-vl:4b,aqs-five-field-v2,tools/dataset/captures/live_surveillance_20260629T1003Z/labels_ollama_review_queue.csv,tools/dataset/captures/live_surveillance_20260629T1003Z/labels_environment.csv
live_surveillance_20260629T1003Z_capture_1254,tools/dataset/captures/live_surveillance_20260629T1003Z/capture_1254.jpg,28,48,943,84,235,true,train,ollama_ocr,approved,owner-bulk-approved,2026-06-29T20:15:49+00:00,qwen3-vl:4b,aqs-five-field-v2,tools/dataset/captures/live_surveillance_20260629T1003Z/labels_ollama_review_queue.csv,tools/dataset/captures/live_surveillance_20260629T1003Z/labels_environment.csv
live_surveillance_20260629T1003Z_capture_1255,tools/dataset/captures/live_surveillance_20260629T1003Z/capture_1255.jpg,28,48,937,84,235,true,validation,ollama_ocr,approved,owner-bulk-approved,2026-06-29T20:15:49+00:00,qwen3-vl:4b,aqs-five-field-v2,tools/dataset/captures/live_surveillance_20260629T1003Z/labels_ollama_review_queue.csv,tools/dataset/captures/live_surveillance_20260629T1003Z/labels_environment.csv
live_surveillance_20260629T1003Z_capture_1256,tools/dataset/captures/live_surveillance_20260629T1003Z/capture_1256.jpg,28,48,943,84,232,true,train,ollama_ocr,approved,owner-bulk-approved,2026-06-29T20:15:49+00:00,qwen3-vl:4b,aqs-five-field-v2,tools/dataset/captures/live_surveillance_20260629T1003Z/labels_ollama_review_queue.csv,tools/dataset/captures/live_surveillance_20260629T1003Z/labels_environment.csv
live_surveillance_20260629T1003Z_capture_1257,tools/dataset/captures/live_surveillance_20260629T1003Z/capture_1257.jpg,28,48,937,83,232,true,train,ollama_ocr,approved,owner-bulk-approved,2026-06-29T20:15:49+00:00,qwen3-vl:4b,aqs-five-field-v2,tools/dataset/captures/live_surveillance_20260629T1003Z/labels_ollama_review_queue.csv,tools/dataset/captures/live_surveillance_20260629T1003Z/labels_environment.csv
live_surveillance_20260629T1003Z_capture_1258,tools/dataset/captures/live_surveillance_20260629T1003Z/capture_1258.jpg,28,48,937,83,232,true,test,ollama_ocr,approved,owner-bulk-approved,2026-06-29T20:15:49+00:00,qwen3-vl:4b,aqs-five-field-v2,tools/dataset/captures/live_surveillance_20260629T1003Z/labels_ollama_review_queue.csv,tools/dataset/captures/live_surveillance_20260629T1003Z/labels_environment.csv
live_surveillance_20260629T1003Z_capture_1259,tools/dataset/captures/live_surveillance_20260629T1003Z/capture_1259.jpg,28,48,937,83,232,true,train,ollama_ocr,approved,owner-bulk-approved,2026-06-29T20:15:49+00:00,qwen3-vl:4b,aqs-five-field-v2,tools/dataset/captures/live_surveillance_20260629T1003Z/labels_ollama_review_queue.csv,tools/dataset/captures/live_surveillance_20260629T1003Z/labels_environment.csv
live_surveillance_20260629T1003Z_capture_1260,tools/dataset/captures/live_surveillance_20260629T1003Z/capture_1260.jpg,28,48,937,83,232,true,train,ollama_ocr,approved,owner-bulk-approved,2026-06-29T20:15:49+00:00,qwen3-vl:4b,aqs-five-field-v2,tools/dataset/captures/live_surveillance_20260629T1003Z/labels_ollama_review_queue.csv,tools/dataset/captures/live_surveillance_20260629T1003Z/labels_environment.csv
live_surveillance_20260629T1003Z_capture_1261,tools/dataset/captures/live_surveillance_20260629T1003Z/capture_1261.jpg,28,48,937,84,232,true,train,ollama_ocr,approved,owner-bulk-approved,2026-06-29T20:15:49+00:00,qwen3-vl:4b,aqs-five-field-v2,tools/dataset/captures/live_surveillance_20260629T1003Z/labels_ollama_review_queue.csv,tools/dataset/captures/live_surveillance_20260629T1003Z/labels_environment.csv
live_surveillance_20260629T1003Z_capture_1262,tools/dataset/captures/live_surveillance_20260629T1003Z/capture_1262.jpg,28,48,943,84,235,true,validation,ollama_ocr,approved,owner-bulk-approved,2026-06-29T20:15:49+00:00,qwen3-vl:4b,aqs-five-field-v2,tools/dataset/captures/live_surveillance_20260629T1003Z/labels_ollama_review_queue.csv,tools/dataset/captures/live_surveillance_20260629T1003Z/labels_environment.csv
live_surveillance_20260629T1003Z_capture_1263,tools/dataset/captures/live_surveillance_20260629T1003Z/capture_1263.jpg,28,48,943,84,235,true,train,ollama_ocr,approved,owner-bulk-approved,2026-06-29T20:15:49+00:00,qwen3-vl:4b,aqs-five-field-v2,tools/dataset/captures/live_surveillance_20260629T1003Z/labels_ollama_review_queue.csv,tools/dataset/captures/live_surveillance_20260629T1003Z/labels_environment.csv
live_surveillance_20260629T1003Z_capture_1264,tools/dataset/captures/live_surveillance_20260629T1003Z/capture_1264.jpg,28,48,943,84,235,true,test,ollama_ocr,approved,owner-bulk-approved,2026-06-29T20:15:49+00:00,qwen3-vl:4b,aqs-five-field-v2,tools/dataset/captures/live_surveillance_20260629T1003Z/labels_ollama_review_queue.csv,tools/dataset/captures/live_surveillance_20260629T1003Z/labels_environment.csv
live_surveillance_20260629T1003Z_capture_1265,tools/dataset/captures/live_surveillance_20260629T1003Z/capture_1265.jpg,28,48,948,85,238,true,train,ollama_ocr,approved,owner-bulk-approved,2026-06-29T20:15:49+00:00,qwen3-vl:4b,aqs-five-field-v2,tools/dataset/captures/live_surveillance_20260629T1003Z/labels_ollama_review_queue.csv,tools/dataset/captures/live_surveillance_20260629T1003Z/labels_environment.csv
live_surveillance_20260629T1003Z_capture_1266,tools/dataset/captures/live_surveillance_20260629T1003Z/capture_1266.jpg,28,48,948,85,238,true,train,ollama_ocr,approved,owner-bulk-approved,2026-06-29T20:15:49+00:00,qwen3-vl:4b,aqs-five-field-v2,tools/dataset/captures/live_surveillance_20260629T1003Z/labels_ollama_review_queue.csv,tools/dataset/captures/live_surveillance_20260629T1003Z/labels_environment.csv
live_surveillance_20260629T1003Z_capture_1267,tools/dataset/captures/live_surveillance_20260629T1003Z/capture_1267.jpg,28,48,948,85,235,true,train,ollama_ocr,approved,owner-bulk-approved,2026-06-29T20:15:49+00:00,qwen3-vl:4b,aqs-five-field-v2,tools/dataset/captures/live_surveillance_20260629T1003Z/labels_ollama_review_queue.csv,tools/dataset/captures/live_surveillance_20260629T1003Z/labels_environment.csv
live_surveillance_20260629T1003Z_capture_1268,tools/dataset/captures/live_surveillance_20260629T1003Z/capture_1268.jpg,28,48,948,85,235,true,train,ollama_ocr,approved,owner-bulk-approved,2026-06-29T20:15:49+00:00,qwen3-vl:4b,aqs-five-field-v2,tools/dataset/captures/live_surveillance_20260629T1003Z/labels_ollama_review_queue.csv,tools/dataset/captures/live_surveillance_20260629T1003Z/labels_environment.csv
live_surveillance_20260629T1003Z_capture_1269,tools/dataset/captures/live_surveillance_20260629T1003Z/capture_1269.jpg,28,48,948,85,238,true,validation,ollama_ocr,approved,owner-bulk-approved,2026-06-29T20:15:49+00:00,qwen3-vl:4b,aqs-five-field-v2,tools/dataset/captures/live_surveillance_20260629T1003Z/labels_ollama_review_queue.csv,tools/dataset/captures/live_surveillance_20260629T1003Z/labels_environment.csv
live_surveillance_20260629T1003Z_capture_1270,tools/dataset/captures/live_surveillance_20260629T1003Z/capture_1270.jpg,28,48,943,85,238,true,train,ollama_ocr,approved,owner-bulk-approved,2026-06-29T20:15:49+00:00,qwen3-vl:4b,aqs-five-field-v2,tools/dataset/captures/live_surveillance_20260629T1003Z/labels_ollama_review_queue.csv,tools/dataset/captures/live_surveillance_20260629T1003Z/labels_environment.csv
live_surveillance_20260629T1003Z_capture_1271,tools/dataset/captures/live_surveillance_20260629T1003Z/capture_1271.jpg,28,48,943,84,235,true,test,ollama_ocr,approved,owner-bulk-approved,2026-06-29T20:15:49+00:00,qwen3-vl:4b,aqs-five-field-v2,tools/dataset/captures/live_surveillance_20260629T1003Z/labels_ollama_review_queue.csv,tools/dataset/captures/live_surveillance_20260629T1003Z/labels_environment.csv
live_surveillance_20260629T1003Z_capture_1272,tools/dataset/captures/live_surveillance_20260629T1003Z/capture_1272.jpg,28,48,948,84,238,true,train,ollama_ocr,approved,owner-bulk-approved,2026-06-29T20:15:49+00:00,qwen3-vl:4b,aqs-five-field-v2,tools/dataset/captures/live_surveillance_20260629T1003Z/labels_ollama_review_queue.csv,tools/dataset/captures/live_surveillance_20260629T1003Z/labels_environment.csv
live_surveillance_20260629T1003Z_capture_1273,tools/dataset/captures/live_surveillance_20260629T1003Z/capture_1273.jpg,28,48,948,85,238,true,train,ollama_ocr,approved,owner-bulk-approved,2026-06-29T20:15:49+00:00,qwen3-vl:4b,aqs-five-field-v2,tools/dataset/captures/live_surveillance_20260629T1003Z/labels_ollama_review_queue.csv,tools/dataset/captures/live_surveillance_20260629T1003Z/labels_environment.csv
live_surveillance_20260629T1003Z_capture_1274,tools/dataset/captures/live_surveillance_20260629T1003Z/capture_1274.jpg,28,48,948,85,238,true,train,ollama_ocr,approved,owner-bulk-approved,2026-06-29T20:15:49+00:00,qwen3-vl:4b,aqs-five-field-v2,tools/dataset/captures/live_surveillance_20260629T1003Z/labels_ollama_review_queue.csv,tools/dataset/captures/live_surveillance_20260629T1003Z/labels_environment.csv
live_surveillance_20260629T1003Z_capture_1275,tools/dataset/captures/live_surveillance_20260629T1003Z/capture_1275.jpg,28,48,948,85,238,true,validation,ollama_ocr,approved,owner-bulk-approved,2026-06-29T20:15:49+00:00,qwen3-vl:4b,aqs-five-field-v2,tools/dataset/captures/live_surveillance_20260629T1003Z/labels_ollama_review_queue.csv,tools/dataset/captures/live_surveillance_20260629T1003Z/labels_environment.csv
live_surveillance_20260629T1003Z_capture_1276,tools/dataset/captures/live_surveillance_20260629T1003Z/capture_1276.jpg,28,48,948,85,238,true,train,ollama_ocr,approved,owner-bulk-approved,2026-06-29T20:15:49+00:00,qwen3-vl:4b,aqs-five-field-v2,tools/dataset/captures/live_surveillance_20260629T1003Z/labels_ollama_review_queue.csv,tools/dataset/captures/live_surveillance_20260629T1003Z/labels_environment.csv
live_surveillance_20260629T1003Z_capture_1277,tools/dataset/captures/live_surveillance_20260629T1003Z/capture_1277.jpg,28,48,948,85,238,true,train,ollama_ocr,approved,owner-bulk-approved,2026-06-29T20:15:49+00:00,qwen3-vl:4b,aqs-five-field-v2,tools/dataset/captures/live_surveillance_20260629T1003Z/labels_ollama_review_queue.csv,tools/dataset/captures/live_surveillance_20260629T1003Z/labels_environment.csv
live_surveillance_20260629T1003Z_capture_1278,tools/dataset/captures/live_surveillance_20260629T1003Z/capture_1278.jpg,28,48,948,85,238,true,test,ollama_ocr,approved,owner-bulk-approved,2026-06-29T20:15:49+00:00,qwen3-vl:4b,aqs-five-field-v2,tools/dataset/captures/live_surveillance_20260629T1003Z/labels_ollama_review_queue.csv,tools/dataset/captures/live_surveillance_20260629T1003Z/labels_environment.csv
live_surveillance_20260629T1003Z_capture_1279,tools/dataset/captures/live_surveillance_20260629T1003Z/capture_1279.jpg,28,48,948,85,238,true,train,ollama_ocr,approved,owner-bulk-approved,2026-06-29T20:15:49+00:00,qwen3-vl:4b,aqs-five-field-v2,tools/dataset/captures/live_surveillance_20260629T1003Z/labels_ollama_review_queue.csv,tools/dataset/captures/live_surveillance_20260629T1003Z/labels_environment.csv
live_surveillance_20260629T1003Z_capture_1280,tools/dataset/captures/live_surveillance_20260629T1003Z/capture_1280.jpg,28,48,948,85,238,true,train,ollama_ocr,approved,owner-bulk-approved,2026-06-29T20:15:49+00:00,qwen3-vl:4b,aqs-five-field-v2,tools/dataset/captures/live_surveillance_20260629T1003Z/labels_ollama_review_queue.csv,tools/dataset/captures/live_surveillance_20260629T1003Z/labels_environment.csv
live_surveillance_20260629T1003Z_capture_1281,tools/dataset/captures/live_surveillance_20260629T1003Z/capture_1281.jpg,28,48,948,85,238,true,train,ollama_ocr,approved,owner-bulk-approved,2026-06-29T20:15:49+00:00,qwen3-vl:4b,aqs-five-field-v2,tools/dataset/captures/live_surveillance_20260629T1003Z/labels_ollama_review_queue.csv,tools/dataset/captures/live_surveillance_20260629T1003Z/labels_environment.csv
live_surveillance_20260629T1003Z_capture_1282,tools/dataset/captures/live_surveillance_20260629T1003Z/capture_1282.jpg,28,48,948,85,238,true,validation,ollama_ocr,approved,owner-bulk-approved,2026-06-29T20:15:49+00:00,qwen3-vl:4b,aqs-five-field-v2,tools/dataset/captures/live_surveillance_20260629T1003Z/labels_ollama_review_queue.csv,tools/dataset/captures/live_surveillance_20260629T1003Z/labels_environment.csv
live_surveillance_20260629T1003Z_capture_1283,tools/dataset/captures/live_surveillance_20260629T1003Z/capture_1283.jpg,28,48,948,85,238,true,train,ollama_ocr,approved,owner-bulk-approved,2026-06-29T20:15:49+00:00,qwen3-vl:4b,aqs-five-field-v2,tools/dataset/captures/live_surveillance_20260629T1003Z/labels_ollama_review_queue.csv,tools/dataset/captures/live_surveillance_20260629T1003Z/labels_environment.csv
live_surveillance_20260629T1003Z_capture_1284,tools/dataset/captures/live_surveillance_20260629T1003Z/capture_1284.jpg,28,48,948,85,238,true,test,ollama_ocr,approved,owner-bulk-approved,2026-06-29T20:15:49+00:00,qwen3-vl:4b,aqs-five-field-v2,tools/dataset/captures/live_surveillance_20260629T1003Z/labels_ollama_review_queue.csv,tools/dataset/captures/live_surveillance_20260629T1003Z/labels_environment.csv
live_surveillance_20260629T1003Z_capture_1285,tools/dataset/captures/live_surveillance_20260629T1003Z/capture_1285.jpg,28,48,948,85,238,true,train,ollama_ocr,approved,owner-bulk-approved,2026-06-29T20:15:49+00:00,qwen3-vl:4b,aqs-five-field-v2,tools/dataset/captures/live_surveillance_20260629T1003Z/labels_ollama_review_queue.csv,tools/dataset/captures/live_surveillance_20260629T1003Z/labels_environment.csv
live_surveillance_20260629T1003Z_capture_1286,tools/dataset/captures/live_surveillance_20260629T1003Z/capture_1286.jpg,28,48,948,85,238,true,train,ollama_ocr,approved,owner-bulk-approved,2026-06-29T20:15:49+00:00,qwen3-vl:4b,aqs-five-field-v2,tools/dataset/captures/live_surveillance_20260629T1003Z/labels_ollama_review_queue.csv,tools/dataset/captures/live_surveillance_20260629T1003Z/labels_environment.csv
live_surveillance_20260629T1003Z_capture_1287,tools/dataset/captures/live_surveillance_20260629T1003Z/capture_1287.jpg,28,48,948,85,238,true,train,ollama_ocr,approved,owner-bulk-approved,2026-06-29T20:15:49+00:00,qwen3-vl:4b,aqs-five-field-v2,tools/dataset/captures/live_surveillance_20260629T1003Z/labels_ollama_review_queue.csv,tools/dataset/captures/live_surveillance_20260629T1003Z/labels_environment.csv
live_surveillance_20260629T1003Z_capture_1288,tools/dataset/captures/live_surveillance_20260629T1003Z/capture_1288.jpg,28,48,954,85,238,true,train,ollama_ocr,approved,owner-bulk-approved,2026-06-29T20:15:49+00:00,qwen3-vl:4b,aqs-five-field-v2,tools/dataset/captures/live_surveillance_20260629T1003Z/labels_ollama_review_queue.csv,tools/dataset/captures/live_surveillance_20260629T1003Z/labels_environment.csv
live_surveillance_20260629T1003Z_capture_1289,tools/dataset/captures/live_surveillance_20260629T1003Z/capture_1289.jpg,28,48,948,85,238,true,validation,ollama_ocr,approved,owner-bulk-approved,2026-06-29T20:15:49+00:00,qwen3-vl:4b,aqs-five-field-v2,tools/dataset/captures/live_surveillance_20260629T1003Z/labels_ollama_review_queue.csv,tools/dataset/captures/live_surveillance_20260629T1003Z/labels_environment.csv
live_surveillance_20260629T1003Z_capture_1290,tools/dataset/captures/live_surveillance_20260629T1003Z/capture_1290.jpg,28,48,948,85,238,true,train,ollama_ocr,approved,owner-bulk-approved,2026-06-29T20:15:49+00:00,qwen3-vl:4b,aqs-five-field-v2,tools/dataset/captures/live_surveillance_20260629T1003Z/labels_ollama_review_queue.csv,tools/dataset/captures/live_surveillance_20260629T1003Z/labels_environment.csv
live_surveillance_20260629T1003Z_capture_1291,tools/dataset/captures/live_surveillance_20260629T1003Z/capture_1291.jpg,28,48,948,85,238,true,test,ollama_ocr,approved,owner-bulk-approved,2026-06-29T20:15:49+00:00,qwen3-vl:4b,aqs-five-field-v2,tools/dataset/captures/live_surveillance_20260629T1003Z/labels_ollama_review_queue.csv,tools/dataset/captures/live_surveillance_20260629T1003Z/labels_environment.csv
live_surveillance_20260629T1003Z_capture_1292,tools/dataset/captures/live_surveillance_20260629T1003Z/capture_1292.jpg,28,48,948,85,238,true,train,ollama_ocr,approved,owner-bulk-approved,2026-06-29T20:15:49+00:00,qwen3-vl:4b,aqs-five-field-v2,tools/dataset/captures/live_surveillance_20260629T1003Z/labels_ollama_review_queue.csv,tools/dataset/captures/live_surveillance_20260629T1003Z/labels_environment.csv
live_surveillance_20260629T1003Z_capture_1293,tools/dataset/captures/live_surveillance_20260629T1003Z/capture_1293.jpg,28,48,948,85,238,true,train,ollama_ocr,approved,owner-bulk-approved,2026-06-29T20:15:49+00:00,qwen3-vl:4b,aqs-five-field-v2,tools/dataset/captures/live_surveillance_20260629T1003Z/labels_ollama_review_queue.csv,tools/dataset/captures/live_surveillance_20260629T1003Z/labels_environment.csv
live_surveillance_20260629T1003Z_capture_1294,tools/dataset/captures/live_surveillance_20260629T1003Z/capture_1294.jpg,28,48,948,85,238,true,train,ollama_ocr,approved,owner-bulk-approved,2026-06-29T20:15:49+00:00,qwen3-vl:4b,aqs-five-field-v2,tools/dataset/captures/live_surveillance_20260629T1003Z/labels_ollama_review_queue.csv,tools/dataset/captures/live_surveillance_20260629T1003Z/labels_environment.csv
live_surveillance_20260629T1003Z_capture_1295,tools/dataset/captures/live_surveillance_20260629T1003Z/capture_1295.jpg,28,48,948,85,238,true,validation,ollama_ocr,approved,owner-bulk-approved,2026-06-29T20:15:49+00:00,qwen3-vl:4b,aqs-five-field-v2,tools/dataset/captures/live_surveillance_20260629T1003Z/labels_ollama_review_queue.csv,tools/dataset/captures/live_surveillance_20260629T1003Z/labels_environment.csv
live_surveillance_20260629T1003Z_capture_1296,tools/dataset/captures/live_surveillance_20260629T1003Z/capture_1296.jpg,28,48,948,85,238,true,train,ollama_ocr,approved,owner-bulk-approved,2026-06-29T20:15:49+00:00,qwen3-vl:4b,aqs-five-field-v2,tools/dataset/captures/live_surveillance_20260629T1003Z/labels_ollama_review_queue.csv,tools/dataset/captures/live_surveillance_20260629T1003Z/labels_environment.csv
live_surveillance_20260629T1003Z_capture_1297,tools/dataset/captures/live_surveillance_20260629T1003Z/capture_1297.jpg,28,48,948,85,238,true,train,ollama_ocr,approved,owner-bulk-approved,2026-06-29T20:15:49+00:00,qwen3-vl:4b,aqs-five-field-v2,tools/dataset/captures/live_surveillance_20260629T1003Z/labels_ollama_review_queue.csv,tools/dataset/captures/live_surveillance_20260629T1003Z/labels_environment.csv
live_surveillance_20260629T1003Z_capture_1298,tools/dataset/captures/live_surveillance_20260629T1003Z/capture_1298.jpg,28,48,948,85,238,true,test,ollama_ocr,approved,owner-bulk-approved,2026-06-29T20:15:49+00:00,qwen3-vl:4b,aqs-five-field-v2,tools/dataset/captures/live_surveillance_20260629T1003Z/labels_ollama_review_queue.csv,tools/dataset/captures/live_surveillance_20260629T1003Z/labels_environment.csv
live_surveillance_20260629T1003Z_capture_1299,tools/dataset/captures/live_surveillance_20260629T1003Z/capture_1299.jpg,28,48,948,85,238,true,train,ollama_ocr,approved,owner-bulk-approved,2026-06-29T20:15:49+00:00,qwen3-vl:4b,aqs-five-field-v2,tools/dataset/captures/live_surveillance_20260629T1003Z/labels_ollama_review_queue.csv,tools/dataset/captures/live_surveillance_20260629T1003Z/labels_environment.csv
live_surveillance_20260629T1003Z_capture_1300,tools/dataset/captures/live_surveillance_20260629T1003Z/capture_1300.jpg,28,48,948,85,238,true,train,ollama_ocr,approved,owner-bulk-approved,2026-06-29T20:15:49+00:00,qwen3-vl:4b,aqs-five-field-v2,tools/dataset/captures/live_surveillance_20260629T1003Z/labels_ollama_review_queue.csv,tools/dataset/captures/live_surveillance_20260629T1003Z/labels_environment.csv
live_surveillance_20260629T1003Z_capture_1301,tools/dataset/captures/live_surveillance_20260629T1003Z/capture_1301.jpg,28,48,948,85,238,true,train,ollama_ocr,approved,owner-bulk-approved,2026-06-29T20:15:49+00:00,qwen3-vl:4b,aqs-five-field-v2,tools/dataset/captures/live_surveillance_20260629T1003Z/labels_ollama_review_queue.csv,tools/dataset/captures/live_surveillance_20260629T1003Z/labels_environment.csv
live_surveillance_20260629T1003Z_capture_1302,tools/dataset/captures/live_surveillance_20260629T1003Z/capture_1302.jpg,28,48,948,85,238,true,validation,ollama_ocr,approved,owner-bulk-approved,2026-06-29T20:15:49+00:00,qwen3-vl:4b,aqs-five-field-v2,tools/dataset/captures/live_surveillance_20260629T1003Z/labels_ollama_review_queue.csv,tools/dataset/captures/live_surveillance_20260629T1003Z/labels_environment.csv
live_surveillance_20260629T1003Z_capture_1303,tools/dataset/captures/live_surveillance_20260629T1003Z/capture_1303.jpg,28,48,948,85,238,true,train,ollama_ocr,approved,owner-bulk-approved,2026-06-29T20:15:49+00:00,qwen3-vl:4b,aqs-five-field-v2,tools/dataset/captures/live_surveillance_20260629T1003Z/labels_ollama_review_queue.csv,tools/dataset/captures/live_surveillance_20260629T1003Z/labels_environment.csv
live_surveillance_20260629T1003Z_capture_1304,tools/dataset/captures/live_surveillance_20260629T1003Z/capture_1304.jpg,28,48,948,85,238,true,test,ollama_ocr,approved,owner-bulk-approved,2026-06-29T20:15:49+00:00,qwen3-vl:4b,aqs-five-field-v2,tools/dataset/captures/live_surveillance_20260629T1003Z/labels_ollama_review_queue.csv,tools/dataset/captures/live_surveillance_20260629T1003Z/labels_environment.csv
live_surveillance_20260629T1003Z_capture_1305,tools/dataset/captures/live_surveillance_20260629T1003Z/capture_1305.jpg,28,48,948,85,238,true,train,ollama_ocr,approved,owner-bulk-approved,2026-06-29T20:15:49+00:00,qwen3-vl:4b,aqs-five-field-v2,tools/dataset/captures/live_surveillance_20260629T1003Z/labels_ollama_review_queue.csv,tools/dataset/captures/live_surveillance_20260629T1003Z/labels_environment.csv
live_surveillance_20260629T1003Z_capture_1306,tools/dataset/captures/live_surveillance_20260629T1003Z/capture_1306.jpg,28,48,948,85,238,true,train,ollama_ocr,approved,owner-bulk-approved,2026-06-29T20:15:49+00:00,qwen3-vl:4b,aqs-five-field-v2,tools/dataset/captures/live_surveillance_20260629T1003Z/labels_ollama_review_queue.csv,tools/dataset/captures/live_surveillance_20260629T1003Z/labels_environment.csv
live_surveillance_20260629T1003Z_capture_1307,tools/dataset/captures/live_surveillance_20260629T1003Z/capture_1307.jpg,28,48,948,85,238,true,train,ollama_ocr,approved,owner-bulk-approved,2026-06-29T20:15:49+00:00,qwen3-vl:4b,aqs-five-field-v2,tools/dataset/captures/live_surveillance_20260629T1003Z/labels_ollama_review_queue.csv,tools/dataset/captures/live_surveillance_20260629T1003Z/labels_environment.csv
live_surveillance_20260629T1003Z_capture_1308,tools/dataset/captures/live_surveillance_20260629T1003Z/capture_1308.jpg,28,48,948,85,238,true,train,ollama_ocr,approved,owner-bulk-approved,2026-06-29T20:15:49+00:00,qwen3-vl:4b,aqs-five-field-v2,tools/dataset/captures/live_surveillance_20260629T1003Z/labels_ollama_review_queue.csv,tools/dataset/captures/live_surveillance_20260629T1003Z/labels_environment.csv
live_surveillance_20260629T1003Z_capture_1309,tools/dataset/captures/live_surveillance_20260629T1003Z/capture_1309.jpg,28,48,948,85,238,true,validation,ollama_ocr,approved,owner-bulk-approved,2026-06-29T20:15:49+00:00,qwen3-vl:4b,aqs-five-field-v2,tools/dataset/captures/live_surveillance_20260629T1003Z/labels_ollama_review_queue.csv,tools/dataset/captures/live_surveillance_20260629T1003Z/labels_environment.csv
live_surveillance_20260629T1003Z_capture_1310,tools/dataset/captures/live_surveillance_20260629T1003Z/capture_1310.jpg,28,48,948,85,238,true,train,ollama_ocr,approved,owner-bulk-approved,2026-06-29T20:15:49+00:00,qwen3-vl:4b,aqs-five-field-v2,tools/dataset/captures/live_surveillance_20260629T1003Z/labels_ollama_review_queue.csv,tools/dataset/captures/live_surveillance_20260629T1003Z/labels_environment.csv
live_surveillance_20260629T1003Z_capture_1311,tools/dataset/captures/live_surveillance_20260629T1003Z/capture_1311.jpg,28,48,948,85,238,true,test,ollama_ocr,approved,owner-bulk-approved,2026-06-29T20:15:49+00:00,qwen3-vl:4b,aqs-five-field-v2,tools/dataset/captures/live_surveillance_20260629T1003Z/labels_ollama_review_queue.csv,tools/dataset/captures/live_surveillance_20260629T1003Z/labels_environment.csv
live_surveillance_20260629T1003Z_capture_1312,tools/dataset/captures/live_surveillance_20260629T1003Z/capture_1312.jpg,28,48,948,85,238,true,train,ollama_ocr,approved,owner-bulk-approved,2026-06-29T20:15:49+00:00,qwen3-vl:4b,aqs-five-field-v2,tools/dataset/captures/live_surveillance_20260629T1003Z/labels_ollama_review_queue.csv,tools/dataset/captures/live_surveillance_20260629T1003Z/labels_environment.csv
live_surveillance_20260629T1003Z_capture_1313,tools/dataset/captures/live_surveillance_20260629T1003Z/capture_1313.jpg,28,48,948,85,238,true,train,ollama_ocr,approved,owner-bulk-approved,2026-06-29T20:15:49+00:00,qwen3-vl:4b,aqs-five-field-v2,tools/dataset/captures/live_surveillance_20260629T1003Z/labels_ollama_review_queue.csv,tools/dataset/captures/live_surveillance_20260629T1003Z/labels_environment.csv
live_surveillance_20260629T1003Z_capture_1314,tools/dataset/captures/live_surveillance_20260629T1003Z/capture_1314.jpg,28,48,948,85,238,true,train,ollama_ocr,approved,owner-bulk-approved,2026-06-29T20:15:49+00:00,qwen3-vl:4b,aqs-five-field-v2,tools/dataset/captures/live_surveillance_20260629T1003Z/labels_ollama_review_queue.csv,tools/dataset/captures/live_surveillance_20260629T1003Z/labels_environment.csv
live_surveillance_20260629T1003Z_capture_1315,tools/dataset/captures/live_surveillance_20260629T1003Z/capture_1315.jpg,28,48,948,85,238,true,validation,ollama_ocr,approved,owner-bulk-approved,2026-06-29T20:15:49+00:00,qwen3-vl:4b,aqs-five-field-v2,tools/dataset/captures/live_surveillance_20260629T1003Z/labels_ollama_review_queue.csv,tools/dataset/captures/live_surveillance_20260629T1003Z/labels_environment.csv
live_surveillance_20260629T1003Z_capture_1316,tools/dataset/captures/live_surveillance_20260629T1003Z/capture_1316.jpg,28,48,948,85,238,true,train,ollama_ocr,approved,owner-bulk-approved,2026-06-29T20:15:49+00:00,qwen3-vl:4b,aqs-five-field-v2,tools/dataset/captures/live_surveillance_20260629T1003Z/labels_ollama_review_queue.csv,tools/dataset/captures/live_surveillance_20260629T1003Z/labels_environment.csv
live_surveillance_20260629T1003Z_capture_1317,tools/dataset/captures/live_surveillance_20260629T1003Z/capture_1317.jpg,28,48,948,85,238,true,train,ollama_ocr,approved,owner-bulk-approved,2026-06-29T20:15:49+00:00,qwen3-vl:4b,aqs-five-field-v2,tools/dataset/captures/live_surveillance_20260629T1003Z/labels_ollama_review_queue.csv,tools/dataset/captures/live_surveillance_20260629T1003Z/labels_environment.csv
live_surveillance_20260629T1003Z_capture_1318,tools/dataset/captures/live_surveillance_20260629T1003Z/capture_1318.jpg,28,48,948,85,238,true,test,ollama_ocr,approved,owner-bulk-approved,2026-06-29T20:15:49+00:00,qwen3-vl:4b,aqs-five-field-v2,tools/dataset/captures/live_surveillance_20260629T1003Z/labels_ollama_review_queue.csv,tools/dataset/captures/live_surveillance_20260629T1003Z/labels_environment.csv
live_surveillance_20260629T1003Z_capture_1319,tools/dataset/captures/live_surveillance_20260629T1003Z/capture_1319.jpg,28,48,954,86,238,true,train,ollama_ocr,approved,owner-bulk-approved,2026-06-29T20:15:49+00:00,qwen3-vl:4b,aqs-five-field-v2,tools/dataset/captures/live_surveillance_20260629T1003Z/labels_ollama_review_queue.csv,tools/dataset/captures/live_surveillance_20260629T1003Z/labels_environment.csv
live_surveillance_20260629T1003Z_capture_1321,tools/dataset/captures/live_surveillance_20260629T1003Z/capture_1321.jpg,28,48,948,85,238,true,train,ollama_ocr,approved,owner-bulk-approved,2026-06-29T20:15:49+00:00,qwen3-vl:4b,aqs-five-field-v2,tools/dataset/captures/live_surveillance_20260629T1003Z/labels_ollama_review_queue.csv,tools/dataset/captures/live_surveillance_20260629T1003Z/labels_environment.csv
live_surveillance_20260629T1003Z_capture_1322,tools/dataset/captures/live_surveillance_20260629T1003Z/capture_1322.jpg,28,48,948,85,238,true,train,ollama_ocr,approved,owner-bulk-approved,2026-06-29T20:15:49+00:00,qwen3-vl:4b,aqs-five-field-v2,tools/dataset/captures/live_surveillance_20260629T1003Z/labels_ollama_review_queue.csv,tools/dataset/captures/live_surveillance_20260629T1003Z/labels_environment.csv
live_surveillance_20260629T1003Z_capture_1323,tools/dataset/captures/live_surveillance_20260629T1003Z/capture_1323.jpg,28,48,948,85,238,true,validation,ollama_ocr,approved,owner-bulk-approved,2026-06-29T20:15:49+00:00,qwen3-vl:4b,aqs-five-field-v2,tools/dataset/captures/live_surveillance_20260629T1003Z/labels_ollama_review_queue.csv,tools/dataset/captures/live_surveillance_20260629T1003Z/labels_environment.csv
live_surveillance_20260629T1003Z_capture_1324,tools/dataset/captures/live_surveillance_20260629T1003Z/capture_1324.jpg,28,48,948,85,238,true,train,ollama_ocr,approved,owner-bulk-approved,2026-06-29T20:15:49+00:00,qwen3-vl:4b,aqs-five-field-v2,tools/dataset/captures/live_surveillance_20260629T1003Z/labels_ollama_review_queue.csv,tools/dataset/captures/live_surveillance_20260629T1003Z/labels_environment.csv
live_surveillance_20260629T1003Z_capture_1325,tools/dataset/captures/live_surveillance_20260629T1003Z/capture_1325.jpg,28,48,948,85,238,true,test,ollama_ocr,approved,owner-bulk-approved,2026-06-29T20:15:49+00:00,qwen3-vl:4b,aqs-five-field-v2,tools/dataset/captures/live_surveillance_20260629T1003Z/labels_ollama_review_queue.csv,tools/dataset/captures/live_surveillance_20260629T1003Z/labels_environment.csv
live_surveillance_20260629T1003Z_capture_1326,tools/dataset/captures/live_surveillance_20260629T1003Z/capture_1326.jpg,28,48,948,85,238,true,train,ollama_ocr,approved,owner-bulk-approved,2026-06-29T20:15:49+00:00,qwen3-vl:4b,aqs-five-field-v2,tools/dataset/captures/live_surveillance_20260629T1003Z/labels_ollama_review_queue.csv,tools/dataset/captures/live_surveillance_20260629T1003Z/labels_environment.csv
live_surveillance_20260629T1003Z_capture_1327,tools/dataset/captures/live_surveillance_20260629T1003Z/capture_1327.jpg,28,48,948,85,238,true,train,ollama_ocr,approved,owner-bulk-approved,2026-06-29T20:15:49+00:00,qwen3-vl:4b,aqs-five-field-v2,tools/dataset/captures/live_surveillance_20260629T1003Z/labels_ollama_review_queue.csv,tools/dataset/captures/live_surveillance_20260629T1003Z/labels_environment.csv
live_surveillance_20260629T1003Z_capture_1328,tools/dataset/captures/live_surveillance_20260629T1003Z/capture_1328.jpg,28,48,948,85,238,true,train,ollama_ocr,approved,owner-bulk-approved,2026-06-29T20:15:49+00:00,qwen3-vl:4b,aqs-five-field-v2,tools/dataset/captures/live_surveillance_20260629T1003Z/labels_ollama_review_queue.csv,tools/dataset/captures/live_surveillance_20260629T1003Z/labels_environment.csv
live_surveillance_20260629T1003Z_capture_1329,tools/dataset/captures/live_surveillance_20260629T1003Z/capture_1329.jpg,28,48,948,85,238,true,train,ollama_ocr,approved,owner-bulk-approved,2026-06-29T20:15:49+00:00,qwen3-vl:4b,aqs-five-field-v2,tools/dataset/captures/live_surveillance_20260629T1003Z/labels_ollama_review_queue.csv,tools/dataset/captures/live_surveillance_20260629T1003Z/labels_environment.csv
live_surveillance_20260629T1003Z_capture_1330,tools/dataset/captures/live_surveillance_20260629T1003Z/capture_1330.jpg,28,48,948,85,238,true,validation,ollama_ocr,approved,owner-bulk-approved,2026-06-29T20:15:49+00:00,qwen3-vl:4b,aqs-five-field-v2,tools/dataset/captures/live_surveillance_20260629T1003Z/labels_ollama_review_queue.csv,tools/dataset/captures/live_surveillance_20260629T1003Z/labels_environment.csv
live_surveillance_20260629T1003Z_capture_1331,tools/dataset/captures/live_surveillance_20260629T1003Z/capture_1331.jpg,28,48,948,85,238,true,train,ollama_ocr,approved,owner-bulk-approved,2026-06-29T20:15:49+00:00,qwen3-vl:4b,aqs-five-field-v2,tools/dataset/captures/live_surveillance_20260629T1003Z/labels_ollama_review_queue.csv,tools/dataset/captures/live_surveillance_20260629T1003Z/labels_environment.csv
live_surveillance_20260629T1003Z_capture_1332,tools/dataset/captures/live_surveillance_20260629T1003Z/capture_1332.jpg,28,48,948,85,238,true,test,ollama_ocr,approved,owner-bulk-approved,2026-06-29T20:15:49+00:00,qwen3-vl:4b,aqs-five-field-v2,tools/dataset/captures/live_surveillance_20260629T1003Z/labels_ollama_review_queue.csv,tools/dataset/captures/live_surveillance_20260629T1003Z/labels_environment.csv
live_surveillance_20260629T1003Z_capture_1333,tools/dataset/captures/live_surveillance_20260629T1003Z/capture_1333.jpg,28,48,948,85,238,true,train,ollama_ocr,approved,owner-bulk-approved,2026-06-29T20:15:49+00:00,qwen3-vl:4b,aqs-five-field-v2,tools/dataset/captures/live_surveillance_20260629T1003Z/labels_ollama_review_queue.csv,tools/dataset/captures/live_surveillance_20260629T1003Z/labels_environment.csv
live_surveillance_20260629T1003Z_capture_1334,tools/dataset/captures/live_surveillance_20260629T1003Z/capture_1334.jpg,28,48,948,85,238,true,train,ollama_ocr,approved,owner-bulk-approved,2026-06-29T20:15:49+00:00,qwen3-vl:4b,aqs-five-field-v2,tools/dataset/captures/live_surveillance_20260629T1003Z/labels_ollama_review_queue.csv,tools/dataset/captures/live_surveillance_20260629T1003Z/labels_environment.csv
live_surveillance_20260629T1003Z_capture_1337,tools/dataset/captures/live_surveillance_20260629T1003Z/capture_1337.jpg,28,48,954,86,20,true,train,ollama_ocr,approved,owner-bulk-approved,2026-06-29T20:15:49+00:00,qwen3-vl:4b,aqs-five-field-v2,tools/dataset/captures/live_surveillance_20260629T1003Z/labels_ollama_review_queue.csv,tools/dataset/captures/live_surveillance_20260629T1003Z/labels_environment.csv
live_surveillance_20260629T1003Z_capture_1338,tools/dataset/captures/live_surveillance_20260629T1003Z/capture_1338.jpg,28,48,954,86,20,true,validation,ollama_ocr,approved,owner-bulk-approved,2026-06-29T20:15:49+00:00,qwen3-vl:4b,aqs-five-field-v2,tools/dataset/captures/live_surveillance_20260629T1003Z/labels_ollama_review_queue.csv,tools/dataset/captures/live_surveillance_20260629T1003Z/labels_environment.csv
live_surveillance_20260629T1003Z_capture_1339,tools/dataset/captures/live_surveillance_20260629T1003Z/capture_1339.jpg,28,48,954,87,20,true,train,ollama_ocr,approved,owner-bulk-approved,2026-06-29T20:15:49+00:00,qwen3-vl:4b,aqs-five-field-v2,tools/dataset/captures/live_surveillance_20260629T1003Z/labels_ollama_review_queue.csv,tools/dataset/captures/live_surveillance_20260629T1003Z/labels_environment.csv
live_surveillance_20260629T1003Z_capture_1340,tools/dataset/captures/live_surveillance_20260629T1003Z/capture_1340.jpg,28,48,954,86,20,true,train,ollama_ocr,approved,owner-bulk-approved,2026-06-29T20:15:49+00:00,qwen3-vl:4b,aqs-five-field-v2,tools/dataset/captures/live_surveillance_20260629T1003Z/labels_ollama_review_queue.csv,tools/dataset/captures/live_surveillance_20260629T1003Z/labels_environment.csv
live_surveillance_20260629T1003Z_capture_1345,tools/dataset/captures/live_surveillance_20260629T1003Z/capture_1345.jpg,28,48,954,86,20,true,test,ollama_ocr,approved,owner-bulk-approved,2026-06-29T20:15:49+00:00,qwen3-vl:4b,aqs-five-field-v2,tools/dataset/captures/live_surveillance_20260629T1003Z/labels_ollama_review_queue.csv,tools/dataset/captures/live_surveillance_20260629T1003Z/labels_environment.csv
live_surveillance_20260629T1003Z_capture_1347,tools/dataset/captures/live_surveillance_20260629T1003Z/capture_1347.jpg,28,48,954,87,20,true,train,ollama_ocr,approved,owner-bulk-approved,2026-06-29T20:15:49+00:00,qwen3-vl:4b,aqs-five-field-v2,tools/dataset/captures/live_surveillance_20260629T1003Z/labels_ollama_review_queue.csv,tools/dataset/captures/live_surveillance_20260629T1003Z/labels_environment.csv
live_surveillance_20260629T1003Z_capture_1348,tools/dataset/captures/live_surveillance_20260629T1003Z/capture_1348.jpg,28,48,954,87,20,true,train,ollama_ocr,approved,owner-bulk-approved,2026-06-29T20:15:49+00:00,qwen3-vl:4b,aqs-five-field-v2,tools/dataset/captures/live_surveillance_20260629T1003Z/labels_ollama_review_queue.csv,tools/dataset/captures/live_surveillance_20260629T1003Z/labels_environment.csv
live_surveillance_20260629T1003Z_capture_1350,tools/dataset/captures/live_surveillance_20260629T1003Z/capture_1350.jpg,28,48,954,86,20,true,train,ollama_ocr,approved,owner-bulk-approved,2026-06-29T20:15:49+00:00,qwen3-vl:4b,aqs-five-field-v2,tools/dataset/captures/live_surveillance_20260629T1003Z/labels_ollama_review_queue.csv,tools/dataset/captures/live_surveillance_20260629T1003Z/labels_environment.csv
live_surveillance_20260629T1003Z_capture_1352,tools/dataset/captures/live_surveillance_20260629T1003Z/capture_1352.jpg,28,48,959,86,20,true,validation,ollama_ocr,approved,owner-bulk-approved,2026-06-29T20:15:49+00:00,qwen3-vl:4b,aqs-five-field-v2,tools/dataset/captures/live_surveillance_20260629T1003Z/labels_ollama_review_queue.csv,tools/dataset/captures/live_surveillance_20260629T1003Z/labels_environment.csv
live_surveillance_20260629T1003Z_capture_1361,tools/dataset/captures/live_surveillance_20260629T1003Z/capture_1361.jpg,28,48,959,87,243,true,train,ollama_ocr,approved,owner-bulk-approved,2026-06-29T20:15:49+00:00,qwen3-vl:4b,aqs-five-field-v2,tools/dataset/captures/live_surveillance_20260629T1003Z/labels_ollama_review_queue.csv,tools/dataset/captures/live_surveillance_20260629T1003Z/labels_environment.csv
live_surveillance_20260629T1003Z_capture_1362,tools/dataset/captures/live_surveillance_20260629T1003Z/capture_1362.jpg,28,48,959,87,243,true,test,ollama_ocr,approved,owner-bulk-approved,2026-06-29T20:15:49+00:00,qwen3-vl:4b,aqs-five-field-v2,tools/dataset/captures/live_surveillance_20260629T1003Z/labels_ollama_review_queue.csv,tools/dataset/captures/live_surveillance_20260629T1003Z/labels_environment.csv
live_surveillance_20260629T1003Z_capture_1364,tools/dataset/captures/live_surveillance_20260629T1003Z/capture_1364.jpg,28,48,959,87,243,true,train,ollama_ocr,approved,owner-bulk-approved,2026-06-29T20:15:49+00:00,qwen3-vl:4b,aqs-five-field-v2,tools/dataset/captures/live_surveillance_20260629T1003Z/labels_ollama_review_queue.csv,tools/dataset/captures/live_surveillance_20260629T1003Z/labels_environment.csv
live_surveillance_20260629T1003Z_capture_1366,tools/dataset/captures/live_surveillance_20260629T1003Z/capture_1366.jpg,28,48,959,87,243,true,train,ollama_ocr,approved,owner-bulk-approved,2026-06-29T20:15:49+00:00,qwen3-vl:4b,aqs-five-field-v2,tools/dataset/captures/live_surveillance_20260629T1003Z/labels_ollama_review_queue.csv,tools/dataset/captures/live_surveillance_20260629T1003Z/labels_environment.csv
live_surveillance_20260629T1003Z_capture_1367,tools/dataset/captures/live_surveillance_20260629T1003Z/capture_1367.jpg,28,48,959,87,243,true,train,ollama_ocr,approved,owner-bulk-approved,2026-06-29T20:15:49+00:00,qwen3-vl:4b,aqs-five-field-v2,tools/dataset/captures/live_surveillance_20260629T1003Z/labels_ollama_review_queue.csv,tools/dataset/captures/live_surveillance_20260629T1003Z/labels_environment.csv
live_surveillance_20260629T1003Z_capture_1368,tools/dataset/captures/live_surveillance_20260629T1003Z/capture_1368.jpg,28,48,959,87,243,true,train,ollama_ocr,approved,owner-bulk-approved,2026-06-29T20:15:49+00:00,qwen3-vl:4b,aqs-five-field-v2,tools/dataset/captures/live_surveillance_20260629T1003Z/labels_ollama_review_queue.csv,tools/dataset/captures/live_surveillance_20260629T1003Z/labels_environment.csv
live_surveillance_20260629T1003Z_capture_1369,tools/dataset/captures/live_surveillance_20260629T1003Z/capture_1369.jpg,28,48,959,87,243,true,validation,ollama_ocr,approved,owner-bulk-approved,2026-06-29T20:15:49+00:00,qwen3-vl:4b,aqs-five-field-v2,tools/dataset/captures/live_surveillance_20260629T1003Z/labels_ollama_review_queue.csv,tools/dataset/captures/live_surveillance_20260629T1003Z/labels_environment.csv
live_surveillance_20260629T1003Z_capture_1370,tools/dataset/captures/live_surveillance_20260629T1003Z/capture_1370.jpg,28,48,959,87,243,true,train,ollama_ocr,approved,owner-bulk-approved,2026-06-29T20:15:49+00:00,qwen3-vl:4b,aqs-five-field-v2,tools/dataset/captures/live_surveillance_20260629T1003Z/labels_ollama_review_queue.csv,tools/dataset/captures/live_surveillance_20260629T1003Z/labels_environment.csv
live_surveillance_20260629T1003Z_capture_1371,tools/dataset/captures/live_surveillance_20260629T1003Z/capture_1371.jpg,28,48,959,87,243,true,test,ollama_ocr,approved,owner-bulk-approved,2026-06-29T20:15:49+00:00,qwen3-vl:4b,aqs-five-field-v2,tools/dataset/captures/live_surveillance_20260629T1003Z/labels_ollama_review_queue.csv,tools/dataset/captures/live_surveillance_20260629T1003Z/labels_environment.csv
live_surveillance_20260629T1003Z_capture_1372,tools/dataset/captures/live_surveillance_20260629T1003Z/capture_1372.jpg,28,48,959,87,243,true,train,ollama_ocr,approved,owner-bulk-approved,2026-06-29T20:15:49+00:00,qwen3-vl:4b,aqs-five-field-v2,tools/dataset/captures/live_surveillance_20260629T1003Z/labels_ollama_review_queue.csv,tools/dataset/captures/live_surveillance_20260629T1003Z/labels_environment.csv
live_surveillance_20260629T1003Z_capture_1373,tools/dataset/captures/live_surveillance_20260629T1003Z/capture_1373.jpg,28,48,959,87,243,true,train,ollama_ocr,approved,owner-bulk-approved,2026-06-29T20:15:49+00:00,qwen3-vl:4b,aqs-five-field-v2,tools/dataset/captures/live_surveillance_20260629T1003Z/labels_ollama_review_queue.csv,tools/dataset/captures/live_surveillance_20260629T1003Z/labels_environment.csv
live_surveillance_20260629T1003Z_capture_1374,tools/dataset/captures/live_surveillance_20260629T1003Z/capture_1374.jpg,28,48,959,87,243,true,train,ollama_ocr,approved,owner-bulk-approved,2026-06-29T20:15:49+00:00,qwen3-vl:4b,aqs-five-field-v2,tools/dataset/captures/live_surveillance_20260629T1003Z/labels_ollama_review_queue.csv,tools/dataset/captures/live_surveillance_20260629T1003Z/labels_environment.csv
live_surveillance_20260629T1003Z_capture_1375,tools/dataset/captures/live_surveillance_20260629T1003Z/capture_1375.jpg,28,48,959,87,243,true,validation,ollama_ocr,approved,owner-bulk-approved,2026-06-29T20:15:49+00:00,qwen3-vl:4b,aqs-five-field-v2,tools/dataset/captures/live_surveillance_20260629T1003Z/labels_ollama_review_queue.csv,tools/dataset/captures/live_surveillance_20260629T1003Z/labels_environment.csv
live_surveillance_20260629T1003Z_capture_1376,tools/dataset/captures/live_surveillance_20260629T1003Z/capture_1376.jpg,28,48,959,87,243,true,train,ollama_ocr,approved,owner-bulk-approved,2026-06-29T20:15:49+00:00,qwen3-vl:4b,aqs-five-field-v2,tools/dataset/captures/live_surveillance_20260629T1003Z/labels_ollama_review_queue.csv,tools/dataset/captures/live_surveillance_20260629T1003Z/labels_environment.csv
live_surveillance_20260629T1003Z_capture_1377,tools/dataset/captures/live_surveillance_20260629T1003Z/capture_1377.jpg,28,48,959,87,243,true,train,ollama_ocr,approved,owner-bulk-approved,2026-06-29T20:15:49+00:00,qwen3-vl:4b,aqs-five-field-v2,tools/dataset/captures/live_surveillance_20260629T1003Z/labels_ollama_review_queue.csv,tools/dataset/captures/live_surveillance_20260629T1003Z/labels_environment.csv
live_surveillance_20260629T1003Z_capture_1379,tools/dataset/captures/live_surveillance_20260629T1003Z/capture_1379.jpg,28,48,959,87,243,true,test,ollama_ocr,approved,owner-bulk-approved,2026-06-29T20:15:49+00:00,qwen3-vl:4b,aqs-five-field-v2,tools/dataset/captures/live_surveillance_20260629T1003Z/labels_ollama_review_queue.csv,tools/dataset/captures/live_surveillance_20260629T1003Z/labels_environment.csv
live_surveillance_20260629T1003Z_capture_1380,tools/dataset/captures/live_surveillance_20260629T1003Z/capture_1380.jpg,28,48,959,87,243,true,train,ollama_ocr,approved,owner-bulk-approved,2026-06-29T20:15:49+00:00,qwen3-vl:4b,aqs-five-field-v2,tools/dataset/captures/live_surveillance_20260629T1003Z/labels_ollama_review_queue.csv,tools/dataset/captures/live_surveillance_20260629T1003Z/labels_environment.csv
live_surveillance_20260629T1003Z_capture_1381,tools/dataset/captures/live_surveillance_20260629T1003Z/capture_1381.jpg,28,48,959,87,243,true,train,ollama_ocr,approved,owner-bulk-approved,2026-06-29T20:15:49+00:00,qwen3-vl:4b,aqs-five-field-v2,tools/dataset/captures/live_surveillance_20260629T1003Z/labels_ollama_review_queue.csv,tools/dataset/captures/live_surveillance_20260629T1003Z/labels_environment.csv
live_surveillance_20260629T1003Z_capture_1382,tools/dataset/captures/live_surveillance_20260629T1003Z/capture_1382.jpg,28,48,959,87,243,true,train,ollama_ocr,approved,owner-bulk-approved,2026-06-29T20:15:49+00:00,qwen3-vl:4b,aqs-five-field-v2,tools/dataset/captures/live_surveillance_20260629T1003Z/labels_ollama_review_queue.csv,tools/dataset/captures/live_surveillance_20260629T1003Z/labels_environment.csv
live_surveillance_20260629T1003Z_capture_1383,tools/dataset/captures/live_surveillance_20260629T1003Z/capture_1383.jpg,28,48,959,87,243,true,validation,ollama_ocr,approved,owner-bulk-approved,2026-06-29T20:15:49+00:00,qwen3-vl:4b,aqs-five-field-v2,tools/dataset/captures/live_surveillance_20260629T1003Z/labels_ollama_review_queue.csv,tools/dataset/captures/live_surveillance_20260629T1003Z/labels_environment.csv
live_surveillance_20260629T1003Z_capture_1384,tools/dataset/captures/live_surveillance_20260629T1003Z/capture_1384.jpg,28,48,959,87,243,true,train,ollama_ocr,approved,owner-bulk-approved,2026-06-29T20:15:49+00:00,qwen3-vl:4b,aqs-five-field-v2,tools/dataset/captures/live_surveillance_20260629T1003Z/labels_ollama_review_queue.csv,tools/dataset/captures/live_surveillance_20260629T1003Z/labels_environment.csv
live_surveillance_20260629T1003Z_capture_1385,tools/dataset/captures/live_surveillance_20260629T1003Z/capture_1385.jpg,28,48,959,87,243,true,test,ollama_ocr,approved,owner-bulk-approved,2026-06-29T20:15:49+00:00,qwen3-vl:4b,aqs-five-field-v2,tools/dataset/captures/live_surveillance_20260629T1003Z/labels_ollama_review_queue.csv,tools/dataset/captures/live_surveillance_20260629T1003Z/labels_environment.csv
live_surveillance_20260629T1003Z_capture_1386,tools/dataset/captures/live_surveillance_20260629T1003Z/capture_1386.jpg,28,48,959,87,243,true,train,ollama_ocr,approved,owner-bulk-approved,2026-06-29T20:15:49+00:00,qwen3-vl:4b,aqs-five-field-v2,tools/dataset/captures/live_surveillance_20260629T1003Z/labels_ollama_review_queue.csv,tools/dataset/captures/live_surveillance_20260629T1003Z/labels_environment.csv
live_surveillance_20260629T1003Z_capture_1387,tools/dataset/captures/live_surveillance_20260629T1003Z/capture_1387.jpg,28,48,965,87,243,true,train,ollama_ocr,approved,owner-bulk-approved,2026-06-29T20:15:49+00:00,qwen3-vl:4b,aqs-five-field-v2,tools/dataset/captures/live_surveillance_20260629T1003Z/labels_ollama_review_queue.csv,tools/dataset/captures/live_surveillance_20260629T1003Z/labels_environment.csv
live_surveillance_20260629T1003Z_capture_1388,tools/dataset/captures/live_surveillance_20260629T1003Z/capture_1388.jpg,28,48,959,87,243,true,train,ollama_ocr,approved,owner-bulk-approved,2026-06-29T20:15:49+00:00,qwen3-vl:4b,aqs-five-field-v2,tools/dataset/captures/live_surveillance_20260629T1003Z/labels_ollama_review_queue.csv,tools/dataset/captures/live_surveillance_20260629T1003Z/labels_environment.csv
live_surveillance_20260629T1003Z_capture_1389,tools/dataset/captures/live_surveillance_20260629T1003Z/capture_1389.jpg,28,48,959,87,243,true,train,ollama_ocr,approved,owner-bulk-approved,2026-06-29T20:15:49+00:00,qwen3-vl:4b,aqs-five-field-v2,tools/dataset/captures/live_surveillance_20260629T1003Z/labels_ollama_review_queue.csv,tools/dataset/captures/live_surveillance_20260629T1003Z/labels_environment.csv
live_surveillance_20260629T1003Z_capture_1390,tools/dataset/captures/live_surveillance_20260629T1003Z/capture_1390.jpg,28,48,959,87,243,true,validation,ollama_ocr,approved,owner-bulk-approved,2026-06-29T20:15:49+00:00,qwen3-vl:4b,aqs-five-field-v2,tools/dataset/captures/live_surveillance_20260629T1003Z/labels_ollama_review_queue.csv,tools/dataset/captures/live_surveillance_20260629T1003Z/labels_environment.csv
live_surveillance_20260629T1003Z_capture_1391,tools/dataset/captures/live_surveillance_20260629T1003Z/capture_1391.jpg,28,48,959,87,243,true,train,ollama_ocr,approved,owner-bulk-approved,2026-06-29T20:15:49+00:00,qwen3-vl:4b,aqs-five-field-v2,tools/dataset/captures/live_surveillance_20260629T1003Z/labels_ollama_review_queue.csv,tools/dataset/captures/live_surveillance_20260629T1003Z/labels_environment.csv
live_surveillance_20260629T1003Z_capture_1392,tools/dataset/captures/live_surveillance_20260629T1003Z/capture_1392.jpg,28,48,959,87,243,true,test,ollama_ocr,approved,owner-bulk-approved,2026-06-29T20:15:49+00:00,qwen3-vl:4b,aqs-five-field-v2,tools/dataset/captures/live_surveillance_20260629T1003Z/labels_ollama_review_queue.csv,tools/dataset/captures/live_surveillance_20260629T1003Z/labels_environment.csv
live_surveillance_20260629T1003Z_capture_1394,tools/dataset/captures/live_surveillance_20260629T1003Z/capture_1394.jpg,28,48,959,87,243,true,train,ollama_ocr,approved,owner-bulk-approved,2026-06-29T20:15:49+00:00,qwen3-vl:4b,aqs-five-field-v2,tools/dataset/captures/live_surveillance_20260629T1003Z/labels_ollama_review_queue.csv,tools/dataset/captures/live_surveillance_20260629T1003Z/labels_environment.csv
live_surveillance_20260629T1003Z_capture_1396,tools/dataset/captures/live_surveillance_20260629T1003Z/capture_1396.jpg,28,48,959,88,243,true,train,ollama_ocr,approved,owner-bulk-approved,2026-06-29T20:15:49+00:00,qwen3-vl:4b,aqs-five-field-v2,tools/dataset/captures/live_surveillance_20260629T1003Z/labels_ollama_review_queue.csv,tools/dataset/captures/live_surveillance_20260629T1003Z/labels_environment.csv
live_surveillance_20260629T1003Z_capture_1401,tools/dataset/captures/live_surveillance_20260629T1003Z/capture_1401.jpg,28,48,965,88,26,true,train,ollama_ocr,approved,owner-bulk-approved,2026-06-29T20:15:49+00:00,qwen3-vl:4b,aqs-five-field-v2,tools/dataset/captures/live_surveillance_20260629T1003Z/labels_ollama_review_queue.csv,tools/dataset/captures/live_surveillance_20260629T1003Z/labels_environment.csv
live_surveillance_20260629T1003Z_capture_1402,tools/dataset/captures/live_surveillance_20260629T1003Z/capture_1402.jpg,28,48,965,88,26,true,validation,ollama_ocr,approved,owner-bulk-approved,2026-06-29T20:15:49+00:00,qwen3-vl:4b,aqs-five-field-v2,tools/dataset/captures/live_surveillance_20260629T1003Z/labels_ollama_review_queue.csv,tools/dataset/captures/live_surveillance_20260629T1003Z/labels_environment.csv
live_surveillance_20260629T1003Z_capture_1403,tools/dataset/captures/live_surveillance_20260629T1003Z/capture_1403.jpg,28,48,965,88,26,true,train,ollama_ocr,approved,owner-bulk-approved,2026-06-29T20:15:49+00:00,qwen3-vl:4b,aqs-five-field-v2,tools/dataset/captures/live_surveillance_20260629T1003Z/labels_ollama_review_queue.csv,tools/dataset/captures/live_surveillance_20260629T1003Z/labels_environment.csv
live_surveillance_20260629T1003Z_capture_1404,tools/dataset/captures/live_surveillance_20260629T1003Z/capture_1404.jpg,28,48,965,88,26,true,train,ollama_ocr,approved,owner-bulk-approved,2026-06-29T20:15:49+00:00,qwen3-vl:4b,aqs-five-field-v2,tools/dataset/captures/live_surveillance_20260629T1003Z/labels_ollama_review_queue.csv,tools/dataset/captures/live_surveillance_20260629T1003Z/labels_environment.csv
live_surveillance_20260629T1003Z_capture_1405,tools/dataset/captures/live_surveillance_20260629T1003Z/capture_1405.jpg,28,48,965,88,26,true,test,ollama_ocr,approved,owner-bulk-approved,2026-06-29T20:15:49+00:00,qwen3-vl:4b,aqs-five-field-v2,tools/dataset/captures/live_surveillance_20260629T1003Z/labels_ollama_review_queue.csv,tools/dataset/captures/live_surveillance_20260629T1003Z/labels_environment.csv
live_surveillance_20260629T1003Z_capture_1406,tools/dataset/captures/live_surveillance_20260629T1003Z/capture_1406.jpg,28,48,965,88,26,true,train,ollama_ocr,approved,owner-bulk-approved,2026-06-29T20:15:49+00:00,qwen3-vl:4b,aqs-five-field-v2,tools/dataset/captures/live_surveillance_20260629T1003Z/labels_ollama_review_queue.csv,tools/dataset/captures/live_surveillance_20260629T1003Z/labels_environment.csv
live_surveillance_20260629T1003Z_capture_1407,tools/dataset/captures/live_surveillance_20260629T1003Z/capture_1407.jpg,28,48,965,88,26,true,train,ollama_ocr,approved,owner-bulk-approved,2026-06-29T20:15:49+00:00,qwen3-vl:4b,aqs-five-field-v2,tools/dataset/captures/live_surveillance_20260629T1003Z/labels_ollama_review_queue.csv,tools/dataset/captures/live_surveillance_20260629T1003Z/labels_environment.csv
live_surveillance_20260629T1003Z_capture_1408,tools/dataset/captures/live_surveillance_20260629T1003Z/capture_1408.jpg,28,48,965,88,26,true,train,ollama_ocr,approved,owner-bulk-approved,2026-06-29T20:15:49+00:00,qwen3-vl:4b,aqs-five-field-v2,tools/dataset/captures/live_surveillance_20260629T1003Z/labels_ollama_review_queue.csv,tools/dataset/captures/live_surveillance_20260629T1003Z/labels_environment.csv
live_surveillance_20260629T1003Z_capture_1409,tools/dataset/captures/live_surveillance_20260629T1003Z/capture_1409.jpg,28,48,965,88,26,true,validation,ollama_ocr,approved,owner-bulk-approved,2026-06-29T20:15:49+00:00,qwen3-vl:4b,aqs-five-field-v2,tools/dataset/captures/live_surveillance_20260629T1003Z/labels_ollama_review_queue.csv,tools/dataset/captures/live_surveillance_20260629T1003Z/labels_environment.csv
live_surveillance_20260629T1003Z_capture_1410,tools/dataset/captures/live_surveillance_20260629T1003Z/capture_1410.jpg,28,48,965,88,26,true,train,ollama_ocr,approved,owner-bulk-approved,2026-06-29T20:15:49+00:00,qwen3-vl:4b,aqs-five-field-v2,tools/dataset/captures/live_surveillance_20260629T1003Z/labels_ollama_review_queue.csv,tools/dataset/captures/live_surveillance_20260629T1003Z/labels_environment.csv
live_surveillance_20260629T1003Z_capture_1411,tools/dataset/captures/live_surveillance_20260629T1003Z/capture_1411.jpg,28,48,965,88,26,true,test,ollama_ocr,approved,owner-bulk-approved,2026-06-29T20:15:49+00:00,qwen3-vl:4b,aqs-five-field-v2,tools/dataset/captures/live_surveillance_20260629T1003Z/labels_ollama_review_queue.csv,tools/dataset/captures/live_surveillance_20260629T1003Z/labels_environment.csv
live_surveillance_20260629T1003Z_capture_1412,tools/dataset/captures/live_surveillance_20260629T1003Z/capture_1412.jpg,28,48,965,88,26,true,train,ollama_ocr,approved,owner-bulk-approved,2026-06-29T20:15:49+00:00,qwen3-vl:4b,aqs-five-field-v2,tools/dataset/captures/live_surveillance_20260629T1003Z/labels_ollama_review_queue.csv,tools/dataset/captures/live_surveillance_20260629T1003Z/labels_environment.csv
live_surveillance_20260629T1003Z_capture_1413,tools/dataset/captures/live_surveillance_20260629T1003Z/capture_1413.jpg,28,48,965,88,26,true,train,ollama_ocr,approved,owner-bulk-approved,2026-06-29T20:15:49+00:00,qwen3-vl:4b,aqs-five-field-v2,tools/dataset/captures/live_surveillance_20260629T1003Z/labels_ollama_review_queue.csv,tools/dataset/captures/live_surveillance_20260629T1003Z/labels_environment.csv
live_surveillance_20260629T1003Z_capture_1414,tools/dataset/captures/live_surveillance_20260629T1003Z/capture_1414.jpg,28,48,965,88,26,true,train,ollama_ocr,approved,owner-bulk-approved,2026-06-29T20:15:49+00:00,qwen3-vl:4b,aqs-five-field-v2,tools/dataset/captures/live_surveillance_20260629T1003Z/labels_ollama_review_queue.csv,tools/dataset/captures/live_surveillance_20260629T1003Z/labels_environment.csv
live_surveillance_20260629T1003Z_capture_1415,tools/dataset/captures/live_surveillance_20260629T1003Z/capture_1415.jpg,28,48,965,88,26,true,train,ollama_ocr,approved,owner-bulk-approved,2026-06-29T20:15:49+00:00,qwen3-vl:4b,aqs-five-field-v2,tools/dataset/captures/live_surveillance_20260629T1003Z/labels_ollama_review_queue.csv,tools/dataset/captures/live_surveillance_20260629T1003Z/labels_environment.csv
live_surveillance_20260629T1003Z_capture_1416,tools/dataset/captures/live_surveillance_20260629T1003Z/capture_1416.jpg,28,48,965,88,26,true,validation,ollama_ocr,approved,owner-bulk-approved,2026-06-29T20:15:49+00:00,qwen3-vl:4b,aqs-five-field-v2,tools/dataset/captures/live_surveillance_20260629T1003Z/labels_ollama_review_queue.csv,tools/dataset/captures/live_surveillance_20260629T1003Z/labels_environment.csv
live_surveillance_20260629T1003Z_capture_1417,tools/dataset/captures/live_surveillance_20260629T1003Z/capture_1417.jpg,28,48,965,88,26,true,train,ollama_ocr,approved,owner-bulk-approved,2026-06-29T20:15:49+00:00,qwen3-vl:4b,aqs-five-field-v2,tools/dataset/captures/live_surveillance_20260629T1003Z/labels_ollama_review_queue.csv,tools/dataset/captures/live_surveillance_20260629T1003Z/labels_environment.csv
live_surveillance_20260629T1003Z_capture_1418,tools/dataset/captures/live_surveillance_20260629T1003Z/capture_1418.jpg,28,48,965,87,26,true,test,ollama_ocr,approved,owner-bulk-approved,2026-06-29T20:15:49+00:00,qwen3-vl:4b,aqs-five-field-v2,tools/dataset/captures/live_surveillance_20260629T1003Z/labels_ollama_review_queue.csv,tools/dataset/captures/live_surveillance_20260629T1003Z/labels_environment.csv
live_surveillance_20260629T1003Z_capture_1419,tools/dataset/captures/live_surveillance_20260629T1003Z/capture_1419.jpg,28,48,959,88,26,true,train,ollama_ocr,approved,owner-bulk-approved,2026-06-29T20:15:49+00:00,qwen3-vl:4b,aqs-five-field-v2,tools/dataset/captures/live_surveillance_20260629T1003Z/labels_ollama_review_queue.csv,tools/dataset/captures/live_surveillance_20260629T1003Z/labels_environment.csv
live_surveillance_20260629T1003Z_capture_1420,tools/dataset/captures/live_surveillance_20260629T1003Z/capture_1420.jpg,28,48,965,88,26,true,train,ollama_ocr,approved,owner-bulk-approved,2026-06-29T20:15:49+00:00,qwen3-vl:4b,aqs-five-field-v2,tools/dataset/captures/live_surveillance_20260629T1003Z/labels_ollama_review_queue.csv,tools/dataset/captures/live_surveillance_20260629T1003Z/labels_environment.csv
live_surveillance_20260629T1003Z_capture_1421,tools/dataset/captures/live_surveillance_20260629T1003Z/capture_1421.jpg,28,48,965,88,26,true,train,ollama_ocr,approved,owner-bulk-approved,2026-06-29T20:15:49+00:00,qwen3-vl:4b,aqs-five-field-v2,tools/dataset/captures/live_surveillance_20260629T1003Z/labels_ollama_review_queue.csv,tools/dataset/captures/live_surveillance_20260629T1003Z/labels_environment.csv
live_surveillance_20260629T1003Z_capture_1424,tools/dataset/captures/live_surveillance_20260629T1003Z/capture_1424.jpg,28,48,959,87,243,true,validation,ollama_ocr,approved,owner-bulk-approved,2026-06-29T20:15:49+00:00,qwen3-vl:4b,aqs-five-field-v2,tools/dataset/captures/live_surveillance_20260629T1003Z/labels_ollama_review_queue.csv,tools/dataset/captures/live_surveillance_20260629T1003Z/labels_environment.csv
live_surveillance_20260629T1003Z_capture_1425,tools/dataset/captures/live_surveillance_20260629T1003Z/capture_1425.jpg,28,48,959,87,243,true,train,ollama_ocr,approved,owner-bulk-approved,2026-06-29T20:15:49+00:00,qwen3-vl:4b,aqs-five-field-v2,tools/dataset/captures/live_surveillance_20260629T1003Z/labels_ollama_review_queue.csv,tools/dataset/captures/live_surveillance_20260629T1003Z/labels_environment.csv
live_surveillance_20260629T1003Z_capture_1426,tools/dataset/captures/live_surveillance_20260629T1003Z/capture_1426.jpg,28,48,959,87,243,true,train,ollama_ocr,approved,owner-bulk-approved,2026-06-29T20:15:49+00:00,qwen3-vl:4b,aqs-five-field-v2,tools/dataset/captures/live_surveillance_20260629T1003Z/labels_ollama_review_queue.csv,tools/dataset/captures/live_surveillance_20260629T1003Z/labels_environment.csv
live_surveillance_20260629T1003Z_capture_1434,tools/dataset/captures/live_surveillance_20260629T1003Z/capture_1434.jpg,28,48,959,88,43,true,test,ollama_ocr,approved,owner-bulk-approved,2026-06-29T20:15:49+00:00,qwen3-vl:4b,aqs-five-field-v2,tools/dataset/captures/live_surveillance_20260629T1003Z/labels_ollama_review_queue.csv,tools/dataset/captures/live_surveillance_20260629T1003Z/labels_environment.csv
live_surveillance_20260629T1003Z_capture_1435,tools/dataset/captures/live_surveillance_20260629T1003Z/capture_1435.jpg,28,48,965,88,26,true,train,ollama_ocr,approved,owner-bulk-approved,2026-06-29T20:15:49+00:00,qwen3-vl:4b,aqs-five-field-v2,tools/dataset/captures/live_surveillance_20260629T1003Z/labels_ollama_review_queue.csv,tools/dataset/captures/live_surveillance_20260629T1003Z/labels_environment.csv
live_surveillance_20260629T1003Z_capture_1436,tools/dataset/captures/live_surveillance_20260629T1003Z/capture_1436.jpg,28,48,959,87,26,true,train,ollama_ocr,approved,owner-bulk-approved,2026-06-29T20:15:49+00:00,qwen3-vl:4b,aqs-five-field-v2,tools/dataset/captures/live_surveillance_20260629T1003Z/labels_ollama_review_queue.csv,tools/dataset/captures/live_surveillance_20260629T1003Z/labels_environment.csv
live_surveillance_20260629T1003Z_capture_1437,tools/dataset/captures/live_surveillance_20260629T1003Z/capture_1437.jpg,28,48,959,88,26,true,train,ollama_ocr,approved,owner-bulk-approved,2026-06-29T20:15:49+00:00,qwen3-vl:4b,aqs-five-field-v2,tools/dataset/captures/live_surveillance_20260629T1003Z/labels_ollama_review_queue.csv,tools/dataset/captures/live_surveillance_20260629T1003Z/labels_environment.csv
live_surveillance_20260629T1003Z_capture_1447,tools/dataset/captures/live_surveillance_20260629T1003Z/capture_1447.jpg,28,48,965,88,26,true,validation,ollama_ocr,approved,owner-bulk-approved,2026-06-29T20:15:49+00:00,qwen3-vl:4b,aqs-five-field-v2,tools/dataset/captures/live_surveillance_20260629T1003Z/labels_ollama_review_queue.csv,tools/dataset/captures/live_surveillance_20260629T1003Z/labels_environment.csv
live_surveillance_20260629T1003Z_capture_1448,tools/dataset/captures/live_surveillance_20260629T1003Z/capture_1448.jpg,28,48,965,88,26,true,train,ollama_ocr,approved,owner-bulk-approved,2026-06-29T20:15:49+00:00,qwen3-vl:4b,aqs-five-field-v2,tools/dataset/captures/live_surveillance_20260629T1003Z/labels_ollama_review_queue.csv,tools/dataset/captures/live_surveillance_20260629T1003Z/labels_environment.csv
live_surveillance_20260629T1003Z_capture_1449,tools/dataset/captures/live_surveillance_20260629T1003Z/capture_1449.jpg,28,48,965,88,26,true,test,ollama_ocr,approved,owner-bulk-approved,2026-06-29T20:15:49+00:00,qwen3-vl:4b,aqs-five-field-v2,tools/dataset/captures/live_surveillance_20260629T1003Z/labels_ollama_review_queue.csv,tools/dataset/captures/live_surveillance_20260629T1003Z/labels_environment.csv
live_surveillance_20260629T1003Z_capture_1450,tools/dataset/captures/live_surveillance_20260629T1003Z/capture_1450.jpg,28,48,965,88,26,true,train,ollama_ocr,approved,owner-bulk-approved,2026-06-29T20:15:49+00:00,qwen3-vl:4b,aqs-five-field-v2,tools/dataset/captures/live_surveillance_20260629T1003Z/labels_ollama_review_queue.csv,tools/dataset/captures/live_surveillance_20260629T1003Z/labels_environment.csv
live_surveillance_20260629T1003Z_capture_1451,tools/dataset/captures/live_surveillance_20260629T1003Z/capture_1451.jpg,28,48,965,88,26,true,train,ollama_ocr,approved,owner-bulk-approved,2026-06-29T20:15:49+00:00,qwen3-vl:4b,aqs-five-field-v2,tools/dataset/captures/live_surveillance_20260629T1003Z/labels_ollama_review_queue.csv,tools/dataset/captures/live_surveillance_20260629T1003Z/labels_environment.csv
live_surveillance_20260629T1003Z_capture_1452,tools/dataset/captures/live_surveillance_20260629T1003Z/capture_1452.jpg,28,48,965,88,26,true,train,ollama_ocr,approved,owner-bulk-approved,2026-06-29T20:15:49+00:00,qwen3-vl:4b,aqs-five-field-v2,tools/dataset/captures/live_surveillance_20260629T1003Z/labels_ollama_review_queue.csv,tools/dataset/captures/live_surveillance_20260629T1003Z/labels_environment.csv
live_surveillance_20260629T1003Z_capture_1453,tools/dataset/captures/live_surveillance_20260629T1003Z/capture_1453.jpg,28,48,965,87,26,true,train,ollama_ocr,approved,owner-bulk-approved,2026-06-29T20:15:49+00:00,qwen3-vl:4b,aqs-five-field-v2,tools/dataset/captures/live_surveillance_20260629T1003Z/labels_ollama_review_queue.csv,tools/dataset/captures/live_surveillance_20260629T1003Z/labels_environment.csv
live_surveillance_20260629T1003Z_capture_1455,tools/dataset/captures/live_surveillance_20260629T1003Z/capture_1455.jpg,28,48,965,88,26,true,validation,ollama_ocr,approved,owner-bulk-approved,2026-06-29T20:15:49+00:00,qwen3-vl:4b,aqs-five-field-v2,tools/dataset/captures/live_surveillance_20260629T1003Z/labels_ollama_review_queue.csv,tools/dataset/captures/live_surveillance_20260629T1003Z/labels_environment.csv
live_surveillance_20260629T1003Z_capture_1456,tools/dataset/captures/live_surveillance_20260629T1003Z/capture_1456.jpg,28,48,965,88,26,true,train,ollama_ocr,approved,owner-bulk-approved,2026-06-29T20:15:49+00:00,qwen3-vl:4b,aqs-five-field-v2,tools/dataset/captures/live_surveillance_20260629T1003Z/labels_ollama_review_queue.csv,tools/dataset/captures/live_surveillance_20260629T1003Z/labels_environment.csv
live_surveillance_20260629T1003Z_capture_1457,tools/dataset/captures/live_surveillance_20260629T1003Z/capture_1457.jpg,28,48,965,88,26,true,test,ollama_ocr,approved,owner-bulk-approved,2026-06-29T20:15:49+00:00,qwen3-vl:4b,aqs-five-field-v2,tools/dataset/captures/live_surveillance_20260629T1003Z/labels_ollama_review_queue.csv,tools/dataset/captures/live_surveillance_20260629T1003Z/labels_environment.csv
live_surveillance_20260629T1003Z_capture_1458,tools/dataset/captures/live_surveillance_20260629T1003Z/capture_1458.jpg,28,48,965,88,26,true,train,ollama_ocr,approved,owner-bulk-approved,2026-06-29T20:15:49+00:00,qwen3-vl:4b,aqs-five-field-v2,tools/dataset/captures/live_surveillance_20260629T1003Z/labels_ollama_review_queue.csv,tools/dataset/captures/live_surveillance_20260629T1003Z/labels_environment.csv
live_surveillance_20260629T1003Z_capture_1523,tools/dataset/captures/live_surveillance_20260629T1003Z/capture_1523.jpg,23,45,400,13,36,true,train,ollama_ocr,approved,owner-bulk-approved,2026-06-29T20:15:49+00:00,qwen3-vl:4b,aqs-five-field-v2,tools/dataset/captures/live_surveillance_20260629T1003Z/labels_ollama_review_queue.csv,tools/dataset/captures/live_surveillance_20260629T1003Z/labels_environment.csv
live_surveillance_20260629T1003Z_capture_1524,tools/dataset/captures/live_surveillance_20260629T1003Z/capture_1524.jpg,23,45,400,13,36,true,train,ollama_ocr,approved,owner-bulk-approved,2026-06-29T20:15:49+00:00,qwen3-vl:4b,aqs-five-field-v2,tools/dataset/captures/live_surveillance_20260629T1003Z/labels_ollama_review_queue.csv,tools/dataset/captures/live_surveillance_20260629T1003Z/labels_environment.csv
live_surveillance_20260629T1003Z_capture_1525,tools/dataset/captures/live_surveillance_20260629T1003Z/capture_1525.jpg,23,45,400,13,36,true,validation,ollama_ocr,approved,owner-bulk-approved,2026-06-29T20:15:49+00:00,qwen3-vl:4b,aqs-five-field-v2,tools/dataset/captures/live_surveillance_20260629T1003Z/labels_ollama_review_queue.csv,tools/dataset/captures/live_surveillance_20260629T1003Z/labels_environment.csv
live_surveillance_20260629T1003Z_capture_1526,tools/dataset/captures/live_surveillance_20260629T1003Z/capture_1526.jpg,23,45,400,13,36,true,train,ollama_ocr,approved,owner-bulk-approved,2026-06-29T20:15:49+00:00,qwen3-vl:4b,aqs-five-field-v2,tools/dataset/captures/live_surveillance_20260629T1003Z/labels_ollama_review_queue.csv,tools/dataset/captures/live_surveillance_20260629T1003Z/labels_environment.csv
live_surveillance_20260629T1003Z_capture_1527,tools/dataset/captures/live_surveillance_20260629T1003Z/capture_1527.jpg,23,45,456,13,36,true,train,ollama_ocr,approved,owner-bulk-approved,2026-06-29T20:15:49+00:00,qwen3-vl:4b,aqs-five-field-v2,tools/dataset/captures/live_surveillance_20260629T1003Z/labels_ollama_review_queue.csv,tools/dataset/captures/live_surveillance_20260629T1003Z/labels_environment.csv
live_surveillance_20260629T1003Z_capture_1528,tools/dataset/captures/live_surveillance_20260629T1003Z/capture_1528.jpg,23,45,400,13,36,true,test,ollama_ocr,approved,owner-bulk-approved,2026-06-29T20:15:49+00:00,qwen3-vl:4b,aqs-five-field-v2,tools/dataset/captures/live_surveillance_20260629T1003Z/labels_ollama_review_queue.csv,tools/dataset/captures/live_surveillance_20260629T1003Z/labels_environment.csv
live_surveillance_20260629T1003Z_capture_1531,tools/dataset/captures/live_surveillance_20260629T1003Z/capture_1531.jpg,23,45,456,13,36,true,train,ollama_ocr,approved,owner-bulk-approved,2026-06-29T20:15:49+00:00,qwen3-vl:4b,aqs-five-field-v2,tools/dataset/captures/live_surveillance_20260629T1003Z/labels_ollama_review_queue.csv,tools/dataset/captures/live_surveillance_20260629T1003Z/labels_environment.csv
live_surveillance_20260629T1003Z_capture_1532,tools/dataset/captures/live_surveillance_20260629T1003Z/capture_1532.jpg,23,45,456,13,36,true,train,ollama_ocr,approved,owner-bulk-approved,2026-06-29T20:15:49+00:00,qwen3-vl:4b,aqs-five-field-v2,tools/dataset/captures/live_surveillance_20260629T1003Z/labels_ollama_review_queue.csv,tools/dataset/captures/live_surveillance_20260629T1003Z/labels_environment.csv
live_surveillance_20260629T1003Z_capture_1533,tools/dataset/captures/live_surveillance_20260629T1003Z/capture_1533.jpg,23,45,400,13,36,true,train,ollama_ocr,approved,owner-bulk-approved,2026-06-29T20:15:49+00:00,qwen3-vl:4b,aqs-five-field-v2,tools/dataset/captures/live_surveillance_20260629T1003Z/labels_ollama_review_queue.csv,tools/dataset/captures/live_surveillance_20260629T1003Z/labels_environment.csv
live_surveillance_20260629T1003Z_capture_1534,tools/dataset/captures/live_surveillance_20260629T1003Z/capture_1534.jpg,23,45,400,13,36,true,validation,ollama_ocr,approved,owner-bulk-approved,2026-06-29T20:15:49+00:00,qwen3-vl:4b,aqs-five-field-v2,tools/dataset/captures/live_surveillance_20260629T1003Z/labels_ollama_review_queue.csv,tools/dataset/captures/live_surveillance_20260629T1003Z/labels_environment.csv
live_surveillance_20260629T1003Z_capture_1535,tools/dataset/captures/live_surveillance_20260629T1003Z/capture_1535.jpg,23,45,456,13,36,true,train,ollama_ocr,approved,owner-bulk-approved,2026-06-29T20:15:49+00:00,qwen3-vl:4b,aqs-five-field-v2,tools/dataset/captures/live_surveillance_20260629T1003Z/labels_ollama_review_queue.csv,tools/dataset/captures/live_surveillance_20260629T1003Z/labels_environment.csv
live_surveillance_20260629T1003Z_capture_1536,tools/dataset/captures/live_surveillance_20260629T1003Z/capture_1536.jpg,23,45,400,13,36,true,test,ollama_ocr,approved,owner-bulk-approved,2026-06-29T20:15:49+00:00,qwen3-vl:4b,aqs-five-field-v2,tools/dataset/captures/live_surveillance_20260629T1003Z/labels_ollama_review_queue.csv,tools/dataset/captures/live_surveillance_20260629T1003Z/labels_environment.csv
live_surveillance_20260629T1003Z_capture_1537,tools/dataset/captures/live_surveillance_20260629T1003Z/capture_1537.jpg,23,45,400,13,36,true,train,ollama_ocr,approved,owner-bulk-approved,2026-06-29T20:15:49+00:00,qwen3-vl:4b,aqs-five-field-v2,tools/dataset/captures/live_surveillance_20260629T1003Z/labels_ollama_review_queue.csv,tools/dataset/captures/live_surveillance_20260629T1003Z/labels_environment.csv
live_surveillance_20260629T1003Z_capture_1538,tools/dataset/captures/live_surveillance_20260629T1003Z/capture_1538.jpg,23,45,400,13,36,true,train,ollama_ocr,approved,owner-bulk-approved,2026-06-29T20:15:49+00:00,qwen3-vl:4b,aqs-five-field-v2,tools/dataset/captures/live_surveillance_20260629T1003Z/labels_ollama_review_queue.csv,tools/dataset/captures/live_surveillance_20260629T1003Z/labels_environment.csv
live_surveillance_20260629T1003Z_capture_1539,tools/dataset/captures/live_surveillance_20260629T1003Z/capture_1539.jpg,23,45,400,13,36,true,train,ollama_ocr,approved,owner-bulk-approved,2026-06-29T20:15:49+00:00,qwen3-vl:4b,aqs-five-field-v2,tools/dataset/captures/live_surveillance_20260629T1003Z/labels_ollama_review_queue.csv,tools/dataset/captures/live_surveillance_20260629T1003Z/labels_environment.csv
live_surveillance_20260629T1003Z_capture_1540,tools/dataset/captures/live_surveillance_20260629T1003Z/capture_1540.jpg,23,45,456,13,36,true,train,ollama_ocr,approved,owner-bulk-approved,2026-06-29T20:15:49+00:00,qwen3-vl:4b,aqs-five-field-v2,tools/dataset/captures/live_surveillance_20260629T1003Z/labels_ollama_review_queue.csv,tools/dataset/captures/live_surveillance_20260629T1003Z/labels_environment.csv
live_surveillance_20260629T1003Z_capture_1541,tools/dataset/captures/live_surveillance_20260629T1003Z/capture_1541.jpg,23,45,400,13,36,true,validation,ollama_ocr,approved,owner-bulk-approved,2026-06-29T20:15:49+00:00,qwen3-vl:4b,aqs-five-field-v2,tools/dataset/captures/live_surveillance_20260629T1003Z/labels_ollama_review_queue.csv,tools/dataset/captures/live_surveillance_20260629T1003Z/labels_environment.csv
live_surveillance_20260629T1003Z_capture_1542,tools/dataset/captures/live_surveillance_20260629T1003Z/capture_1542.jpg,23,45,400,13,36,true,train,ollama_ocr,approved,owner-bulk-approved,2026-06-29T20:15:49+00:00,qwen3-vl:4b,aqs-five-field-v2,tools/dataset/captures/live_surveillance_20260629T1003Z/labels_ollama_review_queue.csv,tools/dataset/captures/live_surveillance_20260629T1003Z/labels_environment.csv
live_surveillance_20260629T1003Z_capture_1543,tools/dataset/captures/live_surveillance_20260629T1003Z/capture_1543.jpg,23,45,400,13,36,true,test,ollama_ocr,approved,owner-bulk-approved,2026-06-29T20:15:49+00:00,qwen3-vl:4b,aqs-five-field-v2,tools/dataset/captures/live_surveillance_20260629T1003Z/labels_ollama_review_queue.csv,tools/dataset/captures/live_surveillance_20260629T1003Z/labels_environment.csv
live_surveillance_20260629T1003Z_capture_1544,tools/dataset/captures/live_surveillance_20260629T1003Z/capture_1544.jpg,23,45,400,13,36,true,train,ollama_ocr,approved,owner-bulk-approved,2026-06-29T20:15:49+00:00,qwen3-vl:4b,aqs-five-field-v2,tools/dataset/captures/live_surveillance_20260629T1003Z/labels_ollama_review_queue.csv,tools/dataset/captures/live_surveillance_20260629T1003Z/labels_environment.csv
live_surveillance_20260629T1003Z_capture_1549,tools/dataset/captures/live_surveillance_20260629T1003Z/capture_1549.jpg,23,45,400,13,36,true,train,ollama_ocr,approved,owner-bulk-approved,2026-06-29T20:15:49+00:00,qwen3-vl:4b,aqs-five-field-v2,tools/dataset/captures/live_surveillance_20260629T1003Z/labels_ollama_review_queue.csv,tools/dataset/captures/live_surveillance_20260629T1003Z/labels_environment.csv
live_surveillance_20260629T1003Z_capture_1554,tools/dataset/captures/live_surveillance_20260629T1003Z/capture_1554.jpg,23,45,400,13,36,true,train,ollama_ocr,approved,owner-bulk-approved,2026-06-29T20:15:49+00:00,qwen3-vl:4b,aqs-five-field-v2,tools/dataset/captures/live_surveillance_20260629T1003Z/labels_ollama_review_queue.csv,tools/dataset/captures/live_surveillance_20260629T1003Z/labels_environment.csv
live_surveillance_20260629T1003Z_capture_1555,tools/dataset/captures/live_surveillance_20260629T1003Z/capture_1555.jpg,23,45,400,13,36,true,validation,ollama_ocr,approved,owner-bulk-approved,2026-06-29T20:15:49+00:00,qwen3-vl:4b,aqs-five-field-v2,tools/dataset/captures/live_surveillance_20260629T1003Z/labels_ollama_review_queue.csv,tools/dataset/captures/live_surveillance_20260629T1003Z/labels_environment.csv
live_surveillance_20260629T1003Z_capture_1556,tools/dataset/captures/live_surveillance_20260629T1003Z/capture_1556.jpg,23,45,400,13,36,true,train,ollama_ocr,approved,owner-bulk-approved,2026-06-29T20:15:49+00:00,qwen3-vl:4b,aqs-five-field-v2,tools/dataset/captures/live_surveillance_20260629T1003Z/labels_ollama_review_queue.csv,tools/dataset/captures/live_surveillance_20260629T1003Z/labels_environment.csv
live_surveillance_20260629T1003Z_capture_1558,tools/dataset/captures/live_surveillance_20260629T1003Z/capture_1558.jpg,23,45,400,13,36,true,train,ollama_ocr,approved,owner-bulk-approved,2026-06-29T20:15:49+00:00,qwen3-vl:4b,aqs-five-field-v2,tools/dataset/captures/live_surveillance_20260629T1003Z/labels_ollama_review_queue.csv,tools/dataset/captures/live_surveillance_20260629T1003Z/labels_environment.csv
live_surveillance_20260629T1003Z_capture_1562,tools/dataset/captures/live_surveillance_20260629T1003Z/capture_1562.jpg,23,45,456,13,36,true,test,ollama_ocr,approved,owner-bulk-approved,2026-06-29T20:15:49+00:00,qwen3-vl:4b,aqs-five-field-v2,tools/dataset/captures/live_surveillance_20260629T1003Z/labels_ollama_review_queue.csv,tools/dataset/captures/live_surveillance_20260629T1003Z/labels_environment.csv
live_surveillance_20260629T1003Z_capture_1565,tools/dataset/captures/live_surveillance_20260629T1003Z/capture_1565.jpg,23,45,400,13,36,true,train,ollama_ocr,approved,owner-bulk-approved,2026-06-29T20:15:49+00:00,qwen3-vl:4b,aqs-five-field-v2,tools/dataset/captures/live_surveillance_20260629T1003Z/labels_ollama_review_queue.csv,tools/dataset/captures/live_surveillance_20260629T1003Z/labels_environment.csv
live_surveillance_20260629T1003Z_capture_1567,tools/dataset/captures/live_surveillance_20260629T1003Z/capture_1567.jpg,23,45,456,13,36,true,train,ollama_ocr,approved,owner-bulk-approved,2026-06-29T20:15:49+00:00,qwen3-vl:4b,aqs-five-field-v2,tools/dataset/captures/live_surveillance_20260629T1003Z/labels_ollama_review_queue.csv,tools/dataset/captures/live_surveillance_20260629T1003Z/labels_environment.csv
live_surveillance_20260629T1003Z_capture_1569,tools/dataset/captures/live_surveillance_20260629T1003Z/capture_1569.jpg,23,45,400,13,36,true,train,ollama_ocr,approved,owner-bulk-approved,2026-06-29T20:15:49+00:00,qwen3-vl:4b,aqs-five-field-v2,tools/dataset/captures/live_surveillance_20260629T1003Z/labels_ollama_review_queue.csv,tools/dataset/captures/live_surveillance_20260629T1003Z/labels_environment.csv
live_surveillance_20260629T1003Z_capture_1582,tools/dataset/captures/live_surveillance_20260629T1003Z/capture_1582.jpg,23,45,400,13,36,true,validation,ollama_ocr,approved,owner-bulk-approved,2026-06-29T20:15:49+00:00,qwen3-vl:4b,aqs-five-field-v2,tools/dataset/captures/live_surveillance_20260629T1003Z/labels_ollama_review_queue.csv,tools/dataset/captures/live_surveillance_20260629T1003Z/labels_environment.csv
live_surveillance_20260629T1003Z_capture_1583,tools/dataset/captures/live_surveillance_20260629T1003Z/capture_1583.jpg,23,45,400,13,36,true,train,ollama_ocr,approved,owner-bulk-approved,2026-06-29T20:15:49+00:00,qwen3-vl:4b,aqs-five-field-v2,tools/dataset/captures/live_surveillance_20260629T1003Z/labels_ollama_review_queue.csv,tools/dataset/captures/live_surveillance_20260629T1003Z/labels_environment.csv
live_surveillance_20260629T1003Z_capture_1584,tools/dataset/captures/live_surveillance_20260629T1003Z/capture_1584.jpg,23,45,456,13,36,true,test,ollama_ocr,approved,owner-bulk-approved,2026-06-29T20:15:49+00:00,qwen3-vl:4b,aqs-five-field-v2,tools/dataset/captures/live_surveillance_20260629T1003Z/labels_ollama_review_queue.csv,tools/dataset/captures/live_surveillance_20260629T1003Z/labels_environment.csv
live_surveillance_20260629T1003Z_capture_1585,tools/dataset/captures/live_surveillance_20260629T1003Z/capture_1585.jpg,23,45,400,13,36,true,train,ollama_ocr,approved,owner-bulk-approved,2026-06-29T20:15:49+00:00,qwen3-vl:4b,aqs-five-field-v2,tools/dataset/captures/live_surveillance_20260629T1003Z/labels_ollama_review_queue.csv,tools/dataset/captures/live_surveillance_20260629T1003Z/labels_environment.csv
live_surveillance_20260629T1003Z_capture_1588,tools/dataset/captures/live_surveillance_20260629T1003Z/capture_1588.jpg,23,45,400,13,36,true,train,ollama_ocr,approved,owner-bulk-approved,2026-06-29T20:15:49+00:00,qwen3-vl:4b,aqs-five-field-v2,tools/dataset/captures/live_surveillance_20260629T1003Z/labels_ollama_review_queue.csv,tools/dataset/captures/live_surveillance_20260629T1003Z/labels_environment.csv
live_surveillance_20260629T1003Z_capture_1589,tools/dataset/captures/live_surveillance_20260629T1003Z/capture_1589.jpg,23,45,400,13,36,true,train,ollama_ocr,approved,owner-bulk-approved,2026-06-29T20:15:49+00:00,qwen3-vl:4b,aqs-five-field-v2,tools/dataset/captures/live_surveillance_20260629T1003Z/labels_ollama_review_queue.csv,tools/dataset/captures/live_surveillance_20260629T1003Z/labels_environment.csv
live_surveillance_20260629T1003Z_capture_1590,tools/dataset/captures/live_surveillance_20260629T1003Z/capture_1590.jpg,23,45,400,13,36,true,train,ollama_ocr,approved,owner-bulk-approved,2026-06-29T20:15:49+00:00,qwen3-vl:4b,aqs-five-field-v2,tools/dataset/captures/live_surveillance_20260629T1003Z/labels_ollama_review_queue.csv,tools/dataset/captures/live_surveillance_20260629T1003Z/labels_environment.csv
live_surveillance_20260629T1003Z_capture_1596,tools/dataset/captures/live_surveillance_20260629T1003Z/capture_1596.jpg,23,45,400,13,36,true,validation,ollama_ocr,approved,owner-bulk-approved,2026-06-29T20:15:49+00:00,qwen3-vl:4b,aqs-five-field-v2,tools/dataset/captures/live_surveillance_20260629T1003Z/labels_ollama_review_queue.csv,tools/dataset/captures/live_surveillance_20260629T1003Z/labels_environment.csv
live_surveillance_20260629T1003Z_capture_1597,tools/dataset/captures/live_surveillance_20260629T1003Z/capture_1597.jpg,23,45,400,13,36,true,train,ollama_ocr,approved,owner-bulk-approved,2026-06-29T20:15:49+00:00,qwen3-vl:4b,aqs-five-field-v2,tools/dataset/captures/live_surveillance_20260629T1003Z/labels_ollama_review_queue.csv,tools/dataset/captures/live_surveillance_20260629T1003Z/labels_environment.csv
live_surveillance_20260629T1003Z_capture_1598,tools/dataset/captures/live_surveillance_20260629T1003Z/capture_1598.jpg,23,45,400,13,36,true,test,ollama_ocr,approved,owner-bulk-approved,2026-06-29T20:15:49+00:00,qwen3-vl:4b,aqs-five-field-v2,tools/dataset/captures/live_surveillance_20260629T1003Z/labels_ollama_review_queue.csv,tools/dataset/captures/live_surveillance_20260629T1003Z/labels_environment.csv
live_surveillance_20260629T1003Z_capture_1599,tools/dataset/captures/live_surveillance_20260629T1003Z/capture_1599.jpg,23,45,456,13,36,true,train,ollama_ocr,approved,owner-bulk-approved,2026-06-29T20:15:49+00:00,qwen3-vl:4b,aqs-five-field-v2,tools/dataset/captures/live_surveillance_20260629T1003Z/labels_ollama_review_queue.csv,tools/dataset/captures/live_surveillance_20260629T1003Z/labels_environment.csv
live_surveillance_20260629T1003Z_capture_1600,tools/dataset/captures/live_surveillance_20260629T1003Z/capture_1600.jpg,23,45,400,13,36,true,train,ollama_ocr,approved,owner-bulk-approved,2026-06-29T20:15:49+00:00,qwen3-vl:4b,aqs-five-field-v2,tools/dataset/captures/live_surveillance_20260629T1003Z/labels_ollama_review_queue.csv,tools/dataset/captures/live_surveillance_20260629T1003Z/labels_environment.csv
live_surveillance_20260629T1003Z_capture_1601,tools/dataset/captures/live_surveillance_20260629T1003Z/capture_1601.jpg,23,45,400,13,36,true,train,ollama_ocr,approved,owner-bulk-approved,2026-06-29T20:15:49+00:00,qwen3-vl:4b,aqs-five-field-v2,tools/dataset/captures/live_surveillance_20260629T1003Z/labels_ollama_review_queue.csv,tools/dataset/captures/live_surveillance_20260629T1003Z/labels_environment.csv
live_surveillance_20260629T1003Z_capture_1602,tools/dataset/captures/live_surveillance_20260629T1003Z/capture_1602.jpg,23,45,400,13,36,true,validation,ollama_ocr,approved,owner-bulk-approved,2026-06-29T20:15:49+00:00,qwen3-vl:4b,aqs-five-field-v2,tools/dataset/captures/live_surveillance_20260629T1003Z/labels_ollama_review_queue.csv,tools/dataset/captures/live_surveillance_20260629T1003Z/labels_environment.csv
live_surveillance_20260629T1003Z_capture_1603,tools/dataset/captures/live_surveillance_20260629T1003Z/capture_1603.jpg,23,45,456,13,36,true,train,ollama_ocr,approved,owner-bulk-approved,2026-06-29T20:15:49+00:00,qwen3-vl:4b,aqs-five-field-v2,tools/dataset/captures/live_surveillance_20260629T1003Z/labels_ollama_review_queue.csv,tools/dataset/captures/live_surveillance_20260629T1003Z/labels_environment.csv
live_surveillance_20260629T1003Z_capture_1604,tools/dataset/captures/live_surveillance_20260629T1003Z/capture_1604.jpg,23,45,400,13,36,true,train,ollama_ocr,approved,owner-bulk-approved,2026-06-29T20:15:49+00:00,qwen3-vl:4b,aqs-five-field-v2,tools/dataset/captures/live_surveillance_20260629T1003Z/labels_ollama_review_queue.csv,tools/dataset/captures/live_surveillance_20260629T1003Z/labels_environment.csv
live_surveillance_20260629T1003Z_capture_1606,tools/dataset/captures/live_surveillance_20260629T1003Z/capture_1606.jpg,23,45,400,13,36,true,test,ollama_ocr,approved,owner-bulk-approved,2026-06-29T20:15:49+00:00,qwen3-vl:4b,aqs-five-field-v2,tools/dataset/captures/live_surveillance_20260629T1003Z/labels_ollama_review_queue.csv,tools/dataset/captures/live_surveillance_20260629T1003Z/labels_environment.csv
live_surveillance_20260629T1003Z_capture_1607,tools/dataset/captures/live_surveillance_20260629T1003Z/capture_1607.jpg,23,45,456,13,36,true,train,ollama_ocr,approved,owner-bulk-approved,2026-06-29T20:15:49+00:00,qwen3-vl:4b,aqs-five-field-v2,tools/dataset/captures/live_surveillance_20260629T1003Z/labels_ollama_review_queue.csv,tools/dataset/captures/live_surveillance_20260629T1003Z/labels_environment.csv
live_surveillance_20260629T1003Z_capture_1608,tools/dataset/captures/live_surveillance_20260629T1003Z/capture_1608.jpg,23,45,400,13,36,true,train,ollama_ocr,approved,owner-bulk-approved,2026-06-29T20:15:49+00:00,qwen3-vl:4b,aqs-five-field-v2,tools/dataset/captures/live_surveillance_20260629T1003Z/labels_ollama_review_queue.csv,tools/dataset/captures/live_surveillance_20260629T1003Z/labels_environment.csv
live_surveillance_20260629T1003Z_capture_1609,tools/dataset/captures/live_surveillance_20260629T1003Z/capture_1609.jpg,23,45,400,13,36,true,train,ollama_ocr,approved,owner-bulk-approved,2026-06-29T20:15:49+00:00,qwen3-vl:4b,aqs-five-field-v2,tools/dataset/captures/live_surveillance_20260629T1003Z/labels_ollama_review_queue.csv,tools/dataset/captures/live_surveillance_20260629T1003Z/labels_environment.csv
live_surveillance_20260629T1003Z_capture_1610,tools/dataset/captures/live_surveillance_20260629T1003Z/capture_1610.jpg,23,45,400,13,36,true,validation,ollama_ocr,approved,owner-bulk-approved,2026-06-29T20:15:49+00:00,qwen3-vl:4b,aqs-five-field-v2,tools/dataset/captures/live_surveillance_20260629T1003Z/labels_ollama_review_queue.csv,tools/dataset/captures/live_surveillance_20260629T1003Z/labels_environment.csv
live_surveillance_20260629T1003Z_capture_1611,tools/dataset/captures/live_surveillance_20260629T1003Z/capture_1611.jpg,23,45,400,13,36,true,train,ollama_ocr,approved,owner-bulk-approved,2026-06-29T20:15:49+00:00,qwen3-vl:4b,aqs-five-field-v2,tools/dataset/captures/live_surveillance_20260629T1003Z/labels_ollama_review_queue.csv,tools/dataset/captures/live_surveillance_20260629T1003Z/labels_environment.csv
live_surveillance_20260629T1003Z_capture_1612,tools/dataset/captures/live_surveillance_20260629T1003Z/capture_1612.jpg,23,45,400,13,36,true,test,ollama_ocr,approved,owner-bulk-approved,2026-06-29T20:15:49+00:00,qwen3-vl:4b,aqs-five-field-v2,tools/dataset/captures/live_surveillance_20260629T1003Z/labels_ollama_review_queue.csv,tools/dataset/captures/live_surveillance_20260629T1003Z/labels_environment.csv
live_surveillance_20260629T1003Z_capture_1613,tools/dataset/captures/live_surveillance_20260629T1003Z/capture_1613.jpg,23,45,400,13,36,true,train,ollama_ocr,approved,owner-bulk-approved,2026-06-29T20:15:49+00:00,qwen3-vl:4b,aqs-five-field-v2,tools/dataset/captures/live_surveillance_20260629T1003Z/labels_ollama_review_queue.csv,tools/dataset/captures/live_surveillance_20260629T1003Z/labels_environment.csv
live_surveillance_20260629T1003Z_capture_1614,tools/dataset/captures/live_surveillance_20260629T1003Z/capture_1614.jpg,23,45,400,13,36,true,train,ollama_ocr,approved,owner-bulk-approved,2026-06-29T20:15:49+00:00,qwen3-vl:4b,aqs-five-field-v2,tools/dataset/captures/live_surveillance_20260629T1003Z/labels_ollama_review_queue.csv,tools/dataset/captures/live_surveillance_20260629T1003Z/labels_environment.csv
live_surveillance_20260629T1003Z_capture_1615,tools/dataset/captures/live_surveillance_20260629T1003Z/capture_1615.jpg,23,45,400,13,36,true,train,ollama_ocr,approved,owner-bulk-approved,2026-06-29T20:15:49+00:00,qwen3-vl:4b,aqs-five-field-v2,tools/dataset/captures/live_surveillance_20260629T1003Z/labels_ollama_review_queue.csv,tools/dataset/captures/live_surveillance_20260629T1003Z/labels_environment.csv
live_surveillance_20260629T1003Z_capture_1616,tools/dataset/captures/live_surveillance_20260629T1003Z/capture_1616.jpg,23,45,400,13,36,true,train,ollama_ocr,approved,owner-bulk-approved,2026-06-29T20:15:49+00:00,qwen3-vl:4b,aqs-five-field-v2,tools/dataset/captures/live_surveillance_20260629T1003Z/labels_ollama_review_queue.csv,tools/dataset/captures/live_surveillance_20260629T1003Z/labels_environment.csv
live_surveillance_20260629T1003Z_capture_1617,tools/dataset/captures/live_surveillance_20260629T1003Z/capture_1617.jpg,23,45,456,13,36,true,validation,ollama_ocr,approved,owner-bulk-approved,2026-06-29T20:15:49+00:00,qwen3-vl:4b,aqs-five-field-v2,tools/dataset/captures/live_surveillance_20260629T1003Z/labels_ollama_review_queue.csv,tools/dataset/captures/live_surveillance_20260629T1003Z/labels_environment.csv
live_surveillance_20260629T1003Z_capture_1618,tools/dataset/captures/live_surveillance_20260629T1003Z/capture_1618.jpg,23,45,456,13,36,true,train,ollama_ocr,approved,owner-bulk-approved,2026-06-29T20:15:49+00:00,qwen3-vl:4b,aqs-five-field-v2,tools/dataset/captures/live_surveillance_20260629T1003Z/labels_ollama_review_queue.csv,tools/dataset/captures/live_surveillance_20260629T1003Z/labels_environment.csv
live_surveillance_20260629T1003Z_capture_1619,tools/dataset/captures/live_surveillance_20260629T1003Z/capture_1619.jpg,23,45,400,13,36,true,test,ollama_ocr,approved,owner-bulk-approved,2026-06-29T20:15:49+00:00,qwen3-vl:4b,aqs-five-field-v2,tools/dataset/captures/live_surveillance_20260629T1003Z/labels_ollama_review_queue.csv,tools/dataset/captures/live_surveillance_20260629T1003Z/labels_environment.csv
live_surveillance_20260629T1003Z_capture_1620,tools/dataset/captures/live_surveillance_20260629T1003Z/capture_1620.jpg,23,45,400,13,36,true,train,ollama_ocr,approved,owner-bulk-approved,2026-06-29T20:15:49+00:00,qwen3-vl:4b,aqs-five-field-v2,tools/dataset/captures/live_surveillance_20260629T1003Z/labels_ollama_review_queue.csv,tools/dataset/captures/live_surveillance_20260629T1003Z/labels_environment.csv
live_surveillance_20260629T1003Z_capture_1621,tools/dataset/captures/live_surveillance_20260629T1003Z/capture_1621.jpg,23,45,456,13,36,true,train,ollama_ocr,approved,owner-bulk-approved,2026-06-29T20:15:49+00:00,qwen3-vl:4b,aqs-five-field-v2,tools/dataset/captures/live_surveillance_20260629T1003Z/labels_ollama_review_queue.csv,tools/dataset/captures/live_surveillance_20260629T1003Z/labels_environment.csv
live_surveillance_20260629T1003Z_capture_1622,tools/dataset/captures/live_surveillance_20260629T1003Z/capture_1622.jpg,23,45,400,13,36,true,train,ollama_ocr,approved,owner-bulk-approved,2026-06-29T20:15:49+00:00,qwen3-vl:4b,aqs-five-field-v2,tools/dataset/captures/live_surveillance_20260629T1003Z/labels_ollama_review_queue.csv,tools/dataset/captures/live_surveillance_20260629T1003Z/labels_environment.csv
live_surveillance_20260629T1003Z_capture_1623,tools/dataset/captures/live_surveillance_20260629T1003Z/capture_1623.jpg,23,45,400,13,36,true,validation,ollama_ocr,approved,owner-bulk-approved,2026-06-29T20:15:49+00:00,qwen3-vl:4b,aqs-five-field-v2,tools/dataset/captures/live_surveillance_20260629T1003Z/labels_ollama_review_queue.csv,tools/dataset/captures/live_surveillance_20260629T1003Z/labels_environment.csv
live_surveillance_20260629T1003Z_capture_1624,tools/dataset/captures/live_surveillance_20260629T1003Z/capture_1624.jpg,23,45,456,13,36,true,train,ollama_ocr,approved,owner-bulk-approved,2026-06-29T20:15:49+00:00,qwen3-vl:4b,aqs-five-field-v2,tools/dataset/captures/live_surveillance_20260629T1003Z/labels_ollama_review_queue.csv,tools/dataset/captures/live_surveillance_20260629T1003Z/labels_environment.csv
live_surveillance_20260629T1003Z_capture_1625,tools/dataset/captures/live_surveillance_20260629T1003Z/capture_1625.jpg,23,45,456,13,36,true,train,ollama_ocr,approved,owner-bulk-approved,2026-06-29T20:15:49+00:00,qwen3-vl:4b,aqs-five-field-v2,tools/dataset/captures/live_surveillance_20260629T1003Z/labels_ollama_review_queue.csv,tools/dataset/captures/live_surveillance_20260629T1003Z/labels_environment.csv
live_surveillance_20260629T1003Z_capture_1626,tools/dataset/captures/live_surveillance_20260629T1003Z/capture_1626.jpg,23,45,400,13,36,true,test,ollama_ocr,approved,owner-bulk-approved,2026-06-29T20:15:49+00:00,qwen3-vl:4b,aqs-five-field-v2,tools/dataset/captures/live_surveillance_20260629T1003Z/labels_ollama_review_queue.csv,tools/dataset/captures/live_surveillance_20260629T1003Z/labels_environment.csv
live_surveillance_20260629T1003Z_capture_1627,tools/dataset/captures/live_surveillance_20260629T1003Z/capture_1627.jpg,23,45,400,13,36,true,train,ollama_ocr,approved,owner-bulk-approved,2026-06-29T20:15:49+00:00,qwen3-vl:4b,aqs-five-field-v2,tools/dataset/captures/live_surveillance_20260629T1003Z/labels_ollama_review_queue.csv,tools/dataset/captures/live_surveillance_20260629T1003Z/labels_environment.csv
live_surveillance_20260629T1003Z_capture_1630,tools/dataset/captures/live_surveillance_20260629T1003Z/capture_1630.jpg,23,45,400,13,36,true,train,ollama_ocr,approved,owner-bulk-approved,2026-06-29T20:15:49+00:00,qwen3-vl:4b,aqs-five-field-v2,tools/dataset/captures/live_surveillance_20260629T1003Z/labels_ollama_review_queue.csv,tools/dataset/captures/live_surveillance_20260629T1003Z/labels_environment.csv
live_surveillance_20260629T1003Z_capture_1632,tools/dataset/captures/live_surveillance_20260629T1003Z/capture_1632.jpg,23,45,456,13,36,true,train,ollama_ocr,approved,owner-bulk-approved,2026-06-29T20:15:49+00:00,qwen3-vl:4b,aqs-five-field-v2,tools/dataset/captures/live_surveillance_20260629T1003Z/labels_ollama_review_queue.csv,tools/dataset/captures/live_surveillance_20260629T1003Z/labels_environment.csv
live_surveillance_20260629T1003Z_capture_1633,tools/dataset/captures/live_surveillance_20260629T1003Z/capture_1633.jpg,23,45,456,13,36,true,validation,ollama_ocr,approved,owner-bulk-approved,2026-06-29T20:15:49+00:00,qwen3-vl:4b,aqs-five-field-v2,tools/dataset/captures/live_surveillance_20260629T1003Z/labels_ollama_review_queue.csv,tools/dataset/captures/live_surveillance_20260629T1003Z/labels_environment.csv
live_surveillance_20260629T1003Z_capture_1634,tools/dataset/captures/live_surveillance_20260629T1003Z/capture_1634.jpg,23,45,400,13,36,true,train,ollama_ocr,approved,owner-bulk-approved,2026-06-29T20:15:49+00:00,qwen3-vl:4b,aqs-five-field-v2,tools/dataset/captures/live_surveillance_20260629T1003Z/labels_ollama_review_queue.csv,tools/dataset/captures/live_surveillance_20260629T1003Z/labels_environment.csv
live_surveillance_20260629T1003Z_capture_1636,tools/dataset/captures/live_surveillance_20260629T1003Z/capture_1636.jpg,23,45,400,13,36,true,test,ollama_ocr,approved,owner-bulk-approved,2026-06-29T20:15:49+00:00,qwen3-vl:4b,aqs-five-field-v2,tools/dataset/captures/live_surveillance_20260629T1003Z/labels_ollama_review_queue.csv,tools/dataset/captures/live_surveillance_20260629T1003Z/labels_environment.csv
live_surveillance_20260629T1003Z_capture_1637,tools/dataset/captures/live_surveillance_20260629T1003Z/capture_1637.jpg,23,45,456,13,36,true,train,ollama_ocr,approved,owner-bulk-approved,2026-06-29T20:15:49+00:00,qwen3-vl:4b,aqs-five-field-v2,tools/dataset/captures/live_surveillance_20260629T1003Z/labels_ollama_review_queue.csv,tools/dataset/captures/live_surveillance_20260629T1003Z/labels_environment.csv
live_surveillance_20260629T1003Z_capture_1644,tools/dataset/captures/live_surveillance_20260629T1003Z/capture_1644.jpg,23,45,400,13,36,true,train,ollama_ocr,approved,owner-bulk-approved,2026-06-29T20:15:49+00:00,qwen3-vl:4b,aqs-five-field-v2,tools/dataset/captures/live_surveillance_20260629T1003Z/labels_ollama_review_queue.csv,tools/dataset/captures/live_surveillance_20260629T1003Z/labels_environment.csv
live_surveillance_20260629T1003Z_capture_1645,tools/dataset/captures/live_surveillance_20260629T1003Z/capture_1645.jpg,23,45,400,13,36,true,train,ollama_ocr,approved,owner-bulk-approved,2026-06-29T20:15:49+00:00,qwen3-vl:4b,aqs-five-field-v2,tools/dataset/captures/live_surveillance_20260629T1003Z/labels_ollama_review_queue.csv,tools/dataset/captures/live_surveillance_20260629T1003Z/labels_environment.csv
