sample_id,image_path,temperature_c,humidity_percent,co2_ppm,hcho_raw,tvoc_raw,valid,split,notes,proposal_status,model,prompt_version,labeled_at_utc,attempts,duration_seconds
capture_0011,tools/dataset/captures/serial_timed_fast_20260627T1205Z/capture_0011.jpg,28,46,838,5,79,true,train,ollama_ocr,accepted,minicpm-v:latest,aqs-five-field-v2,2026-07-21T21:35:13+00:00,1,4.3
capture_0015,tools/dataset/captures/serial_timed_fast_20260627T1205Z/capture_0015.jpg,28,46,838,54,79,true,train,ollama_ocr,accepted,minicpm-v:latest,aqs-five-field-v2,2026-07-21T21:33:41+00:00,1,4.3
capture_0018,tools/dataset/captures/serial_timed_fast_20260627T1205Z/capture_0018.jpg,28,46,83,64,79,false,train,ocr_invalid_or_implausible,rejected,minicpm-v:latest,aqs-five-field-v2,2026-07-21T21:32:36+00:00,1,4.2
capture_0021,tools/dataset/captures/serial_timed_fast_20260627T1205Z/capture_0021.jpg,28,46,83,65,82,false,train,ocr_invalid_or_implausible,rejected,minicpm-v:latest,aqs-five-field-v2,2026-07-21T21:35:00+00:00,1,4.3
capture_0024,tools/dataset/captures/serial_timed_fast_20260627T1205Z/capture_0024.jpg,28,46,838,54,79,true,train,ollama_ocr,accepted,minicpm-v:latest,aqs-five-field-v2,2026-07-21T20:49:26+00:00,1,4.3
capture_0026,tools/dataset/captures/serial_timed_fast_20260627T1205Z/capture_0026.jpg,28,46,833,54,79,true,train,ollama_ocr,accepted,minicpm-v:latest,aqs-five-field-v2,2026-07-21T21:06:04+00:00,1,4.3
capture_0029,tools/dataset/captures/serial_timed_fast_20260627T1205Z/capture_0029.jpg,28,46,838,5,82,true,train,ollama_ocr,accepted,minicpm-v:latest,aqs-five-field-v2,2026-07-21T21:02:59+00:00,1,4.3
capture_0032,tools/dataset/captures/serial_timed_fast_20260627T1205Z/capture_0032.jpg,28,46,838,56,82,true,train,ollama_ocr,accepted,minicpm-v:latest,aqs-five-field-v2,2026-07-21T20:52:38+00:00,1,4.3
capture_0035,tools/dataset/captures/serial_timed_fast_20260627T1205Z/capture_0035.jpg,28,46,838,5,82,true,train,ollama_ocr,accepted,minicpm-v:latest,aqs-five-field-v2,2026-07-21T21:01:45+00:00,1,4.2
capture_0038,tools/dataset/captures/serial_timed_fast_20260627T1205Z/capture_0038.jpg,28,46,833,54,79,true,train,ollama_ocr,accepted,minicpm-v:latest,aqs-five-field-v2,2026-07-21T21:03:25+00:00,1,4.3
capture_0041,tools/dataset/captures/serial_timed_fast_20260627T1205Z/capture_0041.jpg,28,46,833,64,79,true,train,ollama_ocr,accepted,minicpm-v:latest,aqs-five-field-v2,2026-07-21T20:55:03+00:00,1,4.3
capture_0044,tools/dataset/captures/serial_timed_fast_20260627T1205Z/capture_0044.jpg,28,46,83,64,79,false,train,ocr_invalid_or_implausible,rejected,minicpm-v:latest,aqs-five-field-v2,2026-07-21T20:50:22+00:00,1,4.3
capture_0047,tools/dataset/captures/serial_timed_fast_20260627T1205Z/capture_0047.jpg,28,46,833,54,79,true,train,ollama_ocr,accepted,minicpm-v:latest,aqs-five-field-v2,2026-07-21T21:09:30+00:00,1,4.3
capture_0050,tools/dataset/captures/serial_timed_fast_20260627T1205Z/capture_0050.jpg,28,-1,833,54,36,false,train,ocr_invalid_or_implausible,rejected,minicpm-v:latest,aqs-five-field-v2,2026-07-21T20:37:19+00:00,1,4.3
capture_0053,tools/dataset/captures/serial_timed_fast_20260627T1205Z/capture_0053.jpg,28,46,83,64,79,false,train,ocr_invalid_or_implausible,rejected,minicpm-v:latest,aqs-five-field-v2,2026-07-21T20:37:41+00:00,1,4.3
capture_0056,tools/dataset/captures/serial_timed_fast_20260627T1205Z/capture_0056.jpg,28,46,833,54,79,true,train,ollama_ocr,accepted,minicpm-v:latest,aqs-five-field-v2,2026-07-21T21:11:02+00:00,1,4.3
capture_0059,tools/dataset/captures/serial_timed_fast_20260627T1205Z/capture_0059.jpg,28,46,833,54,79,true,train,ollama_ocr,accepted,minicpm-v:latest,aqs-five-field-v2,2026-07-21T20:59:25+00:00,1,4.3
capture_0062,tools/dataset/captures/serial_timed_fast_20260627T1205Z/capture_0062.jpg,28,46,827,53,46,true,train,ollama_ocr,accepted,minicpm-v:latest,aqs-five-field-v2,2026-07-21T21:01:19+00:00,1,4.3
capture_0065,tools/dataset/captures/serial_timed_fast_20260627T1205Z/capture_0065.jpg,28,46,827,53,46,true,train,ollama_ocr,accepted,minicpm-v:latest,aqs-five-field-v2,2026-07-21T20:53:57+00:00,1,4.3
capture_0068,tools/dataset/captures/serial_timed_fast_20260627T1205Z/capture_0068.jpg,28,46,83,64,79,false,train,ocr_invalid_or_implausible,rejected,minicpm-v:latest,aqs-five-field-v2,2026-07-21T20:55:38+00:00,1,4.3
capture_0071,tools/dataset/captures/serial_timed_fast_20260627T1205Z/capture_0071.jpg,28,46,83,64,79,false,train,ocr_invalid_or_implausible,rejected,minicpm-v:latest,aqs-five-field-v2,2026-07-21T20:59:34+00:00,1,4.3
capture_0074,tools/dataset/captures/serial_timed_fast_20260627T1205Z/capture_0074.jpg,28,46,83,64,79,false,train,ocr_invalid_or_implausible,rejected,minicpm-v:latest,aqs-five-field-v2,2026-07-21T20:40:36+00:00,1,16.4
capture_0077,tools/dataset/captures/serial_timed_fast_20260627T1205Z/capture_0077.jpg,28,46,827,64,39,true,train,ollama_ocr,accepted,minicpm-v:latest,aqs-five-field-v2,2026-07-21T21:05:02+00:00,1,4.3
capture_0079,tools/dataset/captures/serial_timed_fast_20260627T1205Z/capture_0079.jpg,28,46,827,53,194,true,train,ollama_ocr,accepted,minicpm-v:latest,aqs-five-field-v2,2026-07-21T21:06:08+00:00,1,4.4
capture_0082,tools/dataset/captures/serial_timed_fast_20260627T1205Z/capture_0082.jpg,28,46,827,53,0,true,train,ollama_ocr,accepted,minicpm-v:latest,aqs-five-field-v2,2026-07-21T21:00:57+00:00,1,4.3
capture_0085,tools/dataset/captures/serial_timed_fast_20260627T1205Z/capture_0085.jpg,28,46,827,53,173,true,train,ollama_ocr,accepted,minicpm-v:latest,aqs-five-field-v2,2026-07-21T20:48:36+00:00,1,16.8
capture_0088,tools/dataset/captures/serial_timed_fast_20260627T1205Z/capture_0088.jpg,-1,-1,0,-1,-1,false,train,ocr_invalid_or_implausible,rejected,minicpm-v:latest,aqs-five-field-v2,2026-07-21T21:05:50+00:00,1,4.1
capture_0091,tools/dataset/captures/serial_timed_fast_20260627T1205Z/capture_0091.jpg,28,46,822,56,73,true,train,ollama_ocr,accepted,minicpm-v:latest,aqs-five-field-v2,2026-07-21T20:57:19+00:00,1,4.3
capture_0094,tools/dataset/captures/serial_timed_fast_20260627T1205Z/capture_0094.jpg,28,46,827,53,160,true,train,ollama_ocr,accepted,minicpm-v:latest,aqs-five-field-v2,2026-07-21T20:43:21+00:00,1,16.8
capture_0097,tools/dataset/captures/serial_timed_fast_20260627T1205Z/capture_0097.jpg,28,46,827,53,160,true,train,ollama_ocr,accepted,minicpm-v:latest,aqs-five-field-v2,2026-07-21T20:39:46+00:00,1,16.8
capture_0100,tools/dataset/captures/serial_timed_fast_20260627T1205Z/capture_0100.jpg,28,46,794,5,62,true,train,ollama_ocr,accepted,minicpm-v:latest,aqs-five-field-v2,2026-07-21T20:50:31+00:00,1,4.3
capture_0103,tools/dataset/captures/serial_timed_fast_20260627T1205Z/capture_0103.jpg,28,46,794,5,62,true,train,ollama_ocr,accepted,minicpm-v:latest,aqs-five-field-v2,2026-07-21T20:36:00+00:00,1,4.2
capture_0106,tools/dataset/captures/serial_timed_fast_20260627T1205Z/capture_0106.jpg,28,46,794,5,62,true,train,ollama_ocr,accepted,minicpm-v:latest,aqs-five-field-v2,2026-07-21T21:04:18+00:00,1,4.3
capture_0109,tools/dataset/captures/serial_timed_fast_20260627T1205Z/capture_0109.jpg,28,46,789,56,56,true,train,ollama_ocr,accepted,minicpm-v:latest,aqs-five-field-v2,2026-07-21T21:19:17+00:00,1,16.3
capture_0112,tools/dataset/captures/serial_timed_fast_20260627T1205Z/capture_0112.jpg,28,46,789,56,56,true,train,ollama_ocr,accepted,minicpm-v:latest,aqs-five-field-v2,2026-07-21T21:11:24+00:00,1,4.3
capture_0115,tools/dataset/captures/serial_timed_fast_20260627T1205Z/capture_0115.jpg,28,46,789,56,34,true,train,ollama_ocr,accepted,minicpm-v:latest,aqs-five-field-v2,2026-07-21T20:59:47+00:00,1,4.3
capture_0118,tools/dataset/captures/serial_timed_fast_20260627T1205Z/capture_0118.jpg,28,46,789,56,56,true,train,ollama_ocr,accepted,minicpm-v:latest,aqs-five-field-v2,2026-07-21T20:53:40+00:00,1,4.3
capture_0121,tools/dataset/captures/serial_timed_fast_20260627T1205Z/capture_0121.jpg,28,46,794,56,56,true,train,ollama_ocr,accepted,minicpm-v:latest,aqs-five-field-v2,2026-07-21T20:41:59+00:00,1,16.6
capture_0124,tools/dataset/captures/serial_timed_fast_20260627T1205Z/capture_0124.jpg,28,46,789,56,56,true,train,ollama_ocr,accepted,minicpm-v:latest,aqs-five-field-v2,2026-07-21T21:34:03+00:00,1,4.3
capture_0127,tools/dataset/captures/serial_timed_fast_20260627T1205Z/capture_0127.jpg,28,46,789,56,56,true,train,ollama_ocr,accepted,minicpm-v:latest,aqs-five-field-v2,2026-07-21T21:28:42+00:00,1,16.2
capture_0130,tools/dataset/captures/serial_timed_fast_20260627T1205Z/capture_0130.jpg,28,46,794,5,60,true,train,ollama_ocr,accepted,minicpm-v:latest,aqs-five-field-v2,2026-07-21T21:32:09+00:00,1,4.3
capture_0133,tools/dataset/captures/serial_timed_fast_20260627T1205Z/capture_0133.jpg,28,46,794,5,60,true,train,ollama_ocr,accepted,minicpm-v:latest,aqs-five-field-v2,2026-07-21T20:56:17+00:00,1,4.3
capture_0136,tools/dataset/captures/serial_timed_fast_20260627T1205Z/capture_0136.jpg,-1,-1,0,-1,-1,false,train,ocr_invalid_or_implausible,rejected,minicpm-v:latest,aqs-five-field-v2,2026-07-21T20:50:18+00:00,1,4.1
capture_0139,tools/dataset/captures/serial_timed_fast_20260627T1205Z/capture_0139.jpg,28,46,772,5,36,true,train,ollama_ocr,accepted,minicpm-v:latest,aqs-five-field-v2,2026-07-21T20:59:21+00:00,1,4.3
capture_0142,tools/dataset/captures/serial_timed_fast_20260627T1205Z/capture_0142.jpg,28,46,772,5,8,true,train,ollama_ocr,accepted,minicpm-v:latest,aqs-five-field-v2,2026-07-21T20:58:28+00:00,1,4.2
capture_0145,tools/dataset/captures/serial_timed_fast_20260627T1205Z/capture_0145.jpg,28,46,767,5,43,true,train,ollama_ocr,accepted,minicpm-v:latest,aqs-five-field-v2,2026-07-21T21:05:29+00:00,1,4.3
capture_0148,tools/dataset/captures/serial_timed_fast_20260627T1205Z/capture_0148.jpg,28,46,783,5,46,true,train,ollama_ocr,accepted,minicpm-v:latest,aqs-five-field-v2,2026-07-21T21:10:01+00:00,1,4.3
capture_0151,tools/dataset/captures/serial_timed_fast_20260627T1205Z/capture_0151.jpg,28,46,789,5,34,true,train,ollama_ocr,accepted,minicpm-v:latest,aqs-five-field-v2,2026-07-21T21:04:09+00:00,1,4.3
capture_0154,tools/dataset/captures/serial_timed_fast_20260627T1205Z/capture_0154.jpg,28,46,783,5,46,true,train,ollama_ocr,accepted,minicpm-v:latest,aqs-five-field-v2,2026-07-21T20:58:02+00:00,1,4.2
capture_0157,tools/dataset/captures/serial_timed_fast_20260627T1205Z/capture_0157.jpg,-1,-1,789,56,34,false,train,ocr_invalid_or_implausible,rejected,minicpm-v:latest,aqs-five-field-v2,2026-07-21T21:01:23+00:00,1,4.2
capture_0160,tools/dataset/captures/serial_timed_fast_20260627T1205Z/capture_0160.jpg,28,46,783,5,46,true,train,ollama_ocr,accepted,minicpm-v:latest,aqs-five-field-v2,2026-07-21T21:33:19+00:00,1,4.3
capture_0163,tools/dataset/captures/serial_timed_fast_20260627T1205Z/capture_0163.jpg,28,46,789,56,56,true,train,ollama_ocr,accepted,minicpm-v:latest,aqs-five-field-v2,2026-07-21T21:08:02+00:00,1,4.3
capture_0166,tools/dataset/captures/serial_timed_fast_20260627T1205Z/capture_0166.jpg,28,46,789,56,56,true,train,ollama_ocr,accepted,minicpm-v:latest,aqs-five-field-v2,2026-07-21T21:26:16+00:00,1,16.2
capture_0169,tools/dataset/captures/serial_timed_fast_20260627T1205Z/capture_0169.jpg,28,46,783,5,54,true,train,ollama_ocr,accepted,minicpm-v:latest,aqs-five-field-v2,2026-07-21T20:50:49+00:00,1,4.3
capture_0172,tools/dataset/captures/serial_timed_fast_20260627T1205Z/capture_0172.jpg,28,46,778,54,36,true,train,ollama_ocr,accepted,minicpm-v:latest,aqs-five-field-v2,2026-07-21T21:07:40+00:00,1,4.3
capture_0175,tools/dataset/captures/serial_timed_fast_20260627T1205Z/capture_0175.jpg,28,46,783,54,54,true,train,ollama_ocr,accepted,minicpm-v:latest,aqs-five-field-v2,2026-07-21T21:04:53+00:00,1,4.3
capture_0178,tools/dataset/captures/serial_timed_fast_20260627T1205Z/capture_0178.jpg,28,46,783,54,0,true,train,ollama_ocr,accepted,minicpm-v:latest,aqs-five-field-v2,2026-07-21T21:09:56+00:00,1,4.3
capture_0181,tools/dataset/captures/serial_timed_fast_20260627T1205Z/capture_0181.jpg,28,46,772,53,8,true,train,ollama_ocr,accepted,minicpm-v:latest,aqs-five-field-v2,2026-07-21T21:08:11+00:00,1,4.3
capture_0184,tools/dataset/captures/serial_timed_fast_20260627T1205Z/capture_0184.jpg,28,46,778,54,36,true,train,ollama_ocr,accepted,minicpm-v:latest,aqs-five-field-v2,2026-07-21T21:03:04+00:00,1,4.3
capture_0186,tools/dataset/captures/serial_timed_fast_20260627T1205Z/capture_0186.jpg,28,46,78,53,0,false,train,ocr_invalid_or_implausible,rejected,minicpm-v:latest,aqs-five-field-v2,2026-07-21T20:53:26+00:00,1,4.2
capture_0189,tools/dataset/captures/serial_timed_fast_20260627T1205Z/capture_0189.jpg,28,46,78,54,36,false,train,ocr_invalid_or_implausible,rejected,minicpm-v:latest,aqs-five-field-v2,2026-07-21T21:24:39+00:00,1,16.0
capture_0192,tools/dataset/captures/serial_timed_fast_20260627T1205Z/capture_0192.jpg,28,46,750,48,37,true,train,ollama_ocr,accepted,minicpm-v:latest,aqs-five-field-v2,2026-07-21T21:32:57+00:00,1,4.3
capture_0195,tools/dataset/captures/serial_timed_fast_20260627T1205Z/capture_0195.jpg,28,46,750,48,37,true,train,ollama_ocr,accepted,minicpm-v:latest,aqs-five-field-v2,2026-07-21T21:06:21+00:00,1,4.4
capture_0198,tools/dataset/captures/serial_timed_fast_20260627T1205Z/capture_0198.jpg,28,46,750,48,37,true,train,ollama_ocr,accepted,minicpm-v:latest,aqs-five-field-v2,2026-07-21T21:06:52+00:00,1,4.3
capture_0201,tools/dataset/captures/serial_timed_fast_20260627T1205Z/capture_0201.jpg,28,46,750,48,37,true,train,ollama_ocr,accepted,minicpm-v:latest,aqs-five-field-v2,2026-07-21T20:45:50+00:00,1,16.6
capture_0204,tools/dataset/captures/serial_timed_fast_20260627T1205Z/capture_0204.jpg,28,46,750,48,36,true,train,ollama_ocr,accepted,minicpm-v:latest,aqs-five-field-v2,2026-07-21T21:32:05+00:00,1,4.3
capture_0207,tools/dataset/captures/serial_timed_fast_20260627T1205Z/capture_0207.jpg,28,46,756,48,37,true,train,ollama_ocr,accepted,minicpm-v:latest,aqs-five-field-v2,2026-07-21T20:40:03+00:00,1,16.6
capture_0210,tools/dataset/captures/serial_timed_fast_20260627T1205Z/capture_0210.jpg,28,46,756,48,37,true,train,ollama_ocr,accepted,minicpm-v:latest,aqs-five-field-v2,2026-07-21T20:51:28+00:00,1,4.3
capture_0213,tools/dataset/captures/serial_timed_fast_20260627T1205Z/capture_0213.jpg,-1,-1,76,5,3,false,train,ocr_invalid_or_implausible,rejected,minicpm-v:latest,aqs-five-field-v2,2026-07-21T20:58:24+00:00,1,4.1
capture_0216,tools/dataset/captures/serial_timed_fast_20260627T1205Z/capture_0216.jpg,28,46,767,5,42,true,train,ollama_ocr,accepted,minicpm-v:latest,aqs-five-field-v2,2026-07-21T21:10:53+00:00,1,4.3
capture_0219,tools/dataset/captures/serial_timed_fast_20260627T1205Z/capture_0219.jpg,28,46,767,5,43,true,train,ollama_ocr,accepted,minicpm-v:latest,aqs-five-field-v2,2026-07-21T20:51:02+00:00,1,4.3
capture_0222,tools/dataset/captures/serial_timed_fast_20260627T1205Z/capture_0222.jpg,28,46,756,0,43,true,train,ollama_ocr,accepted,minicpm-v:latest,aqs-five-field-v2,2026-07-21T20:37:32+00:00,1,4.3
capture_0225,tools/dataset/captures/serial_timed_fast_20260627T1205Z/capture_0225.jpg,28,45,750,49,37,true,train,ollama_ocr,accepted,minicpm-v:latest,aqs-five-field-v2,2026-07-21T20:54:59+00:00,1,4.3
capture_0228,tools/dataset/captures/serial_timed_fast_20260627T1205Z/capture_0228.jpg,28,45,750,48,37,true,train,ollama_ocr,accepted,minicpm-v:latest,aqs-five-field-v2,2026-07-21T20:59:30+00:00,1,4.3
capture_0231,tools/dataset/captures/serial_timed_fast_20260627T1205Z/capture_0231.jpg,28,45,750,49,37,true,train,ollama_ocr,accepted,minicpm-v:latest,aqs-five-field-v2,2026-07-21T21:33:32+00:00,1,4.3
capture_0234,tools/dataset/captures/serial_timed_fast_20260627T1205Z/capture_0234.jpg,28,45,750,48,37,true,train,ollama_ocr,accepted,minicpm-v:latest,aqs-five-field-v2,2026-07-21T20:45:17+00:00,1,16.6
capture_0237,tools/dataset/captures/serial_timed_fast_20260627T1205Z/capture_0237.jpg,28,45,750,48,37,true,train,ollama_ocr,accepted,minicpm-v:latest,aqs-five-field-v2,2026-07-21T21:34:56+00:00,1,4.3
capture_0240,tools/dataset/captures/serial_timed_fast_20260627T1205Z/capture_0240.jpg,28,45,750,49,37,true,train,ollama_ocr,accepted,minicpm-v:latest,aqs-five-field-v2,2026-07-21T20:36:22+00:00,1,4.3
capture_0243,tools/dataset/captures/serial_timed_fast_20260627T1205Z/capture_0243.jpg,28,45,750,48,37,true,train,ollama_ocr,accepted,minicpm-v:latest,aqs-five-field-v2,2026-07-21T21:34:38+00:00,1,4.3
capture_0246,tools/dataset/captures/serial_timed_fast_20260627T1205Z/capture_0246.jpg,28,45,750,48,37,true,train,ollama_ocr,accepted,minicpm-v:latest,aqs-five-field-v2,2026-07-21T21:10:23+00:00,1,4.3
capture_0249,tools/dataset/captures/serial_timed_fast_20260627T1205Z/capture_0249.jpg,28,45,750,48,37,true,train,ollama_ocr,accepted,minicpm-v:latest,aqs-five-field-v2,2026-07-21T21:01:10+00:00,1,4.3
capture_0252,tools/dataset/captures/serial_timed_fast_20260627T1205Z/capture_0252.jpg,28,45,750,48,37,true,train,ollama_ocr,accepted,minicpm-v:latest,aqs-five-field-v2,2026-07-21T20:52:12+00:00,1,4.3
capture_0255,tools/dataset/captures/serial_timed_fast_20260627T1205Z/capture_0255.jpg,28,45,750,49,37,true,train,ollama_ocr,accepted,minicpm-v:latest,aqs-five-field-v2,2026-07-21T21:08:33+00:00,1,4.4
capture_0258,tools/dataset/captures/serial_timed_fast_20260627T1205Z/capture_0258.jpg,28,45,750,48,37,true,train,ollama_ocr,accepted,minicpm-v:latest,aqs-five-field-v2,2026-07-21T21:02:02+00:00,1,4.3
capture_0261,tools/dataset/captures/serial_timed_fast_20260627T1205Z/capture_0261.jpg,28,45,750,49,37,true,train,ollama_ocr,accepted,minicpm-v:latest,aqs-five-field-v2,2026-07-21T20:57:10+00:00,1,4.3
capture_0264,tools/dataset/captures/serial_timed_fast_20260627T1205Z/capture_0264.jpg,28,45,750,48,37,true,train,ollama_ocr,accepted,minicpm-v:latest,aqs-five-field-v2,2026-07-21T21:22:30+00:00,1,16.2
capture_0267,tools/dataset/captures/serial_timed_fast_20260627T1205Z/capture_0267.jpg,28,45,750,48,37,true,train,ollama_ocr,accepted,minicpm-v:latest,aqs-five-field-v2,2026-07-21T20:56:39+00:00,1,4.3
capture_0270,tools/dataset/captures/serial_timed_fast_20260627T1205Z/capture_0270.jpg,28,45,750,49,37,true,train,ollama_ocr,accepted,minicpm-v:latest,aqs-five-field-v2,2026-07-21T21:32:23+00:00,1,4.3
capture_0273,tools/dataset/captures/serial_timed_fast_20260627T1205Z/capture_0273.jpg,28,45,750,48,37,true,train,ollama_ocr,accepted,minicpm-v:latest,aqs-five-field-v2,2026-07-21T21:17:39+00:00,1,16.2
capture_0276,tools/dataset/captures/serial_timed_fast_20260627T1205Z/capture_0276.jpg,-1,-1,750,48,36,false,train,ocr_invalid_or_implausible,rejected,minicpm-v:latest,aqs-five-field-v2,2026-07-21T20:51:37+00:00,1,4.3
capture_0279,tools/dataset/captures/serial_timed_fast_20260627T1205Z/capture_0279.jpg,-1,-1,750,48,36,false,train,ocr_invalid_or_implausible,rejected,minicpm-v:latest,aqs-five-field-v2,2026-07-21T21:00:00+00:00,1,4.2
capture_0282,tools/dataset/captures/serial_timed_fast_20260627T1205Z/capture_0282.jpg,28,45,750,49,37,true,train,ollama_ocr,accepted,minicpm-v:latest,aqs-five-field-v2,2026-07-21T21:04:40+00:00,1,4.3
capture_0285,tools/dataset/captures/serial_timed_fast_20260627T1205Z/capture_0285.jpg,28,45,750,48,37,true,train,ollama_ocr,accepted,minicpm-v:latest,aqs-five-field-v2,2026-07-21T21:06:17+00:00,1,4.3
capture_0288,tools/dataset/captures/serial_timed_fast_20260627T1205Z/capture_0288.jpg,28,45,750,48,37,true,train,ollama_ocr,accepted,minicpm-v:latest,aqs-five-field-v2,2026-07-21T20:35:39+00:00,1,4.3
capture_0291,tools/dataset/captures/serial_timed_fast_20260627T1205Z/capture_0291.jpg,28,45,750,48,37,true,train,ollama_ocr,accepted,minicpm-v:latest,aqs-five-field-v2,2026-07-21T20:57:23+00:00,1,4.3
capture_0294,tools/dataset/captures/serial_timed_fast_20260627T1205Z/capture_0294.jpg,28,45,750,49,37,true,train,ollama_ocr,accepted,minicpm-v:latest,aqs-five-field-v2,2026-07-21T20:49:17+00:00,1,4.3
capture_0297,tools/dataset/captures/serial_timed_fast_20260627T1205Z/capture_0297.jpg,28,45,750,48,37,true,train,ollama_ocr,accepted,minicpm-v:latest,aqs-five-field-v2,2026-07-21T20:47:30+00:00,1,16.6
capture_0300,tools/dataset/captures/serial_timed_fast_20260627T1205Z/capture_0300.jpg,28,45,750,48,37,true,train,ollama_ocr,accepted,minicpm-v:latest,aqs-five-field-v2,2026-07-21T21:01:41+00:00,1,4.3
capture_0303,tools/dataset/captures/serial_timed_fast_20260627T1205Z/capture_0303.jpg,-1,-1,750,36,489,false,train,ocr_invalid_or_implausible,rejected,minicpm-v:latest,aqs-five-field-v2,2026-07-21T21:32:01+00:00,1,4.2
capture_0306,tools/dataset/captures/serial_timed_fast_20260627T1205Z/capture_0306.jpg,28,45,750,49,37,true,train,ollama_ocr,accepted,minicpm-v:latest,aqs-five-field-v2,2026-07-21T21:34:07+00:00,1,4.3
capture_0309,tools/dataset/captures/serial_timed_fast_20260627T1205Z/capture_0309.jpg,28,45,750,48,37,true,train,ollama_ocr,accepted,minicpm-v:latest,aqs-five-field-v2,2026-07-21T21:06:56+00:00,1,4.3
capture_0312,tools/dataset/captures/serial_timed_fast_20260627T1205Z/capture_0312.jpg,28,45,750,48,37,true,train,ollama_ocr,accepted,minicpm-v:latest,aqs-five-field-v2,2026-07-21T20:41:42+00:00,1,16.7
capture_0315,tools/dataset/captures/serial_timed_fast_20260627T1205Z/capture_0315.jpg,28,45,750,48,37,true,train,ollama_ocr,accepted,minicpm-v:latest,aqs-five-field-v2,2026-07-21T21:31:07+00:00,1,16.2
capture_0318,tools/dataset/captures/serial_timed_fast_20260627T1205Z/capture_0318.jpg,28,45,750,49,37,true,train,ollama_ocr,accepted,minicpm-v:latest,aqs-five-field-v2,2026-07-21T20:53:31+00:00,1,4.3
capture_0321,tools/dataset/captures/serial_timed_fast_20260627T1205Z/capture_0321.jpg,28,45,750,48,37,true,train,ollama_ocr,accepted,minicpm-v:latest,aqs-five-field-v2,2026-07-21T20:54:50+00:00,1,4.3
capture_0324,tools/dataset/captures/serial_timed_fast_20260627T1205Z/capture_0324.jpg,28,45,750,48,37,true,train,ollama_ocr,accepted,minicpm-v:latest,aqs-five-field-v2,2026-07-21T20:56:44+00:00,1,4.3
capture_0327,tools/dataset/captures/serial_timed_fast_20260627T1205Z/capture_0327.jpg,28,45,750,49,37,true,train,ollama_ocr,accepted,minicpm-v:latest,aqs-five-field-v2,2026-07-21T21:10:27+00:00,1,4.3
capture_0330,tools/dataset/captures/serial_timed_fast_20260627T1205Z/capture_0330.jpg,28,45,750,49,37,true,train,ollama_ocr,accepted,minicpm-v:latest,aqs-five-field-v2,2026-07-21T20:53:05+00:00,1,4.3
capture_0333,tools/dataset/captures/serial_timed_fast_20260627T1205Z/capture_0333.jpg,28,45,750,48,37,true,train,ollama_ocr,accepted,minicpm-v:latest,aqs-five-field-v2,2026-07-21T21:31:43+00:00,1,4.5
capture_0336,tools/dataset/captures/serial_timed_fast_20260627T1205Z/capture_0336.jpg,28,45,750,48,37,true,train,ollama_ocr,accepted,minicpm-v:latest,aqs-five-field-v2,2026-07-21T21:08:20+00:00,1,4.3
capture_0339,tools/dataset/captures/serial_timed_fast_20260627T1205Z/capture_0339.jpg,28,45,750,48,37,true,train,ollama_ocr,accepted,minicpm-v:latest,aqs-five-field-v2,2026-07-21T21:28:09+00:00,1,16.2
capture_0342,tools/dataset/captures/serial_timed_fast_20260627T1205Z/capture_0342.jpg,28,45,750,49,37,true,train,ollama_ocr,accepted,minicpm-v:latest,aqs-five-field-v2,2026-07-21T21:10:49+00:00,1,4.3
capture_0345,tools/dataset/captures/serial_timed_fast_20260627T1205Z/capture_0345.jpg,28,45,750,49,37,true,train,ollama_ocr,accepted,minicpm-v:latest,aqs-five-field-v2,2026-07-21T21:27:05+00:00,1,16.2
capture_0348,tools/dataset/captures/serial_timed_fast_20260627T1205Z/capture_0348.jpg,28,45,750,48,37,true,train,ollama_ocr,accepted,minicpm-v:latest,aqs-five-field-v2,2026-07-21T21:34:16+00:00,1,4.3
capture_0351,tools/dataset/captures/serial_timed_fast_20260627T1205Z/capture_0351.jpg,28,45,750,49,37,true,train,ollama_ocr,accepted,minicpm-v:latest,aqs-five-field-v2,2026-07-21T20:38:40+00:00,1,16.6
capture_0354,tools/dataset/captures/serial_timed_fast_20260627T1205Z/capture_0354.jpg,26,93,750,3,48,true,train,ollama_ocr,accepted,minicpm-v:latest,aqs-five-field-v2,2026-07-21T20:37:59+00:00,1,4.3
capture_0357,tools/dataset/captures/serial_timed_fast_20260627T1205Z/capture_0357.jpg,28,45,750,48,37,true,train,ollama_ocr,accepted,minicpm-v:latest,aqs-five-field-v2,2026-07-21T21:07:05+00:00,1,4.3
capture_0360,tools/dataset/captures/serial_timed_fast_20260627T1205Z/capture_0360.jpg,28,45,750,48,37,true,train,ollama_ocr,accepted,minicpm-v:latest,aqs-five-field-v2,2026-07-21T21:09:08+00:00,1,4.3
capture_0363,tools/dataset/captures/serial_timed_fast_20260627T1205Z/capture_0363.jpg,28,45,750,49,37,true,train,ollama_ocr,accepted,minicpm-v:latest,aqs-five-field-v2,2026-07-21T21:01:06+00:00,1,4.3
capture_0366,tools/dataset/captures/serial_timed_fast_20260627T1205Z/capture_0366.jpg,28,45,750,48,37,true,train,ollama_ocr,accepted,minicpm-v:latest,aqs-five-field-v2,2026-07-21T21:04:49+00:00,1,4.3
capture_0369,tools/dataset/captures/serial_timed_fast_20260627T1205Z/capture_0369.jpg,28,45,750,48,37,true,train,ollama_ocr,accepted,minicpm-v:latest,aqs-five-field-v2,2026-07-21T20:36:44+00:00,1,4.3
capture_0372,tools/dataset/captures/serial_timed_fast_20260627T1205Z/capture_0372.jpg,28,45,750,48,37,true,train,ollama_ocr,accepted,minicpm-v:latest,aqs-five-field-v2,2026-07-21T21:02:50+00:00,1,4.3
capture_0375,tools/dataset/captures/serial_timed_fast_20260627T1205Z/capture_0375.jpg,28,45,750,49,37,true,train,ollama_ocr,accepted,minicpm-v:latest,aqs-five-field-v2,2026-07-21T21:03:43+00:00,1,4.3
capture_0378,tools/dataset/captures/serial_timed_fast_20260627T1205Z/capture_0378.jpg,28,45,750,48,37,true,train,ollama_ocr,accepted,minicpm-v:latest,aqs-five-field-v2,2026-07-21T20:37:15+00:00,1,4.3
capture_0380,tools/dataset/captures/serial_timed_fast_20260627T1205Z/capture_0380.jpg,28,45,750,48,37,true,train,ollama_ocr,accepted,minicpm-v:latest,aqs-five-field-v2,2026-07-21T21:02:20+00:00,1,4.3
capture_0383,tools/dataset/captures/serial_timed_fast_20260627T1205Z/capture_0383.jpg,28,45,750,48,37,true,train,ollama_ocr,accepted,minicpm-v:latest,aqs-five-field-v2,2026-07-21T21:02:46+00:00,1,4.3
capture_0386,tools/dataset/captures/serial_timed_fast_20260627T1205Z/capture_0386.jpg,28,45,750,48,37,true,train,ollama_ocr,accepted,minicpm-v:latest,aqs-five-field-v2,2026-07-21T21:04:05+00:00,1,4.3
capture_0389,tools/dataset/captures/serial_timed_fast_20260627T1205Z/capture_0389.jpg,28,45,745,0,37,true,train,ollama_ocr,accepted,minicpm-v:latest,aqs-five-field-v2,2026-07-21T21:01:27+00:00,1,4.3
capture_0392,tools/dataset/captures/serial_timed_fast_20260627T1205Z/capture_0392.jpg,28,-1,745,8,36,false,train,ocr_invalid_or_implausible,rejected,minicpm-v:latest,aqs-five-field-v2,2026-07-21T21:08:42+00:00,1,4.2
capture_0395,tools/dataset/captures/serial_timed_fast_20260627T1205Z/capture_0395.jpg,28,45,750,49,36,true,train,ollama_ocr,accepted,minicpm-v:latest,aqs-five-field-v2,2026-07-21T21:07:10+00:00,1,4.3
capture_0398,tools/dataset/captures/serial_timed_fast_20260627T1205Z/capture_0398.jpg,28,45,750,48,37,true,train,ollama_ocr,accepted,minicpm-v:latest,aqs-five-field-v2,2026-07-21T21:07:32+00:00,1,4.3
capture_0401,tools/dataset/captures/serial_timed_fast_20260627T1205Z/capture_0401.jpg,28,45,750,48,37,true,train,ollama_ocr,accepted,minicpm-v:latest,aqs-five-field-v2,2026-07-21T21:21:58+00:00,1,16.2
capture_0404,tools/dataset/captures/serial_timed_fast_20260627T1205Z/capture_0404.jpg,28,45,750,49,37,true,train,ollama_ocr,accepted,minicpm-v:latest,aqs-five-field-v2,2026-07-21T20:35:56+00:00,1,4.3
capture_0407,tools/dataset/captures/serial_timed_fast_20260627T1205Z/capture_0407.jpg,28,45,750,49,37,true,train,ollama_ocr,accepted,minicpm-v:latest,aqs-five-field-v2,2026-07-21T21:08:59+00:00,1,4.3
capture_0410,tools/dataset/captures/serial_timed_fast_20260627T1205Z/capture_0410.jpg,28,45,750,48,37,true,train,ollama_ocr,accepted,minicpm-v:latest,aqs-five-field-v2,2026-07-21T21:07:14+00:00,1,4.4
capture_0413,tools/dataset/captures/serial_timed_fast_20260627T1205Z/capture_0413.jpg,28,45,745,8,37,true,train,ollama_ocr,accepted,minicpm-v:latest,aqs-five-field-v2,2026-07-21T21:04:23+00:00,1,4.3
capture_0416,tools/dataset/captures/serial_timed_fast_20260627T1205Z/capture_0416.jpg,28,45,750,48,37,true,train,ollama_ocr,accepted,minicpm-v:latest,aqs-five-field-v2,2026-07-21T21:04:31+00:00,1,4.3
capture_0419,tools/dataset/captures/serial_timed_fast_20260627T1205Z/capture_0419.jpg,28,45,750,49,37,true,train,ollama_ocr,accepted,minicpm-v:latest,aqs-five-field-v2,2026-07-21T21:31:30+00:00,1,6.2
capture_0422,tools/dataset/captures/serial_timed_fast_20260627T1205Z/capture_0422.jpg,28,45,745,0,34,true,train,ollama_ocr,accepted,minicpm-v:latest,aqs-five-field-v2,2026-07-21T20:55:34+00:00,1,4.3
capture_0425,tools/dataset/captures/serial_timed_fast_20260627T1205Z/capture_0425.jpg,28,45,750,49,37,true,train,ollama_ocr,accepted,minicpm-v:latest,aqs-five-field-v2,2026-07-21T21:29:30+00:00,1,16.2
capture_0428,tools/dataset/captures/serial_timed_fast_20260627T1205Z/capture_0428.jpg,28,45,750,48,37,true,train,ollama_ocr,accepted,minicpm-v:latest,aqs-five-field-v2,2026-07-21T21:16:19+00:00,1,16.3
capture_0431,tools/dataset/captures/serial_timed_fast_20260627T1205Z/capture_0431.jpg,28,45,745,8,37,true,train,ollama_ocr,accepted,minicpm-v:latest,aqs-five-field-v2,2026-07-21T21:32:53+00:00,1,4.3
capture_0434,tools/dataset/captures/serial_timed_fast_20260627T1205Z/capture_0434.jpg,28,45,728,43,30,true,train,ollama_ocr,accepted,minicpm-v:latest,aqs-five-field-v2,2026-07-21T20:51:15+00:00,1,4.3
capture_0437,tools/dataset/captures/serial_timed_fast_20260627T1205Z/capture_0437.jpg,28,45,745,0,36,true,train,ollama_ocr,accepted,minicpm-v:latest,aqs-five-field-v2,2026-07-21T20:56:22+00:00,1,4.3
capture_0440,tools/dataset/captures/serial_timed_fast_20260627T1205Z/capture_0440.jpg,28,45,745,0,34,true,train,ollama_ocr,accepted,minicpm-v:latest,aqs-five-field-v2,2026-07-21T20:49:47+00:00,1,4.3
capture_0443,tools/dataset/captures/serial_timed_fast_20260627T1205Z/capture_0443.jpg,28,45,723,45,0,true,train,ollama_ocr,accepted,minicpm-v:latest,aqs-five-field-v2,2026-07-21T21:11:11+00:00,1,4.2
capture_0446,tools/dataset/captures/serial_timed_fast_20260627T1205Z/capture_0446.jpg,28,45,7,0,34,false,train,ocr_invalid_or_implausible,rejected,minicpm-v:latest,aqs-five-field-v2,2026-07-21T21:19:32+00:00,1,15.6
capture_0449,tools/dataset/captures/serial_timed_fast_20260627T1205Z/capture_0449.jpg,28,45,7,0,0,false,train,ocr_invalid_or_implausible,rejected,minicpm-v:latest,aqs-five-field-v2,2026-07-21T21:01:01+00:00,1,4.2
capture_0452,tools/dataset/captures/serial_timed_fast_20260627T1205Z/capture_0452.jpg,28,45,706,4,35,true,train,ollama_ocr,accepted,minicpm-v:latest,aqs-five-field-v2,2026-07-21T21:28:58+00:00,1,16.0
capture_0455,tools/dataset/captures/serial_timed_fast_20260627T1205Z/capture_0455.jpg,28,45,706,4,35,true,train,ollama_ocr,accepted,minicpm-v:latest,aqs-five-field-v2,2026-07-21T21:09:39+00:00,1,4.3
capture_0458,tools/dataset/captures/serial_timed_fast_20260627T1205Z/capture_0458.jpg,28,45,706,4,35,true,train,ollama_ocr,accepted,minicpm-v:latest,aqs-five-field-v2,2026-07-21T20:46:56+00:00,1,16.4
capture_0461,tools/dataset/captures/serial_timed_fast_20260627T1205Z/capture_0461.jpg,28,45,706,4,35,true,train,ollama_ocr,accepted,minicpm-v:latest,aqs-five-field-v2,2026-07-21T21:23:19+00:00,1,16.0
capture_0464,tools/dataset/captures/serial_timed_fast_20260627T1205Z/capture_0464.jpg,28,45,706,4,35,true,train,ollama_ocr,accepted,minicpm-v:latest,aqs-five-field-v2,2026-07-21T21:18:28+00:00,1,16.0
capture_0467,tools/dataset/captures/serial_timed_fast_20260627T1205Z/capture_0467.jpg,28,45,706,4,35,true,train,ollama_ocr,accepted,minicpm-v:latest,aqs-five-field-v2,2026-07-21T21:15:14+00:00,1,16.0
capture_0470,tools/dataset/captures/serial_timed_fast_20260627T1205Z/capture_0470.jpg,28,49,706,4,35,true,train,ollama_ocr,accepted,minicpm-v:latest,aqs-five-field-v2,2026-07-21T20:57:32+00:00,1,4.3
capture_0473,tools/dataset/captures/serial_timed_fast_20260627T1205Z/capture_0473.jpg,28,45,706,4,35,true,train,ollama_ocr,accepted,minicpm-v:latest,aqs-five-field-v2,2026-07-21T21:20:05+00:00,1,16.0
capture_0476,tools/dataset/captures/serial_timed_fast_20260627T1205Z/capture_0476.jpg,28,45,706,4,35,true,train,ollama_ocr,accepted,minicpm-v:latest,aqs-five-field-v2,2026-07-21T21:33:02+00:00,1,4.3
capture_0479,tools/dataset/captures/serial_timed_fast_20260627T1205Z/capture_0479.jpg,28,45,706,4,35,true,train,ollama_ocr,accepted,minicpm-v:latest,aqs-five-field-v2,2026-07-21T20:54:06+00:00,1,4.3
capture_0482,tools/dataset/captures/serial_timed_fast_20260627T1205Z/capture_0482.jpg,28,45,706,4,35,true,train,ollama_ocr,accepted,minicpm-v:latest,aqs-five-field-v2,2026-07-21T20:54:19+00:00,1,4.3
capture_0485,tools/dataset/captures/serial_timed_fast_20260627T1205Z/capture_0485.jpg,28,45,706,4,35,true,train,ollama_ocr,accepted,minicpm-v:latest,aqs-five-field-v2,2026-07-21T21:01:58+00:00,1,4.3
capture_0488,tools/dataset/captures/serial_timed_fast_20260627T1205Z/capture_0488.jpg,28,45,706,4,35,true,train,ollama_ocr,accepted,minicpm-v:latest,aqs-five-field-v2,2026-07-21T21:33:28+00:00,1,4.3
capture_0491,tools/dataset/captures/serial_timed_fast_20260627T1205Z/capture_0491.jpg,28,45,706,4,35,true,train,ollama_ocr,accepted,minicpm-v:latest,aqs-five-field-v2,2026-07-21T20:48:19+00:00,1,16.3
capture_0494,tools/dataset/captures/serial_timed_fast_20260627T1205Z/capture_0494.jpg,28,45,706,4,35,true,train,ollama_ocr,accepted,minicpm-v:latest,aqs-five-field-v2,2026-07-21T21:05:55+00:00,1,4.3
capture_0497,tools/dataset/captures/serial_timed_fast_20260627T1205Z/capture_0497.jpg,28,45,706,4,35,true,train,ollama_ocr,accepted,minicpm-v:latest,aqs-five-field-v2,2026-07-21T20:53:22+00:00,1,4.3
capture_0500,tools/dataset/captures/serial_timed_fast_20260627T1205Z/capture_0500.jpg,28,45,706,4,35,true,train,ollama_ocr,accepted,minicpm-v:latest,aqs-five-field-v2,2026-07-21T21:19:00+00:00,1,16.1
capture_0503,tools/dataset/captures/serial_timed_fast_20260627T1205Z/capture_0503.jpg,28,45,706,4,35,true,train,ollama_ocr,accepted,minicpm-v:latest,aqs-five-field-v2,2026-07-21T21:04:14+00:00,1,4.3
capture_0506,tools/dataset/captures/serial_timed_fast_20260627T1205Z/capture_0506.jpg,28,45,706,4,35,true,train,ollama_ocr,accepted,minicpm-v:latest,aqs-five-field-v2,2026-07-21T20:37:37+00:00,1,4.3
capture_0509,tools/dataset/captures/serial_timed_fast_20260627T1205Z/capture_0509.jpg,28,45,706,4,35,true,train,ollama_ocr,accepted,minicpm-v:latest,aqs-five-field-v2,2026-07-21T20:49:21+00:00,1,4.2
capture_0512,tools/dataset/captures/serial_timed_fast_20260627T1205Z/capture_0512.jpg,28,45,706,4,35,true,train,ollama_ocr,accepted,minicpm-v:latest,aqs-five-field-v2,2026-07-21T21:00:18+00:00,1,4.3
capture_0515,tools/dataset/captures/serial_timed_fast_20260627T1205Z/capture_0515.jpg,28,45,706,4,35,true,train,ollama_ocr,accepted,minicpm-v:latest,aqs-five-field-v2,2026-07-21T20:35:08+00:00,1,4.3
capture_0518,tools/dataset/captures/serial_timed_fast_20260627T1205Z/capture_0518.jpg,28,45,706,4,35,true,train,ollama_ocr,accepted,minicpm-v:latest,aqs-five-field-v2,2026-07-21T20:54:10+00:00,1,4.3
capture_0521,tools/dataset/captures/serial_timed_fast_20260627T1205Z/capture_0521.jpg,28,45,706,4,35,true,train,ollama_ocr,accepted,minicpm-v:latest,aqs-five-field-v2,2026-07-21T20:40:52+00:00,1,16.4
capture_0524,tools/dataset/captures/serial_timed_fast_20260627T1205Z/capture_0524.jpg,28,45,684,35,90,true,train,ollama_ocr,accepted,minicpm-v:latest,aqs-five-field-v2,2026-07-21T21:20:37+00:00,1,16.2
capture_0527,tools/dataset/captures/serial_timed_fast_20260627T1205Z/capture_0527.jpg,28,45,0,-1,-1,false,train,ocr_invalid_or_implausible,rejected,minicpm-v:latest,aqs-five-field-v2,2026-07-21T20:49:12+00:00,1,4.2
capture_0530,tools/dataset/captures/serial_timed_fast_20260627T1205Z/capture_0530.jpg,28,45,706,4,35,true,train,ollama_ocr,accepted,minicpm-v:latest,aqs-five-field-v2,2026-07-21T20:44:11+00:00,1,16.4
capture_0533,tools/dataset/captures/serial_timed_fast_20260627T1205Z/capture_0533.jpg,28,45,706,4,35,true,train,ollama_ocr,accepted,minicpm-v:latest,aqs-five-field-v2,2026-07-21T21:00:53+00:00,1,4.3
capture_0536,tools/dataset/captures/serial_timed_fast_20260627T1205Z/capture_0536.jpg,28,45,0,-1,-1,false,train,ocr_invalid_or_implausible,rejected,minicpm-v:latest,aqs-five-field-v2,2026-07-21T20:51:33+00:00,1,4.2
capture_0539,tools/dataset/captures/serial_timed_fast_20260627T1205Z/capture_0539.jpg,28,45,706,4,35,true,train,ollama_ocr,accepted,minicpm-v:latest,aqs-five-field-v2,2026-07-21T21:25:44+00:00,1,16.1
capture_0542,tools/dataset/captures/serial_timed_fast_20260627T1205Z/capture_0542.jpg,28,45,706,45,38,true,train,ollama_ocr,accepted,minicpm-v:latest,aqs-five-field-v2,2026-07-21T21:08:51+00:00,1,4.3
capture_0545,tools/dataset/captures/serial_timed_fast_20260627T1205Z/capture_0545.jpg,28,45,706,4,35,true,train,ollama_ocr,accepted,minicpm-v:latest,aqs-five-field-v2,2026-07-21T20:55:42+00:00,1,4.3
capture_0548,tools/dataset/captures/serial_timed_fast_20260627T1205Z/capture_0548.jpg,28,45,0,-1,-1,false,train,ocr_invalid_or_implausible,rejected,minicpm-v:latest,aqs-five-field-v2,2026-07-21T21:02:42+00:00,1,4.2
capture_0551,tools/dataset/captures/serial_timed_fast_20260627T1205Z/capture_0551.jpg,28,45,662,3,40,true,train,ollama_ocr,accepted,minicpm-v:latest,aqs-five-field-v2,2026-07-21T21:06:30+00:00,1,4.3
capture_0554,tools/dataset/captures/serial_timed_fast_20260627T1205Z/capture_0554.jpg,28,45,684,3,0,true,train,ollama_ocr,accepted,minicpm-v:latest,aqs-five-field-v2,2026-07-21T20:37:54+00:00,1,4.3
capture_0557,tools/dataset/captures/serial_timed_fast_20260627T1205Z/capture_0557.jpg,28,45,668,35,40,true,train,ollama_ocr,accepted,minicpm-v:latest,aqs-five-field-v2,2026-07-21T21:04:36+00:00,1,4.3
capture_0560,tools/dataset/captures/serial_timed_fast_20260627T1205Z/capture_0560.jpg,28,45,662,3,40,true,train,ollama_ocr,accepted,minicpm-v:latest,aqs-five-field-v2,2026-07-21T20:49:34+00:00,1,4.3
capture_0563,tools/dataset/captures/serial_timed_fast_20260627T1205Z/capture_0563.jpg,28,45,662,3,40,true,train,ollama_ocr,accepted,minicpm-v:latest,aqs-five-field-v2,2026-07-21T21:30:35+00:00,1,16.0
capture_0565,tools/dataset/captures/serial_timed_fast_20260627T1205Z/capture_0565.jpg,28,45,662,3,40,true,train,ollama_ocr,accepted,minicpm-v:latest,aqs-five-field-v2,2026-07-21T21:03:34+00:00,1,4.3
capture_0568,tools/dataset/captures/serial_timed_fast_20260627T1205Z/capture_0568.jpg,28,45,662,3,40,true,train,ollama_ocr,accepted,minicpm-v:latest,aqs-five-field-v2,2026-07-21T20:55:20+00:00,1,4.3
capture_0571,tools/dataset/captures/serial_timed_fast_20260627T1205Z/capture_0571.jpg,28,45,662,3,40,true,train,ollama_ocr,accepted,minicpm-v:latest,aqs-five-field-v2,2026-07-21T20:50:35+00:00,1,4.3
capture_0574,tools/dataset/captures/serial_timed_fast_20260627T1205Z/capture_0574.jpg,28,45,662,3,40,true,train,ollama_ocr,accepted,minicpm-v:latest,aqs-five-field-v2,2026-07-21T21:03:39+00:00,1,4.3
capture_0577,tools/dataset/captures/serial_timed_fast_20260627T1205Z/capture_0577.jpg,28,45,662,3,40,true,train,ollama_ocr,accepted,minicpm-v:latest,aqs-five-field-v2,2026-07-21T21:30:19+00:00,1,16.0
capture_0580,tools/dataset/captures/serial_timed_fast_20260627T1205Z/capture_0580.jpg,28,45,662,3,92,true,train,ollama_ocr,accepted,minicpm-v:latest,aqs-five-field-v2,2026-07-21T20:57:49+00:00,1,4.2
capture_0583,tools/dataset/captures/serial_timed_fast_20260627T1205Z/capture_0583.jpg,28,45,662,3,90,true,train,ollama_ocr,accepted,minicpm-v:latest,aqs-five-field-v2,2026-07-21T20:45:00+00:00,1,16.4
capture_0586,tools/dataset/captures/serial_timed_fast_20260627T1205Z/capture_0586.jpg,28,45,668,34,95,true,train,ollama_ocr,accepted,minicpm-v:latest,aqs-five-field-v2,2026-07-21T21:32:44+00:00,1,4.3
capture_0589,tools/dataset/captures/serial_timed_fast_20260627T1205Z/capture_0589.jpg,28,45,662,3,40,true,train,ollama_ocr,accepted,minicpm-v:latest,aqs-five-field-v2,2026-07-21T20:57:05+00:00,1,4.2
capture_0592,tools/dataset/captures/serial_timed_fast_20260627T1205Z/capture_0592.jpg,28,45,662,3,92,true,train,ollama_ocr,accepted,minicpm-v:latest,aqs-five-field-v2,2026-07-21T21:32:49+00:00,1,4.3
capture_0595,tools/dataset/captures/serial_timed_fast_20260627T1205Z/capture_0595.jpg,28,45,662,3,40,true,train,ollama_ocr,accepted,minicpm-v:latest,aqs-five-field-v2,2026-07-21T20:37:02+00:00,1,4.3
capture_0598,tools/dataset/captures/serial_timed_fast_20260627T1205Z/capture_0598.jpg,28,45,662,3,92,true,train,ollama_ocr,accepted,minicpm-v:latest,aqs-five-field-v2,2026-07-21T21:00:05+00:00,1,4.3
capture_0601,tools/dataset/captures/serial_timed_fast_20260627T1205Z/capture_0601.jpg,28,45,662,3,40,true,train,ollama_ocr,accepted,minicpm-v:latest,aqs-five-field-v2,2026-07-21T21:33:24+00:00,1,4.3
capture_0604,tools/dataset/captures/serial_timed_fast_20260627T1205Z/capture_0604.jpg,28,45,662,3,40,true,train,ollama_ocr,accepted,minicpm-v:latest,aqs-five-field-v2,2026-07-21T21:03:30+00:00,1,4.3
capture_0607,tools/dataset/captures/serial_timed_fast_20260627T1205Z/capture_0607.jpg,28,45,662,3,92,true,train,ollama_ocr,accepted,minicpm-v:latest,aqs-five-field-v2,2026-07-21T20:58:50+00:00,1,4.3
capture_0610,tools/dataset/captures/serial_timed_fast_20260627T1205Z/capture_0610.jpg,-1,-1,0,-1,-1,false,train,ocr_invalid_or_implausible,rejected,minicpm-v:latest,aqs-five-field-v2,2026-07-21T21:00:48+00:00,1,4.1
capture_0613,tools/dataset/captures/serial_timed_fast_20260627T1205Z/capture_0613.jpg,28,45,662,3,40,true,train,ollama_ocr,accepted,minicpm-v:latest,aqs-five-field-v2,2026-07-21T21:03:17+00:00,1,4.3
capture_0616,tools/dataset/captures/serial_timed_fast_20260627T1205Z/capture_0616.jpg,28,45,662,3,40,true,train,ollama_ocr,accepted,minicpm-v:latest,aqs-five-field-v2,2026-07-21T21:08:38+00:00,1,4.3
capture_0619,tools/dataset/captures/serial_timed_fast_20260627T1205Z/capture_0619.jpg,28,45,0,-1,-1,false,train,ocr_invalid_or_implausible,rejected,minicpm-v:latest,aqs-five-field-v2,2026-07-21T21:02:24+00:00,1,4.2
capture_0622,tools/dataset/captures/serial_timed_fast_20260627T1205Z/capture_0622.jpg,28,45,662,3,40,true,train,ollama_ocr,accepted,minicpm-v:latest,aqs-five-field-v2,2026-07-21T21:08:55+00:00,1,4.3
capture_0625,tools/dataset/captures/serial_timed_fast_20260627T1205Z/capture_0625.jpg,28,45,662,3,40,true,train,ollama_ocr,accepted,minicpm-v:latest,aqs-five-field-v2,2026-07-21T21:05:15+00:00,1,4.3
capture_0628,tools/dataset/captures/serial_timed_fast_20260627T1205Z/capture_0628.jpg,28,45,662,3,92,true,train,ollama_ocr,accepted,minicpm-v:latest,aqs-five-field-v2,2026-07-21T20:49:52+00:00,1,4.3
capture_0631,tools/dataset/captures/serial_timed_fast_20260627T1205Z/capture_0631.jpg,28,45,662,3,40,true,train,ollama_ocr,accepted,minicpm-v:latest,aqs-five-field-v2,2026-07-21T20:59:08+00:00,1,4.3
capture_0634,tools/dataset/captures/serial_timed_fast_20260627T1205Z/capture_0634.jpg,28,45,662,3,92,true,train,ollama_ocr,accepted,minicpm-v:latest,aqs-five-field-v2,2026-07-21T21:31:23+00:00,1,16.0
capture_0637,tools/dataset/captures/serial_timed_fast_20260627T1205Z/capture_0637.jpg,28,45,662,3,92,true,train,ollama_ocr,accepted,minicpm-v:latest,aqs-five-field-v2,2026-07-21T21:05:11+00:00,1,4.3
capture_0640,tools/dataset/captures/serial_timed_fast_20260627T1205Z/capture_0640.jpg,28,45,662,3,92,true,train,ollama_ocr,accepted,minicpm-v:latest,aqs-five-field-v2,2026-07-21T20:37:28+00:00,1,4.3
capture_0643,tools/dataset/captures/serial_timed_fast_20260627T1205Z/capture_0643.jpg,28,45,662,3,92,true,train,ollama_ocr,accepted,minicpm-v:latest,aqs-five-field-v2,2026-07-21T20:53:09+00:00,1,4.3
capture_0646,tools/dataset/captures/serial_timed_fast_20260627T1205Z/capture_0646.jpg,28,45,662,3,40,true,train,ollama_ocr,accepted,minicpm-v:latest,aqs-five-field-v2,2026-07-21T20:58:33+00:00,1,4.3
capture_0649,tools/dataset/captures/serial_timed_fast_20260627T1205Z/capture_0649.jpg,28,45,662,3,40,true,train,ollama_ocr,accepted,minicpm-v:latest,aqs-five-field-v2,2026-07-21T20:43:04+00:00,1,16.4
capture_0652,tools/dataset/captures/serial_timed_fast_20260627T1205Z/capture_0652.jpg,28,45,662,3,90,true,train,ollama_ocr,accepted,minicpm-v:latest,aqs-five-field-v2,2026-07-21T20:52:47+00:00,1,4.3
capture_0655,tools/dataset/captures/serial_timed_fast_20260627T1205Z/capture_0655.jpg,28,45,662,3,40,true,train,ollama_ocr,accepted,minicpm-v:latest,aqs-five-field-v2,2026-07-21T21:07:54+00:00,1,4.3
capture_0658,tools/dataset/captures/serial_timed_fast_20260627T1205Z/capture_0658.jpg,28,45,662,3,40,true,train,ollama_ocr,accepted,minicpm-v:latest,aqs-five-field-v2,2026-07-21T21:10:31+00:00,1,4.3
capture_0661,tools/dataset/captures/serial_timed_fast_20260627T1205Z/capture_0661.jpg,28,45,662,3,40,true,train,ollama_ocr,accepted,minicpm-v:latest,aqs-five-field-v2,2026-07-21T20:56:52+00:00,1,4.3
capture_0663,tools/dataset/captures/serial_timed_fast_20260627T1205Z/capture_0663.jpg,28,45,662,3,92,true,train,ollama_ocr,accepted,minicpm-v:latest,aqs-five-field-v2,2026-07-21T20:37:06+00:00,1,4.3
capture_0666,tools/dataset/captures/serial_timed_fast_20260627T1205Z/capture_0666.jpg,28,45,662,3,92,true,train,ollama_ocr,accepted,minicpm-v:latest,aqs-five-field-v2,2026-07-21T20:56:09+00:00,1,4.3
capture_0669,tools/dataset/captures/serial_timed_fast_20260627T1205Z/capture_0669.jpg,28,45,662,3,92,true,train,ollama_ocr,accepted,minicpm-v:latest,aqs-five-field-v2,2026-07-21T21:09:47+00:00,1,4.3
capture_0672,tools/dataset/captures/serial_timed_fast_20260627T1205Z/capture_0672.jpg,28,45,662,3,40,true,train,ollama_ocr,accepted,minicpm-v:latest,aqs-five-field-v2,2026-07-21T21:09:26+00:00,1,4.3
capture_0675,tools/dataset/captures/serial_timed_fast_20260627T1205Z/capture_0675.jpg,28,45,662,3,92,true,train,ollama_ocr,accepted,minicpm-v:latest,aqs-five-field-v2,2026-07-21T21:23:51+00:00,1,16.0
capture_0678,tools/dataset/captures/serial_timed_fast_20260627T1205Z/capture_0678.jpg,28,45,662,3,40,true,train,ollama_ocr,accepted,minicpm-v:latest,aqs-five-field-v2,2026-07-21T21:20:53+00:00,1,16.0
capture_0681,tools/dataset/captures/serial_timed_fast_20260627T1205Z/capture_0681.jpg,28,45,662,3,92,true,train,ollama_ocr,accepted,minicpm-v:latest,aqs-five-field-v2,2026-07-21T20:55:16+00:00,1,4.3
capture_0684,tools/dataset/captures/serial_timed_fast_20260627T1205Z/capture_0684.jpg,28,45,662,3,92,true,train,ollama_ocr,accepted,minicpm-v:latest,aqs-five-field-v2,2026-07-21T20:55:12+00:00,1,4.3
capture_0687,tools/dataset/captures/serial_timed_fast_20260627T1205Z/capture_0687.jpg,28,45,662,3,92,true,train,ollama_ocr,accepted,minicpm-v:latest,aqs-five-field-v2,2026-07-21T21:06:48+00:00,1,4.3
capture_0690,tools/dataset/captures/serial_timed_fast_20260627T1205Z/capture_0690.jpg,28,45,662,3,40,true,train,ollama_ocr,accepted,minicpm-v:latest,aqs-five-field-v2,2026-07-21T21:10:40+00:00,1,4.3
capture_0693,tools/dataset/captures/serial_timed_fast_20260627T1205Z/capture_0693.jpg,28,45,662,3,40,true,train,ollama_ocr,accepted,minicpm-v:latest,aqs-five-field-v2,2026-07-21T20:56:00+00:00,1,4.3
capture_0696,tools/dataset/captures/serial_timed_fast_20260627T1205Z/capture_0696.jpg,28,45,662,3,92,true,train,ollama_ocr,accepted,minicpm-v:latest,aqs-five-field-v2,2026-07-21T21:31:56+00:00,1,4.2
capture_0699,tools/dataset/captures/serial_timed_fast_20260627T1205Z/capture_0699.jpg,28,45,662,3,90,true,train,ollama_ocr,accepted,minicpm-v:latest,aqs-five-field-v2,2026-07-21T20:35:26+00:00,1,4.2
capture_0702,tools/dataset/captures/serial_timed_fast_20260627T1205Z/capture_0702.jpg,28,45,662,3,40,true,train,ollama_ocr,accepted,minicpm-v:latest,aqs-five-field-v2,2026-07-21T21:34:47+00:00,1,4.3
capture_0705,tools/dataset/captures/serial_timed_fast_20260627T1205Z/capture_0705.jpg,28,45,662,3,40,true,train,ollama_ocr,accepted,minicpm-v:latest,aqs-five-field-v2,2026-07-21T21:34:34+00:00,1,4.3
capture_0708,tools/dataset/captures/serial_timed_fast_20260627T1205Z/capture_0708.jpg,28,45,662,3,40,true,train,ollama_ocr,accepted,minicpm-v:latest,aqs-five-field-v2,2026-07-21T21:32:18+00:00,1,4.3
capture_0711,tools/dataset/captures/serial_timed_fast_20260627T1205Z/capture_0711.jpg,28,45,662,3,92,true,train,ollama_ocr,accepted,minicpm-v:latest,aqs-five-field-v2,2026-07-21T21:27:37+00:00,1,16.0
capture_0714,tools/dataset/captures/serial_timed_fast_20260627T1205Z/capture_0714.jpg,28,45,662,3,92,true,train,ollama_ocr,accepted,minicpm-v:latest,aqs-five-field-v2,2026-07-21T20:57:01+00:00,1,4.3
capture_0717,tools/dataset/captures/serial_timed_fast_20260627T1205Z/capture_0717.jpg,-1,-1,662,3,34,false,train,ocr_invalid_or_implausible,rejected,minicpm-v:latest,aqs-five-field-v2,2026-07-21T20:39:29+00:00,1,16.0
capture_0720,tools/dataset/captures/serial_timed_fast_20260627T1205Z/capture_0720.jpg,28,45,662,3,40,true,train,ollama_ocr,accepted,minicpm-v:latest,aqs-five-field-v2,2026-07-21T20:36:09+00:00,1,4.3
capture_0723,tools/dataset/captures/serial_timed_fast_20260627T1205Z/capture_0723.jpg,28,45,662,3,92,true,train,ollama_ocr,accepted,minicpm-v:latest,aqs-five-field-v2,2026-07-21T21:00:31+00:00,1,4.2
capture_0726,tools/dataset/captures/serial_timed_fast_20260627T1205Z/capture_0726.jpg,28,45,662,3,92,true,train,ollama_ocr,accepted,minicpm-v:latest,aqs-five-field-v2,2026-07-21T21:11:28+00:00,1,4.3
capture_0729,tools/dataset/captures/serial_timed_fast_20260627T1205Z/capture_0729.jpg,28,45,662,3,40,true,train,ollama_ocr,accepted,minicpm-v:latest,aqs-five-field-v2,2026-07-21T21:32:14+00:00,1,4.3
capture_0731,tools/dataset/captures/serial_timed_fast_20260627T1205Z/capture_0731.jpg,28,45,662,3,92,true,train,ollama_ocr,accepted,minicpm-v:latest,aqs-five-field-v2,2026-07-21T21:26:48+00:00,1,16.0
capture_0734,tools/dataset/captures/serial_timed_fast_20260627T1205Z/capture_0734.jpg,28,45,662,3,42,true,train,ollama_ocr,accepted,minicpm-v:latest,aqs-five-field-v2,2026-07-21T21:23:03+00:00,1,16.0
capture_0737,tools/dataset/captures/serial_timed_fast_20260627T1205Z/capture_0737.jpg,28,45,662,3,92,true,train,ollama_ocr,accepted,minicpm-v:latest,aqs-five-field-v2,2026-07-21T20:35:47+00:00,1,4.3
capture_0740,tools/dataset/captures/serial_timed_fast_20260627T1205Z/capture_0740.jpg,28,45,662,3,92,true,train,ollama_ocr,accepted,minicpm-v:latest,aqs-five-field-v2,2026-07-21T20:49:30+00:00,1,4.3
capture_0743,tools/dataset/captures/serial_timed_fast_20260627T1205Z/capture_0743.jpg,27,45,662,3,40,true,train,ollama_ocr,accepted,minicpm-v:latest,aqs-five-field-v2,2026-07-21T20:50:53+00:00,1,4.3
capture_0746,tools/dataset/captures/serial_timed_fast_20260627T1205Z/capture_0746.jpg,27,45,662,3,40,true,train,ollama_ocr,accepted,minicpm-v:latest,aqs-five-field-v2,2026-07-21T21:07:45+00:00,1,4.3
capture_0749,tools/dataset/captures/serial_timed_fast_20260627T1205Z/capture_0749.jpg,27,45,662,3,92,true,train,ollama_ocr,accepted,minicpm-v:latest,aqs-five-field-v2,2026-07-21T21:15:46+00:00,1,16.0
capture_0752,tools/dataset/captures/serial_timed_fast_20260627T1205Z/capture_0752.jpg,27,45,662,3,92,true,train,ollama_ocr,accepted,minicpm-v:latest,aqs-five-field-v2,2026-07-21T21:06:26+00:00,1,4.3
capture_0755,tools/dataset/captures/serial_timed_fast_20260627T1205Z/capture_0755.jpg,27,45,662,3,40,true,train,ollama_ocr,accepted,minicpm-v:latest,aqs-five-field-v2,2026-07-21T21:06:12+00:00,1,4.3
capture_0758,tools/dataset/captures/serial_timed_fast_20260627T1205Z/capture_0758.jpg,27,45,662,3,90,true,train,ollama_ocr,accepted,minicpm-v:latest,aqs-five-field-v2,2026-07-21T21:35:22+00:00,1,4.3
capture_0761,tools/dataset/captures/serial_timed_fast_20260627T1205Z/capture_0761.jpg,27,45,662,3,40,true,train,ollama_ocr,accepted,minicpm-v:latest,aqs-five-field-v2,2026-07-21T20:46:23+00:00,1,16.4
capture_0764,tools/dataset/captures/serial_timed_fast_20260627T1205Z/capture_0764.jpg,27,45,662,3,40,true,train,ollama_ocr,accepted,minicpm-v:latest,aqs-five-field-v2,2026-07-21T21:27:21+00:00,1,16.0
capture_0767,tools/dataset/captures/serial_timed_fast_20260627T1205Z/capture_0767.jpg,27,45,662,3,40,true,train,ollama_ocr,accepted,minicpm-v:latest,aqs-five-field-v2,2026-07-21T21:09:52+00:00,1,4.3
capture_0770,tools/dataset/captures/serial_timed_fast_20260627T1205Z/capture_0770.jpg,27,45,662,3,90,true,train,ollama_ocr,accepted,minicpm-v:latest,aqs-five-field-v2,2026-07-21T21:01:36+00:00,1,4.3
capture_0773,tools/dataset/captures/serial_timed_fast_20260627T1205Z/capture_0773.jpg,27,45,662,3,92,true,train,ollama_ocr,accepted,minicpm-v:latest,aqs-five-field-v2,2026-07-21T20:54:15+00:00,1,4.2
capture_0776,tools/dataset/captures/serial_timed_fast_20260627T1205Z/capture_0776.jpg,27,45,662,3,40,true,train,ollama_ocr,accepted,minicpm-v:latest,aqs-five-field-v2,2026-07-21T21:17:23+00:00,1,16.0
capture_0779,tools/dataset/captures/serial_timed_fast_20260627T1205Z/capture_0779.jpg,27,45,662,3,40,true,train,ollama_ocr,accepted,minicpm-v:latest,aqs-five-field-v2,2026-07-21T21:16:51+00:00,1,16.1
capture_0782,tools/dataset/captures/serial_timed_fast_20260627T1205Z/capture_0782.jpg,27,45,662,3,92,true,train,ollama_ocr,accepted,minicpm-v:latest,aqs-five-field-v2,2026-07-21T20:53:13+00:00,1,4.3
capture_0785,tools/dataset/captures/serial_timed_fast_20260627T1205Z/capture_0785.jpg,27,45,662,3,40,true,train,ollama_ocr,accepted,minicpm-v:latest,aqs-five-field-v2,2026-07-21T21:32:31+00:00,1,4.2
capture_0788,tools/dataset/captures/serial_timed_fast_20260627T1205Z/capture_0788.jpg,27,45,662,3,40,true,train,ollama_ocr,accepted,minicpm-v:latest,aqs-five-field-v2,2026-07-21T21:08:16+00:00,1,4.3
capture_0791,tools/dataset/captures/serial_timed_fast_20260627T1205Z/capture_0791.jpg,27,45,662,3,90,true,train,ollama_ocr,accepted,minicpm-v:latest,aqs-five-field-v2,2026-07-21T20:54:41+00:00,1,4.3
capture_0794,tools/dataset/captures/serial_timed_fast_20260627T1205Z/capture_0794.jpg,27,45,662,3,92,true,train,ollama_ocr,accepted,minicpm-v:latest,aqs-five-field-v2,2026-07-21T21:02:11+00:00,1,4.3
capture_0797,tools/dataset/captures/serial_timed_fast_20260627T1205Z/capture_0797.jpg,27,45,662,3,40,true,train,ollama_ocr,accepted,minicpm-v:latest,aqs-five-field-v2,2026-07-21T20:42:32+00:00,1,16.4
capture_0800,tools/dataset/captures/serial_timed_fast_20260627T1205Z/capture_0800.jpg,27,45,662,3,40,true,train,ollama_ocr,accepted,minicpm-v:latest,aqs-five-field-v2,2026-07-21T20:58:42+00:00,1,4.2
capture_0803,tools/dataset/captures/serial_timed_fast_20260627T1205Z/capture_0803.jpg,27,45,662,3,40,true,train,ollama_ocr,accepted,minicpm-v:latest,aqs-five-field-v2,2026-07-21T20:38:07+00:00,1,4.3
capture_0806,tools/dataset/captures/serial_timed_fast_20260627T1205Z/capture_0806.jpg,27,45,662,3,40,true,train,ollama_ocr,accepted,minicpm-v:latest,aqs-five-field-v2,2026-07-21T20:58:55+00:00,1,4.3
capture_0809,tools/dataset/captures/serial_timed_fast_20260627T1205Z/capture_0809.jpg,27,45,662,3,40,true,train,ollama_ocr,accepted,minicpm-v:latest,aqs-five-field-v2,2026-07-21T20:51:11+00:00,1,4.3
capture_0812,tools/dataset/captures/serial_timed_fast_20260627T1205Z/capture_0812.jpg,27,45,662,3,40,true,train,ollama_ocr,accepted,minicpm-v:latest,aqs-five-field-v2,2026-07-21T21:30:51+00:00,1,16.0
capture_0815,tools/dataset/captures/serial_timed_fast_20260627T1205Z/capture_0815.jpg,27,45,662,3,90,true,train,ollama_ocr,accepted,minicpm-v:latest,aqs-five-field-v2,2026-07-21T20:53:44+00:00,1,4.3
capture_0818,tools/dataset/captures/serial_timed_fast_20260627T1205Z/capture_0818.jpg,27,45,662,3,40,true,train,ollama_ocr,accepted,minicpm-v:latest,aqs-five-field-v2,2026-07-21T21:00:09+00:00,1,4.3
capture_0821,tools/dataset/captures/serial_timed_fast_20260627T1205Z/capture_0821.jpg,27,45,662,34,89,true,train,ollama_ocr,accepted,minicpm-v:latest,aqs-five-field-v2,2026-07-21T21:08:07+00:00,1,4.3
capture_0824,tools/dataset/captures/serial_timed_fast_20260627T1205Z/capture_0824.jpg,27,45,657,3,40,true,train,ollama_ocr,accepted,minicpm-v:latest,aqs-five-field-v2,2026-07-21T20:57:14+00:00,1,4.3
capture_0827,tools/dataset/captures/serial_timed_fast_20260627T1205Z/capture_0827.jpg,27,45,657,3,40,true,train,ollama_ocr,accepted,minicpm-v:latest,aqs-five-field-v2,2026-07-21T21:02:37+00:00,1,4.3
capture_0829,tools/dataset/captures/serial_timed_fast_20260627T1205Z/capture_0829.jpg,27,45,657,3,40,true,train,ollama_ocr,accepted,minicpm-v:latest,aqs-five-field-v2,2026-07-21T20:44:44+00:00,1,16.4
capture_0832,tools/dataset/captures/serial_timed_fast_20260627T1205Z/capture_0832.jpg,27,45,657,3,89,true,train,ollama_ocr,accepted,minicpm-v:latest,aqs-five-field-v2,2026-07-21T20:40:19+00:00,1,16.4
capture_0835,tools/dataset/captures/serial_timed_fast_20260627T1205Z/capture_0835.jpg,27,45,40,3,6,false,train,ocr_invalid_or_implausible,rejected,minicpm-v:latest,aqs-five-field-v2,2026-07-21T21:07:23+00:00,1,4.2
capture_0838,tools/dataset/captures/serial_timed_fast_20260627T1205Z/capture_0838.jpg,27,45,629,34,84,true,train,ollama_ocr,accepted,minicpm-v:latest,aqs-five-field-v2,2026-07-21T21:20:21+00:00,1,16.2
capture_0841,tools/dataset/captures/serial_timed_fast_20260627T1205Z/capture_0841.jpg,27,45,640,3,8,true,train,ollama_ocr,accepted,minicpm-v:latest,aqs-five-field-v2,2026-07-21T20:52:03+00:00,1,4.3
capture_0844,tools/dataset/captures/serial_timed_fast_20260627T1205Z/capture_0844.jpg,27,45,624,0,8,true,train,ollama_ocr,accepted,minicpm-v:latest,aqs-five-field-v2,2026-07-21T21:22:14+00:00,1,15.8
capture_0847,tools/dataset/captures/serial_timed_fast_20260627T1205Z/capture_0847.jpg,27,45,65,3,90,false,train,ocr_invalid_or_implausible,rejected,minicpm-v:latest,aqs-five-field-v2,2026-07-21T21:14:42+00:00,1,16.1
capture_0850,tools/dataset/captures/serial_timed_fast_20260627T1205Z/capture_0850.jpg,27,45,635,0,8,true,train,ollama_ocr,accepted,minicpm-v:latest,aqs-five-field-v2,2026-07-21T20:54:37+00:00,1,4.2
capture_0853,tools/dataset/captures/serial_timed_fast_20260627T1205Z/capture_0853.jpg,27,45,46,30,8,false,train,ocr_invalid_or_implausible,rejected,minicpm-v:latest,aqs-five-field-v2,2026-07-21T21:03:21+00:00,1,4.3
capture_0856,tools/dataset/captures/serial_timed_fast_20260627T1205Z/capture_0856.jpg,27,45,64,30,8,false,train,ocr_invalid_or_implausible,rejected,minicpm-v:latest,aqs-five-field-v2,2026-07-21T20:59:38+00:00,1,4.3
capture_0859,tools/dataset/captures/serial_timed_fast_20260627T1205Z/capture_0859.jpg,27,45,46,0,8,false,train,ocr_invalid_or_implausible,rejected,minicpm-v:latest,aqs-five-field-v2,2026-07-21T21:09:17+00:00,1,4.2
capture_0862,tools/dataset/captures/serial_timed_fast_20260627T1205Z/capture_0862.jpg,27,45,635,0,8,true,train,ollama_ocr,accepted,minicpm-v:latest,aqs-five-field-v2,2026-07-21T21:17:07+00:00,1,15.8
capture_0865,tools/dataset/captures/serial_timed_fast_20260627T1205Z/capture_0865.jpg,27,45,40,3,6,false,train,ocr_invalid_or_implausible,rejected,minicpm-v:latest,aqs-five-field-v2,2026-07-21T21:11:15+00:00,1,4.2
capture_0868,tools/dataset/captures/serial_timed_fast_20260627T1205Z/capture_0868.jpg,27,49,6,0,8,false,train,ocr_invalid_or_implausible,rejected,minicpm-v:latest,aqs-five-field-v2,2026-07-21T21:14:09+00:00,1,15.5
capture_0871,tools/dataset/captures/serial_timed_fast_20260627T1205Z/capture_0871.jpg,27,45,629,0,8,true,train,ollama_ocr,accepted,minicpm-v:latest,aqs-five-field-v2,2026-07-21T20:37:45+00:00,1,4.3
capture_0874,tools/dataset/captures/serial_timed_fast_20260627T1205Z/capture_0874.jpg,27,45,629,34,8,true,train,ollama_ocr,accepted,minicpm-v:latest,aqs-five-field-v2,2026-07-21T21:17:55+00:00,1,16.0
capture_0877,tools/dataset/captures/serial_timed_fast_20260627T1205Z/capture_0877.jpg,27,45,624,0,8,true,train,ollama_ocr,accepted,minicpm-v:latest,aqs-five-field-v2,2026-07-21T21:33:54+00:00,1,4.2
capture_0880,tools/dataset/captures/serial_timed_fast_20260627T1205Z/capture_0880.jpg,27,45,657,3,90,true,train,ollama_ocr,accepted,minicpm-v:latest,aqs-five-field-v2,2026-07-21T21:06:35+00:00,1,4.3
capture_0883,tools/dataset/captures/serial_timed_fast_20260627T1205Z/capture_0883.jpg,27,45,65,3,8,false,train,ocr_invalid_or_implausible,rejected,minicpm-v:latest,aqs-five-field-v2,2026-07-21T21:06:39+00:00,1,4.2
capture_0886,tools/dataset/captures/serial_timed_fast_20260627T1205Z/capture_0886.jpg,27,45,46,3,86,false,train,ocr_invalid_or_implausible,rejected,minicpm-v:latest,aqs-five-field-v2,2026-07-21T20:38:16+00:00,1,4.3
capture_0889,tools/dataset/captures/serial_timed_fast_20260627T1205Z/capture_0889.jpg,27,45,657,3,89,true,train,ollama_ocr,accepted,minicpm-v:latest,aqs-five-field-v2,2026-07-21T20:54:02+00:00,1,4.3
capture_0892,tools/dataset/captures/serial_timed_fast_20260627T1205Z/capture_0892.jpg,27,45,657,3,40,true,train,ollama_ocr,accepted,minicpm-v:latest,aqs-five-field-v2,2026-07-21T21:26:00+00:00,1,16.0
capture_0895,tools/dataset/captures/serial_timed_fast_20260627T1205Z/capture_0895.jpg,27,45,657,3,40,true,train,ollama_ocr,accepted,minicpm-v:latest,aqs-five-field-v2,2026-07-21T21:21:42+00:00,1,16.0
capture_0898,tools/dataset/captures/serial_timed_fast_20260627T1205Z/capture_0898.jpg,27,45,662,3,90,true,train,ollama_ocr,accepted,minicpm-v:latest,aqs-five-field-v2,2026-07-21T20:50:27+00:00,1,4.3
capture_0901,tools/dataset/captures/serial_timed_fast_20260627T1205Z/capture_0901.jpg,27,45,662,3,40,true,train,ollama_ocr,accepted,minicpm-v:latest,aqs-five-field-v2,2026-07-21T21:07:27+00:00,1,4.3
capture_0904,tools/dataset/captures/serial_timed_fast_20260627T1205Z/capture_0904.jpg,27,45,662,3,92,true,train,ollama_ocr,accepted,minicpm-v:latest,aqs-five-field-v2,2026-07-21T21:33:59+00:00,1,4.3
capture_0907,tools/dataset/captures/serial_timed_fast_20260627T1205Z/capture_0907.jpg,27,45,657,32,89,true,train,ollama_ocr,accepted,minicpm-v:latest,aqs-five-field-v2,2026-07-21T20:56:35+00:00,1,4.3
capture_0910,tools/dataset/captures/serial_timed_fast_20260627T1205Z/capture_0910.jpg,27,45,657,3,89,true,train,ollama_ocr,accepted,minicpm-v:latest,aqs-five-field-v2,2026-07-21T21:32:40+00:00,1,4.3
capture_0913,tools/dataset/captures/serial_timed_fast_20260627T1205Z/capture_0913.jpg,27,45,65,3,40,false,train,ocr_invalid_or_implausible,rejected,minicpm-v:latest,aqs-five-field-v2,2026-07-21T20:35:52+00:00,1,4.2
capture_0916,tools/dataset/captures/serial_timed_fast_20260627T1205Z/capture_0916.jpg,27,45,657,3,89,true,train,ollama_ocr,accepted,minicpm-v:latest,aqs-five-field-v2,2026-07-21T20:51:06+00:00,1,4.3
capture_0919,tools/dataset/captures/serial_timed_fast_20260627T1205Z/capture_0919.jpg,27,45,662,3,90,true,train,ollama_ocr,accepted,minicpm-v:latest,aqs-five-field-v2,2026-07-21T20:35:21+00:00,1,4.3
capture_0922,tools/dataset/captures/serial_timed_fast_20260627T1205Z/capture_0922.jpg,27,45,65,0,84,false,train,ocr_invalid_or_implausible,rejected,minicpm-v:latest,aqs-five-field-v2,2026-07-21T20:56:30+00:00,1,4.2
capture_0925,tools/dataset/captures/serial_timed_fast_20260627T1205Z/capture_0925.jpg,27,45,657,34,89,true,train,ollama_ocr,accepted,minicpm-v:latest,aqs-five-field-v2,2026-07-21T20:35:03+00:00,1,6.7
capture_0928,tools/dataset/captures/serial_timed_fast_20260627T1205Z/capture_0928.jpg,27,45,65,3,40,false,train,ocr_invalid_or_implausible,rejected,minicpm-v:latest,aqs-five-field-v2,2026-07-21T21:09:13+00:00,1,4.2
capture_0931,tools/dataset/captures/serial_timed_fast_20260627T1205Z/capture_0931.jpg,27,45,65,3,90,false,train,ocr_invalid_or_implausible,rejected,minicpm-v:latest,aqs-five-field-v2,2026-07-21T20:55:25+00:00,1,4.3
capture_0934,tools/dataset/captures/serial_timed_fast_20260627T1205Z/capture_0934.jpg,27,45,40,36,57,false,train,ocr_invalid_or_implausible,rejected,minicpm-v:latest,aqs-five-field-v2,2026-07-21T20:53:35+00:00,1,4.3
capture_0937,tools/dataset/captures/serial_timed_fast_20260627T1205Z/capture_0937.jpg,27,45,635,0,48,true,train,ollama_ocr,accepted,minicpm-v:latest,aqs-five-field-v2,2026-07-21T20:57:41+00:00,1,4.3
capture_0939,tools/dataset/captures/serial_timed_fast_20260627T1205Z/capture_0939.jpg,27,45,6,0,0,false,train,ocr_invalid_or_implausible,rejected,minicpm-v:latest,aqs-five-field-v2,2026-07-21T20:38:23+00:00,1,7.1
capture_0942,tools/dataset/captures/serial_timed_fast_20260627T1205Z/capture_0942.jpg,27,45,629,34,72,true,train,ollama_ocr,accepted,minicpm-v:latest,aqs-five-field-v2,2026-07-21T21:18:12+00:00,1,16.2
capture_0945,tools/dataset/captures/serial_timed_fast_20260627T1205Z/capture_0945.jpg,27,45,624,0,38,true,train,ollama_ocr,accepted,minicpm-v:latest,aqs-five-field-v2,2026-07-21T21:00:40+00:00,1,4.3
capture_0948,tools/dataset/captures/serial_timed_fast_20260627T1205Z/capture_0948.jpg,27,45,635,0,8,true,train,ollama_ocr,accepted,minicpm-v:latest,aqs-five-field-v2,2026-07-21T20:58:20+00:00,1,4.2
capture_0951,tools/dataset/captures/serial_timed_fast_20260627T1205Z/capture_0951.jpg,27,45,635,0,8,true,train,ollama_ocr,accepted,minicpm-v:latest,aqs-five-field-v2,2026-07-21T21:09:43+00:00,1,4.2
capture_0954,tools/dataset/captures/serial_timed_fast_20260627T1205Z/capture_0954.jpg,27,45,6,0,45,false,train,ocr_invalid_or_implausible,rejected,minicpm-v:latest,aqs-five-field-v2,2026-07-21T21:32:27+00:00,1,4.2
capture_0957,tools/dataset/captures/serial_timed_fast_20260627T1205Z/capture_0957.jpg,27,45,607,34,58,true,train,ollama_ocr,accepted,minicpm-v:latest,aqs-five-field-v2,2026-07-21T21:03:56+00:00,1,4.3
capture_0960,tools/dataset/captures/serial_timed_fast_20260627T1205Z/capture_0960.jpg,27,45,6,0,5,false,train,ocr_invalid_or_implausible,rejected,minicpm-v:latest,aqs-five-field-v2,2026-07-21T20:42:48+00:00,1,15.9
capture_0963,tools/dataset/captures/serial_timed_fast_20260627T1205Z/capture_0963.jpg,27,45,6,0,0,false,train,ocr_invalid_or_implausible,rejected,minicpm-v:latest,aqs-five-field-v2,2026-07-21T21:02:07+00:00,1,4.2
capture_0966,tools/dataset/captures/serial_timed_fast_20260627T1205Z/capture_0966.jpg,27,45,46,3,8,false,train,ocr_invalid_or_implausible,rejected,minicpm-v:latest,aqs-five-field-v2,2026-07-21T20:41:09+00:00,1,16.0
capture_0969,tools/dataset/captures/serial_timed_fast_20260627T1205Z/capture_0969.jpg,27,45,635,0,84,true,train,ollama_ocr,accepted,minicpm-v:latest,aqs-five-field-v2,2026-07-21T20:43:54+00:00,1,16.4
capture_0972,tools/dataset/captures/serial_timed_fast_20260627T1205Z/capture_0972.jpg,27,45,629,0,84,true,train,ollama_ocr,accepted,minicpm-v:latest,aqs-five-field-v2,2026-07-21T21:34:25+00:00,1,4.3
capture_0975,tools/dataset/captures/serial_timed_fast_20260627T1205Z/capture_0975.jpg,27,45,607,34,38,true,train,ollama_ocr,accepted,minicpm-v:latest,aqs-five-field-v2,2026-07-21T20:50:40+00:00,1,4.3
capture_0978,tools/dataset/captures/serial_timed_fast_20260627T1205Z/capture_0978.jpg,27,45,6,0,0,false,train,ocr_invalid_or_implausible,rejected,minicpm-v:latest,aqs-five-field-v2,2026-07-21T20:36:13+00:00,1,4.1
capture_0981,tools/dataset/captures/serial_timed_fast_20260627T1205Z/capture_0981.jpg,27,45,607,22,53,true,train,ollama_ocr,accepted,minicpm-v:latest,aqs-five-field-v2,2026-07-21T20:53:18+00:00,1,4.3
capture_0984,tools/dataset/captures/serial_timed_fast_20260627T1205Z/capture_0984.jpg,27,45,635,0,47,true,train,ollama_ocr,accepted,minicpm-v:latest,aqs-five-field-v2,2026-07-21T21:24:23+00:00,1,16.0
capture_0987,tools/dataset/captures/serial_timed_fast_20260627T1205Z/capture_0987.jpg,27,45,624,0,5,true,train,ollama_ocr,accepted,minicpm-v:latest,aqs-five-field-v2,2026-07-21T20:54:24+00:00,1,4.3
capture_0990,tools/dataset/captures/serial_timed_fast_20260627T1205Z/capture_0990.jpg,27,45,6,3,57,false,train,ocr_invalid_or_implausible,rejected,minicpm-v:latest,aqs-five-field-v2,2026-07-21T20:50:44+00:00,1,4.2
capture_0993,tools/dataset/captures/serial_timed_fast_20260627T1205Z/capture_0993.jpg,27,45,607,34,58,true,train,ollama_ocr,accepted,minicpm-v:latest,aqs-five-field-v2,2026-07-21T21:05:37+00:00,1,4.3
capture_0996,tools/dataset/captures/serial_timed_fast_20260627T1205Z/capture_0996.jpg,27,45,602,22,5,true,train,ollama_ocr,accepted,minicpm-v:latest,aqs-five-field-v2,2026-07-21T21:06:43+00:00,1,4.3
capture_0999,tools/dataset/captures/serial_timed_fast_20260627T1205Z/capture_0999.jpg,27,45,607,34,57,true,train,ollama_ocr,accepted,minicpm-v:latest,aqs-five-field-v2,2026-07-21T21:21:26+00:00,1,16.2
capture_1002,tools/dataset/captures/serial_timed_fast_20260627T1205Z/capture_1002.jpg,27,45,59,0,36,false,train,ocr_invalid_or_implausible,rejected,minicpm-v:latest,aqs-five-field-v2,2026-07-21T21:35:35+00:00,1,4.3
capture_1005,tools/dataset/captures/serial_timed_fast_20260627T1205Z/capture_1005.jpg,27,45,602,3,45,true,train,ollama_ocr,accepted,minicpm-v:latest,aqs-five-field-v2,2026-07-21T20:51:24+00:00,1,4.3
capture_1008,tools/dataset/captures/serial_timed_fast_20260627T1205Z/capture_1008.jpg,27,45,602,20,53,true,train,ollama_ocr,accepted,minicpm-v:latest,aqs-five-field-v2,2026-07-21T20:41:25+00:00,1,16.7
capture_1011,tools/dataset/captures/serial_timed_fast_20260627T1205Z/capture_1011.jpg,27,45,580,8,36,true,train,ollama_ocr,accepted,minicpm-v:latest,aqs-five-field-v2,2026-07-21T21:16:35+00:00,1,16.0
capture_1014,tools/dataset/captures/serial_timed_fast_20260627T1205Z/capture_1014.jpg,27,45,585,0,46,true,train,ollama_ocr,accepted,minicpm-v:latest,aqs-five-field-v2,2026-07-21T20:49:08+00:00,1,15.6
capture_1017,tools/dataset/captures/serial_timed_fast_20260627T1205Z/capture_1017.jpg,27,45,585,0,36,true,train,ollama_ocr,accepted,minicpm-v:latest,aqs-five-field-v2,2026-07-21T21:31:39+00:00,1,4.4
capture_1020,tools/dataset/captures/serial_timed_fast_20260627T1205Z/capture_1020.jpg,27,45,580,8,36,true,train,ollama_ocr,accepted,minicpm-v:latest,aqs-five-field-v2,2026-07-21T21:05:59+00:00,1,4.3
capture_1023,tools/dataset/captures/serial_timed_fast_20260627T1205Z/capture_1023.jpg,27,45,585,0,36,true,train,ollama_ocr,accepted,minicpm-v:latest,aqs-five-field-v2,2026-07-21T21:05:33+00:00,1,4.3
capture_1025,tools/dataset/captures/serial_timed_fast_20260627T1205Z/capture_1025.jpg,27,45,585,0,36,true,train,ollama_ocr,accepted,minicpm-v:latest,aqs-five-field-v2,2026-07-21T21:11:59+00:00,1,16.5
capture_1028,tools/dataset/captures/serial_timed_fast_20260627T1205Z/capture_1028.jpg,27,45,585,0,36,true,train,ollama_ocr,accepted,minicpm-v:latest,aqs-five-field-v2,2026-07-21T20:37:23+00:00,1,4.3
capture_1031,tools/dataset/captures/serial_timed_fast_20260627T1205Z/capture_1031.jpg,27,45,574,0,36,true,train,ollama_ocr,accepted,minicpm-v:latest,aqs-five-field-v2,2026-07-21T21:07:18+00:00,1,4.2
capture_1034,tools/dataset/captures/serial_timed_fast_20260627T1205Z/capture_1034.jpg,27,45,580,8,36,true,train,ollama_ocr,accepted,minicpm-v:latest,aqs-five-field-v2,2026-07-21T20:59:56+00:00,1,4.3
capture_1037,tools/dataset/captures/serial_timed_fast_20260627T1205Z/capture_1037.jpg,27,45,59,0,3,false,train,ocr_invalid_or_implausible,rejected,minicpm-v:latest,aqs-five-field-v2,2026-07-21T20:52:56+00:00,1,4.2
capture_1040,tools/dataset/captures/serial_timed_fast_20260627T1205Z/capture_1040.jpg,27,45,59,8,36,false,train,ocr_invalid_or_implausible,rejected,minicpm-v:latest,aqs-five-field-v2,2026-07-21T20:56:48+00:00,1,4.2
capture_1043,tools/dataset/captures/serial_timed_fast_20260627T1205Z/capture_1043.jpg,27,45,580,8,36,true,train,ollama_ocr,accepted,minicpm-v:latest,aqs-five-field-v2,2026-07-21T20:47:46+00:00,1,16.4
capture_1046,tools/dataset/captures/serial_timed_fast_20260627T1205Z/capture_1046.jpg,27,45,574,0,36,true,train,ollama_ocr,accepted,minicpm-v:latest,aqs-five-field-v2,2026-07-21T21:04:45+00:00,1,4.3
capture_1049,tools/dataset/captures/serial_timed_fast_20260627T1205Z/capture_1049.jpg,27,45,580,8,36,true,train,ollama_ocr,accepted,minicpm-v:latest,aqs-five-field-v2,2026-07-21T20:50:57+00:00,1,4.3
capture_1052,tools/dataset/captures/serial_timed_fast_20260627T1205Z/capture_1052.jpg,27,45,574,0,36,true,train,ollama_ocr,accepted,minicpm-v:latest,aqs-five-field-v2,2026-07-21T21:14:25+00:00,1,16.0
capture_1055,tools/dataset/captures/serial_timed_fast_20260627T1205Z/capture_1055.jpg,27,45,580,8,36,true,train,ollama_ocr,accepted,minicpm-v:latest,aqs-five-field-v2,2026-07-21T21:34:21+00:00,1,4.3
capture_1058,tools/dataset/captures/serial_timed_fast_20260627T1205Z/capture_1058.jpg,27,45,580,8,36,true,train,ollama_ocr,accepted,minicpm-v:latest,aqs-five-field-v2,2026-07-21T20:44:27+00:00,1,16.4
capture_1061,tools/dataset/captures/serial_timed_fast_20260627T1205Z/capture_1061.jpg,27,45,574,8,36,true,train,ollama_ocr,accepted,minicpm-v:latest,aqs-five-field-v2,2026-07-21T20:51:50+00:00,1,4.3
capture_1064,tools/dataset/captures/serial_timed_fast_20260627T1205Z/capture_1064.jpg,27,45,574,0,36,true,train,ollama_ocr,accepted,minicpm-v:latest,aqs-five-field-v2,2026-07-21T20:53:00+00:00,1,4.3
capture_1067,tools/dataset/captures/serial_timed_fast_20260627T1205Z/capture_1067.jpg,27,45,574,0,36,true,train,ollama_ocr,accepted,minicpm-v:latest,aqs-five-field-v2,2026-07-21T21:21:09+00:00,1,16.0
capture_1070,tools/dataset/captures/serial_timed_fast_20260627T1205Z/capture_1070.jpg,27,45,574,0,36,true,train,ollama_ocr,accepted,minicpm-v:latest,aqs-five-field-v2,2026-07-21T21:01:32+00:00,1,4.3
capture_1073,tools/dataset/captures/serial_timed_fast_20260627T1205Z/capture_1073.jpg,27,45,574,0,36,true,train,ollama_ocr,accepted,minicpm-v:latest,aqs-five-field-v2,2026-07-21T20:59:03+00:00,1,4.3
capture_1076,tools/dataset/captures/serial_timed_fast_20260627T1205Z/capture_1076.jpg,27,45,574,0,36,true,train,ollama_ocr,accepted,minicpm-v:latest,aqs-five-field-v2,2026-07-21T21:27:53+00:00,1,16.0
capture_1079,tools/dataset/captures/serial_timed_fast_20260627T1205Z/capture_1079.jpg,27,45,574,8,36,true,train,ollama_ocr,accepted,minicpm-v:latest,aqs-five-field-v2,2026-07-21T21:35:09+00:00,1,4.3
capture_1082,tools/dataset/captures/serial_timed_fast_20260627T1205Z/capture_1082.jpg,27,45,580,8,36,true,train,ollama_ocr,accepted,minicpm-v:latest,aqs-five-field-v2,2026-07-21T20:52:52+00:00,1,4.3
capture_1085,tools/dataset/captures/serial_timed_fast_20260627T1205Z/capture_1085.jpg,27,45,574,0,36,true,train,ollama_ocr,accepted,minicpm-v:latest,aqs-five-field-v2,2026-07-21T20:38:12+00:00,1,4.3
capture_1088,tools/dataset/captures/serial_timed_fast_20260627T1205Z/capture_1088.jpg,27,45,580,8,36,true,train,ollama_ocr,accepted,minicpm-v:latest,aqs-five-field-v2,2026-07-21T21:04:27+00:00,1,4.2
capture_1091,tools/dataset/captures/serial_timed_fast_20260627T1205Z/capture_1091.jpg,27,45,58,0,36,false,train,ocr_invalid_or_implausible,rejected,minicpm-v:latest,aqs-five-field-v2,2026-07-21T21:25:11+00:00,1,15.8
capture_1094,tools/dataset/captures/serial_timed_fast_20260627T1205Z/capture_1094.jpg,27,45,585,0,36,true,train,ollama_ocr,accepted,minicpm-v:latest,aqs-five-field-v2,2026-07-21T21:12:16+00:00,1,16.4
capture_1097,tools/dataset/captures/serial_timed_fast_20260627T1205Z/capture_1097.jpg,27,45,580,8,36,true,train,ollama_ocr,accepted,minicpm-v:latest,aqs-five-field-v2,2026-07-21T20:51:55+00:00,1,4.3
capture_1100,tools/dataset/captures/serial_timed_fast_20260627T1205Z/capture_1100.jpg,27,45,580,8,36,true,train,ollama_ocr,accepted,minicpm-v:latest,aqs-five-field-v2,2026-07-21T21:08:24+00:00,1,4.2
capture_1103,tools/dataset/captures/serial_timed_fast_20260627T1205Z/capture_1103.jpg,27,45,580,13,47,true,train,ollama_ocr,accepted,minicpm-v:latest,aqs-five-field-v2,2026-07-21T20:56:04+00:00,1,4.3
capture_1105,tools/dataset/captures/serial_timed_fast_20260627T1205Z/capture_1105.jpg,-1,-1,585,36,0,false,train,ocr_invalid_or_implausible,rejected,minicpm-v:latest,aqs-five-field-v2,2026-07-21T21:00:44+00:00,1,4.2
capture_1108,tools/dataset/captures/serial_timed_fast_20260627T1205Z/capture_1108.jpg,27,45,574,0,36,true,train,ollama_ocr,accepted,minicpm-v:latest,aqs-five-field-v2,2026-07-21T20:54:32+00:00,1,4.2
capture_1111,tools/dataset/captures/serial_timed_fast_20260627T1205Z/capture_1111.jpg,27,45,574,0,36,true,train,ollama_ocr,accepted,minicpm-v:latest,aqs-five-field-v2,2026-07-21T20:51:59+00:00,1,4.3
capture_1114,tools/dataset/captures/serial_timed_fast_20260627T1205Z/capture_1114.jpg,27,45,574,0,36,true,train,ollama_ocr,accepted,minicpm-v:latest,aqs-five-field-v2,2026-07-21T21:09:04+00:00,1,4.3
capture_1117,tools/dataset/captures/serial_timed_fast_20260627T1205Z/capture_1117.jpg,27,45,574,0,36,true,train,ollama_ocr,accepted,minicpm-v:latest,aqs-five-field-v2,2026-07-21T21:05:07+00:00,1,4.2
capture_1120,tools/dataset/captures/serial_timed_fast_20260627T1205Z/capture_1120.jpg,27,45,574,0,36,true,train,ollama_ocr,accepted,minicpm-v:latest,aqs-five-field-v2,2026-07-21T21:13:05+00:00,1,16.2
capture_1123,tools/dataset/captures/serial_timed_fast_20260627T1205Z/capture_1123.jpg,27,45,574,0,36,true,train,ollama_ocr,accepted,minicpm-v:latest,aqs-five-field-v2,2026-07-21T20:42:15+00:00,1,16.4
capture_1126,tools/dataset/captures/serial_timed_fast_20260627T1205Z/capture_1126.jpg,27,45,574,0,36,true,train,ollama_ocr,accepted,minicpm-v:latest,aqs-five-field-v2,2026-07-21T21:10:09+00:00,1,4.3
capture_1129,tools/dataset/captures/serial_timed_fast_20260627T1205Z/capture_1129.jpg,27,45,574,0,36,true,train,ollama_ocr,accepted,minicpm-v:latest,aqs-five-field-v2,2026-07-21T21:35:26+00:00,1,4.3
capture_1132,tools/dataset/captures/serial_timed_fast_20260627T1205Z/capture_1132.jpg,27,45,574,0,36,true,train,ollama_ocr,accepted,minicpm-v:latest,aqs-five-field-v2,2026-07-21T21:02:15+00:00,1,4.3
capture_1135,tools/dataset/captures/serial_timed_fast_20260627T1205Z/capture_1135.jpg,27,45,574,0,36,true,train,ollama_ocr,accepted,minicpm-v:latest,aqs-five-field-v2,2026-07-21T21:25:28+00:00,1,16.0
capture_1138,tools/dataset/captures/serial_timed_fast_20260627T1205Z/capture_1138.jpg,27,45,574,0,36,true,train,ollama_ocr,accepted,minicpm-v:latest,aqs-five-field-v2,2026-07-21T21:34:51+00:00,1,4.3
capture_1141,tools/dataset/captures/serial_timed_fast_20260627T1205Z/capture_1141.jpg,27,45,574,0,36,true,train,ollama_ocr,accepted,minicpm-v:latest,aqs-five-field-v2,2026-07-21T21:04:01+00:00,1,4.3
capture_1144,tools/dataset/captures/serial_timed_fast_20260627T1205Z/capture_1144.jpg,27,45,574,0,36,true,train,ollama_ocr,accepted,minicpm-v:latest,aqs-five-field-v2,2026-07-21T21:02:33+00:00,1,4.2
capture_1147,tools/dataset/captures/serial_timed_fast_20260627T1205Z/capture_1147.jpg,27,45,574,0,36,true,train,ollama_ocr,accepted,minicpm-v:latest,aqs-five-field-v2,2026-07-21T20:55:07+00:00,1,4.3
capture_1150,tools/dataset/captures/serial_timed_fast_20260627T1205Z/capture_1150.jpg,27,45,574,0,36,true,train,ollama_ocr,accepted,minicpm-v:latest,aqs-five-field-v2,2026-07-21T21:00:35+00:00,1,4.3
capture_1153,tools/dataset/captures/serial_timed_fast_20260627T1205Z/capture_1153.jpg,27,45,574,0,36,true,train,ollama_ocr,accepted,minicpm-v:latest,aqs-five-field-v2,2026-07-21T21:03:47+00:00,1,4.3
capture_1156,tools/dataset/captures/serial_timed_fast_20260627T1205Z/capture_1156.jpg,27,45,574,0,36,true,train,ollama_ocr,accepted,minicpm-v:latest,aqs-five-field-v2,2026-07-21T20:52:34+00:00,1,4.3
capture_1159,tools/dataset/captures/serial_timed_fast_20260627T1205Z/capture_1159.jpg,27,45,574,0,36,true,train,ollama_ocr,accepted,minicpm-v:latest,aqs-five-field-v2,2026-07-21T21:15:30+00:00,1,16.0
capture_1162,tools/dataset/captures/serial_timed_fast_20260627T1205Z/capture_1162.jpg,27,45,574,0,36,true,train,ollama_ocr,accepted,minicpm-v:latest,aqs-five-field-v2,2026-07-21T20:38:03+00:00,1,4.3
capture_1165,tools/dataset/captures/serial_timed_fast_20260627T1205Z/capture_1165.jpg,27,45,574,0,36,true,train,ollama_ocr,accepted,minicpm-v:latest,aqs-five-field-v2,2026-07-21T21:29:47+00:00,1,16.0
capture_1168,tools/dataset/captures/serial_timed_fast_20260627T1205Z/capture_1168.jpg,27,45,574,0,36,true,train,ollama_ocr,accepted,minicpm-v:latest,aqs-five-field-v2,2026-07-21T20:36:05+00:00,1,4.3
capture_1171,tools/dataset/captures/serial_timed_fast_20260627T1205Z/capture_1171.jpg,27,45,574,0,36,true,train,ollama_ocr,accepted,minicpm-v:latest,aqs-five-field-v2,2026-07-21T21:10:44+00:00,1,4.3
capture_1174,tools/dataset/captures/serial_timed_fast_20260627T1205Z/capture_1174.jpg,27,45,574,0,36,true,train,ollama_ocr,accepted,minicpm-v:latest,aqs-five-field-v2,2026-07-21T21:10:36+00:00,1,4.3
capture_1177,tools/dataset/captures/serial_timed_fast_20260627T1205Z/capture_1177.jpg,27,45,574,0,36,true,train,ollama_ocr,accepted,minicpm-v:latest,aqs-five-field-v2,2026-07-21T21:22:47+00:00,1,16.0
capture_1180,tools/dataset/captures/serial_timed_fast_20260627T1205Z/capture_1180.jpg,27,45,574,0,36,true,train,ollama_ocr,accepted,minicpm-v:latest,aqs-five-field-v2,2026-07-21T21:11:06+00:00,1,4.3
capture_1183,tools/dataset/captures/serial_timed_fast_20260627T1205Z/capture_1183.jpg,27,45,574,0,36,true,train,ollama_ocr,accepted,minicpm-v:latest,aqs-five-field-v2,2026-07-21T20:58:11+00:00,1,4.2
capture_1186,tools/dataset/captures/serial_timed_fast_20260627T1205Z/capture_1186.jpg,27,45,574,0,36,true,train,ollama_ocr,accepted,minicpm-v:latest,aqs-five-field-v2,2026-07-21T21:12:49+00:00,1,16.4
capture_1189,tools/dataset/captures/serial_timed_fast_20260627T1205Z/capture_1189.jpg,27,45,574,0,36,true,train,ollama_ocr,accepted,minicpm-v:latest,aqs-five-field-v2,2026-07-21T20:53:48+00:00,1,4.3
capture_1192,tools/dataset/captures/serial_timed_fast_20260627T1205Z/capture_1192.jpg,27,45,574,0,36,true,train,ollama_ocr,accepted,minicpm-v:latest,aqs-five-field-v2,2026-07-21T21:03:52+00:00,1,4.3
capture_1195,tools/dataset/captures/serial_timed_fast_20260627T1205Z/capture_1195.jpg,27,45,574,0,36,true,train,ollama_ocr,accepted,minicpm-v:latest,aqs-five-field-v2,2026-07-21T21:09:21+00:00,1,4.3
capture_1197,tools/dataset/captures/serial_timed_fast_20260627T1205Z/capture_1197.jpg,27,45,574,0,36,true,train,ollama_ocr,accepted,minicpm-v:latest,aqs-five-field-v2,2026-07-21T21:33:15+00:00,1,4.3
capture_1200,tools/dataset/captures/serial_timed_fast_20260627T1205Z/capture_1200.jpg,27,45,574,0,36,true,train,ollama_ocr,accepted,minicpm-v:latest,aqs-five-field-v2,2026-07-21T21:04:58+00:00,1,4.3
capture_1203,tools/dataset/captures/serial_timed_fast_20260627T1205Z/capture_1203.jpg,27,45,574,0,36,true,train,ollama_ocr,accepted,minicpm-v:latest,aqs-five-field-v2,2026-07-21T20:38:57+00:00,1,16.5
capture_1206,tools/dataset/captures/serial_timed_fast_20260627T1205Z/capture_1206.jpg,27,45,574,0,36,true,train,ollama_ocr,accepted,minicpm-v:latest,aqs-five-field-v2,2026-07-21T20:54:28+00:00,1,4.3
capture_1209,tools/dataset/captures/serial_timed_fast_20260627T1205Z/capture_1209.jpg,27,45,574,0,36,true,train,ollama_ocr,accepted,minicpm-v:latest,aqs-five-field-v2,2026-07-21T21:23:35+00:00,1,16.0
capture_1212,tools/dataset/captures/serial_timed_fast_20260627T1205Z/capture_1212.jpg,27,45,574,0,36,true,train,ollama_ocr,accepted,minicpm-v:latest,aqs-five-field-v2,2026-07-21T21:01:14+00:00,1,4.2
capture_1215,tools/dataset/captures/serial_timed_fast_20260627T1205Z/capture_1215.jpg,27,45,574,0,36,true,train,ollama_ocr,accepted,minicpm-v:latest,aqs-five-field-v2,2026-07-21T21:05:20+00:00,1,4.3
capture_1218,tools/dataset/captures/serial_timed_fast_20260627T1205Z/capture_1218.jpg,27,45,574,0,36,true,train,ollama_ocr,accepted,minicpm-v:latest,aqs-five-field-v2,2026-07-21T21:01:54+00:00,1,4.2
capture_1221,tools/dataset/captures/serial_timed_fast_20260627T1205Z/capture_1221.jpg,27,45,574,0,36,true,train,ollama_ocr,accepted,minicpm-v:latest,aqs-five-field-v2,2026-07-21T20:35:43+00:00,1,4.2
capture_1224,tools/dataset/captures/serial_timed_fast_20260627T1205Z/capture_1224.jpg,27,45,574,0,36,true,train,ollama_ocr,accepted,minicpm-v:latest,aqs-five-field-v2,2026-07-21T20:55:55+00:00,1,4.3
capture_1227,tools/dataset/captures/serial_timed_fast_20260627T1205Z/capture_1227.jpg,27,45,574,0,36,true,train,ollama_ocr,accepted,minicpm-v:latest,aqs-five-field-v2,2026-07-21T20:53:53+00:00,1,4.3
capture_1230,tools/dataset/captures/serial_timed_fast_20260627T1205Z/capture_1230.jpg,27,45,574,0,36,true,train,ollama_ocr,accepted,minicpm-v:latest,aqs-five-field-v2,2026-07-21T21:02:29+00:00,1,4.3
capture_1233,tools/dataset/captures/serial_timed_fast_20260627T1205Z/capture_1233.jpg,27,45,574,0,36,true,train,ollama_ocr,accepted,minicpm-v:latest,aqs-five-field-v2,2026-07-21T21:16:02+00:00,1,16.0
capture_1236,tools/dataset/captures/serial_timed_fast_20260627T1205Z/capture_1236.jpg,27,45,574,0,36,true,train,ollama_ocr,accepted,minicpm-v:latest,aqs-five-field-v2,2026-07-21T20:35:30+00:00,1,4.2
capture_1239,tools/dataset/captures/serial_timed_fast_20260627T1205Z/capture_1239.jpg,27,45,574,0,36,true,train,ollama_ocr,accepted,minicpm-v:latest,aqs-five-field-v2,2026-07-21T21:12:32+00:00,1,16.4
capture_1242,tools/dataset/captures/serial_timed_fast_20260627T1205Z/capture_1242.jpg,27,45,574,0,36,true,train,ollama_ocr,accepted,minicpm-v:latest,aqs-five-field-v2,2026-07-21T21:10:05+00:00,1,4.3
capture_1245,tools/dataset/captures/serial_timed_fast_20260627T1205Z/capture_1245.jpg,27,45,574,0,36,true,train,ollama_ocr,accepted,minicpm-v:latest,aqs-five-field-v2,2026-07-21T21:09:34+00:00,1,4.3
capture_1248,tools/dataset/captures/serial_timed_fast_20260627T1205Z/capture_1248.jpg,27,45,574,0,36,true,validation,ollama_ocr,accepted,minicpm-v:latest,aqs-five-field-v2,2026-07-21T21:13:38+00:00,1,16.1
capture_1251,tools/dataset/captures/serial_timed_fast_20260627T1205Z/capture_1251.jpg,27,45,574,0,36,true,validation,ollama_ocr,accepted,minicpm-v:latest,aqs-five-field-v2,2026-07-21T21:08:29+00:00,1,4.2
capture_1254,tools/dataset/captures/serial_timed_fast_20260627T1205Z/capture_1254.jpg,27,45,574,0,36,true,validation,ollama_ocr,accepted,minicpm-v:latest,aqs-five-field-v2,2026-07-21T21:35:18+00:00,1,4.3
capture_1257,tools/dataset/captures/serial_timed_fast_20260627T1205Z/capture_1257.jpg,27,45,574,0,36,true,validation,ollama_ocr,accepted,minicpm-v:latest,aqs-five-field-v2,2026-07-21T21:13:21+00:00,1,16.1
capture_1260,tools/dataset/captures/serial_timed_fast_20260627T1205Z/capture_1260.jpg,27,45,574,0,36,true,validation,ollama_ocr,accepted,minicpm-v:latest,aqs-five-field-v2,2026-07-21T20:55:51+00:00,1,4.3
capture_1263,tools/dataset/captures/serial_timed_fast_20260627T1205Z/capture_1263.jpg,27,45,574,0,36,true,validation,ollama_ocr,accepted,minicpm-v:latest,aqs-five-field-v2,2026-07-21T20:36:18+00:00,1,4.3
capture_1266,tools/dataset/captures/serial_timed_fast_20260627T1205Z/capture_1266.jpg,27,45,574,0,36,true,validation,ollama_ocr,accepted,minicpm-v:latest,aqs-five-field-v2,2026-07-21T21:10:58+00:00,1,4.3
capture_1269,tools/dataset/captures/serial_timed_fast_20260627T1205Z/capture_1269.jpg,27,45,574,0,36,true,validation,ollama_ocr,accepted,minicpm-v:latest,aqs-five-field-v2,2026-07-21T21:05:42+00:00,1,4.3
capture_1272,tools/dataset/captures/serial_timed_fast_20260627T1205Z/capture_1272.jpg,27,45,574,0,36,true,validation,ollama_ocr,accepted,minicpm-v:latest,aqs-five-field-v2,2026-07-21T21:24:07+00:00,1,16.0
capture_1275,tools/dataset/captures/serial_timed_fast_20260627T1205Z/capture_1275.jpg,27,45,574,0,36,true,validation,ollama_ocr,accepted,minicpm-v:latest,aqs-five-field-v2,2026-07-21T20:57:54+00:00,1,4.3
capture_1278,tools/dataset/captures/serial_timed_fast_20260627T1205Z/capture_1278.jpg,27,45,574,0,36,true,validation,ollama_ocr,accepted,minicpm-v:latest,aqs-five-field-v2,2026-07-21T21:03:08+00:00,1,4.3
capture_1281,tools/dataset/captures/serial_timed_fast_20260627T1205Z/capture_1281.jpg,27,45,574,0,36,true,validation,ollama_ocr,accepted,minicpm-v:latest,aqs-five-field-v2,2026-07-21T20:50:01+00:00,1,4.3
capture_1284,tools/dataset/captures/serial_timed_fast_20260627T1205Z/capture_1284.jpg,27,45,574,0,36,true,validation,ollama_ocr,accepted,minicpm-v:latest,aqs-five-field-v2,2026-07-21T21:34:29+00:00,1,4.3
capture_1287,tools/dataset/captures/serial_timed_fast_20260627T1205Z/capture_1287.jpg,27,45,574,0,36,true,validation,ollama_ocr,accepted,minicpm-v:latest,aqs-five-field-v2,2026-07-21T21:03:12+00:00,1,4.3
capture_1290,tools/dataset/captures/serial_timed_fast_20260627T1205Z/capture_1290.jpg,27,45,574,0,36,true,validation,ollama_ocr,accepted,minicpm-v:latest,aqs-five-field-v2,2026-07-21T20:58:16+00:00,1,4.3
capture_1293,tools/dataset/captures/serial_timed_fast_20260627T1205Z/capture_1293.jpg,27,45,574,0,36,true,validation,ollama_ocr,accepted,minicpm-v:latest,aqs-five-field-v2,2026-07-21T20:52:21+00:00,1,4.3
capture_1296,tools/dataset/captures/serial_timed_fast_20260627T1205Z/capture_1296.jpg,27,45,574,0,36,true,validation,ollama_ocr,accepted,minicpm-v:latest,aqs-five-field-v2,2026-07-21T21:29:14+00:00,1,16.0
capture_1299,tools/dataset/captures/serial_timed_fast_20260627T1205Z/capture_1299.jpg,27,45,574,0,36,true,validation,ollama_ocr,accepted,minicpm-v:latest,aqs-five-field-v2,2026-07-21T21:02:55+00:00,1,4.3
capture_1302,tools/dataset/captures/serial_timed_fast_20260627T1205Z/capture_1302.jpg,27,45,574,0,36,true,validation,ollama_ocr,accepted,minicpm-v:latest,aqs-five-field-v2,2026-07-21T20:58:37+00:00,1,4.3
capture_1305,tools/dataset/captures/serial_timed_fast_20260627T1205Z/capture_1305.jpg,27,45,574,0,36,true,validation,ollama_ocr,accepted,minicpm-v:latest,aqs-five-field-v2,2026-07-21T20:56:26+00:00,1,4.3
capture_1308,tools/dataset/captures/serial_timed_fast_20260627T1205Z/capture_1308.jpg,27,45,574,0,36,true,validation,ollama_ocr,accepted,minicpm-v:latest,aqs-five-field-v2,2026-07-21T20:58:59+00:00,1,4.3
capture_1311,tools/dataset/captures/serial_timed_fast_20260627T1205Z/capture_1311.jpg,27,45,574,0,36,true,validation,ollama_ocr,accepted,minicpm-v:latest,aqs-five-field-v2,2026-07-21T20:47:13+00:00,1,16.4
capture_1314,tools/dataset/captures/serial_timed_fast_20260627T1205Z/capture_1314.jpg,27,45,574,0,36,true,validation,ollama_ocr,accepted,minicpm-v:latest,aqs-five-field-v2,2026-07-21T21:07:01+00:00,1,4.3
capture_1317,tools/dataset/captures/serial_timed_fast_20260627T1205Z/capture_1317.jpg,27,45,574,0,36,true,validation,ollama_ocr,accepted,minicpm-v:latest,aqs-five-field-v2,2026-07-21T20:56:13+00:00,1,4.3
capture_1320,tools/dataset/captures/serial_timed_fast_20260627T1205Z/capture_1320.jpg,27,45,574,0,36,true,validation,ollama_ocr,accepted,minicpm-v:latest,aqs-five-field-v2,2026-07-21T21:24:56+00:00,1,16.0
capture_1323,tools/dataset/captures/serial_timed_fast_20260627T1205Z/capture_1323.jpg,27,45,574,0,36,true,validation,ollama_ocr,accepted,minicpm-v:latest,aqs-five-field-v2,2026-07-21T20:36:31+00:00,1,4.3
capture_1326,tools/dataset/captures/serial_timed_fast_20260627T1205Z/capture_1326.jpg,27,45,574,0,36,true,validation,ollama_ocr,accepted,minicpm-v:latest,aqs-five-field-v2,2026-07-21T20:48:03+00:00,1,16.4
capture_1329,tools/dataset/captures/serial_timed_fast_20260627T1205Z/capture_1329.jpg,27,45,574,0,36,true,validation,ollama_ocr,accepted,minicpm-v:latest,aqs-five-field-v2,2026-07-21T20:49:43+00:00,1,4.3
capture_1332,tools/dataset/captures/serial_timed_fast_20260627T1205Z/capture_1332.jpg,27,45,574,0,36,true,validation,ollama_ocr,accepted,minicpm-v:latest,aqs-five-field-v2,2026-07-21T20:55:29+00:00,1,4.3
capture_1334,tools/dataset/captures/serial_timed_fast_20260627T1205Z/capture_1334.jpg,27,45,574,0,36,true,validation,ollama_ocr,accepted,minicpm-v:latest,aqs-five-field-v2,2026-07-21T20:36:57+00:00,1,4.3
capture_1337,tools/dataset/captures/serial_timed_fast_20260627T1205Z/capture_1337.jpg,27,45,574,0,36,true,validation,ollama_ocr,accepted,minicpm-v:latest,aqs-five-field-v2,2026-07-21T21:31:34+00:00,1,4.4
capture_1340,tools/dataset/captures/serial_timed_fast_20260627T1205Z/capture_1340.jpg,27,45,574,0,36,true,validation,ollama_ocr,accepted,minicpm-v:latest,aqs-five-field-v2,2026-07-21T20:51:19+00:00,1,4.3
capture_1343,tools/dataset/captures/serial_timed_fast_20260627T1205Z/capture_1343.jpg,27,45,574,0,36,true,validation,ollama_ocr,accepted,minicpm-v:latest,aqs-five-field-v2,2026-07-21T20:52:17+00:00,1,4.3
capture_1346,tools/dataset/captures/serial_timed_fast_20260627T1205Z/capture_1346.jpg,27,45,574,0,36,true,validation,ollama_ocr,accepted,minicpm-v:latest,aqs-five-field-v2,2026-07-21T20:51:41+00:00,1,4.3
capture_1349,tools/dataset/captures/serial_timed_fast_20260627T1205Z/capture_1349.jpg,27,45,574,0,36,true,validation,ollama_ocr,accepted,minicpm-v:latest,aqs-five-field-v2,2026-07-21T20:55:47+00:00,1,4.2
capture_1352,tools/dataset/captures/serial_timed_fast_20260627T1205Z/capture_1352.jpg,27,45,574,0,36,true,validation,ollama_ocr,accepted,minicpm-v:latest,aqs-five-field-v2,2026-07-21T21:08:46+00:00,1,4.3
capture_1355,tools/dataset/captures/serial_timed_fast_20260627T1205Z/capture_1355.jpg,27,45,574,0,36,true,validation,ollama_ocr,accepted,minicpm-v:latest,aqs-five-field-v2,2026-07-21T20:39:13+00:00,1,16.4
capture_1358,tools/dataset/captures/serial_timed_fast_20260627T1205Z/capture_1358.jpg,27,45,574,0,36,true,validation,ollama_ocr,accepted,minicpm-v:latest,aqs-five-field-v2,2026-07-21T20:50:14+00:00,1,4.3
capture_1361,tools/dataset/captures/serial_timed_fast_20260627T1205Z/capture_1361.jpg,27,45,574,0,36,true,validation,ollama_ocr,accepted,minicpm-v:latest,aqs-five-field-v2,2026-07-21T21:10:14+00:00,1,4.3
capture_1364,tools/dataset/captures/serial_timed_fast_20260627T1205Z/capture_1364.jpg,27,45,574,0,36,true,validation,ollama_ocr,accepted,minicpm-v:latest,aqs-five-field-v2,2026-07-21T21:00:22+00:00,1,4.3
capture_1367,tools/dataset/captures/serial_timed_fast_20260627T1205Z/capture_1367.jpg,27,45,574,0,36,true,validation,ollama_ocr,accepted,minicpm-v:latest,aqs-five-field-v2,2026-07-21T21:28:26+00:00,1,16.0
capture_1370,tools/dataset/captures/serial_timed_fast_20260627T1205Z/capture_1370.jpg,27,45,574,0,36,true,validation,ollama_ocr,accepted,minicpm-v:latest,aqs-five-field-v2,2026-07-21T20:59:43+00:00,1,4.3
capture_1373,tools/dataset/captures/serial_timed_fast_20260627T1205Z/capture_1373.jpg,27,45,574,0,36,true,validation,ollama_ocr,accepted,minicpm-v:latest,aqs-five-field-v2,2026-07-21T21:11:19+00:00,1,4.3
capture_1376,tools/dataset/captures/serial_timed_fast_20260627T1205Z/capture_1376.jpg,27,45,574,0,36,true,validation,ollama_ocr,accepted,minicpm-v:latest,aqs-five-field-v2,2026-07-21T20:57:27+00:00,1,4.3
capture_1379,tools/dataset/captures/serial_timed_fast_20260627T1205Z/capture_1379.jpg,27,45,574,0,36,true,validation,ollama_ocr,accepted,minicpm-v:latest,aqs-five-field-v2,2026-07-21T21:05:46+00:00,1,4.3
capture_1382,tools/dataset/captures/serial_timed_fast_20260627T1205Z/capture_1382.jpg,27,45,574,0,36,true,validation,ollama_ocr,accepted,minicpm-v:latest,aqs-five-field-v2,2026-07-21T21:01:49+00:00,1,4.3
capture_1385,tools/dataset/captures/serial_timed_fast_20260627T1205Z/capture_1385.jpg,27,45,574,0,36,true,validation,ollama_ocr,accepted,minicpm-v:latest,aqs-five-field-v2,2026-07-21T21:33:46+00:00,1,4.3
capture_1388,tools/dataset/captures/serial_timed_fast_20260627T1205Z/capture_1388.jpg,27,45,574,0,36,true,validation,ollama_ocr,accepted,minicpm-v:latest,aqs-five-field-v2,2026-07-21T20:57:36+00:00,1,4.2
capture_1391,tools/dataset/captures/serial_timed_fast_20260627T1205Z/capture_1391.jpg,27,45,574,0,36,true,validation,ollama_ocr,accepted,minicpm-v:latest,aqs-five-field-v2,2026-07-21T21:00:27+00:00,1,4.3
capture_1394,tools/dataset/captures/serial_timed_fast_20260627T1205Z/capture_1394.jpg,27,45,574,0,36,true,validation,ollama_ocr,accepted,minicpm-v:latest,aqs-five-field-v2,2026-07-21T21:11:43+00:00,1,14.3
capture_1397,tools/dataset/captures/serial_timed_fast_20260627T1205Z/capture_1397.jpg,27,45,574,0,36,true,validation,ollama_ocr,accepted,minicpm-v:latest,aqs-five-field-v2,2026-07-21T20:36:35+00:00,1,4.3
capture_1400,tools/dataset/captures/serial_timed_fast_20260627T1205Z/capture_1400.jpg,27,45,574,0,36,true,validation,ollama_ocr,accepted,minicpm-v:latest,aqs-five-field-v2,2026-07-21T20:49:39+00:00,1,4.3
capture_1403,tools/dataset/captures/serial_timed_fast_20260627T1205Z/capture_1403.jpg,27,45,574,0,36,true,test,ollama_ocr,accepted,minicpm-v:latest,aqs-five-field-v2,2026-07-21T20:45:34+00:00,1,16.4
capture_1406,tools/dataset/captures/serial_timed_fast_20260627T1205Z/capture_1406.jpg,27,45,574,0,36,true,test,ollama_ocr,accepted,minicpm-v:latest,aqs-five-field-v2,2026-07-21T20:52:08+00:00,1,4.3
capture_1409,tools/dataset/captures/serial_timed_fast_20260627T1205Z/capture_1409.jpg,27,45,574,0,36,true,test,ollama_ocr,accepted,minicpm-v:latest,aqs-five-field-v2,2026-07-21T21:10:18+00:00,1,4.3
capture_1412,tools/dataset/captures/serial_timed_fast_20260627T1205Z/capture_1412.jpg,27,45,574,0,36,true,test,ollama_ocr,accepted,minicpm-v:latest,aqs-five-field-v2,2026-07-21T20:46:07+00:00,1,16.4
capture_1415,tools/dataset/captures/serial_timed_fast_20260627T1205Z/capture_1415.jpg,27,45,574,0,36,true,test,ollama_ocr,accepted,minicpm-v:latest,aqs-five-field-v2,2026-07-21T20:36:27+00:00,1,4.3
capture_1418,tools/dataset/captures/serial_timed_fast_20260627T1205Z/capture_1418.jpg,27,45,574,0,36,true,test,ollama_ocr,accepted,minicpm-v:latest,aqs-five-field-v2,2026-07-21T20:52:30+00:00,1,4.3
capture_1421,tools/dataset/captures/serial_timed_fast_20260627T1205Z/capture_1421.jpg,27,45,574,0,36,true,test,ollama_ocr,accepted,minicpm-v:latest,aqs-five-field-v2,2026-07-21T20:48:52+00:00,1,16.4
capture_1424,tools/dataset/captures/serial_timed_fast_20260627T1205Z/capture_1424.jpg,27,45,574,0,36,true,test,ollama_ocr,accepted,minicpm-v:latest,aqs-five-field-v2,2026-07-21T20:36:53+00:00,1,4.3
capture_1426,tools/dataset/captures/serial_timed_fast_20260627T1205Z/capture_1426.jpg,-1,-1,574,0,8,false,test,ocr_invalid_or_implausible,rejected,minicpm-v:latest,aqs-five-field-v2,2026-07-21T21:31:48+00:00,1,4.2
capture_1429,tools/dataset/captures/serial_timed_fast_20260627T1205Z/capture_1429.jpg,27,45,574,0,36,true,test,ollama_ocr,accepted,minicpm-v:latest,aqs-five-field-v2,2026-07-21T20:49:56+00:00,1,4.3
capture_1432,tools/dataset/captures/serial_timed_fast_20260627T1205Z/capture_1432.jpg,27,45,574,0,36,true,test,ollama_ocr,accepted,minicpm-v:latest,aqs-five-field-v2,2026-07-21T21:14:58+00:00,1,16.1
capture_1435,tools/dataset/captures/serial_timed_fast_20260627T1205Z/capture_1435.jpg,27,45,574,0,36,true,test,ollama_ocr,accepted,minicpm-v:latest,aqs-five-field-v2,2026-07-21T21:07:36+00:00,1,4.3
capture_1438,tools/dataset/captures/serial_timed_fast_20260627T1205Z/capture_1438.jpg,27,49,574,0,36,true,test,ollama_ocr,accepted,minicpm-v:latest,aqs-five-field-v2,2026-07-21T20:37:50+00:00,1,4.3
capture_1441,tools/dataset/captures/serial_timed_fast_20260627T1205Z/capture_1441.jpg,27,45,574,0,36,true,test,ollama_ocr,accepted,minicpm-v:latest,aqs-five-field-v2,2026-07-21T20:36:48+00:00,1,4.3
capture_1444,tools/dataset/captures/serial_timed_fast_20260627T1205Z/capture_1444.jpg,27,45,574,0,36,true,test,ollama_ocr,accepted,minicpm-v:latest,aqs-five-field-v2,2026-07-21T20:52:43+00:00,1,4.3
capture_1447,tools/dataset/captures/serial_timed_fast_20260627T1205Z/capture_1447.jpg,27,45,574,0,36,true,test,ollama_ocr,accepted,minicpm-v:latest,aqs-five-field-v2,2026-07-21T21:13:54+00:00,1,16.1
capture_1450,tools/dataset/captures/serial_timed_fast_20260627T1205Z/capture_1450.jpg,27,45,574,0,36,true,test,ollama_ocr,accepted,minicpm-v:latest,aqs-five-field-v2,2026-07-21T20:36:40+00:00,1,4.3
capture_1453,tools/dataset/captures/serial_timed_fast_20260627T1205Z/capture_1453.jpg,27,45,574,0,36,true,test,ollama_ocr,accepted,minicpm-v:latest,aqs-five-field-v2,2026-07-21T20:59:52+00:00,1,4.2
capture_1456,tools/dataset/captures/serial_timed_fast_20260627T1205Z/capture_1456.jpg,27,46,574,0,36,true,test,ollama_ocr,accepted,minicpm-v:latest,aqs-five-field-v2,2026-07-21T20:43:38+00:00,1,16.4
capture_1459,tools/dataset/captures/serial_timed_fast_20260627T1205Z/capture_1459.jpg,27,45,574,0,36,true,test,ollama_ocr,accepted,minicpm-v:latest,aqs-five-field-v2,2026-07-21T20:51:46+00:00,1,4.3
capture_1462,tools/dataset/captures/serial_timed_fast_20260627T1205Z/capture_1462.jpg,27,46,574,0,36,true,test,ollama_ocr,accepted,minicpm-v:latest,aqs-five-field-v2,2026-07-21T21:05:24+00:00,1,4.3
capture_1465,tools/dataset/captures/serial_timed_fast_20260627T1205Z/capture_1465.jpg,27,46,574,0,36,true,test,ollama_ocr,accepted,minicpm-v:latest,aqs-five-field-v2,2026-07-21T21:33:11+00:00,1,4.3
capture_1468,tools/dataset/captures/serial_timed_fast_20260627T1205Z/capture_1468.jpg,27,46,574,0,36,true,test,ollama_ocr,accepted,minicpm-v:latest,aqs-five-field-v2,2026-07-21T20:57:45+00:00,1,4.3
capture_1471,tools/dataset/captures/serial_timed_fast_20260627T1205Z/capture_1471.jpg,27,45,574,0,36,true,test,ollama_ocr,accepted,minicpm-v:latest,aqs-five-field-v2,2026-07-21T20:37:10+00:00,1,4.3
capture_1474,tools/dataset/captures/serial_timed_fast_20260627T1205Z/capture_1474.jpg,27,46,574,0,36,true,test,ollama_ocr,accepted,minicpm-v:latest,aqs-five-field-v2,2026-07-21T21:07:49+00:00,1,4.3
capture_1477,tools/dataset/captures/serial_timed_fast_20260627T1205Z/capture_1477.jpg,27,46,574,0,36,true,test,ollama_ocr,accepted,minicpm-v:latest,aqs-five-field-v2,2026-07-21T20:58:46+00:00,1,4.3
capture_1480,tools/dataset/captures/serial_timed_fast_20260627T1205Z/capture_1480.jpg,27,46,574,0,36,true,test,ollama_ocr,accepted,minicpm-v:latest,aqs-five-field-v2,2026-07-21T21:26:32+00:00,1,16.0
capture_1483,tools/dataset/captures/serial_timed_fast_20260627T1205Z/capture_1483.jpg,27,46,574,0,36,true,test,ollama_ocr,accepted,minicpm-v:latest,aqs-five-field-v2,2026-07-21T21:00:13+00:00,1,4.3
capture_1485,tools/dataset/captures/serial_timed_fast_20260627T1205Z/capture_1485.jpg,27,45,574,0,36,true,test,ollama_ocr,accepted,minicpm-v:latest,aqs-five-field-v2,2026-07-21T21:34:43+00:00,1,4.3
capture_1488,tools/dataset/captures/serial_timed_fast_20260627T1205Z/capture_1488.jpg,27,46,574,0,36,true,test,ollama_ocr,accepted,minicpm-v:latest,aqs-five-field-v2,2026-07-21T20:59:12+00:00,1,4.3
capture_1491,tools/dataset/captures/serial_timed_fast_20260627T1205Z/capture_1491.jpg,27,46,574,0,36,true,test,ollama_ocr,accepted,minicpm-v:latest,aqs-five-field-v2,2026-07-21T21:19:48+00:00,1,16.0
capture_1494,tools/dataset/captures/serial_timed_fast_20260627T1205Z/capture_1494.jpg,27,46,574,0,36,true,test,ollama_ocr,accepted,minicpm-v:latest,aqs-five-field-v2,2026-07-21T21:33:06+00:00,1,4.3
capture_1497,tools/dataset/captures/serial_timed_fast_20260627T1205Z/capture_1497.jpg,27,45,574,0,36,true,test,ollama_ocr,accepted,minicpm-v:latest,aqs-five-field-v2,2026-07-21T21:35:31+00:00,1,4.3
capture_1500,tools/dataset/captures/serial_timed_fast_20260627T1205Z/capture_1500.jpg,27,46,574,0,36,true,test,ollama_ocr,accepted,minicpm-v:latest,aqs-five-field-v2,2026-07-21T20:59:17+00:00,1,4.3
capture_1503,tools/dataset/captures/serial_timed_fast_20260627T1205Z/capture_1503.jpg,-1,-1,574,0,36,false,test,ocr_invalid_or_implausible,rejected,minicpm-v:latest,aqs-five-field-v2,2026-07-21T21:31:52+00:00,1,4.1
capture_1506,tools/dataset/captures/serial_timed_fast_20260627T1205Z/capture_1506.jpg,27,45,574,0,36,true,test,ollama_ocr,accepted,minicpm-v:latest,aqs-five-field-v2,2026-07-21T20:54:54+00:00,1,4.3
capture_1509,tools/dataset/captures/serial_timed_fast_20260627T1205Z/capture_1509.jpg,27,45,574,0,36,true,test,ollama_ocr,accepted,minicpm-v:latest,aqs-five-field-v2,2026-07-21T20:50:05+00:00,1,4.3
capture_1512,tools/dataset/captures/serial_timed_fast_20260627T1205Z/capture_1512.jpg,27,45,574,0,36,true,test,ollama_ocr,accepted,minicpm-v:latest,aqs-five-field-v2,2026-07-21T21:33:37+00:00,1,4.3
capture_1515,tools/dataset/captures/serial_timed_fast_20260627T1205Z/capture_1515.jpg,27,45,574,0,36,true,test,ollama_ocr,accepted,minicpm-v:latest,aqs-five-field-v2,2026-07-21T21:18:44+00:00,1,16.0
capture_1518,tools/dataset/captures/serial_timed_fast_20260627T1205Z/capture_1518.jpg,27,45,574,0,36,true,test,ollama_ocr,accepted,minicpm-v:latest,aqs-five-field-v2,2026-07-21T20:46:40+00:00,1,16.4
capture_1520,tools/dataset/captures/serial_timed_fast_20260627T1205Z/capture_1520.jpg,27,46,574,0,36,true,test,ollama_ocr,accepted,minicpm-v:latest,aqs-five-field-v2,2026-07-21T21:07:58+00:00,1,4.3
capture_1523,tools/dataset/captures/serial_timed_fast_20260627T1205Z/capture_1523.jpg,27,45,574,0,36,true,test,ollama_ocr,accepted,minicpm-v:latest,aqs-five-field-v2,2026-07-21T20:35:34+00:00,1,4.2
capture_1526,tools/dataset/captures/serial_timed_fast_20260627T1205Z/capture_1526.jpg,27,45,574,0,36,true,test,ollama_ocr,accepted,minicpm-v:latest,aqs-five-field-v2,2026-07-21T20:54:45+00:00,1,4.3
capture_1529,tools/dataset/captures/serial_timed_fast_20260627T1205Z/capture_1529.jpg,27,45,574,0,36,true,test,ollama_ocr,accepted,minicpm-v:latest,aqs-five-field-v2,2026-07-21T20:56:57+00:00,1,4.3
capture_1532,tools/dataset/captures/serial_timed_fast_20260627T1205Z/capture_1532.jpg,27,46,574,0,36,true,test,ollama_ocr,accepted,minicpm-v:latest,aqs-five-field-v2,2026-07-21T21:30:03+00:00,1,16.0
capture_1535,tools/dataset/captures/serial_timed_fast_20260627T1205Z/capture_1535.jpg,27,45,574,0,36,true,test,ollama_ocr,accepted,minicpm-v:latest,aqs-five-field-v2,2026-07-21T21:35:04+00:00,1,4.3
capture_1538,tools/dataset/captures/serial_timed_fast_20260627T1205Z/capture_1538.jpg,27,46,569,0,47,true,test,ollama_ocr,accepted,minicpm-v:latest,aqs-five-field-v2,2026-07-21T20:58:07+00:00,1,4.3
capture_1541,tools/dataset/captures/serial_timed_fast_20260627T1205Z/capture_1541.jpg,27,46,574,0,36,true,test,ollama_ocr,accepted,minicpm-v:latest,aqs-five-field-v2,2026-07-21T20:52:25+00:00,1,4.3
capture_1544,tools/dataset/captures/serial_timed_fast_20260627T1205Z/capture_1544.jpg,27,46,574,0,36,true,test,ollama_ocr,accepted,minicpm-v:latest,aqs-five-field-v2,2026-07-21T20:57:58+00:00,1,4.3
capture_1547,tools/dataset/captures/serial_timed_fast_20260627T1205Z/capture_1547.jpg,27,46,574,0,36,true,test,ollama_ocr,accepted,minicpm-v:latest,aqs-five-field-v2,2026-07-21T21:34:12+00:00,1,4.3
capture_1550,tools/dataset/captures/serial_timed_fast_20260627T1205Z/capture_1550.jpg,27,46,574,0,36,true,test,ollama_ocr,accepted,minicpm-v:latest,aqs-five-field-v2,2026-07-21T21:33:50+00:00,1,4.3
capture_1553,tools/dataset/captures/serial_timed_fast_20260627T1205Z/capture_1553.jpg,27,46,574,0,36,true,test,ollama_ocr,accepted,minicpm-v:latest,aqs-five-field-v2,2026-07-21T20:50:09+00:00,1,4.3
